report_noise_or_smell,Mobilku bunyi aneh banget dari mesin pas lagi jalan.  
report_noise_or_smell,Motor gue ngeluarin bunyi ketuk-ketuk dari knalpot.  
report_noise_or_smell,AC mobilku bau apek parah tiap dinyalain.  
report_noise_or_smell,Ban motorku bunyi krek-krek pas belok kiri.  
report_noise_or_smell,Mesin mobilku ngorok kaya orang tidur pas idle.  
report_noise_or_smell,Knalpot motorku keluar asap putih tebel banget.  
report_noise_or_smell,Rem mobilku berdecit keras pas ngerem mendadak.  
report_noise_or_smell,Lampu dashboard motorku nyala tanda check engine tiap pagi.  
report_noise_or_smell,Mobilku bunyi gluduk-gluduk dari bawah pas lelet jalannya.  
report_noise_or_smell,Rantai motor gue bunyi kletak-kletak pas digas.  
report_noise_or_smell,AC mobilku berisik banget kaya ada yang longgar.  
report_noise_or_smell,Ban mobilku decit pas jalan pelan di aspal basah.  
report_noise_or_smell,Mesin motorku bunyi tik-tik kecil pas distarter.  
report_noise_or_smell,Knalpot mobilku bunyi klotok-klotok pas gas dilepas.  
report_noise_or_smell,Rem motorku bunyi krek kaya kayu patah pas dipencet.  
report_noise_or_smell,Lampu depan mobilku bunyi tik keras pas dinyalain.  
report_noise_or_smell,Suspensi mobilku bunyi krek-krek pas lelet di jalan berlubang.  
report_noise_or_smell,Roda motorku bunyi ngiung-ngiung kaya bantalan rusak.  
report_noise_or_smell,AC motorku bau aneh kaya karet kebakar pas nyala.  
report_noise_or_smell,Ban motorku bunyi kletuk tiap lelet jalannya.  
report_noise_or_smell,Mesin mobilku bunyi ketuk keras pas nanjak di tanjakan.  
report_noise_or_smell,Knalpot motorku keluar asap hitam pekat pas digeber.  
report_noise_or_smell,Rem mobilku bunyi gesekan kaya besi ketemu besi.  
report_noise_or_smell,Lampu dashboard mobilku nyala tanda oli tiap mesin panas.  
report_noise_or_smell,Dashboard mobilku bunyi aneh kaya ada yang lelet gerak.  
report_noise_or_smell,Mesin motorku bunyi klotok-klotok pas pagi hari.  
report_noise_or_smell,AC mobilku bunyi klik-klik kecil pas dinyalain.  
report_noise_or_smell,Ban mobilku bunyi krek pas hujan deres banget.  
report_noise_or_smell,Mesin motorku ngorok pelan pas jalan di macet.  
report_noise_or_smell,Knalpot mobilku bunyi ngorok kaya orang sakit pas idle.  
report_noise_or_smell,Rem motorku bunyi krek-krek pas hujan deres.  
report_noise_or_smell,Lampu sein mobilku ga nyala sebelah pas dipencet.  
report_noise_or_smell,Roda mobilku bunyi kletuk-kletuk pas jalan cepet.  
report_noise_or_smell,Shockbreaker motorku bunyi aneh kaya besi ketabrak.  
report_noise_or_smell,AC motorku bau bensin menyengat pas nyala.  
report_noise_or_smell,Ban motorku decit-decit pas jalan di tikungan.  
report_noise_or_smell,Mesin mobilku bunyi ketuk pelan pas jalan santai.  
report_noise_or_smell,Knalpot motorku bunyi krek pas gas dipelintir keras.  
report_noise_or_smell,Rem mobilku bunyi krek pas lagi jalan pelan-pelan.  
report_noise_or_smell,Lampu dashboard motorku nyala tanda aki tiap malam.  
report_noise_or_smell,Mobilku bunyi gluduk dari ban pas lelet di polisi tidur.  
report_noise_or_smell,Rem motorku bunyi krek tiap dipake lama.  
report_noise_or_smell,AC mobilku bunyi berderit kaya pintu tua pas nyala.  
report_noise_or_smell,Ban mobilku bunyi kletuk-kletuk pas jalan jauh.  
report_noise_or_smell,Mesin motorku bunyi klak-klak pas digas pelan.  
report_noise_or_smell,Knalpot mobilku bunyi aneh kaya bocor pas jalan.  
report_noise_or_smell,Rem motorku bunyi gesekan kasar pas dipencet pelan.  
report_noise_or_smell,Lampu rem mobilku ga nyala pas pedal dipijet.  
report_noise_or_smell,Knalpot mobilku bunyi krek-krek pas mesin dingin.  
report_noise_or_smell,Karburator motorku bunyi ngorok kaya orang ngorok.  
report_noise_or_smell,AC motorku bau apek kaya kain basah pas nyala.  
report_noise_or_smell,Ban motorku bunyi krek tiap jalan jauh di tol.  
report_noise_or_smell,Mesin mobilku bunyi ngiung-ngiung pas cepet jalannya.  
report_noise_or_smell,Knalpot motorku keluar asap biru tipis pas pagi.  
report_noise_or_smell,Rem mobilku bunyi krek pas dipake di jalan turunan.  
report_noise_or_smell,Lampu dashboard mobilku nyala tanda suhu mesin naik.  
report_noise_or_smell,Suspensi mobilku bunyi aneh pas lelet di jalan rusak.  
report_noise_or_smell,Roda motorku bunyi kletuk tiap lelet jalannya.  
report_noise_or_smell,AC mobilku bunyi pelan pas dimatiin tiba-tiba.  
report_noise_or_smell,Ban mobilku bunyi decit pas belok tajam.  
report_noise_or_smell,Mesin motorku bunyi krek-krek pas gas dilepas.  
report_noise_or_smell,Knalpot mobilku bunyi klotok keras pas digas dalam.  
report_noise_or_smell,Rem motorku bunyi krek tiap jalan di macet.  
report_noise_or_smell,Lampu sein motorku ga nyala sebelah pas dinyalain.  
report_noise_or_smell,Mesin mobilku bunyi kletuk pas jalan di tol.  
report_noise_or_smell,Rem motorku bunyi aneh pas dipake di jalan basah.  
report_noise_or_smell,AC motorku bau aneh kaya oli tumpah pas nyala.  
report_noise_or_smell,Ban motorku bunyi kletuk pas hujan deres.  
report_noise_or_smell,Mesin mobilku bunyi ketuk pelan pas jalan di kampung.  
report_noise_or_smell,Knalpot motorku bunyi krek tiap jalan pelan.  
report_noise_or_smell,Rem mobilku bunyi gesekan tiap pelan di lampu merah.  
report_noise_or_smell,Lampu dashboard motorku nyala tanda check engine pas hujan.  
report_noise_or_smell,Suspensi mobilku bunyi gluduk pas lelet di tanjakan.  
report_noise_or_smell,Knalpot motorku bunyi krek tiap gas dipelintir pelan.  
report_noise_or_smell,AC mobilku bunyi berisik kaya mesin jahit pas nyala.  
report_noise_or_smell,Ban mobilku bunyi krek pas jalan di aspal baru.  
report_noise_or_smell,Mesin motorku bunyi ngorok pelan pas pagi dingin.  
report_noise_or_smell,Knalpot mobilku bunyi aneh pas gas dilepas tiba-tiba.  
report_noise_or_smell,Rem motorku bunyi krek tiap jalan jauh di tol.  
report_noise_or_smell,Lampu rem mobilku bunyi tik kecil pas dipijet.  
report_noise_or_smell,Ban mobilku bunyi kletuk pas cepet di jalan lurus.  
report_noise_or_smell,Mesin motorku bunyi ngiung kaya angin pas digas.  
report_noise_or_smell,AC motorku bau apek kaya jamur pas jalan jauh.  
report_noise_or_smell,Ban motorku bunyi decit tiap lelet di tikungan.  
report_noise_or_smell,Mesin mobilku bunyi klak-klak pas jalan di kota.  
report_noise_or_smell,Knalpot motorku keluar asap putih pas gas dipelintir.  
report_noise_or_smell,Rem mobilku bunyi krek tiap dipake di macet.  
report_noise_or_smell,Lampu dashboard mobilku nyala tanda oli pas mesin dingin.  
report_noise_or_smell,Roda mobilku bunyi aneh pas cepet di jalan tol.  
report_noise_or_smell,Shockbreaker motorku bunyi kletuk pas lelet di polisi tidur.  
report_noise_or_smell,AC mobilku bunyi klik pas jalan di siang hari.  
report_noise_or_smell,Ban mobilku bunyi kletuk tiap jalan jauh di kampung.  
report_noise_or_smell,Mesin motorku bunyi ketuk pas cepet di jalan lurus.  
report_noise_or_smell,Knalpot mobilku bunyi ngorok pas jalan di malam hari.  
report_noise_or_smell,Rem motorku bunyi gesekan tiap dipake di tanjakan.  
report_noise_or_smell,Lampu sein mobilku ga nyala pas belok ke kanan.  
report_noise_or_smell,Rem mobilku bunyi krek pas jalan di pagi hari.  
report_noise_or_smell,Karburator motorku bunyi aneh pas mesin panas.  
report_noise_or_smell,AC motorku bau bensin kaya bocor pas nyala.  
report_noise_or_smell,Ban motorku bunyi krek tiap lelet di jalan basah.  
report_noise_or_smell,Mesin mobilku bunyi ngiung pelan pas jalan di macet.  
report_noise_or_smell,Knalpot motorku bunyi krek pas jalan di siang hari.  
report_noise_or_smell,Rem mobilku bunyi krek tiap pelan di tikungan.  
report_noise_or_smell,Lampu dashboard motorku nyala tanda aki pas hujan.  
report_noise_or_smell,Mesin mobilku bunyi gluduk pas distarter pagi.  
report_noise_or_smell,Suspensi motorku bunyi krek pas lelet di jalan rusak.  
report_noise_or_smell,AC mobilku bunyi berderit pas nyala di malam hari.  
report_noise_or_smell,Ban mobilku bunyi decit pas jalan di aspal kering.  
report_noise_or_smell,Mesin motorku bunyi klotok pas cepet di tol.  
report_noise_or_smell,Knalpot mobilku bunyi aneh pas jalan pelan di kampung.  
report_noise_or_smell,Rem motorku bunyi krek tiap dipake di siang hari.  
report_noise_or_smell,Lampu rem mobilku ga nyala pas dipijet pelan.  
report_noise_or_smell,Knalpot mobilku bunyi kletuk pas mesin panas banget.  
report_noise_or_smell,Roda motorku bunyi ngorok pas jalan di malam hari.  
report_noise_or_smell,AC motorku bau apek kaya bau karpet basah.  
report_noise_or_smell,Ban motorku bunyi kletuk tiap cepet di jalan lurus.  
report_noise_or_smell,Mesin mobilku bunyi ketuk pas jalan di siang hari.  
report_noise_or_smell,Knalpot motorku keluar asap hitam pas jalan jauh.  
report_noise_or_smell,Rem mobilku bunyi gesekan tiap dipake di malam hari.  
report_noise_or_smell,Lampu dashboard mobilku nyala tanda check engine pas malam.  
report_noise_or_smell,Suspensi mobilku bunyi aneh pas cepet di jalan tol.  
report_noise_or_smell,Rem motorku bunyi krek pas jalan di pagi dingin.  
report_noise_or_smell,AC mobilku bunyi pelan pas jalan di siang panas.  
report_noise_or_smell,Ban mobilku bunyi krek tiap lelet di jalan kampung.  
report_noise_or_smell,Mesin motorku bunyi ngorok pas cepet di tikungan.  
report_noise_or_smell,Knalpot mobilku bunyi klotok pas jalan di pagi hari.  
report_noise_or_smell,Rem motorku bunyi krek tiap lelet di jalan basah.  
report_noise_or_smell,Lampu sein motorku ga nyala pas belok ke kiri.  
report_noise_or_smell,Mesin mobilku bunyi kletuk pas jalan di malam hari.  
report_noise_or_smell,Shockbreaker motorku bunyi aneh pas cepet di tol.  
report_noise_or_smell,AC motorku bau aneh kaya plastik kebakar pas nyala.  
report_noise_or_smell,Ban motorku bunyi decit pas jalan di pagi hari.  
report_noise_or_smell,Mesin mobilku bunyi klak-klak pas cepet di jalan lurus.  
report_noise_or_smell,Knalpot motorku bunyi krek pas jalan di malam dingin.  
report_noise_or_smell,Rem mobilku bunyi krek tiap jalan di siang panas.  
report_noise_or_smell,Lampu dashboard motorku nyala tanda oli pas jalan jauh.  
report_noise_or_smell,Ban mobilku bunyi gluduk pas cepet di jalan tol.  
report_noise_or_smell,Knalpot motorku bunyi krek pas cepet di tikungan.  
report_noise_or_smell,AC mobilku bunyi berisik pas jalan di malam hari.  
report_noise_or_smell,Ban mobilku bunyi kletuk pas lelet di jalan rusak.  
report_noise_or_smell,Mesin motorku bunyi ketuk pas jalan di pagi dingin.  
report_noise_or_smell,Knalpot mobilku bunyi ngorok pas cepet di jalan lurus.  
report_noise_or_smell,Rem motorku bunyi gesekan tiap jalan di siang hari.  
report_noise_or_smell,Lampu rem mobilku bunyi tik pas dipijet keras.  
report_noise_or_smell,Roda mobilku bunyi krek pas jalan di malam dingin.  
report_noise_or_smell,Mesin motorku bunyi ngiung pas cepet di jalan tol.  
report_noise_or_smell,AC motorku bau apek pas jalan di siang panas.  
report_noise_or_smell,Ban motorku bunyi decit tiap cepet di jalan lurus.  
report_noise_or_smell,Mesin mobilku bunyi klotok pas jalan di malam hari.  
report_noise_or_smell,Knalpot motorku keluar asap putih pas jalan di pagi dingin.  
report_noise_or_smell,Rem mobilku bunyi krek tiap cepet di jalan tol.  
report_noise_or_smell,Lampu dashboard mobilku nyala tanda aki pas malam dingin.  
report_noise_or_smell,Dashboard mobilku bunyi aneh pas jalan di siang hari.  
report_noise_or_smell,Shockbreaker motorku bunyi kletuk pas cepet di tikungan.  
report_noise_or_smell,AC mobilku bunyi klik pas jalan di pagi dingin.  
report_noise_or_smell,Ban mobilku bunyi kletuk tiap cepet di jalan rusak.  
report_noise_or_smell,Mesin motorku bunyi ketuk pas jalan di malam dingin.  
report_noise_or_smell,Knalpot mobilku bunyi aneh pas cepet di tikungan.  
report_noise_or_smell,Rem motorku bunyi gesekan tiap cepet di jalan lurus.  
report_noise_or_smell,Lampu sein mobilku ga nyala pas belok di siang hari.  
report_noise_or_smell,Rem mobilku bunyi krek pas cepet di jalan rusak.  
report_noise_or_smell,Karburator motorku bunyi aneh pas jalan di pagi hari.  
report_noise_or_smell,AC motorku bau bensin pas jalan di siang panas.  
report_noise_or_smell,Ban motorku bunyi krek tiap cepet di jalan tol.  
report_noise_or_smell,Mesin mobilku bunyi ngiung pas jalan di malam dingin.  
report_noise_or_smell,Knalpot motorku bunyi krek tiap cepet di jalan lurus.  
report_noise_or_smell,Rem mobilku bunyi krek tiap cepet di tikungan.  
report_noise_or_smell,Lampu dashboard motorku nyala tanda check engine pas siang.  
report_noise_or_smell,Mesin mobilku bunyi gluduk pas jalan di pagi dingin.  
report_noise_or_smell,Suspensi motorku bunyi krek pas cepet di jalan tol.  
report_noise_or_smell,AC mobilku bunyi berderit pas jalan di siang hari.  
report_noise_or_smell,Ban mobilku bunyi decit pas cepet di jalan lurus.  
report_noise_or_smell,Mesin motorku bunyi klotok pas jalan di siang panas.  
report_noise_or_smell,Knalpot mobilku bunyi aneh pas lelet di jalan rusak.  
report_noise_or_smell,Rem motorku bunyi krek tiap cepet di jalan rusak.  
report_noise_or_smell,Lampu rem mobilku ga nyala pas dipijet di malam hari.  
report_noise_or_smell,Knalpot mobilku bunyi kletuk pas jalan di siang panas.  
report_noise_or_smell,Roda motorku bunyi ngorok pas cepet di jalan lurus.  
report_noise_or_smell,AC motorku bau apek pas jalan di malam dingin.  
report_noise_or_smell,Ban motorku bunyi kletuk tiap cepet di tikungan.  
report_noise_or_smell,Mesin mobilku bunyi ketuk pas cepet di jalan tol.  
report_noise_or_smell,Knalpot motorku keluar asap hitam pas jalan di siang hari.  
report_noise_or_smell,Rem mobilku bunyi gesekan tiap cepet di jalan rusak.  
report_noise_or_smell,Lampu dashboard mobilku nyala tanda check engine pas pagi.  
report_noise_or_smell,Suspensi mobilku bunyi aneh pas cepet di tikungan.  
report_noise_or_smell,Rem motorku bunyi krek tiap cepet di jalan lurus.  
report_noise_or_smell,AC mobilku bunyi pelan pas jalan di malam dingin.  
report_noise_or_smell,Ban mobilku bunyi krek tiap cepet di jalan tol.  
report_noise_or_smell,Mesin motorku bunyi ngorok pas jalan di siang panas.  
report_noise_or_smell,Knalpot mobilku bunyi klotok pas cepet di jalan lurus.  
report_noise_or_smell,Rem motorku bunyi krek tiap cepet di tikungan.  
report_noise_or_smell,Lampu sein motorku ga nyala pas belok di malam hari.  
report_noise_or_smell,Mesin mobilku bunyi kletuk pas cepet di jalan rusak.  
report_noise_or_smell,Shockbreaker motorku bunyi aneh pas jalan di siang hari.  
report_noise_or_smell,AC motorku bau aneh pas jalan di pagi dingin.  
report_noise_or_smell,Ban motorku bunyi decit tiap cepet di jalan rusak.  
report_noise_or_smell,Mesin mobilku bunyi klak-klak pas jalan di siang hari.  
report_noise_or_smell,Knalpot motorku bunyi krek tiap cepet di jalan tol.  
report_noise_or_smell,Rem mobilku bunyi krek tiap cepet di jalan lurus.  
report_noise_or_smell,Lampu dashboard motorku nyala tanda oli pas siang hari.  
report_noise_or_smell,Ban mobilku bunyi gluduk pas cepet di tikungan.  
report_noise_or_smell,Knalpot motorku bunyi krek tiap cepet di jalan rusak.  
report_noise_or_smell,AC mobilku bunyi berisik pas jalan di siang panas.  
report_noise_or_smell,Ban mobilku bunyi kletuk tiap cepet di jalan lurus.  
report_noise_or_smell,Mesin motorku bunyi ketuk pas cepet di jalan tol.  
report_noise_or_smell,Knalpot mobilku bunyi ngorok pas jalan di siang hari.  
report_noise_or_smell,Rem motorku bunyi gesekan tiap cepet di jalan lurus.  
report_noise_or_smell,Lampu rem mobilku bunyi tik pas dipijet di siang hari.  
report_noise_or_smell,Roda mobilku bunyi krek pas cepet di jalan rusak.  
report_noise_or_smell,Mesin motorku bunyi ngiung pas jalan di siang panas.  
report_noise_or_smell,AC motorku bau apek pas jalan di siang hari.  
report_noise_or_smell,Ban motorku bunyi decit tiap cepet di jalan tol.  
report_noise_or_smell,Mesin mobilku bunyi klotok pas cepet di jalan lurus.  
report_noise_or_smell,Knalpot motorku keluar asap putih pas jalan di siang hari.  
report_noise_or_smell,Rem mobilku bunyi krek tiap cepet di jalan tol.  
report_noise_or_smell,Lampu dashboard mobilku nyala tanda aki pas siang panas.  
report_noise_or_smell,Dashboard mobilku bunyi aneh pas cepet di jalan lurus.  
report_noise_or_smell,Shockbreaker motorku bunyi kletuk pas jalan di malam hari.  
report_noise_or_smell,AC mobilku bunyi klik pas jalan di siang hari.  
report_noise_or_smell,Ban mobilku bunyi kletuk tiap cepet di jalan tol.  
report_noise_or_smell,Mesin motorku bunyi ketuk pas cepet di jalan rusak.  
report_noise_or_smell,Knalpot mobilku bunyi aneh pas jalan di siang panas.  
report_noise_or_smell,Rem motorku bunyi gesekan tiap cepet di jalan tol.  
report_noise_or_smell,Lampu sein mobilku ga nyala pas belok di siang panas.  
report_noise_or_smell,Rem mobilku bunyi krek pas cepet di jalan lurus.  
report_noise_or_smell,Karburator motorku bunyi aneh pas jalan di siang hari.  
report_noise_or_smell,AC motorku bau bensin pas jalan di malam dingin.  
report_noise_or_smell,Ban motorku bunyi krek tiap cepet di jalan lurus.  
report_noise_or_smell,Mesin mobilku bunyi ngiung pas cepet di jalan tol.  
report_noise_or_smell,Knalpot motorku bunyi krek tiap cepet di jalan rusak.  
report_noise_or_smell,Rem mobilku bunyi krek tiap cepet di jalan tol.  
report_noise_or_smell,Lampu dashboard motorku nyala tanda check engine pas malam dingin.  
report_noise_or_smell,Mesin mobilku bunyi gluduk pas cepet di jalan lurus.  
report_noise_or_smell,Suspensi motorku bunyi krek pas jalan di siang panas.  
report_noise_or_smell,AC mobilku bunyi berderit pas jalan di siang hari.  
report_noise_or_smell,Ban mobilku bunyi decit pas cepet di jalan tol.  
report_noise_or_smell,Mesin motorku bunyi klotok pas cepet di jalan rusak.  
report_noise_or_smell,Knalpot mobilku bunyi aneh pas cepet di jalan lurus.  
report_noise_or_smell,Rem motorku bunyi krek tiap cepet di jalan tol.  
report_noise_or_smell,Lampu rem mobilku ga nyala pas dipijet di siang panas.  
report_noise_or_smell,Knalpot mobilku bunyi kletuk pas cepet di jalan tol.  
report_noise_or_smell,Roda motorku bunyi ngorok pas jalan di siang hari.  
report_noise_or_smell,AC motorku bau apek pas jalan di siang panas.  
report_noise_or_smell,Ban motorku bunyi kletuk tiap cepet di jalan rusak.  
report_noise_or_smell,Mesin mobilku bunyi ketuk pas cepet di jalan lurus.  
report_noise_or_smell,Knalpot motorku keluar asap hitam pas jalan di malam hari.  
report_noise_or_smell,Rem mobilku bunyi gesekan tiap cepet di jalan tol.  
report_noise_or_smell,Lampu dashboard mobilku nyala tanda check engine pas siang panas.  
report_noise_or_smell,Suspensi mobilku bunyi aneh pas jalan di siang hari.  
report_noise_or_smell,Rem motorku bunyi krek tiap cepet di jalan rusak.  
report_noise_or_smell,AC mobilku bunyi pelan pas jalan di siang panas.  
report_noise_or_smell,Ban mobilku bunyi krek tiap cepet di jalan lurus.  
report_noise_or_smell,Mesin motorku bunyi ngorok pas cepet di jalan tol.  
report_noise_or_smell,Knalpot mobilku bunyi klotok pas cepet di jalan rusak.  
report_noise_or_smell,Rem motorku bunyi krek tiap cepet di jalan lurus.  
report_noise_or_smell,Lampu sein motorku ga nyala pas belok di siang hari.  
report_noise_or_smell,Mesin mobilku bunyi kletuk pas cepet di jalan tol.  
report_noise_or_smell,Shockbreaker motorku bunyi aneh pas cepet di jalan lurus.  
report_noise_or_smell,AC motorku bau aneh pas jalan di siang panas.  
report_noise_or_smell,Ban motorku bunyi decit tiap cepet di jalan lurus.  
report_noise_or_smell,Mesin mobilku bunyi klak-klak pas cepet di jalan rusak.  
report_noise_or_smell,Knalpot motorku bunyi krek tiap cepet di jalan tol.  
report_noise_or_smell,Rem mobilku bunyi krek tiap cepet di jalan rusak.  
report_noise_or_smell,Lampu dashboard motorku nyala tanda oli pas malam dingin.  
report_noise_or_smell,Ban mobilku bunyi gluduk pas cepet di jalan lurus.  
report_noise_or_smell,Knalpot motorku bunyi krek tiap cepet di jalan lurus.  
report_noise_or_smell,AC mobilku bunyi berisik pas jalan di siang hari.  
report_noise_or_smell,Ban mobilku bunyi kletuk tiap cepet di jalan tol.  
report_noise_or_smell,Mesin motorku bunyi ketuk pas cepet di jalan lurus.  
report_noise_or_smell,Knalpot mobilku bunyi ngorok pas cepet di jalan rusak.  
report_noise_or_smell,Rem motorku bunyi gesekan tiap cepet di jalan tol.  
report_noise_or_smell,Lampu rem mobilku bunyi tik pas dipijet di malam dingin.  
report_noise_or_smell,Roda mobilku bunyi krek pas cepet di jalan tol.  
report_noise_or_smell,Mesin motorku bunyi ngiung pas cepet di jalan rusak.  
report_noise_or_smell,AC motorku bau apek pas jalan di malam hari.  
report_noise_or_smell,Ban motorku bunyi decit tiap cepet di jalan rusak.  
report_noise_or_smell,Mesin mobilku bunyi klotok pas cepet di jalan tol.  
report_noise_or_smell,Knalpot motorku keluar asap putih pas cepet di jalan lurus.  
report_noise_or_smell,Rem mobilku bunyi krek tiap cepet di jalan rusak.  
report_noise_or_smell,Lampu dashboard mobilku nyala tanda aki pas jalan jauh.  
report_noise_or_smell,Dashboard mobilku bunyi aneh pas cepet di jalan tol.  
report_noise_or_smell,Shockbreaker motorku bunyi kletuk pas cepet di jalan rusak.  
report_noise_or_smell,AC mobilku bunyi klik pas cepet di jalan lurus.  
report_noise_or_smell,Ban mobilku bunyi kletuk tiap cepet di jalan rusak.  
report_noise_or_smell,Mesin motorku bunyi ketuk pas cepet di jalan tol.  
report_noise_or_smell,Knalpot mobilku bunyi aneh pas cepet di jalan rusak.  
report_noise_or_smell,Rem motorku bunyi gesekan tiap cepet di jalan lurus.  
report_noise_or_smell,Lampu sein mobilku ga nyala pas belok di malam dingin.  
report_noise_or_smell,Rem mobilku bunyi krek pas cepet di jalan tol.  
report_noise_or_smell,Karburator motorku bunyi aneh pas cepet di jalan lurus.  
report_noise_or_smell,AC motorku bau bensin pas cepet di jalan tol.  
report_noise_or_smell,Ban motorku bunyi krek tiap cepet di jalan rusak.  
report_noise_or_smell,Mesin mobilku bunyi ngiung pas cepet di jalan lurus.  
report_noise_or_smell,Knalpot motorku bunyi krek tiap cepet di jalan tol.  
report_noise_or_smell,Rem mobilku bunyi krek tiap cepet di jalan rusak.  
report_noise_or_smell,Lampu dashboard motorku nyala tanda check engine pas jalan jauh.  
report_noise_or_smell,Mesin mobilku bunyi gluduk pas cepet di jalan tol.  
report_noise_or_smell,Suspensi motorku bunyi krek pas cepet di jalan lurus.  
report_noise_or_smell,AC mobilku bunyi berderit pas cepet di jalan rusak.  
report_noise_or_smell,Ban mobilku bunyi decit pas cepet di jalan lurus.  
report_noise_or_smell,Mesin motorku bunyi klotok pas cepet di jalan tol.  
report_noise_or_smell,Knalpot mobilku bunyi aneh pas cepet di jalan tol.  
report_noise_or_smell,Rem motorku bunyi krek tiap cepet di jalan rusak.  
report_noise_or_smell,Lampu rem mobilku ga nyala pas dipijet di jalan tol.  
report_noise_or_smell,Knalpot mobilku bunyi kletuk pas cepet di jalan lurus.  
report_noise_or_smell,Roda motorku bunyi ngorok pas cepet di jalan tol.  
report_noise_or_smell,AC motorku bau apek pas cepet di jalan rusak.  
report_noise_or_smell,Ban motorku bunyi kletuk tiap cepet di jalan lurus.  
report_noise_or_smell,Mesin mobilku bunyi ketuk pas cepet di jalan rusak.  
report_noise_or_smell,Knalpot motorku keluar asap hitam pas cepet di jalan tol.  
report_noise_or_smell,Rem mobilku bunyi gesekan tiap cepet di jalan lurus.  
report_noise_or_smell,Lampu dashboard mobilku nyala tanda check engine pas cepet.  
report_noise_or_smell,Suspensi mobilku bunyi aneh pas cepet di jalan lurus.  
report_noise_or_smell,Rem motorku bunyi krek tiap cepet di jalan tol.  
report_noise_or_smell,AC mobilku bunyi pelan pas cepet di jalan rusak.  
report_noise_or_smell,Ban mobilku bunyi krek tiap cepet di jalan lurus.  
report_noise_or_smell,Mesin motorku bunyi ngorok pas cepet di jalan lurus.  
report_noise_or_smell,Knalpot mobilku bunyi klotok pas cepet di jalan tol.  
report_noise_or_smell,Rem motorku bunyi krek tiap cepet di jalan lurus.  
report_noise_or_smell,Lampu sein motorku ga nyala pas belok di jalan tol.  
report_noise_or_smell,Mesin mobilku bunyi kletuk pas cepet di jalan lurus.  
report_noise_or_smell,Shockbreaker motorku bunyi aneh pas cepet di jalan tol.  
report_noise_or_smell,AC motorku bau aneh pas cepet di jalan lurus.  
report_noise_or_smell,Ban motorku bunyi decit tiap cepet di jalan tol.  
report_noise_or_smell,Mesin mobilku bunyi klak-klak pas cepet di jalan lurus.  
report_noise_or_smell,Knalpot motorku bunyi krek tiap cepet di jalan lurus.  
report_noise_or_smell,Rem mobilku bunyi krek tiap cepet di jalan tol.  
report_noise_or_smell,Lampu dashboard motorku nyala tanda oli pas cepet di tol.  
report_noise_or_smell,Ban mobilku bunyi gluduk pas cepet di jalan rusak.  
report_noise_or_smell,Knalpot motorku bunyi krek tiap cepet di jalan tol.  
report_noise_or_smell,AC mobilku bunyi berisik pas cepet di jalan lurus.  
report_noise_or_smell,Ban mobilku bunyi kletuk tiap cepet di jalan lurus.  
report_noise_or_smell,Mesin motorku bunyi ketuk pas cepet di jalan rusak.  
report_noise_or_smell,Knalpot mobilku bunyi ngorok pas cepet di jalan tol.  
report_noise_or_smell,Rem motorku bunyi gesekan tiap cepet di jalan rusak.  
report_noise_or_smell,Lampu rem mobilku bunyi tik pas dipijet di jalan tol.  
report_noise_or_smell,Roda mobilku bunyi krek pas cepet di jalan lurus.  
report_noise_or_smell,Mesin motorku bunyi ngiung pas cepet di jalan lurus.  
report_noise_or_smell,AC motorku bau apek pas cepet di jalan tol.  
report_noise_or_smell,Ban motorku bunyi decit tiap cepet di jalan lurus.  
report_noise_or_smell,Mesin mobilku bunyi klotok pas cepet di jalan rusak.  
report_noise_or_smell,Knalpot motorku keluar asap putih pas cepet di jalan tol.  
report_noise_or_smell,Rem mobilku bunyi krek tiap cepet di jalan lurus.  
report_noise_or_smell,Lampu dashboard mobilku nyala tanda aki pas cepet di tol.  
report_noise_or_smell,Dashboard mobilku bunyi aneh pas cepet di jalan rusak.  
report_noise_or_smell,Shockbreaker motorku bunyi kletuk pas cepet di jalan lurus.  
report_noise_or_smell,AC mobilku bunyi klik pas cepet di jalan tol.
report_noise_or_smell,"Asap mobil gue bau kayak telur busuk parah nih, anyep banget"
report_noise_or_smell,"Motor gw bunyi krek-krek pas belok kiri, serem dah"
report_noise_or_smell,"Dari mesin avanza keluar bau gosong gitu, gw panik cuy"
report_noise_or_smell,"Bunyi cit-cit nyebelin di jok belakang mobil, risih banget"
report_noise_or_smell,"Knalpot motor ngeluarin asap item plus bau sulfur ampas"
report_noise_or_smell,"Pas nyalain AC bau anyir kayak tikus mati mampus"
report_noise_or_smell,"Suspensi pickup bunyi gedebuk-gedebuk kayak mau copot"
report_noise_or_smell,"Bau minyak terbakar nyengat di kabin waktu macet"
report_noise_or_smell,"Ban belakang bunyi kletek-kletek terus kayak ada kerikil"
report_noise_or_smell,"Mesin diesel truk gw ngeluarin bau solar gak karuan"
report_noise_or_smell,"Waktu rem bunyi ngiiiikkk nyaring banget bikin kuping sakit"
report_noise_or_smell,"Asap putih bau plastik gosong keluar terus dari kap mesin"
report_noise_or_smell,"Kolong mobil bunyi gemeretak waktu lewat lubang"
report_noise_or_smell,"AC mobil ngeluarkan bau apek kayak jamuran jijik bet"
report_noise_or_smell,"Dari knalpot motor bau bensin kuat banget kayak bocor"
report_noise_or_smell,"Pintu mobil bunyi kretek-kretek pas dibuka tutup"
report_noise_or_smell,"Bau pesing nyengat di jok mobil padahal gak ada kucing"
report_noise_or_smell,"Transmisi bunyi ngung-ngung pas gigi 3 aneh banget"
report_noise_or_smell,"Asap tebel bau karet terbakar waktu mesin dipanasin"
report_noise_or_smell,"Rem bunyi berdecit terus walau udah diganti"
report_noise_or_smell,"Bau amis anyir kayak ikan busuk dari ventilasi"
report_noise_or_smell,"Mesin bunyi kasar kayak ketuk-ketuk ngeri banget"
report_noise_or_smell,"Kabin bau bahan kimia menusuk hidung pas siang hari"
report_noise_or_smell,"Bunyi dengung aneh dari dashboard waktu idle"
report_noise_or_smell,"Bau gosong nyata dari rem belakang habis turun gunung"
report_noise_or_smell,"Suara gemeresek plastik di bagasi padahal kosong"
report_noise_or_smell,"Knalpot bunyi bruit-bruit kayak basah gitu"
report_noise_or_smell,"Bau belerang kuat banget kaya petasan abis hujan"
report_noise_or_smell,"Power steering bunyi ngik-ngik pas puter setir"
report_noise_or_smell,"Asap kebiru-biruan plus bau logam panas gak jelas"
report_noise_or_smell,"Bunyi metalik krek-krek waktu ganti gigi 2"
report_noise_or_smell,"Bau kabel terbakar menusuk dari bawah stir"
report_noise_or_smell,"Ban depan bunyi wus-wus kayak kena paku terus"
report_noise_or_smell,"Ventilasi keluar bau pesing tikus minta ampun"
report_noise_or_smell,"Mesin bunyi nglembur kayak diesel waktu malam"
report_noise_or_smell,"Bau bensin menyengat di garasi padahal tutup rapat"
report_noise_or_smell,"Suara decitan keras dari roda waktu jalan pelan"
report_noise_or_smell,"Asap item tebel bau oli gosong waktu akselerasi"
report_noise_or_smell,"Bunyi tek-tek-tek konstan dari dalam dashboard"
report_noise_or_smell,"Kabin bau karet terbakar waktu panas terik"
report_noise_or_smell,"Rem tangan bunyi kretek-kretek pas ditarik"
report_noise_or_smell,"Bau anyir darah dari bagasi padahal gak ngangkut apa2"
report_noise_or_smell,"Suara gemuruh aneh dari knalpot waktu idle"
report_noise_or_smell,"Bau tengik kayak minyak jelantah dari mesin"
report_noise_or_smell,"Bunyi klik-klik dari roda depan pas belok kanan"
report_noise_or_smell,"Asap putih bau coolant gosong keluar terus"
report_noise_or_smell,"Kursi belakang bunyi cit-cit waktu ada yang duduk"
report_noise_or_smell,"Bau amonia tajam dari AC bikin pusing"
report_noise_or_smell,"Mesin bunyi ngklotok kayak mau mati waktu panas"
report_noise_or_smell,"Suara decit panjang dari fanbelt bikin gregetan"
report_noise_or_smell,"Bau pesing kuat dari karpet mobil baru cuci"
report_noise_or_smell,"Knalpot bunyi bruk-bruk kayak motor rusak"
report_noise_or_smell,"Bau sulfur kuat kayak telur busuk waktu mesin dingin"
report_noise_or_smell,"Bagasi bunyi gedebak-gedebuk walau gak ada barang"
report_noise_or_smell,"Asap kebiruan bau oli terbakar waktu jalan jauh"
report_noise_or_smell,"Bunyi berisik kayak kaleng kosong di kolong mobil"
report_noise_or_smell,"AC mobil bau jamur basah menusuk hidung"
report_noise_or_smell,"Mesin bunyi ngik-ngik waktu RPM tinggi bikin sebel"
report_noise_or_smell,"Bau anyir amis kayak ikan dari ventilasi AC"
report_noise_or_smell,"Suara gemeretak dari suspensi waktu lewat polisi tidur"
report_noise_or_smell,"Bau gosong plastik dari jok belakang tiba2"
report_noise_or_smell,"Knalpot bunyi mbrebet-mbrebet waktu stasioner"
report_noise_or_smell,"Bau minyak rem terbakar habis turun bukit"
report_noise_or_smell,"Pintu bunyi grok-grok kayak engsel rusak"
report_noise_or_smell,"Asap item bau karbon dari knalpot waktu pagi"
report_noise_or_smell,"Suara ketukan metalik dari mesin waktu idle"
report_noise_or_smell,"Bau kimia aneh kayak formalin dari dashboard"
report_noise_or_smell,"Roda bunyi wus-wus kayak angin keluar waktu kenceng"
report_noise_or_smell,"Kabin bau keringat sapi waktu AC dinyalain"
report_noise_or_smell,"Bunyi dengung elektronik aneh dari radio"
report_noise_or_smell,"Bau telur busuk menyengat pas buka kap mesin"
report_noise_or_smell,"Rem bunyi cit-cit waktu jalan pelan bikin malu"
report_noise_or_smell,"Suara gemeresek daun kering di kolong padahal bersih"
report_noise_or_smell,"Bau karet basah anyep dari jok kulit baru"
report_noise_or_smell,"Mesin bunyi ngklotok-ngklotok kayak timing chain rusak"
report_noise_or_smell,"Asap putih bau coolant manis waktu macet"
report_noise_or_smell,"Kaca jendela bunyi krek pas dibuka waktu panas"
report_noise_or_smell,"Bau bensin tercampur oli dari kap mesin menusuk"
report_noise_or_smell,"Suara decitan keras dari fanbelt waktu AC nyala"
report_noise_or_smell,"Bau pesing tikus kuat dari bawah dashboard"
report_noise_or_smell,"Transmisi bunyi ngung kayak turbin waktu gigi 4"
report_noise_or_smell,"Knalpot bunyi ngebul plus bau oli gosong"
report_noise_or_smell,"Suspensi bunyi grok-grok waktu lewat jalan berlubang"
report_noise_or_smell,"Bau amis anyir kayak darah dari bagasi mobil"
report_noise_or_smell,"Suara ketukan ritmis dari roda depan waktu lurus"
report_noise_or_smell,"AC depan bau jamur campur debu bikin bersin"
report_noise_or_smell,"Mesin bunyi nglembur kayak diesel waktu malam hari"
report_noise_or_smell,"Bau gosong anyir dari rem belakang habis ngebut"
report_noise_or_smell,"Jok kulit bunyi krek-krek waktu diduduki"
report_noise_or_smell,"Asap item pekat bau solar gosong waktu akselerasi"
report_noise_or_smell,"Bunyi gemuruh aneh dari tangki bensin waktu isi"
report_noise_or_smell,"Bau pesing menyengat dari karpet walau baru shampoo"
report_noise_or_smell,"Power steering bunyi ngik-ngik pas puter penuh"
report_noise_or_smell,"Suara gemeresek plastik di pintu waktu jalan"
report_noise_or_smell,"Bau kabel terbakar kuat dari kolong setir"
report_noise_or_smell,"Knalpot bunyi berdecit waktu mesin dingin"
report_noise_or_smell,"Bau anyir amis ikan dari AC bikin mual"
report_noise_or_smell,"Mesin bunyi ngok-ngok kayak mau mogok waktu panas"
report_noise_or_smell,"Rem bunyi ngik-ngik nyaring waktu direm pelan"
report_noise_or_smell,"Asap putih bau coolant manis waktu jalan pagi"
report_noise_or_smell,"Bunyi ketukan logam dari mesin waktu RPM rendah"
report_noise_or_smell,"Bau karet terbakar anyep dari ban waktu jalan jauh"
report_noise_or_smell,"Dashboard bunyi berderak-derak waktu lewat jalan rusak"
report_noise_or_smell,"Ventilasi keluar bau tanah basah jamuran"
report_noise_or_smell,"Suara dengung elektronik dari speaker belakang"
report_noise_or_smell,"Bau telur busuk menusuk hidung waktu AC dinyalain"
report_noise_or_smell,"Roda bunyi kletek-kletek kayak ada baut kendor"
report_noise_or_smell,"Kabin bau asap rokok menyengat padahal gak ngerokok"
report_noise_or_smell,"Mesin bunyi nggremeng kayak ada yang nyangkut"
report_noise_or_smell,"Bau minyak rem anyep plus asap tipis dari roda"
report_noise_or_smell,"Bagasi bunyi gedebuk-gedebuk walau kosong melompong"
report_noise_or_smell,"Asap kebiruan bau oli terbakar waktu ngebut"
report_noise_or_smell,"Suara decitan nyaring dari belt waktu hujan"
report_noise_or_smell,"Bau amonia tajam dari pendingin udara bikin pusing"
report_noise_or_smell,"Pintu bunyi grok-grok pas ditutup kayak mau lepas"
report_noise_or_smell,"Knalpot bunyi mbrebet plus bau bensin gak kebakar"
report_noise_or_smell,"Bau anyir darah dari jok belakang tiba-tiba"
report_noise_or_smell,"Suspensi bunyi kretek-kretek waktu belok tajam"
report_noise_or_smell,"AC depan bau kecut kayak susu basi nyebelin"
report_noise_or_smell,"Mesin bunyi ngklotok-ngklotok waktu stasioner"
report_noise_or_smell,"Bau plastik meleleh menyengat dari bawah dashboard"
report_noise_or_smell,"Suara gemuruh aneh dari knalpot waktu gas dilepas"
report_noise_or_smell,"Bau pesing kucing kuat dari kolong jok depan"
report_noise_or_smell,"Rem bunyi berdecit-decit waktu jalan pelan"
report_noise_or_smell,"Asap item tebel bau solar gosong waktu tanjakan"
report_noise_or_smell,"Bunyi klik-klik dari stir waktu puter kiri"
report_noise_or_smell,"Kabin bau karet basah anyep waktu hujan"
report_noise_or_smell,"Mesin bunyi nggremet kayak pasir di dalem"
report_noise_or_smell,"Bau gosong kabel listrik waktu nyalakan lampu"
report_noise_or_smell,"Jendela bunyi krek-krek pas dibuka waktu panas"
report_noise_or_smell,"Suara dengung konstan dari aki area belakang"
report_noise_or_smell,"Bau telur busuk kuat pas mesin baru nyala"
report_noise_or_smell,"Roda belakang bunyi wus-wus kayak angin bocor"
report_noise_or_smell,"Karpet mobil bau apek jamur walau baru dicuci"
report_noise_or_smell,"Mesin bunyi ngos-ngosan kayak kesulitan napas"
report_noise_or_smell,"Bau keringat sapi anyir dari AC waktu siang"
report_noise_or_smell,"Bagasi bunyi gemeresek kayak ada hewan kecil"
report_noise_or_smell,"Asap putih bau coolant manis keluar terus"
report_noise_or_smell,"Bunyi ketukan metalik dari kepala silinder"
report_noise_or_smell,"Bau bahan kimia mirip formalin dari jok baru"
report_noise_or_smell,"Power steering bunyi ngik-ngik pas parkir"
report_noise_or_smell,"Suara gemeretak dari dashboard waktu jalan rusak"
report_noise_or_smell,"Bau karet terbakar anyep dari ban depan"
report_noise_or_smell,"Knalpot bunyi berdeham waktu mesin dingin"
report_noise_or_smell,"AC keluar bau pesing tikus menusuk hidung"
report_noise_or_smell,"Mesin bunyi ngklotok-ngklotok kayak rantai kendor"
report_noise_or_smell,"Bau minyak rem gosong waktu turun gunung"
report_noise_or_smell,"Pintu bunyi kretek-kretek waktu dibuka tutup"
report_noise_or_smell,"Asap kebiruan tipis bau oli terbakar waktu idle"
report_noise_or_smell,"Bunyi gemuruh aneh dari tangki bensin waktu isi ulang"
report_noise_or_smell,"Bau anyir amis ikan dari ventilasi bikin mual"
report_noise_or_smell,"Suspensi bunyi grok-grok waktu lewat lubang kecil"
report_noise_or_smell,"Suara decitan keras dari fan AC waktu max"
report_noise_or_smell,"Bau telur busuk menyengat dari bawah mobil"
report_noise_or_smell,"Roda bunyi kletek-kletek kayak ada kerikil nyangkut"
report_noise_or_smell,"Kabin bau asap knalpot masuk waktu jendela terbuka"
report_noise_or_smell,"Mesin bunyi nglembur kayak kapal waktu malam"
report_noise_or_smell,"Bau gosong plastik dari setir waktu panas terik"
report_noise_or_smell,"Jok kulit bunyi krek-krek waktu diduduki orang berat"
report_noise_or_smell,"Asap item pekat bau solar terbakar waktu ngebut"
report_noise_or_smell,"Bunyi dengung elektronik dari panel instrumen"
report_noise_or_smell,"Bau pesing kencing tikus dari kolong jok"
report_noise_or_smell,"Transmisi bunyi ngung kayak turbin waktu gigi 5"
report_noise_or_smell,"Knalpot bunyi ngebul plus bau oli gosong kuat"
report_noise_or_smell,"Bau anyir darah dari bagasi walau gak ngangkut daging"
report_noise_or_smell,"Suara ketukan ritmis dari mesin waktu RPM 3000"
report_noise_or_smell,"AC bau debu terbakar waktu baru dinyalain"
report_noise_or_smell,"Mesin bunyi nggremeng kayak ada sekrup lepas"
report_noise_or_smell,"Bau minyak rem anyep plus asap tipis dari roda depan"
report_noise_or_smell,"Bagasi bunyi gedebak-gedebuk walau kosong panjang"
report_noise_or_smell,"Asap kebiruan bau oli terbakar waktu akselerasi kencang"
report_noise_or_smell,"Suara decitan nyaring dari v-belt waktu pagi hari"
report_noise_or_smell,"Bau amonia tajam dari evaporator AC bikin mata pedih"
report_noise_or_smell,"Pintu bunyi grok-grok pas ditutup kayak mau copot"
report_noise_or_smell,"Knalpot bunyi mbrebet-mbrebet waktu stasioner"
report_noise_or_smell,"Bau anyir amis ikan dari ventilasi waktu AC mati"
report_noise_or_smell,"Suspensi bunyi kretek-kretek waktu belok kanan"
report_noise_or_smell,"AC depan bau kecut kayak susu basi nyengat"
report_noise_or_smell,"Mesin bunyi ngklotok-ngklotok konstan waktu panas"
report_noise_or_smell,"Bau plastik meleleh menyengat dari area radio"
report_noise_or_smell,"Suara gemuruh aneh dari knalpot waktu rem mendadak"
report_noise_or_smell,"Bau pesing kucing kuat dari bawah jok belakang"
report_noise_or_smell,"Rem bunyi berdecit-decit waktu jalan pelan basah"
report_noise_or_smell,"Asap item tebel bau solar gosong waktu tanjakan curam"
report_noise_or_smell,"Bunyi klik-klik dari setir waktu puter penuh"
report_noise_or_smell,"Kabin bau karet basah anyep waktu musim hujan"
report_noise_or_smell,"Mesin bunyi nggremet kayak kerikil di dalem oli"
report_noise_or_smell,"Bau gosong kabel listrik waktu nyalakan defogger"
report_noise_or_smell,"Jendela bunyi krek-krek pas naik turun waktu panas"
report_noise_or_smell,"Suara dengung konstan dari aki area bagasi"
report_noise_or_smell,"Bau telur busuk kuat pas mesin baru dihidupkan pagi"
report_noise_or_smell,"Roda belakang bunyi wus-wus kayak ban bocor halus"
report_noise_or_smell,"Karpet mobil bau apek jamur walau baru di-shampoo"
report_noise_or_smell,"Mesin bunyi ngos-ngosan kayak kehabisan napas waktu macet"
report_noise_or_smell,"Bau keringat sapi anyir dari AC waktu siang bolong"
report_noise_or_smell,"Bagasi bunyi gemeresek kayak tikus lari-lari"
report_noise_or_smell,"Asap putih bau coolant manis keluar terus walau radiator penuh"
report_noise_or_smell,"Bunyi ketukan metalik dari blok mesin waktu RPM naik"
report_noise_or_smell,"Bau bahan kimia mirip pembersih saluran dari AC"
report_noise_or_smell,"Power steering bunyi ngik-ngik pas puter setir maksimal"
report_noise_or_smell,"Suara gemeretak dari glove compartment waktu jalan bergelombang"
report_noise_or_smell,"Bau karet terbakar anyep dari ban belakang waktu ngebut"
report_noise_or_smell,"Knalpot bunyi berdeham waktu mesin dingin pagi hari"
report_noise_or_smell,"AC keluar bau pesing tikus menusuk waktu baru dinyalain"
report_noise_or_smell,"Mesin bunyi ngklotok-ngklotok kayak timing chain mau putus"
report_noise_or_smell,"Bau minyak rem gosong waktu turun bukit panjang"
report_noise_or_smell,"Pintu bunyi kretek-kretek waktu dibuka tutup kayak mau lepas"
report_noise_or_smell,"Asap kebiruan tipis bau oli terbakar waktu idle lama"
report_noise_or_smell,"Bunyi gemuruh aneh dari tangki bensin waktu isi bensin full"
report_noise_or_smell,"Bau anyir amis ikan dari ventilasi waktu AC dimatikan"
report_noise_or_smell,"Suspensi bunyi grok-grok waktu lewat lubang kecil kayak mau copot"
report_noise_or_smell,"Suara decitan keras dari fan blower AC waktu kecepatan max"
report_noise_or_smell,"Bau telur busuk menyengat dari kolong mobil waktu panas"
report_noise_or_smell,"Roda bunyi kletek-kletek kayak ada baut kendor waktu belok"
report_noise_or_smell,"Kabin bau asap knalpot masuk waktu jendela terbuka di kemacetan"
report_noise_or_smell,"Mesin bunyi nglembur kayak mesin kapal waktu malam hari"
report_noise_or_smell,"Bau gosong plastik dari setir waktu parkir under sun"
report_noise_or_smell,"Jok kulit bunyi krek-krek waktu diduduki orang gemuk"
report_noise_or_smell,"Asap item pekat bau solar terbakar waktu akselerasi kencang"
report_noise_or_smell,"Bunyi dengung elektronik dari panel instrumen waktu malam"
report_noise_or_smell,"Bau pesing kencing tikus dari kolong jok depan menusuk"
report_noise_or_smell,"Transmisi bunyi ngung kayak jet waktu gigi 4 ke atas"
report_noise_or_smell,"Knalpot bunyi ngebul plus bau oli gosong waktu jalan jauh"
report_noise_or_smell,"Bau anyir darah dari bagasi walau gak pernah ngangkut daging"
report_noise_or_smell,"Suara ketukan ritmis dari mesin waktu RPM 2500-3000"
report_noise_or_smell,"AC bau debu terbakar waktu baru dinyalain setelah lama"
report_noise_or_smell,"Mesin bunyi nggremeng kayak mur lepas waktu RPM tinggi"
report_noise_or_smell,"Bau minyak rem anyep plus asap tipis dari roda belakang"
report_noise_or_smell,"Bagasi bunyi gedebak-gedebuk walau kosong melompong waktu jalan"
report_noise_or_smell,"Asap kebiruan bau oli terbakar waktu overtake kencang"
report_noise_or_smell,"Suara decitan nyaring dari v-belt waktu pagi hari lembab"
report_noise_or_smell,"Bau amonia tajam dari evaporator AC bikin mata berair"
report_noise_or_smell,"Pintu bunyi grok-grok pas ditutup kayak engsel aus"
report_noise_or_smell,"Knalpot bunyi mbrebet-mbrebet waktu stasioner walau karbu baru"
report_noise_or_smell,"Bau anyir amis ikan dari ventilasi waktu AC baru dimatiin"
report_noise_or_smell,"Suspensi bunyi kretek-kretek waktu belok kiri doang"
report_noise_or_smell,"AC depan bau kecut kayak yogurt kadaluwarsa nyengat"
report_noise_or_smell,"Mesin bunyi ngklotok-ngklotok konstan waktu suhu panas"
report_noise_or_smell,"Bau plastik meleleh menyengat dari area head unit"
report_noise_or_smell,"Suara gemuruh aneh dari knalpot waktu engine brake"
report_noise_or_smell,"Bau pesing kucing kuat dari bawah jok belakang walau gak punya kucing"
report_noise_or_smell,"Rem bunyi berdecit-decit waktu jalan pelan di jalan basah"
report_noise_or_smell,"Asap item tebel bau solar gosong waktu nanjak panjang"
report_noise_or_smell,"Bunyi klik-klik dari setir waktu puter kiri penuh"
report_noise_or_smell,"Kabin bau karet basah anyep waktu musim penghujan"
report_noise_or_smell,"Mesin bunyi nggremet kayak ada pasir di dalam blok"
report_noise_or_smell,"Bau gosong kabel listrik waktu nyalakan lampu kabut"
report_noise_or_smell,"Jendela bunyi krek-krek pas naik turun waktu panas terik"
report_noise_or_smell,"Suara dengung konstan dari aki area bagasi waktu mesin mati"
report_noise_or_smell,"Bau telur busuk kuat pas mesin baru di-starter pagi"
report_noise_or_smell,"Roda belakang bunyi wus-wus kayak angin keluar dari ban"
report_noise_or_smell,"Karpet mobil bau apek jamur walau baru di-dry clean"
report_noise_or_smell,"Mesin bunyi ngos-ngosan kayak kesulitan napas waktu tanjakan"
report_noise_or_smell,"Bau keringat sapi anyir dari AC waktu siang hari panas"
report_noise_or_smell,"Bagasi bunyi gemeresek kayak tikus lari-larian waktu malam"
report_noise_or_smell,"Asap putih bau coolant manis keluar terus walau radiator full"
report_noise_or_smell,"Bunyi ketukan metalik dari kepala silinder waktu RPM idle"
report_noise_or_smell,"Bau bahan kimia mirip pemutih dari ventilasi AC"
report_noise_or_smell,"Power steering bunyi ngik-ngik pas puter setir sampai mentok"
report_noise_or_smell,"Suara gemeretak dari glove compartment waktu lewat jalan berbatu"
report_noise_or_smell,"Bau karet terbakar anyep dari ban depan waktu ngebut jauh"
report_noise_or_smell,"Knalpot bunyi berdeham waktu mesin dingin di pagi buta"
report_noise_or_smell,"AC keluar bau pesing tikus menusuk waktu baru di-on kan"
report_noise_or_smell,"Mesin bunyi ngklotok-ngklotok kayak rantai ketegangan kurang"
report_noise_or_smell,"Bau minyak rem gosong waktu turun bukit pakai rem engine"
report_noise_or_smell,"Pintu bunyi kretek-kretek waktu dibuka tutup kayak mau rontok"
report_noise_or_smell,"Asap kebiruan tipis bau oli terbakar waktu idle AC nyala"
report_noise_or_smell,"Bunyi gemuruh aneh dari tangki bensin waktu isi bensin sampai full"
report_noise_or_smell,"Bau anyir amis ikan dari ventilasi waktu AC baru dimatiin"
report_noise_or_smell,"Suspensi bunyi grok-grok waktu lewat polisi tidur pelan"
report_noise_or_smell,"Suara decitan keras dari fan blower waktu setting maksimal"
report_noise_or_smell,"Bau telur busuk menyengat dari kolong mobil waktu mesin panas"
report_noise_or_smell,"Roda bunyi kletek-kletek kayak ada kerikil nyangkut di tapak"
report_noise_or_smell,"Kabin bau asap knalpot masuk waktu jendela terbuka di macet panjang"
report_noise_or_smell,"Mesin bunyi nglembur kayak generator waktu malam hari sepi"
report_noise_or_smell,"Bau gosong plastik dari setir waktu parkir under matahari terik"
report_noise_or_smell,"Jok kulit bunyi krek-krek waktu diduduki berat badan 100kg"
report_noise_or_smell,"Asap item pekat bau solar terbakar waktu akselerasi penuh"
report_noise_or_smell,"Bunyi dengung elektronik dari panel instrumen waktu lampu dim"
report_noise_or_smell,"Bau pesing kencing tikus dari kolong jok depan walau gak ada tikus"
report_noise_or_smell,"Transmisi bunyi ngung kayak pesawat waktu gigi 5 kecepatan tinggi"
report_noise_or_smell,"Knalpot bunyi ngebul plus bau oli gosong waktu touring jauh"
report_noise_or_smell,"Bau anyir darah dari bagasi walau terakhir ngangkut sayuran"
report_noise_or_smell,"Suara ketukan ritmis dari mesin waktu RPM naik turun"
report_noise_or_smell,"AC bau debu terbakar waktu dinyalain pertama kali bulan ini"
report_noise_or_smell,"Mesin bunyi nggremeng kayak baut lepas waktu RPM 4000"
report_noise_or_smell,"Bau minyak rem anyep plus asap tipis dari roda depan waktu panas"
report_noise_or_smell,"Bagasi bunyi gedebak-gedebuk walau kosong waktu jalan tidak rata"
report_noise_or_smell,"Asap kebiruan bau oli terbakar waktu overtake truk besar"
report_noise_or_smell,"Suara decitan nyaring dari v-belt waktu udara lembab pagi"
report_noise_or_smell,"Bau amonia tajam dari evaporator AC bikin hidung gatal"
report_noise_or_smell,"Pintu bunyi grok-grok pas ditutup kayak engsel perlu gemuk"
report_noise_or_smell,"Knalpot bunyi mbrebet-mbrebet waktu stasioner walau busi baru"
report_noise_or_smell,"Bau anyir amis ikan dari ventilasi waktu AC baru dimatiin 5 menit"
report_noise_or_smell,"Suspensi bunyi kretek-kretek waktu belok kanan doang"
report_noise_or_smell,"AC depan bau kecut kayak yogurt basi nyengat waktu siang"
report_noise_or_smell,"Mesin bunyi ngklotok-ngklotok konstan waktu suhu mesin 90 derajat"
report_noise_or_smell,"Bau plastik meleleh menyengat dari area radio waktu panas"
report_noise_or_smell,"Suara gemuruh aneh dari knalpot waktu engine brake turunan"
report_noise_or_smell,"Bau pesing kucing kuat dari bawah jok belakang walau gak pelihara kucing"
report_noise_or_smell,"Rem bunyi berdecit-decit waktu jalan pelan di aspal basah"
report_noise_or_smell,"Asap item tebel bau solar gosong waktu nanjak gunung"
report_noise_or_smell,"Bunyi klik-klik dari setir waktu puter kanan maksimal"
report_noise_or_smell,"Kabin bau karet basah anyep waktu hujan deras seharian"
report_noise_or_smell,"Mesin bunyi nggremet kayak ada kerikil dalam oli waktu RPM tinggi"
report_noise_or_smell,"Bau gosong kabel listrik waktu nyalakan lampu utama high beam"
report_noise_or_smell,"Jendela bunyi krek-krek pas naik turun waktu cuaca panas banget"
report_noise_or_smell,"Suara dengung konstan dari aki area bagasi waktu mesin off"
report_noise_or_smell,"Bau telur busuk kuat pas mesin baru dihidupkan setelah seminggu"
report_noise_or_smell,"Roda belakang bunyi wus-wus kayak angin bocor dari velg"
report_noise_or_smell,"Karpet mobil bau apek jamur walau baru di-shampoo 3 hari lalu"
report_noise_or_smell,"Mesin bunyi ngos-ngosan kayak kehabisan oksigen waktu macet panas"
report_noise_or_smell,"Bau keringat sapi anyir dari AC waktu siang terik bikin mual"
report_noise_or_smell,"Bagasi bunyi gemeresek kayak tikus lari waktu mobil diam"
report_noise_or_smell,"Asap putih bau coolant manis keluar terus walau radiator selalu penuh"
report_noise_or_smell,"Bunyi ketukan metalik dari blok mesin waktu RPM naik mendadak"
report_noise_or_smell,"Bau bahan kimia mirip pembersih lantai dari AC"
report_noise_or_smell,"Power steering bunyi ngik-ngik pas puter setir mentok kiri kanan"
report_noise_or_smell,"Suara gemeretak dari glove compartment waktu lewat jalan berbatu kasar"
report_noise_or_smell,"Bau karet terbakar anyep dari ban belakang waktu ngebut di tol"
report_noise_or_smell,"Knalpot bunyi berdeham waktu mesin dingin subuh hari"
report_noise_or_smell,"AC keluar bau pesing tikus menusuk waktu baru dinyalain setelah lama"
report_noise_or_smell,"Mesin bunyi ngklotok-ngklotok kayak timing chain mau lepas"
report_noise_or_smell,"Bau minyak rem gosong waktu turun bukit pakai rem terus"
report_noise_or_smell,"Pintu bunyi kretek-kretek waktu dibuka tutup kayak engsel karatan"
report_noise_or_smell,"Asap kebiruan tipis bau oli terbakar waktu idle AC nyala lama"
report_noise_or_smell,"Bunyi gemuruh aneh dari tangki bensin waktu isi bensin sampai tumpah"
report_noise_or_smell,"Bau anyir amis ikan dari ventilasi waktu AC dimatiin sebentar"
report_noise_or_smell,"Suspensi bunyi grok-grok waktu lewat lubang kecil pelan-pelan"
report_noise_or_smell,"Suara decitan keras dari fan blower AC waktu kecepatan level 4"
report_noise_or_smell,"Bau telur busuk menyengat dari kolong mobil waktu mesin baru dimatiin"
report_noise_or_smell,"Roda bunyi kletek-kletek kayak ada baut kendor waktu belok pelan"
report_noise_or_smell,"Kabin bau asap knalpot masuk waktu jendela terbuka di kemacetan tol"
report_noise_or_smell,"Mesin bunyi nglembur kayak mesin kapal laut waktu malam sepi"
report_noise_or_smell,"Bau gosong plastik dari setir waktu parkir full sun"
report_noise_or_smell,"Jok kulit bunyi krek-krek waktu diduduki orang 120kg"
report_noise_or_smell,"Asap item pekat bau solar terbakar waktu akselerasi kencang di tanjakan"
report_noise_or_smell,"Bunyi dengung elektronik dari panel instrumen waktu lampu dasbor redup"
report_noise_or_smell,"Bau pesing kencing tikus dari kolong jok depan walau bersih"
report_noise_or_smell,"Transmisi bunyi ngung kayak turbin waktu gigi 4 kecepatan 80kmh"
report_noise_or_smell,"Knalpot bunyi ngebul plus bau oli gosong waktu perjalanan 200km"
report_noise_or_smell,"Bau anyir darah dari bagasi walau cuma pernah ngangkut buah"
report_noise_or_smell,"Suara ketukan ritmis dari mesin waktu RPM stabil di 2000"
report_noise_or_smell,"AC bau debu terbakar waktu dinyalain pertama kali setelah 1 bulan"
report_noise_or_smell,"Mesin bunyi nggremeng kayak mur longgar waktu RPM naik cepat"
report_noise_or_smell,"Bau minyak rem anyep plus asap tipis dari roda belakang waktu panas"
report_noise_or_smell,"Bagasi bunyi gedebak-gedebuk walau kosong waktu jalan bergelombang"
report_noise_or_smell,"Asap kebiruan bau oli terbakar waktu overtake di tanjakan"
report_noise_or_smell,"Suara decitan nyaring dari v-belt waktu udara lembab setelah hujan"
report_noise_or_smell,"Bau amonia tajam dari evaporator AC bikin kepala pusing"
report_noise_or_smell,"Pintu bunyi grok-grok pas ditutup kayak engsel perlu diganti"
report_noise_or_smell,"Knalpot bunyi mbrebet-mbrebet waktu stasioner walau karburator baru"
report_noise_or_smell,"Bau anyir amis ikan dari ventilasi waktu AC baru dimatiin 10 menit"
report_noise_or_smell,"Suspensi bunyi kretek-kretek waktu belok kiri pelan"
report_noise_or_smell,"AC depan bau kecut kayak susu asam nyengat waktu siang hari"
report_noise_or_smell,"Mesin bunyi ngklotok-ngklotok konstan waktu suhu mesin panas banget"
report_noise_or_smell,"Bau plastik meleleh menyengat dari area head unit waktu panas"
report_noise_or_smell,"Suara gemuruh aneh dari knalpot waktu engine brake turunan curam"
report_noise_or_smell,"Bau pesing kucing kuat dari bawah jok belakang walau gak ada hewan"
report_noise_or_smell,"Rem bunyi berdecit-decit waktu jalan pelan di jalan basah hujan"
report_noise_or_smell,"Asap item tebel bau solar gosong waktu nanjak panjang pakai gigi rendah"
report_noise_or_smell,"Bunyi klik-klik dari setir waktu puter kiri sampai mentok"
report_noise_or_smell,"Kabin bau karet basah anyep waktu hujan seharian nonstop"
report_noise_or_smell,"Mesin bunyi nggremet kayak pasir di dalam mesin waktu RPM tinggi"
report_noise_or_smell,"Bau gosong kabel listrik waktu nyalakan lampu kabut belakang"
report_noise_or_smell,"Jendela bunyi krek-krek pas naik turun waktu cuaca panas ekstrim"
report_noise_or_smell,"Suara dengung konstan dari aki area bagasi waktu kunci kontak on"
report_noise_or_smell,"Bau telur busuk kuat pas mesin baru distarter setelah parkir lama"
report_noise_or_smell,"Roda belakang bunyi wus-wus kayak angin bocor dari pentil"
report_noise_or_smell,"Karpet mobil bau apek jamur walau baru di-dry clean minggu lalu"
report_noise_or_smell,"Mesin bunyi ngos-ngosan kayak mau mati waktu tanjakan curam"
report_noise_or_smell,"Bau keringat sapi anyir dari AC waktu siang hari terik bikin mabok"
report_noise_or_smell,"Bagasi bunyi gemeresek kayak tikus main waktu mobil parkir"
report_noise_or_smell,"Asap putih bau coolant manis keluar terus walau radiator baru diisi"
report_noise_or_smell,"Bunyi ketukan metalik dari kepala silinder waktu RPM idle tidak stabil"
report_noise_or_smell,"Bau bahan kimia mirip pembersih toilet dari AC"
report_noise_or_smell,"Power steering bunyi ngik-ngik pas puter setir mentok saat parkir"
report_noise_or_smell,"Suara gemeretak dari glove compartment waktu lewat jalan rusak parah"
report_noise_or_smell,"Bau karet terbakar anyep dari ban depan waktu ngebut di jalan lurus"
report_noise_or_smell,"Knalpot bunyi berdeham waktu mesin dingin di pagi hari lembab"
report_noise_or_smell,"AC keluar bau pesing tikus menusuk waktu baru dinyalain setelah hujan"
report_noise_or_smell,"Mesin bunyi ngklotok-ngklotok kayak timing chain kendor parah"
report_noise_or_smell,"Bau minyak rem gosong waktu turun bukit pakai rem terus menerus"
report_noise_or_smell,"Pintu bunyi kretek-kretek waktu dibuka tutup kayak mau rontok"
report_noise_or_smell,"Asap kebiruan tipis bau oli terbakar waktu idle lama dengan AC nyala"
report_noise_or_smell,"Bunyi gemuruh aneh dari tangki bensin waktu isi bensin sampai meluap"
report_noise_or_smell,"Bau anyir amis ikan dari ventilasi waktu AC dimatiin sebentar"
report_noise_or_smell,"Suspensi bunyi grok-grok waktu lewat polisi tidur dengan kecepatan 5kmh"
report_noise_or_smell,"Suara decitan keras dari fan blower waktu setting maksimal bikin sebel"
report_noise_or_smell,"Bau telur busuk menyengat dari kolong mobil waktu mesin baru dimatikan"
report_noise_or_smell,"Roda bunyi kletek-kletek kayak ada kerikil nyangkut di ban waktu belok"
report_noise_or_smell,"Kabin bau asap knalpot masuk waktu jendela terbuka di kemacetan panjang"
report_noise_or_smell,"Mesin bunyi nglembur kayak mesin pabrik waktu malam hari"
report_noise_or_smell,"Bau gosong plastik dari setir waktu parkir under terik matahari langsung"
report_noise_or_smell,"Jok kulit bunyi krek-krek waktu diduduki orang sangat gemuk"
report_noise_or_smell,"Asap item pekat bau solar terbakar waktu akselerasi penuh di jalan tol"
report_noise_or_smell,"Bunyi dengung elektronik dari panel instrumen waktu mesin mati lampu nyala"
report_noise_or_smell,"Bau pesing kencing tikus dari kolong jok depan walau sudah dibersihkan"
report_noise_or_smell,"Transmisi bunyi ngung kayak jet tempur waktu gigi 5 kecepatan tinggi"
report_noise_or_smell,"Knalpot bunyi ngebul plus bau oli gosong waktu perjalanan 300km nonstop"
report_noise_or_smell,"Bau anyir darah dari bagasi walau cuma pernah ngangkut kardus"
report_noise_or_smell,"Suara ketukan ritmis dari mesin waktu RPM konstan 2500"
report_noise_or_smell,"AC bau debu terbakar waktu dinyalain pertama kali setelah 2 bulan"
report_noise_or_smell,"Mesin bunyi nggremeng kayak sekrup lepas waktu RPM 3500-4000"
report_noise_or_smell,"Bau minyak rem anyep plus asap tipis dari roda depan waktu rem dipakai keras"
report_noise_or_smell,"Bagasi bunyi gedebak-gedebuk walau kosong waktu jalan di aspal berlubang"
report_noise_or_smell,"Asap kebiruan bau oli terbakar waktu overtake mobil besar di tanjakan"
report_noise_or_smell,"Suara decitan nyaring dari v-belt waktu pagi hari setelah hujan deras"
report_noise_or_smell,"Bau amonia tajam dari evaporator AC bikin tenggorokan gatal"
report_noise_or_smell,"Pintu bunyi grok-grok pas ditutup kayak engsel perlu digemukin"
report_noise_or_smell,"Knalpot bunyi mbrebet-mbrebet waktu stasioner walau injeksi baru dibersihin"
report_noise_or_smell,"Bau anyir amis ikan dari ventilasi waktu AC baru dimatiin setengah jam"
report_noise_or_smell,"Suspensi bunyi kretek-kretek waktu belok kanan dengan kecepatan rendah"
report_noise_or_smell,"AC depan bau kecut kayak susu basi nyengat waktu siang bolong panas"
report_noise_or_smell,"Mesin bunyi ngklotok-ngklotok konstan waktu suhu mesin mencapai 95 derajat"
report_noise_or_smell,"Bau plastik meleleh menyengat dari area radio waktu panas terik"
report_noise_or_smell,"Suara gemuruh aneh dari knalpot waktu engine brake di turunan tajam"
report_noise_or_smell,"Bau pesing kucing kuat dari bawah jok belakang walau mobil selalu garasi"
report_noise_or_smell,"Rem bunyi berdecit-decit waktu jalan pelan di jalan basah baru hujan"
report_noise_or_smell,"Asap item tebel bau solar gosong waktu nanjak bukit pakai gigi 1"
report_noise_or_smell,"Bunyi klik-klik dari setir waktu puter kanan sampai mentok pas parkir"
report_noise_or_smell,"Kabin bau karet basah anyep waktu hujan sehari penuh tanpa henti"
report_noise_or_smell,"Mesin bunyi nggremet kayak ada pasir di dalam waktu RPM naik drastis"
report_noise_or_smell,"Bau gosong kabel listrik waktu nyalakan lampu kabut depan high beam"
report_noise_or_smell,"Jendela bunyi krek-krek pas naik turun waktu cuaca panas ekstrim 35 derajat"
report_noise_or_smell,"Suara dengung konstan dari aki area bagasi waktu mesin off kunci kontak on"
report_noise_or_smell,"Bau telur busuk kuat pas mesin baru dihidupkan setelah parkir seminggu"
report_noise_or_smell,"Roda belakang bunyi wus-wus kayak angin bocor dari velg waktu kecepatan 60kmh"
report_noise_or_smell,"Karpet mobil bau apek jamur walau baru di-shampoo profesional"
report_noise_or_smell,"Mesin bunyi ngos-ngosan kayak mau mogok waktu tanjakan curam pakai AC"
report_noise_or_smell,"Bau keringat sapi anyir dari AC waktu siang terik padahal gak lewat kandang"
report_noise_or_smell,"Bagasi bunyi gemeresek kayak tikus berlarian waktu mobil diam di garasi"
report_noise_or_smell,"Asap putih bau coolant manis keluar terus walau radiator selalu penuh dan baru"
report_noise_or_smell,"Bunyi ketukan metalik dari blok mesin waktu RPM naik secara tiba-tiba"
report_noise_or_smell,"Bau bahan kimia mirip obat nyamuk bakar dari ventilasi AC"
report_noise_or_smell,"Power steering bunyi ngik-ngik pas puter setir mentok kiri dan kanan saat parkir paralel"
report_noise_or_smell,"Suara gemeretak dari glove compartment waktu lewat jalan berlubang dalam"
report_noise_or_smell,"Bau karet terbakar anyep dari ban depan waktu ngebut di tol 120kmh"
report_noise_or_smell,"Knalpot bunyi berdeham waktu mesin dingin di pagi hari bersuhu rendah"
report_noise_or_smell,"AC keluar bau pesing tikus menusuk waktu baru dinyalain setelah mobil dicuci"
report_noise_or_smell,"Mesin bunyi ngklotok-ngklotok kayak timing chain mau putus waktu RPM tinggi"
report_noise_or_smell,"Bau minyak rem gosong waktu turun bukit pakai rem terus selama 30 menit"
report_noise_or_smell,"Pintu bunyi kretek-kretek waktu dibuka tutup kayak engsel karatan parah"
report_noise_or_smell,"Asap kebiruan tipis bau oli terbakar waktu idle AC nyala selama 15 menit"
report_noise_or_smell,"Bunyi gemuruh aneh dari tangki bensin waktu isi bensin full sampai hampir tumpah"
report_noise_or_smell,"Bau anyir amis ikan dari ventilasi waktu AC dimatiin 5 menit lalu"
report_noise_or_smell,"Suspensi bunyi grok-grok waktu lewat lubang kecil dengan kecepatan 10kmh"
report_noise_or_smell,"Suara decitan keras dari fan blower AC waktu kecepatan level 4 di siang hari"
report_noise_or_smell,"Bau telur busuk menyengat dari kolong mobil waktu mesin baru dimatikan setelah jalan jauh"
report_noise_or_smell,"Roda bunyi kletek-kletek kayak ada baut kendor waktu belok dengan kecepatan rendah"
report_noise_or_smell,"Kabin bau asap knalpot masuk waktu jendela terbuka di kemacetan tol 1 jam"
report_noise_or_smell,"Mesin bunyi nglembur kayak mesin kapal barang waktu malam hari sepi"
report_noise_or_smell,"Bau gosong plastik dari setir waktu parkir under matahari langsung 4 jam"
report_noise_or_smell,"Jok kulit bunyi krek-krek waktu diduduki orang dengan berat 130kg"
report_noise_or_smell,"Asap item pekat bau solar terbakar waktu akselerasi kencang di tanjakan curam"
report_noise_or_smell,"Bunyi dengung elektronik dari panel instrumen waktu mesin mati tapi aksesori nyala"
report_noise_or_smell,"Bau pesing kencing tikus dari kolong jok depan walau sudah disemprot disinfektan"
report_noise_or_smell,"Transmisi bunyi ngung kayak pesawat lepas landas waktu gigi 4 kecepatan 90kmh"
report_noise_or_smell,"Knalpot bunyi ngebul plus bau oli gosong waktu touring 400km tanpa istirahat"
report_noise_or_smell,"Bau anyir darah dari bagasi walau hanya untuk menyimpan kotak P3K"
report_noise_or_smell,"Suara ketukan ritmis dari mesin waktu RPM stabil di 1800"
report_noise_or_smell,"AC bau debu terbakar waktu dinyalain pertama kali setelah 3 bulan tak dipakai"
report_noise_or_smell,"Mesin bunyi nggremeng kayak baut longgar waktu RPM naik ke 4500"
report_noise_or_smell,"Bau minyak rem anyep plus asap tipis dari roda depan waktu rem dipakai habis-habisan"
report_noise_or_smell,"Bagasi bunyi gedebak-gedebuk walau kosong waktu jalan di daerah berbatu"
report_noise_or_smell,"Asap kebiruan bau oli terbakar waktu overtake bus di tanjakan menggunakan gigi rendah"
report_noise_or_smell,"Suara decitan nyaring dari v-belt waktu pagi hari lembab setelah hujan semalaman"
report_noise_or_smell,"Bau amonia tajam dari evaporator AC bikin hidung gatal dan bersin-bersin"
report_noise_or_smell,"Pintu bunyi grok-grok pas ditutup kayak engsel aus dan perlu diganti segera"
report_noise_or_smell,"Knalpot bunyi mbrebet-mbrebet waktu stasioner walau sistem injeksi baru di-service"
report_noise_or_smell,"Bau anyir amis ikan dari ventilasi waktu AC baru dimatiin 20 menit yang lalu"
report_noise_or_smell,"Suspensi bunyi kretek-kretek waktu belok kiri dengan kecepatan 20kmh"
report_noise_or_smell,"AC depan bau kecut kayak yogurt kadaluarsa nyengat waktu siang hari panas terik"
report_noise_or_smell,"Mesin bunyi ngklotok-ngklotok konstan waktu suhu mesin mencapai 100 derajat celsius"
report_noise_or_smell,"Bau plastik meleleh menyengat dari area head unit waktu mobil diparkir panas"
report_noise_or_smell,"Suara gemuruh aneh dari knalpot waktu engine brake di turunan gunung curam"
report_noise_or_smell,"Bau pesing kucing kuat dari bawah jok belakang walau tidak pernah ada kucing di garasi"
report_noise_or_smell,"Rem bunyi berdecit-decit waktu jalan pelan di jalan basah baru turun hujan rintik"
report_noise_or_smell,"Asap item tebel bau solar gosong waktu nanjak bukit tinggi pakai gigi 1 full gas"
report_noise_or_smell,"Bunyi klik-klik dari setir waktu puter kiri sampai mentok saat parkir paralel"
report_noise_or_smell,"Kabin bau karet basah anyep waktu hujan deras 3 hari berturut-turut"
report_noise_or_smell,"Mesin bunyi nggremet kayak ada pasir dalam blok mesin waktu RPM 5000"
report_noise_or_smell,"Bau gosong kabel listrik waktu nyalakan lampu kabut depan dan belakang bersamaan"
report_noise_or_smell,"Jendela bunyi krek-krek pas naik turun waktu cuaca panas ekstrim 38 derajat celsius"
report_noise_or_smell,"Suara dengung konstan dari aki area bagasi waktu mesin mati tapi radio nyala"
report_noise_or_smell,"Bau telur busuk kuat pas mesin baru dihidupkan setelah parkir 2 minggu di bandara"
report_noise_or_smell,"Bro, motor gue bunyi krek-krek kaya karatan gitu pas ngegas."
report_noise_or_smell,"Mobilku asapnya bau banget, kaya bensin kebakar gitu."
report_noise_or_smell,"Suspensi motor bikin suara ngik-ngik, cape dengernya."
report_noise_or_smell,"Mesin mobil gue ngeluarin bunyi tek-tek-tek, ga enak banget."
report_noise_or_smell,"Motor matic ku bau gosong tiap abis dipake jauh."
report_noise_or_smell,"Knalpot mobilku bunyi kletuk-kletuk, kaya ada yang lepas."
report_noise_or_smell,"Rantai motor gue krik-krik mulu, udah disemprot oli tetep."
report_noise_or_smell,"AC mobil ngeluarin bau apek, kaya jamur gitu."
report_noise_or_smell,"Rem motor bikin suara cit-cit pas ngerem, ngeri bro."
report_noise_or_smell,"Mesin motor bau kaya oli kebakar, padahal oli baru."
report_noise_or_smell,"Mobilku bunyi gluduk-gluduk dari bawah pas lewat polisi tidur."
report_noise_or_smell,"Kopling motor gue bunyi kletak-kletak tiap ganti gigi."
report_noise_or_smell,"Asap knalpot mobil bau amis, ga tau kenapa."
report_noise_or_smell,"Shockbreaker motor bikin suara krek-krek, kaya patah."
report_noise_or_smell,"Dashboard mobil bunyi krik-krik pas di jalan ga rata."
report_noise_or_smell,"Motor gue bau kaya karet gosong tiap ngebut."
report_noise_or_smell,"Transmisi mobil bunyi grr-grr pas ganti gigi, ngeri."
report_noise_or_smell,"Rem mobil ngeluarin bunyi ngiung-ngiung, ga nyaman."
report_noise_or_smell,"Mesin motor bunyi ngorok kaya orang tidur."
report_noise_or_smell,"Knalpot motor bau kaya bensin mentah, apaan tuh?"
report_noise_or_smell,"Suspensi mobil bunyi ketuk-ketuk tiap lewat lobang."
report_noise_or_smell,"AC motor bau kaya kaos kaki basah, ew banget."
report_noise_or_smell,"Roda motor bunyi kricik-kricik pas muter, apa rusak?"
report_noise_or_smell,"Mobil gue asapnya bau kaya telur busuk, parah."
report_noise_or_smell,"Stang motor bunyi krek-krek pas belok, ga enak."
report_noise_or_smell,"Mesin mobil bikin suara klak-klak, kaya besi ketok."
report_noise_or_smell,"Knalpot motor bunyi blub-blub, kaya bocor gitu."
report_noise_or_smell,"Bau oli gosong dari mesin motor, padahal baru servis."
report_noise_or_smell,"Rem motor bikin suara sret-sret, ga aman kayanya."
report_noise_or_smell,"Mobil bunyi nguk-nguk dari kap mesin, apa ya itu?"
report_noise_or_smell,"Shock motor bunyi gluk-gluk, kaya oli abis."
report_noise_or_smell,"AC mobil bau kaya bensin, takut kebakar."
report_noise_or_smell,"Rantai motor krik-krik mulu, udah kesel."
report_noise_or_smell,"Knalpot mobil bau kaya asap oli, parah banget."
report_noise_or_smell,"Mesin motor bunyi cetak-cetak pas langsam."
report_noise_or_smell,"Suspensi mobil bunyi ngok-ngok, kaya rusak."
report_noise_or_smell,"Motor gue bau kaya plastik kebakar tiap dipake."
report_noise_or_smell,"Rem mobil bunyi kriiit-kriiit, bikin malu."
report_noise_or_smell,"Mesin mobil bikin suara greng-greng, ga normal."
report_noise_or_smell,"Knalpot motor bunyi kletuk-kletuk, apa bocor?"
report_noise_or_smell,"AC motor ngeluarin bau apek, ga tahan."
report_noise_or_smell,"Roda mobil bunyi krik-krik pas pelan, apa bearing?"
report_noise_or_smell,"Motor bau kaya bensin tumpah, tapi ga bocor."
report_noise_or_smell,"Transmisi mobil bunyi krek-krek pas ganti gigi."
report_noise_or_smell,"Shockbreaker motor bunyi ketuk-ketuk, ga nyaman."
report_noise_or_smell,"Mesin mobil bau kaya oli kebakar, takut rusak."
report_noise_or_smell,"Knalpot motor bikin suara blep-blep, kaya bocor."
report_noise_or_smell,"Rem motor bunyi ngik-ngik, bikin deg-degan."
report_noise_or_smell,"Mobil bunyi gluduk-gluduk dari bawah, apa ya?"
report_noise_or_smell,"Motor gue bau kaya karet gosong tiap ngerem."
report_noise_or_smell,"AC mobil bau kaya bangkai, parah banget."
report_noise_or_smell,"Suspensi motor bunyi kricik-kricik, kaya karat."
report_noise_or_smell,"Mesin mobil bunyi tek-tek, kaya klep rusak."
report_noise_or_smell,"Knalpot motor bau kaya bensin mentah, kenapa?"
report_noise_or_smell,"Rantai motor bunyi krek-krek, udah disetel tetep."
report_noise_or_smell,"Mobil bau kaya oli gosong dari kap mesin."
report_noise_or_smell,"Rem mobil bunyi cit-cit, bikin risih."
report_noise_or_smell,"Shock motor bunyi nguk-nguk, kaya ga stabil."
report_noise_or_smell,"Mesin motor bikin suara klak-klak pas ngegas."
report_noise_or_smell,"AC mobil ngeluarin bau kaya bensin, ngeri."
report_noise_or_smell,"Knalpot mobil bunyi kletak-kletak, kaya lepas."
report_noise_or_smell,"Motor bau kaya plastik kebakar tiap langsam."
report_noise_or_smell,"Suspensi mobil bunyi gruk-gruk, kaya patah."
report_noise_or_smell,"Rem motor bikin suara sret-sret pas ngerem."
report_noise_or_smell,"Mesin mobil bunyi ngorok, kaya orang sakit."
report_noise_or_smell,"Knalpot motor bau kaya oli kebakar, parah."
report_noise_or_smell,"Roda motor bunyi kricik-kricik, ga enak."
report_noise_or_smell,"Mobil gue asapnya bau kaya telur busuk."
report_noise_or_smell,"Shockbreaker motor bunyi krek-krek, rusak kayanya."
report_noise_or_smell,"AC motor bau kaya kaos kaki basah, jijik."
report_noise_or_smell,"Transmisi mobil bunyi grr-grr, ga normal."
report_noise_or_smell,"Mesin motor bunyi cetak-cetak, apa salah?"
report_noise_or_smell,"Knalpot mobil bikin suara blub-blub, bocor?"
report_noise_or_smell,"Rem mobil bunyi ngiung-ngiung, bikin risih."
report_noise_or_smell,"Motor bau kaya bensin tumpah, ga tau dari mana."
report_noise_or_smell,"Suspensi motor bunyi ngik-ngik, kaya karatan."
report_noise_or_smell,"Mesin mobil bunyi klak-klak, kaya besi ketok."
report_noise_or_smell,"Knalpot motor bunyi kletuk-kletuk, apa rusak?"
report_noise_or_smell,"AC mobil bau kaya jamur, ga tahan."
report_noise_or_smell,"Rantai motor krik-krik mulu, bikin gila."
report_noise_or_smell,"Mobil bau kaya oli gosong tiap buka kap."
report_noise_or_smell,"Rem motor bunyi cit-cit, bikin takut."
report_noise_or_smell,"Shock motor bunyi gluk-gluk, kaya oli habis."
report_noise_or_smell,"Mesin mobil bikin suara greng-greng, ngeri."
report_noise_or_smell,"Knalpot motor bau kaya bensin mentah, kenapa?"
report_noise_or_smell,"Suspensi mobil bunyi ketuk-ketuk, ga nyaman."
report_noise_or_smell,"Motor gue bau kaya karet gosong pas ngebut."
report_noise_or_smell,"AC motor ngeluarin bau apek, parah."
report_noise_or_smell,"Roda mobil bunyi krik-krik, apa bearing rusak?"
report_noise_or_smell,"Mesin motor bunyi tek-tek, kaya klep bermasalah."
report_noise_or_smell,"Knalpot mobil bunyi kletak-kletak, kaya lepas."
report_noise_or_smell,"Motor bau kaya plastik kebakar tiap dipake."
report_noise_or_smell,"Rem mobil bunyi kriiit-kriiit, bikin malu."
report_noise_or_smell,"Suspensi motor bunyi kricik-kricik, kaya patah."
report_noise_or_smell,"Mesin mobil bunyi nguk-nguk, ga normal."
report_noise_or_smell,"Knalpot motor bunyi blep-blep, kaya bocor."
report_noise_or_smell,"AC mobil bau kaya bensin, takut kebakar."
report_noise_or_smell,"Rantai motor bunyi krek-krek, udah disemprot."
report_noise_or_smell,"Mobil gue asapnya bau kaya telur busuk, ew."
report_noise_or_smell,"Shockbreaker motor bunyi ketuk-ketuk, rusak."
report_noise_or_smell,"Mesin motor bau kaya oli kebakar, parah."
report_noise_or_smell,"Knalpot mobil bikin suara blub-blub, apa bocor?"
report_noise_or_smell,"Rem motor bunyi ngik-ngik, bikin deg-degan."
report_noise_or_smell,"Suspensi mobil bunyi gruk-gruk, kaya patah."
report_noise_or_smell,"Motor bau kaya karet gosong tiap ngerem."
report_noise_or_smell,"AC motor bau kaya kaos kaki basah, jijik."
report_noise_or_smell,"Transmisi mobil bunyi krek-krek, ga enak."
report_noise_or_smell,"Mesin mobil bunyi klak-klak, kaya besi ketok."
report_noise_or_smell,"Knalpot motor bau kaya bensin mentah, apaan?"
report_noise_or_smell,"Roda motor bunyi kricik-kricik, ga nyaman."
report_noise_or_smell,"Mobil bau kaya oli gosong dari kap mesin."
report_noise_or_smell,"Rem mobil bunyi cit-cit, bikin risih."
report_noise_or_smell,"Shock motor bunyi nguk-nguk, kaya ga stabil."
report_noise_or_smell,"Mesin motor bunyi cetak-cetak pas langsam."
report_noise_or_smell,"Knalpot mobil bunyi kletuk-kletuk, kaya lepas."
report_noise_or_smell,"Motor gue bau kaya plastik kebakar tiap ngegas."
report_noise_or_smell,"AC mobil bau kaya jamur, ga tahan."
report_noise_or_smell,"Suspensi motor bunyi ngik-ngik, kaya karatan."
report_noise_or_smell,"Mesin mobil bunyi tek-tek, kaya klep rusak."
report_noise_or_smell,"Knalpot motor bunyi blep-blep, kaya bocor."
report_noise_or_smell,"Rantai motor krik-krik mulu, bikin kesel."
report_noise_or_smell,"Mobil asapnya bau kaya telur busuk, parah."
report_noise_or_smell,"Shockbreaker motor bunyi krek-krek, rusak."
report_noise_or_smell,"Mesin motor bau kaya oli kebakar, ngeri."
report_noise_or_smell,"Knalpot mobil bau kaya bensin mentah, kenapa?"
report_noise_or_smell,"Rem motor bunyi sret-sret, bikin takut."
report_noise_or_smell,"Suspensi mobil bunyi ketuk-ketuk, ga nyaman."
report_noise_or_smell,"Motor bau kaya karet gosong pas pelan."
report_noise_or_smell,"AC motor ngeluarin bau apek, ew banget."
report_noise_or_smell,"Transmisi mobil bunyi grr-grr, ga normal."
report_noise_or_smell,"Mesin mobil bunyi ngorok, kaya orang sakit."
report_noise_or_smell,"Knalpot motor bunyi kletak-kletak, kaya lepas."
report_noise_or_smell,"Roda mobil bunyi krik-krik, apa bearing?"
report_noise_or_smell,"Motor bau kaya bensin tumpah, ga tau dari mana."
report_noise_or_smell,"Shock motor bunyi gluk-gluk, kaya oli abis."
report_noise_or_smell,"Mesin motor bunyi klak-klak pas ngegas."
report_noise_or_smell,"Knalpot mobil bau kaya oli kebakar, parah."
report_noise_or_smell,"Rem mobil bunyi ngiung-ngiung, bikin risih."
report_noise_or_smell,"Suspensi motor bunyi kricik-kricik, kaya karat."
report_noise_or_smell,"Mesin mobil bunyi greng-greng, ga enak."
report_noise_or_smell,"Knalpot motor bunyi blub-blub, kaya bocor."
report_noise_or_smell,"AC mobil bau kaya bensin, takut kebakar."
report_noise_or_smell,"Rantai motor bunyi krek-krek, udah disetel."
report_noise_or_smell,"Mobil bau kaya oli gosong tiap buka kap."
report_noise_or_smell,"Rem motor bunyi cit-cit, bikin ngeri."
report_noise_or_smell,"Shockbreaker motor bunyi ketuk-ketuk, rusak."
report_noise_or_smell,"Mesin motor bau kaya plastik kebakar, parah."
report_noise_or_smell,"Knalpot mobil bunyi kletuk-kletuk, apa bocor?"
report_noise_or_smell,"AC motor bau kaya kaos kaki basah, jijik."
report_noise_or_smell,"Transmisi mobil bunyi krek-krek, ga nyaman."
report_noise_or_smell,"Mesin mobil bunyi tek-tek, kaya klep bermasalah."
report_noise_or_smell,"Knalpot motor bau kaya bensin mentah, apaan?"
report_noise_or_smell,"Roda motor bunyi kricik-kricik, ga enak."
report_noise_or_smell,"Mobil asapnya bau kaya telur busuk, ew."
report_noise_or_smell,"Suspensi motor bunyi ngik-ngik, kaya karatan."
report_noise_or_smell,"Mesin motor bunyi cetak-cetak, apa salah?"
report_noise_or_smell,"Knalpot mobil bunyi blep-blep, kaya bocor."
report_noise_or_smell,"Rem mobil bunyi kriiit-kriiit, bikin malu."
report_noise_or_smell,"Shock motor bunyi nguk-nguk, kaya ga stabil."
report_noise_or_smell,"Mesin mobil bau kaya oli kebakar, takut rusak."
report_noise_or_smell,"Knalpot motor bunyi kletak-kletak, kaya lepas."
report_noise_or_smell,"AC mobil bau kaya jamur, ga tahan."
report_noise_or_smell,"Rantai motor krik-krik mulu, bikin gila."
report_noise_or_smell,"Mobil bau kaya karet gosong tiap ngebut."
report_noise_or_smell,"Rem motor bunyi sret-sret, bikin takut."
report_noise_or_smell,"Suspensi mobil bunyi gruk-gruk, kaya patah."
report_noise_or_smell,"Mesin motor bunyi klak-klak, kaya besi ketok."
report_noise_or_smell,"Knalpot mobil bau kaya bensin mentah, parah."
report_noise_or_smell,"AC motor ngeluarin bau apek, ew banget."
report_noise_or_smell,"Roda mobil bunyi krik-krik, apa bearing rusak?"
report_noise_or_smell,"Motor bau kaya plastik kebakar tiap langsam."
report_noise_or_smell,"Shockbreaker motor bunyi krek-krek, rusak."
report_noise_or_smell,"Mesin mobil bunyi ngorok, kaya orang sakit."
report_noise_or_smell,"Knalpot motor bunyi blub-blub, kaya bocor."
report_noise_or_smell,"Rem mobil bunyi ngiung-ngiung, bikin risih."
report_noise_or_smell,"Suspensi motor bunyi kricik-kricik, kaya karat."
report_noise_or_smell,"Mesin motor bau kaya oli kebakar, ngeri."
report_noise_or_smell,"Knalpot mobil bunyi kletuk-kletuk, apa bocor?"
report_noise_or_smell,"AC mobil bau kaya bensin, takut kebakar."
report_noise_or_smell,"Rantai motor bunyi krek-krek, udah disemprot."
report_noise_or_smell,"Mobil asapnya bau kaya telur busuk, parah."
report_noise_or_smell,"Shock motor bunyi gluk-gluk, kaya oli abis."
report_noise_or_smell,"Mesin mobil bunyi tek-tek, kaya klep rusak."
report_noise_or_smell,"Knalpot motor bau kaya bensin mentah, kenapa?"
report_noise_or_smell,"Rem motor bunyi cit-cit, bikin ngeri."
report_noise_or_smell,"Suspensi mobil bunyi ketuk-ketuk, ga nyaman."
report_noise_or_smell,"Motor bau kaya karet gosong pas ngerem."
report_noise_or_smell,"AC motor bau kaya kaos kaki basah, jijik."
report_noise_or_smell,"Transmisi mobil bunyi grr-grr, ga normal."
report_noise_or_smell,"Mesin motor bunyi cetak-cetak pas ngegas."
report_noise_or_smell,"Knalpot mobil bunyi blep-blep, kaya bocor."
report_noise_or_smell,"Rem mobil bunyi kriiit-kriiit, bikin malu."
report_noise_or_smell,"Shockbreaker motor bunyi krek-krek, rusak."
report_noise_or_smell,"Mesin mobil bau kaya oli kebakar, takut rusak."
report_noise_or_smell,"Knalpot motor bunyi kletak-kletak, kaya lepas."
report_noise_or_smell,"AC mobil bau kaya jamur, ga tahan."
report_noise_or_smell,"Rantai motor krik-krik mulu, bikin kesel."
report_noise_or_smell,"Mobil bau kaya karet gosong tiap ngebut."
report_noise_or_smell,"Rem motor bunyi sret-sret, bikin takut."
report_noise_or_smell,"Suspensi mobil bunyi gruk-gruk, kaya patah."
report_noise_or_smell,"Mesin motor bunyi klak-klak, kaya besi ketok."
report_noise_or_smell,"Knalpot mobil bau kaya bensin mentah, parah."
report_noise_or_smell,"AC motor ngeluarin bau apek, ew banget."
report_noise_or_smell,"Roda mobil bunyi krik-krik, apa bearing rusak."
report_noise_or_smell,"Motor bau kaya plastik kebakar tiap langsam."
report_noise_or_smell,"Shockbreaker motor bunyi krek-krek, rusak."
report_noise_or_smell,"Mesin mobil bunyi ngorok, kaya orang sakit."
report_noise_or_smell,"Knalpot motor bunyi blub-blub, kaya bocor."
report_noise_or_smell,"Rem mobil bunyi ngiung-ngiung, bikin risih."
report_noise_or_smell,"Suspensi motor bunyi kricik-kricik, kaya karat."
report_noise_or_smell,"Mesin motor bau kaya oli kebakar, ngeri."
report_noise_or_smell,"Knalpot motor bunyi kletuk-kletuk, apa bcor?"
report_noise_or_smell,"AC mobil bau kaya bensin, takut kebakar."
report_noise_or_smell,"Rantai motor krik-krik mulu, bikin gila."
report_noise_or_smell,"Mobil asapnya bau kaya telur busuk, parah."
report_noise_or_smell,"Shock motor bunyi gluk-gluk, kaya oli abis."
report_noise_or_smell,"Mesin motor bunyi tek-tek, kaya klep rusak."
report_noise_or_smell,"Knalpot motor bau kaya bensin mentah, kenapa?"
report_noise_or_smell,"Rem motor bunyi cit-cit, bikin ngeri."
report_noise_or_smell,"Suspensi mobil bunyi ketuk-ketuk, ga nyaman."
report_noise_or_smell,"Motor bau kaya karet gosong pas ngerem."
report_noise_or_smell,"AC motor bau kaya kaos kaki basah, jijik."
report_noise_or_smell,"Transmisi mobil bunyi grr-grr, ga normal."
report_noise_or_smell,"Mesin motor bunyi cetak-cetak pas ngegas."
report_noise_or_smell,"Knalpot mobil bunyi blep-blep, kaya bocor."
report_noise_or_smell,"Rem mobil bunyi kriiit-kriiit, bikin malu."
report_noise_or_smell,"Shockbreaker motor bunyi krek-krek, rusak."
report_noise_or_smell,"Mesin mobil bau kaya oli kebakar, takut rusak."
report_noise_or_smell,"Knalpot motor bunyi kletak-kletak, kaya lepas."
report_noise_or_smell,"AC mobil bau kaya jamur, ga tahan."
report_noise_or_smell,"Rantai motor krik-krik mulu, bikin kesel."
report_noise_or_smell,"Mobil bau kaya karet gosong tiap ngebut."
report_noise_or_smell,"Rem motor bunyi sret-sret, bikin takut."
report_noise_or_smell,"Suspensi mobil bunyi gruk-gruk, kaya patah."
report_noise_or_smell,"Mesin motor bunyi klak-klak, kaya besi ketok."
report_noise_or_smell,"Knalpot motor bau kaya bensin mentah, parah."
report_noise_or_smell,"AC motor ngeluarin bau apek, ew banget."
report_noise_or_smell,"Roda mobil bunyi krik-krik, apa bearing rusak."
report_noise_or_smell,"Motor bau kaya plastik kebakar tiap langsam."
report_noise_or_smell,"Shockbreaker motor bunyi krek-krek, rusak."
report_noise_or_smell,"Mesin mobil bunyi ngorok, kaya orang sakit."
report_noise_or_smell,"Knalpot motor bunyi blub-blub, kaya bocor."
report_noise_or_smell,"Rem mobil bunyi ngiung-ngiung, bikin risih."
report_noise_or_smell,"Suspensi motor bunyi kricik-kricik, kaya karat."
report_noise_or_smell,"Mesin motor bau kaya oli kebakar, ngeri."
report_noise_or_smell,"Knalpot motor bunyi kletuk-ketuk, apa bocor?"
report_noise_or_smell,"AC mobil bau kaya bensin, takut kebakar."
report_noise_or_smell,"Rantai motor krik-krik mulu, bikin gila."
report_noise_or_smell,"Mobil asapnya bau kaya telur busuk, parah."
report_noise_or_smell,"Shock motor bunyi gluk-gluk, kaya oli abis."
report_noise_or_smell,"Mesin motor bunyi tek-tek, kaya klep rusak."
report_noise_or_smell,"Knalpot motor bau kaya bensin mentah, kenapa?"
report_noise_or_smell,"Rem motor bunyi cit-cit, bikin ngeri."
report_noise_or_smell,"Suspensi mobil bunyi ketuk-ketuk, ga nyaman."
report_noise_or_smell,"Motor bau kaya karet gosong pas ngerem."
report_noise_or_smell,"AC motor bau kaya kaos kaki basah, jijik."
report_noise_or_smell,"Transmisi mobil bunyi grr-grr, kaya rusak."
report_noise_or_smell,"Mesin motor bunyi cetak-cetak pas ngegas."
report_noise_or_smell,"Knalpot mobil bunyi blep-blep, kaya bocor."
report_noise_or_smell,"Rem mobil bunyi kriiit-kriiit, bikin malu."
report_noise_or_smell,"Shockbreaker motor bunyi krek-krek, rusak."
report_noise_or_smell,"Mesin mobil bau kaya oli kebakar, takut rusak."
report_noise_or_smell,"Knalpot motor bunyi kletak-kletak, kaya lepas."
report_noise_or_smell,"AC mobil bau kaya jamur, ga tahan."
report_noise_or_smell,"Rantai motor krik-krik mulu, bikin kesel."
report_noise_or_smell,"Mobil bau kaya karet gosong tiap ngebut."
report_noise_or_smell,"Rem motor bunyi sret-sret, bikin takut."
report_noise_or_smell,"Suspensi mobil bunyi gruk-gruk, kaya patah."
report_noise_or_smell,"Mesin motor bunyi klak-klak, kaya besi ketok."
report_noise_or_smell,"Knalpot mobil bau kaya bensin mentah, parah."
report_noise_or_smell,"AC motor ngeluarin bau apek, ew banget."
report_noise_or_smell,"Roda mobil bunyi krik-krik, apa bearing rusak."
report_noise_or_smell,"Motor bau kaya plastik kebakar tiap langsam."
report_noise_or_smell,"Shockbreaker motor bunyi krek-krek, rusak."
report_noise_or_smell,"Mesin mobil bunyi ngorok, kaya orang sakit."
report_noise_or_smell,"Knalpot motor bunyi blub-blub, kaya bocor."
report_noise_or_smell,"Rem mobil bunyi ngiung-ngiung, bikin risih."
report_noise_or_smell,"Suspensi motor bunyi kricik-kricik, kaya karat."
report_noise_or_smell,"Mesin motor deviantau kaya oli kebakar, ngeri."
report_noise_or_smell,"Knalpot motor bunyi kletuk-ketuk, apa bocor?"
report_noise_or_smell,"AC mobil bau kaya bensin, takut kebakar."
report_noise_or_smell,"Rantai motor krik-krik mulu, bikin gila."
report_noise_or_smell,"Mobil asap bau kaya telur busuk, parah."
report_noise_or_smell,"Shock motor bunyi gluk-gluk, kaya oli abis."
report_noise_or_smell,"Mesin motor bunyi tek-tek, kaya klep rusak."
report_noise_or_smell,"Knalpot motor bau kaya bensin mentah, kenapa?"
report_noise_or_smell,"Rem motor bunyi cit-cit, bikin ngeri."
report_noise_or_smell,"Suspensi mobil bunyi ketuk-ketuk, ga nyaman."
report_noise_or_smell,"Motor bau kaya karet gosong pas ngerem."
report_noise_or_smell,"AC motor bau kaya kaos kaki basah, jijik."
report_noise_or_smell,"Transmisi mobil bunyi grr-grr, kaya rusak."
report_noise_or_smell,"Mesin motor bunyi cetak-cetak pas ngegas."
report_noise_or_smell,"Knalpot mobil bunyi blep-blep, kaya bcor."
report_noise_or_smell,"Rem mobil bunyi kriiit-kriiit, bikin malu."
report_noise_or_smell,"Shockbreaker motor bunyi krek-krek, rusak."
report_noise_or_smell,"Mesin mobil bau kaya oli kebakar, takut rusak."
report_noise_or_smell,"Knalpot motor bunyi kletak-kletak, kaya lepas."
report_noise_or_smell,"AC mobil bau kaya bau, kaya jamur."
report_noise_or_smell,"Rantai motor krik-krik mulu, bikin kesel."
report_noise_or_smell,"Mobil bau kaya karet gosong tiap ngebut."
report_noise_or_smell,"Rem motor bunyi sret-sret, bikin takut."
report_noise_or_smell,"Suspensi mobil bunyi gruk-gruk, kaya patah."
report_noise_or_smell,"Mesin motor bunyi klak-klak, kaya besi ketok."
report_noise_or_smell,"Knalpot mobil bau kaya bensin mentah, parah."
report_noise_or_smell,"AC motor ngeluarin bau apek, ew banget."
report_noise_or_smell,"Roda mobil bunyi krik-krik, apa bearing rusak."
report_noise_or_smell,"Motor bau kaya plastik kebakar tiap langsam."
report_noise_or_smell,"Shockbreaker motor bunyi krek-krek, rusak."
report_noise_or_smell,"Mesin mobil bunyi ngorok, kaya orang sakit."
report_noise_or_smell,"Knalpot motor bunyi blub-blub, kaya bocor."
report_noise_or_smell,"Rem mobil bunyi ngiung-ngiung, bikin risih."
report_noise_or_smell,"Suspensi motor bunyi kricik-kricik,選挙 kaya karat."
report_noise_or_smell,"Mesin motor bau kaya oli kebakar, ngeri."
report_noise_or_smell,"Knalpot motor bunyi kletuk-kletuk, apa bocor."
report_noise_or_smell,"AC mobil bau kaya bensin, takut kebakar."
report_noise_or_smell,"Rantai motor krik-krik mulu, bikin gila."
report_noise_or_smell,"Mobil asap bau kaya telur busuk, parah."
report_noise_or_smell,"Shock motor bunyi gluk-gluk, kaya oli abis."
report_noise_or_smell,"Mesin motor bunyi tek-tek, baya klep rusak."
report_noise_or_smell,"Knalpot motor bau kya bensin mentah, kenapa?"
report_noise_or_smell,"Rem motor bunyi cit-cit, bikin ngeri."
report_noise_or_smell,"Suspensi mobil bunyi ketuk-ketuk, ga nyaman."
report_noise_or_smell,"Motor bau kaya karet gosong pas ngerem."
report_noise_or_smell,"AC motor bau kaya kaos kaki basah, jijik."
report_noise_or_smell,"Transmisi mobil bunyi grr-grr, kaya rusak."
report_noise_or_smell,"Mesin motor bunyi cetak-cetak pas ngegas."
report_noise_or_smell,"Knalpot mobil bunyi blep-blep, kaya bocor."
report_noise_or_smell,"Rem mobil bunyi kriiit-kriiit, bikin malu."
report_noise_or_smell,"Shockbreaker motor bunyi krek-krek, rekak."
report_noise_or_smell,"Mesin mobil bau kaya oli kebakar, takut rusak."
report_noise_or_smell,"Knalpot motor bunyi kletak-kletak, kaya lepas."
report_noise_or_smell,"AC mobil bau kaya bau, kaya jamur."
report_noise_or_smell,"Rantai motor krik-krik mulu, bikin nakak."
report_noise_or_smell,"Mobil bau kaya,kara bauat, tiap ngebut."
report_noise_or_smell,"Rem motor bunyi sret-sret, bikin takut."
report_noise_or_smell,"Suspensi mobil bunyi gruk-gruk, kaya patah."
report_noise_or_smell,"Mesin motor bunyi klak-klak, kaya besi ketok."    
report_noise_or_smell,"Mesin sepeda motor saya mengeluarkan suara tek-tek-tek saat berjalan."
report_noise_or_smell,"Asap dari knalpot mobil saya mengeluarkan aroma tidak sedap seperti bahan bakar mentah."
report_noise_or_smell,"Suspensi mobil saya menghasilkan bunyi ngik-ngik-ngik ketika melintasi jalan tidak rata."
report_noise_or_smell,"Knalpot sepeda motor saya mengeluarkan suara kletuk-kletuk yang tidak biasa."
report_noise_or_smell,"Sistem pendingin udara mobil saya mengeluarkan bau apek seperti jamur."
report_noise_or_smell,"Rantai sepeda motor saya menghasilkan bunyi krik-krik saat digerakkan."
report_noise_or_smell,"Mesin mobil saya mengeluarkan aroma seperti oli terbakar setelah perjalanan jauh."
report_noise_or_smell,"Rem sepeda motor saya menghasilkan suara cit-cit saat digunakan."
report_noise_or_smell,"Bagian bawah mobil saya mengeluarkan bunyi gluduk-gluduk saat melaju pelan."
report_noise_or_smell,"Kopling sepeda motor saya menghasilkan suara kletak-kletak saat pergantian gigi."
report_noise_or_smell,"Asap knalpot mobil saya berbau seperti telur busuk."
report_noise_or_smell,"Shockbreaker sepeda motor saya menghasilkan bunyi krek-krek saat melintasi gundukan."
report_noise_or_smell,"Dashboard mobil saya mengeluarkan bunyi krik-krik ketika melewati jalan bergelombang."
report_noise_or_smell,"Mesin sepeda motor saya mengeluarkan bau seperti karet terbakar setelah digunakan."
report_noise_or_smell,"Transmisi mobil saya menghasilkan bunyi grr-grr saat pergantian gigi."
report_noise_or_smell,"Rem mobil saya mengeluarkan suara ngiung-ngiung saat pengereman."
report_noise_or_smell,"Mesin sepeda motor saya menghasilkan bunyi ngorok seperti mesin tidak stabil."
report_noise_or_smell,"Knalpot sepeda motor saya mengeluarkan aroma seperti bensin yang tidak terbakar sempurna."
report_noise_or_smell,"Suspensi mobil saya menghasilkan bunyi ketuk-ketuk saat melewati polisi tidur."
report_noise_or_smell,"Sistem pendingin udara sepeda motor saya mengeluarkan bau seperti kain basah."
report_noise_or_smell,"Roda sepeda motor saya menghasilkan bunyi kricik-kricik saat berputar."
report_noise_or_smell,"Asap dari mobil saya mengeluarkan bau seperti bahan kimia yang menyengat."
report_noise_or_smell,"Stang sepeda motor saya menghasilkan bunyi krek-krek saat berbelok."
report_noise_or_smell,"Mesin mobil saya menghasilkan suara klak-klak seperti logam berbenturan."
report_noise_or_smell,"Knalpot sepeda motor saya menghasilkan bunyi blub-blub yang tidak normal."
report_noise_or_smell,"Mesin sepeda motor saya mengeluarkan aroma seperti oli yang terbakar."
report_noise_or_smell,"Rem sepeda motor saya menghasilkan suara sret-sret saat pengereman."
report_noise_or_smell,"Bagian kap mesin mobil saya menghasilkan bunyi nguk-nguk saat mesin menyala."
report_noise_or_smell,"Shockbreaker sepeda motor saya menghasilkan bunyi gluk-gluk seperti kekurangan oli."
report_noise_or_smell,"Sistem pendingin udara mobil saya mengeluarkan bau seperti bensin."
report_noise_or_smell,"Rantai sepeda motor saya menghasilkan bunyi krik-krik meskipun sudah dilumasi."
report_noise_or_smell,"Knalpot mobil saya mengeluarkan aroma seperti oli yang terbakar."
report_noise_or_smell,"Mesin sepeda motor saya menghasilkan bunyi cetak-cetak saat idle."
report_noise_or_smell,"Suspensi mobil saya menghasilkan bunyi ngok-ngok seperti komponen longgar."
report_noise_or_smell,"Mesin sepeda motor saya mengeluarkan bau seperti plastik yang terbakar."
report_noise_or_smell,"Rem mobil saya menghasilkan suara kriiit-kriiit saat digunakan."
report_noise_or_smell,"Mesin mobil saya menghasilkan bunyi greng-greng yang tidak biasa."
report_noise_or_smell,"Knalpot sepeda motor saya menghasilkan bunyi kletuk-kletuk seperti bocor."
report_noise_or_smell,"Sistem pendingin udara sepeda motor saya mengeluarkan bau seperti jamur."
report_noise_or_smell,"Roda mobil saya menghasilkan bunyi krik-krik saat melaju pelan."
report_noise_or_smell,"Mesin sepeda motor saya mengeluarkan aroma seperti bensin yang tumpah."
report_noise_or_smell,"Transmisi mobil saya menghasilkan bunyi krek-krek saat pergantian gigi."
report_noise_or_smell,"Shockbreaker sepeda motor saya menghasilkan bunyi ketuk-ketuk saat melaju."
report_noise_or_smell,"Mesin mobil saya mengeluarkan bau seperti oli yang terbakar setelah perjalanan."
report_noise_or_smell,"Knalpot sepeda motor saya menghasilkan bunyi blep-blep seperti kebocoran."
report_noise_or_smell,"Rem sepeda motor saya menghasilkan bunyi ngik-ngik saat pengereman."
report_noise_or_smell,"Bagian bawah mobil saya menghasilkan bunyi gluduk-gluduk saat melintasi lobang."
report_noise_or_smell,"Mesin sepeda motor saya mengeluarkan bau seperti karet yang terbakar."
report_noise_or_smell,"Sistem pendingin udara mobil saya mengeluarkan bau seperti bangkai."
report_noise_or_smell,"Suspensi sepeda motor saya menghasilkan bunyi kricik-kricik seperti karatan."
report_noise_or_smell,"Mesin mobil saya menghasilkan suara tek-tek seperti klep bermasalah."
report_noise_or_smell,"Knalpot sepeda motor saya mengeluarkan aroma seperti bensin mentah."
report_noise_or_smell,"Rantai sepeda motor saya menghasilkan bunyi krek-krek meskipun sudah disetel."
report_noise_or_smell,"Mesin mobil saya mengeluarkan bau seperti oli yang terbakar saat mesin panas."
report_noise_or_smell,"Rem mobil saya menghasilkan suara cit-cit saat pengereman."
report_noise_or_smell,"Shockbreaker sepeda motor saya menghasilkan bunyi nguk-nguk seperti tidak stabil."
report_noise_or_smell,"Mesin sepeda motor saya menghasilkan suara klak-klak saat akselerasi."
report_noise_or_smell,"Sistem pendingin udara mobil saya mengeluarkan bau seperti bensin yang menyengat."
report_noise_or_smell,"Knalpot mobil saya menghasilkan bunyi kletak-kletak seperti komponen longgar."
report_noise_or_smell,"Mesin sepeda motor saya mengeluarkan bau seperti plastik terbakar saat idle."
report_noise_or_smell,"Suspensi mobil saya menghasilkan bunyi gruk-gruk seperti patah."
report_noise_or_smell,"Rem sepeda motor saya menghasilkan suara sret-sret saat digunakan."
report_noise_or_smell,"Mesin mobil saya menghasilkan bunyi ngorok seperti mesin tidak sehat."
report_noise_or_smell,"Knalpot sepeda motor saya mengeluarkan aroma seperti oli yang terbakar."
report_noise_or_smell,"Roda sepeda motor saya menghasilkan bunyi kricik-kricik saat berputar pelan."
report_noise_or_smell,"Asap mobil saya mengeluarkan bau seperti telur busuk yang menyengat."
report_noise_or_smell,"Shockbreaker sepeda motor saya menghasilkan bunyi krek-krek seperti rusak."
report_noise_or_smell,"Sistem pendingin udara sepeda motor saya mengeluarkan bau seperti kain basah."
report_noise_or_smell,"Transmisi mobil saya menghasilkan bunyi grr-grr seperti tidak sinkron."
report_noise_or_smell,"Mesin sepeda motor saya menghasilkan bunyi cetak-cetak saat mesin menyala."
report_noise_or_smell,"Knalpot mobil saya menghasilkan bunyi blub-blub seperti kebocoran."
report_noise_or_smell,"Rem mobil saya menghasilkan suara ngiung-ngiung saat pengereman pelan."
report_noise_or_smell,"Mesin sepeda motor saya mengeluarkan bau seperti bensin yang tidak terbakar."
report_noise_or_smell,"Suspensi sepeda motor saya menghasilkan bunyi ngik-ngik seperti karatan."
report_noise_or_smell,"Mesin mobil saya menghasilkan suara klak-klak seperti logam berbenturan."
report_noise_or_smell,"Knalpot sepeda motor saya menghasilkan bunyi kletuk-kletuk seperti bocor."
report_noise_or_smell,"Sistem pendingin udara mobil saya mengeluarkan bau seperti jamur basah."
report_noise_or_smell,"Rantai sepeda motor saya menghasilkan bunyi krik-krik meskipun sudah dilumasi."
report_noise_or_smell,"Mesin mobil saya mengeluarkan bau seperti oli terbakar saat akselerasi."
report_noise_or_smell,"Rem sepeda motor saya menghasilkan suara cit-cit saat pengereman keras."
report_noise_or_smell,"Shockbreaker sepeda motor saya menghasilkan bunyi gluk-gluk seperti kekurangan oli."
report_noise_or_smell,"Mesin sepeda motor saya menghasilkan suara tek-tek saat mesin panas."
report_noise_or_smell,"Knalpot mobil saya mengeluarkan aroma seperti bensin mentah yang menyengat."
report_noise_or_smell,"Suspensi mobil saya menghasilkan bunyi ketuk-ketuk saat melaju pelan."
report_noise_or_smell,"Mesin sepeda motor saya mengeluarkan bau seperti karet terbakar saat digunakan."
report_noise_or_smell,"Sistem pendingin udara sepeda motor saya mengeluarkan bau seperti bangkai."
report_noise_or_smell,"Roda mobil saya menghasilkan bunyi krik-krik seperti bearing bermasalah."
report_noise_or_smell,"Mesin sepeda motor saya menghasilkan suara cetak-cetak saat akselerasi."
report_noise_or_smell,"Knalpot sepeda motor saya menghasilkan bunyi blep-blep seperti kebocoran."
report_noise_or_smell,"Rem mobil saya menghasilkan suara kriiit-kriiit saat pengereman."
report_noise_or_smell,"Shockbreaker sepeda motor saya menghasilkan bunyi krek-krek saat melintasi lobang."
report_noise_or_smell,"Mesin mobil saya mengeluarkan bau seperti oli terbakar setelah perjalanan jauh."
report_noise_or_smell,"Knalpot sepeda motor saya menghasilkan bunyi kletak-kletak seperti longgar."
report_noise_or_smell,"Sistem pendingin udara mobil saya mengeluarkan bau seperti kain basah."
report_noise_or_smell,"Rantai sepeda motor saya menghasilkan bunyi krik-krik saat melaju cepat."
report_noise_or_smell,"Mesin mobil saya menghasilkan bunyi greng-greng seperti komponen rusak."
report_noise_or_smell,"Knalpot sepeda motor saya mengeluarkan aroma seperti oli terbakar."
report_noise_or_smell,"Rem sepeda motor saya menghasilkan suara sret-sret saat pengereman pelan."
report_noise_or_smell,"Suspensi mobil saya menghasilkan bunyi ngok-ngok saat melewati gundukan."
report_noise_or_smell,"Mesin sepeda motor saya mengeluarkan bau seperti plastik terbakar saat idle."
report_noise_or_smell,"Knalpot mobil saya menghasilkan bunyi blub-blub seperti ada kebocoran."
report_noise_or_smell,"Sistem pendingin udara sepeda motor saya mengeluarkan bau seperti jamur."
report_noise_or_smell,"Roda sepeda motor saya menghasilkan bunyi kricik-kricik saat melaju pelan."
report_noise_or_smell,"Mesin mobil saya mengeluarkan bau seperti telur busuk dari knalpot."
report_noise_or_smell,"Shockbreaker sepeda motor saya menghasilkan bunyi ketuk-ketuk seperti rusak."
report_noise_or_smell,"Mesin sepeda motor saya menghasilkan suara klak-klak saat mesin dingin."
report_noise_or_smell,"Knalpot sepeda motor saya mengeluarkan bau bensin yang tidak terbakar."
report_noise_or_smell,"Sistem pendingin udara mobil saya menghasilkan bau seperti bensin."
report_noise_or_smell,"Transmisi mobil saya menghasilkan bunyi krek-krek saat pergantian gigi."
report_noise_or_smell,"Rem sepeda motor saya menghasilkan suara ngik-ngik saat digunakan."
report_noise_or_smell,"Suspensi sepeda motor saya menghasilkan bunyi kricik-kricik seperti karatan."
report_noise_or_smell,"Mesin mobil saya menghasilkan suara tek-tek seperti klep bermasalah."
report_noise_or_smell,"Knalpot mobil saya menghasilkan bunyi kletak-kletak seperti komponen longgar."
report_noise_or_smell,"Mesin sepeda motor saya mengeluarkan bau seperti karet terbakar setelah akselerasi."
report_noise_or_smell,"Sistem pendingin udara sepeda motor saya menghasilkan bau seperti kain basah."
report_noise_or_smell,"Roda mobil saya menghasilkan bunyi krik-krik seperti bearing rusak."
report_noise_or_smell,"Mesin sepeda motor saya menghasilkan bunyi cetak-cetak saat mesin menyala."
report_noise_or_smell,"Knalpot sepeda motor saya menghasilkan bunyi blep-blep seperti kebocoran."
report_noise_or_smell,"Rem mobil saya menghasilkan suara kriiit-kriiit saat pengereman keras."
report_noise_or_smell,"Shockbreaker sepeda motor saya menghasilkan bunyi krek-krek saat melintasi gundukan."
report_noise_or_smell,"Mesin mobil saya mengeluarkan bau seperti oli terbakar saat mesin panas."
report_noise_or_smell,"Knalpot sepeda motor saya menghasilkan bunyi kletak-kletak seperti longgar."
report_noise_or_smell,"Sistem pendingin udara mobil saya mengeluarkan bau seperti bangkai."
report_noise_or_smell,"Rantai sepeda motor saya menghasilkan bunyi krik-krik meskipun sudah dilumasi."
report_noise_or_smell,"Mesin mobil saya menghasilkan bunyi greng-greng seperti mesin bermasalah."
report_noise_or_smell,"Knalpot sepeda motor saya mengeluarkan aroma seperti oli terbakar."
report_noise_or_smell,"Rem sepeda motor saya menghasilkan suara sret-sret saat pengereman."
report_noise_or_smell,"Suspensi mobil saya menghasilkan bunyi ngok-ngok seperti komponen longgar."
report_noise_or_smell,"Mesin sepeda motor saya mengeluarkan bau seperti plastik terbakar saat digunakan."
report_noise_or_smell,"Knalpot mobil saya menghasilkan bunyi blub-blub seperti kebocoran."
report_noise_or_smell,"Sistem pendingin udara sepeda motor saya mengeluarkan bau seperti jamur basah."
report_noise_or_smell,"Roda sepeda motor saya menghasilkan bunyi kricik-kricik saat berjalan pelan."
report_noise_or_smell,"Asap mobil saya mengeluarkan bau seperti telur busuk yang sangat kuat."
report_noise_or_smell,"Shockbreaker sepeda motor saya menghasilkan bunyi ketuk-ketuk seperti rusak."
report_noise_or_smell,"Mesin sepeda motor saya menghasilkan suara klak-klak saat mesin panas."
report_noise_or_smell,"Knalpot sepeda motor saya mengeluarkan bau bensin yang tidak terbakar sempurna."
report_noise_or_smell,"Sistem pendingin udara mobil saya mengeluarkan bau seperti bensin menyengat."
report_noise_or_smell,"Transmisi mobil saya menghasilkan bunyi krek-krek saat ganti gigi."
report_noise_or_smell,"Rem sepeda motor saya menghasilkan suara ngik-ngik saat pengereman pelan."
report_noise_or_smell,"Suspensi sepeda motor saya menghasilkan bunyi kricik-kricik seperti berkarat."
report_noise_or_smell,"Mesin mobil saya menghasilkan suara tek-tek seperti klep bermasalah."
report_noise_or_smell,"Knalpot mobil saya menghasilkan bunyi kletak-kletak seperti komponen longgar."
report_noise_or_smell,"Mesin sepeda motor saya mengeluarkan bau seperti karet terbakar setelah digunakan."
report_noise_or_smell,"Sistem pendingin udara sepeda motor saya mengeluarkan bau seperti kain basah."
report_noise_or_smell,"Roda mobil saya menghasilkan bunyi krik-krik seperti bearing bermasalah."
report_noise_or_smell,"Mesin sepeda motor saya menghasilkan bunyi cetak-cetak saat akselerasi."
report_noise_or_smell,"Knalpot sepeda motor saya menghasilkan bunyi blep-blep seperti kebocoran."
report_noise_or_smell,"Rem mobil saya menghasilkan suara kriiit-kriiit saat pengereman pelan."
report_noise_or_smell,"Shockbreaker sepeda motor saya menghasilkan bunyi krek-krek saat melintasi lobang."
report_noise_or_smell,"Mesin mobil saya mengeluarkan bau seperti oli terbakar setelah perjalanan jauh."
report_noise_or_smell,"Knalpot sepeda motor saya menghasilkan bunyi kletak-kletak seperti longgar."
report_noise_or_smell,"Sistem pendingin udara mobil saya mengeluarkan bau seperti bangkai."
report_noise_or_smell,"Rantai sepeda motor saya menghasilkan bunyi krik-krik meskipun telah disetel."
report_noise_or_smell,"Mesin mobil saya menghasilkan bunyi greng-greng seperti mesin tidak normal."
report_noise_or_smell,"Knalpot sepeda motor saya mengeluarkan aroma seperti oli terbakar setelah digunakan."
report_noise_or_smell,"Rem sepeda motor saya menghasilkan suara sret-sret saat pengereman keras."
report_noise_or_smell,"Suspensi mobil saya menghasilkan bunyi ngok-ngok seperti komponen longgar."
report_noise_or_smell,"Mesin sepeda motor saya mengeluarkan bau seperti plastik terbakar saat idle."
report_noise_or_smell,"Knalpot mobil saya menghasilkan bunyi blub-blub seperti kebocoran."
report_noise_or_smell,"Sistem pendingin udara sepeda motor saya mengeluarkan bau seperti jamur basah."
report_noise_or_smell,"Roda sepeda motor saya menghasilkan bunyi kricik-krik-kricik saat berjalan pelan."
report_noise_or_smell,"Asap mobil saya mengeluarkan bau seperti telur busuk yang sangat menyengat."
report_noise_or_smell,"Shockbreaker sepeda motor saya menghasilkan bunyi ketuk-ketuk seperti rusak."
report_noise_or_smell,"Mesin sepeda motor saya menghasilkan suara klak-klak saat mesin dingin."
report_noise_or_smell,"Knalpot sepeda motor saya mengeluarkan bau bensin yang tidak terbakar sempurna."
report_noise_or_smell,"Sistem pendingin udara mobil saya mengeluarkan bau seperti bensin yang menyengat."
report_noise_or_smell,"Transmisi mobil saya menghasilkan bunyi krek-krek saat pergantian gigi."
report_noise_or_smell,"Rem sepeda motor saya menghasilkan suara ngik-ngik saat pengereman."
report_noise_or_smell,"Suspensi sepeda motor saya menghasilkan bunyi kricik-kricik seperti berkarat."
report_noise_or_smell,"Mesin mobil saya menghasilkan suara tek-tek seperti klep bermasalah."
report_noise_or_smell,"Knalpot mobil saya menghasilkan bunyi kletak-kletak seperti komponen longgar."
report_noise_or_smell,"Mesin sepeda motor saya mengeluarkan bau seperti karet terbakar setelah akselerasi."
report_noise_or_smell,"Sistem pendingin udara sepeda motor saya mengeluarkan bau seperti kain basah."
report_noise_or_smell,"Roda mobil saya menghasilkan bunyi krik-krik seperti bearing bermasalah."
report_noise_or_smell,"Mesin sepeda motor saya menghasilkan bunyi cetak-cetak saat mesin menyala."
report_noise_or_smell,"Knalpot sepeda motor saya menghasilkan bunyi blep-blep seperti kebocoran."
report_noise_or_smell,"Rem mobil saya menghasilkan suara kriiit-kriiit saat pengereman keras."
report_noise_or_smell,"Shockbreaker sepeda motor saya menghasilkan bunyi krek-krek saat melintasi gundukan."
report_noise_or_smell,"Mesin mobil saya mengeluarkan bau seperti oli terbakar setelah perjalanan jauh."
report_noise_or_smell,"Knalpot sepeda motor saya menghasilkan bunyi kletak-kletak seperti longgar."
report_noise_or_smell,"Sistem pendingin udara mobil saya mengeluarkan bau seperti bangkai."
report_noise_or_smell,"Rantai sepeda motor saya menghasilkan bunyi krik-krik meskipun sudah dilumasi."
report_noise_or_smell,"Mesin mobil saya menghasilkan bunyi greng-greng seperti mesin bermasalah."
report_noise_or_smell,"Knalpot sepeda motor saya mengeluarkan aroma seperti oli terbakar."
report_noise_or_smell,"Rem sepeda motor saya menghasilkan suara sret-sret saat pengereman."
report_noise_or_smell,"Suspensi mobil saya menghasilkan bunyi ngok-ngok seperti komponen longgar."
report_noise_or_smell,"Mesin sepeda motor saya mengeluarkan bau seperti plastik terbakar saat digunakan."
report_noise_or_smell,"Knalpot mobil saya menghasilkan bunyi blub-blub seperti kebocoran."
report_noise_or_smell,"Sistem pendingin udara sepeda motor saya mengeluarkan bau seperti jamur basah."
report_noise_or_smell,"Roda sepeda motor saya menghasilkan bunyi kricik-kricik saat berjalan pelan."
report_noise_or_smell,"Asap mobil saya mengeluarkan bau seperti telur busuk yang sangat menyengat."
report_noise_or_smell,"Shockbreaker sepeda motor saya menghasilkan bunyi ketuk-ketuk seperti rusak."
report_noise_or_smell,"Mesin sepeda motor saya menghasilkan suara klak-klak saat mesin panas."
report_noise_or_smell,"Knalpot sepeda motor saya mengeluarkan bau bensin yang tidak terbakar sempurna."
report_noise_or_smell,"Sistem pendingin udara mobil saya mengeluarkan bau seperti bensin menyengat."
report_noise_or_smell,"Transmisi mobil saya menghasilkan bunyi krek-krek saat pergantian gigi."
report_noise_or_smell,"Rem sepeda motor saya menghasilkan suara ngik-ngik saat pengereman pelan."
report_noise_or_smell,"Suspensi sepeda motor saya menghasilkan bunyi kricik-kricik seperti berkarat."
report_noise_or_smell,"Mesin mobil saya menghasilkan suara tek-tek seperti klep bermasalah."
report_noise_or_smell,"Knalpot mobil saya menghasilkan bunyi kletak-kletak seperti komponen longgar."
report_noise_or_smell,"Mesin sepeda motor saya mengeluarkan bau seperti karet terbakar setelah digunakan."
report_noise_or_smell,"Sistem pendingin udara sepeda motor saya mengeluarkan bau seperti kain basah."
report_noise_or_smell,"Roda mobil saya menghasilkan bunyi krik-krik seperti bearing bermasalah."
report_noise_or_smell,"Mesin sepeda motor saya menghasilkan bunyi cetak-cetak saat akselerasi."
report_noise_or_smell,"Knalpot sepeda motor saya menghasilkan bunyi blep-blep seperti kebocoran."
report_noise_or_smell,"Rem mobil saya menghasilkan suara kriiit-kriiit saat pengereman pelan."
report_noise_or_smell,"Shockbreaker sepeda motor saya menghasilkan bunyi krek-krek saat melintasi lobang."
report_noise_or_smell,"Mesin mobil saya mengeluarkan bau seperti oli terbakar setelah perjalanan jauh."
report_noise_or_smell,"Knalpot sepeda motor saya menghasilkan bunyi kletak-kletak seperti longgar."
report_noise_or_smell,"Sistem pendingin udara mobil saya mengeluarkan bau seperti bangkai."
report_noise_or_smell,"Rantai sepeda motor saya menghasilkan bunyi krik-krik meskipun sudah disetel."
report_noise_or_smell,"Mesin mobil saya menghasilkan bunyi greng-greng seperti mesin tidak normal."
report_noise_or_smell,"Knalpot sepeda motor saya mengeluarkan aroma seperti oli terbakar setelah digunakan."
report_noise_or_smell,"Rem sepeda motor saya menghasilkan suara sret-sret saat pengereman keras."
report_noise_or_smell,"Suspensi mobil saya menghasilkan bunyi ngok-ngok seperti komponen longgar."
report_noise_or_smell,"Mesin sepeda motor saya mengeluarkan bau seperti plastik terbakar saat idle."
report_noise_or_smell,"Knalpot mobil saya menghasilkan bunyi blub-blub seperti kebocoran."
report_noise_or_smell,"Sistem pendingin udara sepeda motor saya mengeluarkan bau seperti jamur basah."
report_noise_or_smell,"Roda sepeda motor saya menghasilkan bunyi kricik-kricik saat berjalan pelan."
report_noise_or_smell,"Asap mobil saya mengeluarkan bau seperti telur busuk yang sangat menyengat."
report_noise_or_smell,"Shockbreaker sepeda motor saya menghasilkan bunyi ketuk-ketuk seperti rusak."
report_noise_or_smell,"Mesin sepeda motor saya menghasilkan suara klak-klak saat mesin dingin."
report_noise_or_smell,"Knalpot sepeda motor saya mengeluarkan bau bensin yang tidak terbakar sempurna."
report_noise_or_smell,"Sistem pendingin udara mobil saya mengeluarkan bau seperti bensin menyengat."
report_noise_or_smell,"Transmisi mobil saya menghasilkan bunyi krek-krek saat pergantian gigi."
report_noise_or_smell,"Rem sepeda motor saya menghasilkan suara ngik-ngik saat pengereman."
report_noise_or_smell,"Suspensi sepeda motor saya menghasilkan bunyi kricik-kricik seperti berkarat."
report_noise_or_smell,"Mesin mobil saya menghasilkan suara tek-tek seperti klep bermasalah."
report_noise_or_smell,"Knalpot mobil saya menghasilkan bunyi kletak-kletak seperti komponen longgar."
report_noise_or_smell,"Mesin sepeda motor saya mengeluarkan bau seperti karet terbakar setelah akselerasi."
report_noise_or_smell,"Sistem pendingin udara sepeda motor saya mengeluarkan bau seperti kain basah."
report_noise_or_smell,"Roda mobil saya menghasilkan bunyi krik-krik seperti bearing bermasalah."
report_noise_or_smell,"Mesin sepeda motor saya menghasilkan bunyi cetak-cetak saat mesin menyala."
report_noise_or_smell,"Knalpot sepeda motor saya menghasilkan bunyi blep-blep seperti kebocoran."
report_noise_or_smell,"Rem mobil saya menghasilkan suara kriiit-kriiit saat pengereman keras."
report_noise_or_smell,"Shockbreaker sepeda motor saya menghasilkan bunyi krek-krek saat melintasi gundukan."
report_noise_or_smell,"Mesin mobil saya mengeluarkan bau seperti oli terbakar setelah perjalanan jauh."
report_noise_or_smell,"Knalpot sepeda motor saya menghasilkan bunyi kletak-kletak seperti longgar."
report_noise_or_smell,"Sistem pendingin udara mobil saya mengeluarkan bau seperti bangkai."
report_noise_or_smell,"Rantai sepeda motor saya menghasilkan bunyi krik-krik meskipun sudah dilumasi."
report_noise_or_smell,"Mesin mobil saya menghasilkan bunyi greng-greng seperti mesin bermasalah."
report_noise_or_smell,"Knalpot sepeda motor saya mengeluarkan aroma seperti oli terbakar setelah digunakan."
report_noise_or_smell,"Rem sepeda motor saya menghasilkan suara sret-sret saat pengereman."
report_noise_or_smell,"Suspensi mobil saya menghasilkan bunyi ngok-ngok seperti komponen longgar."
report_noise_or_smell,"Mesin sepeda motor saya mengeluarkan bau seperti plastik terbakar saat digunakan."
report_noise_or_smell,"Knalpot mobil saya menghasilkan bunyi blub-blub seperti kebocoran."
report_noise_or_smell,"Sistem pendingin udara sepeda motor saya mengeluarkan bau seperti jamur basah."
report_noise_or_smell,"Roda sepeda motor saya menghasilkan bunyi kricik-kricik saat berjalan pelan."
report_noise_or_smell,"Asap mobil saya mengeluarkan bau seperti telur busuk yang sangat menyengat."
report_noise_or_smell,"Shockbreaker sepeda motor saya menghasilkan bunyi ketuk-ketuk seperti rusak."
report_noise_or_smell,"Mesin sepeda motor saya menghasilkan suara klak-klak saat mesin panas."
report_noise_or_smell,"Knalpot sepeda motor saya mengeluarkan bau bensin yang tidak terbakar sempurna."
report_noise_or_smell,"Sistem pendingin udara mobil saya mengeluarkan bau seperti bensin menyengat."
report_noise_or_smell,"Transmisi mobil saya menghasilkan bunyi krek-krek saat pergantian gigi."
report_noise_or_smell,"Rem sepeda motor saya menghasilkan suara ngik-ngik saat pengereman pelan."
report_noise_or_smell,"Suspensi sepeda motor saya menghasilkan bunyi kricik-kricik seperti berkarat."
report_noise_or_smell,"Mesin mobil saya menghasilkan suara tek-tek seperti klep bermasalah."
report_noise_or_smell,"Knalpot mobil saya menghasilkan bunyi kletak-kletak seperti komponen longgar."
report_noise_or_smell,"Mesin sepeda motor saya mengeluarkan bau seperti karet terbakar setelah akselerasi."
report_noise_or_smell,"Sistem pendingin udara sepeda motor saya mengeluarkan bau seperti kain basah."
report_noise_or_smell,"Roda mobil saya menghasilkan bunyi krik-krik seperti bearing bermasalah."
report_noise_or_smell,"Mesin sepeda motor saya menghasilkan bunyi cetak-cetak saat akselerasi."
report_noise_or_smell,"Knalpot sepeda motor saya menghasilkan bunyi blep-blep seperti kebocoran."
report_noise_or_smell,"Rem mobil saya menghasilkan suara kriiit-kriiit saat pengereman pelan."
report_noise_or_smell,"Shockbreaker sepeda motor saya menghasilkan bunyi krek-krek saat melintasi lobang."
report_noise_or_smell,"Mesin mobil saya mengeluarkan bau seperti oli terbakar setelah perjalanan jauh."
report_noise_or_smell,"Knalpot sepeda motor saya menghasilkan bunyi kletak-kletak seperti longgar."
report_noise_or_smell,"Sistem pendingin udara mobil saya mengeluarkan bau seperti bangkai."
report_noise_or_smell,"Rantai sepeda motor saya menghasilkan bunyi krik-krik meskipun sudah disetel."
report_noise_or_smell,"Mesin mobil saya menghasilkan bunyi greng-greng seperti mesin tidak normal."
report_noise_or_smell,"Knalpot sepeda motor saya mengeluarkan aroma seperti oli terbakar setelah digunakan."
report_noise_or_smell,"Rem sepeda motor saya menghasilkan suara sret-sret saat pengereman keras."
report_noise_or_smell,"Suspensi mobil saya menghasilkan bunyi ngok-ngok seperti komponen longgar."
report_noise_or_smell,"Mesin sepeda motor saya mengeluarkan bau seperti plastik terbakar saat idle."
report_noise_or_smell,"Knalpot mobil saya menghasilkan bunyi blub-blub seperti kebocoran."
report_noise_or_smell,"Sistem pendingin udara sepeda motor saya mengeluarkan bau seperti jamur basah."
report_noise_or_smell,"Roda sepeda motor saya menghasilkan bunyi kricik-kricik saat berjalan pelan."
report_noise_or_smell,"Asap mobil saya mengeluarkan bau seperti telur busuk yang sangat menyengat."
report_noise_or_smell,"Shockbreaker sepeda motor saya menghasilkan bunyi ketuk-ketuk seperti rusak."
report_noise_or_smell,"Mesin sepeda motor saya menghasilkan suara klak-klak saat mesin dingin."
report_noise_or_smell,"Knalpot sepeda motor saya mengeluarkan bau bensin yang tidak terbakar sempurna."
report_noise_or_smell,"Sistem pendingin udara mobil saya mengeluarkan bau seperti bensin menyengat."
report_noise_or_smell,"Transmisi mobil saya menghasilkan bunyi krek-krek saat pergantian gigi."
report_noise_or_smell,"Rem sepeda motor saya menghasilkan suara ngik-ngik saat pengereman."
report_noise_or_smell,"Suspensi sepeda motor saya menghasilkan bunyi kricik-kricik seperti berkarat."
report_noise_or_smell,"Mesin mobil saya menghasilkan suara tek-tek seperti klep bermasalah."
report_noise_or_smell,"Knalpot mobil saya menghasilkan bunyi kletak-kletak seperti komponen longgar."
report_noise_or_smell,"Mesin sepeda motor saya mengeluarkan bau seperti karet terbakar setelah akselerasi."
report_noise_or_smell,"Sistem pendingin udara sepeda motor saya mengeluarkan bau seperti kain basah."
report_noise_or_smell,"Roda mobil saya menghasilkan bunyi krik-krik seperti bearing bermasalah."
report_noise_or_smell,"Mesin sepeda motor saya menghasilkan bunyi cetak-cetak saat mesin menyala."
report_noise_or_smell,"Knalpot sepeda motor saya menghasilkan bunyi blep-blep seperti kebocoran."
report_noise_or_smell,"Rem mobil saya menghasilkan suara kriiit-kriiit saat pengereman keras."
report_noise_or_smell,"Shockbreaker sepeda motor saya menghasilkan bunyi krek-krek saat melintasi gundukan."
report_noise_or_smell,"Mesin mobil saya mengeluarkan bau seperti oli terbakar setelah perjalanan jauh."
report_noise_or_smell,"Knalpot sepeda motor saya menghasilkan bunyi kletak-kletak seperti longgar."
report_noise_or_smell,"Sistem pendingin udara mobil saya mengeluarkan bau seperti bangkai."
report_noise_or_smell,"Rantai sepeda motor saya menghasilkan bunyi krik-krik meskipun sudah dilumasi."
report_noise_or_smell,"Mesin mobil saya menghasilkan bunyi greng-greng seperti mesin bermasalah."
report_noise_or_smell,"Knalpot sepeda motor saya mengeluarkan aroma seperti oli terbakar setelah digunakan."
report_noise_or_smell,"Rem sepeda motor saya menghasilkan suara sret-sret saat pengereman."
report_noise_or_smell,"Suspensi mobil saya menghasilkan bunyi ngok-ngok seperti komponen longgar."
report_noise_or_smell,"Mesin sepeda motor saya mengeluarkan bau seperti plastik terbakar saat digunakan."
report_noise_or_smell,"Knalpot mobil saya menghasilkan bunyi blub-blub seperti kebocoran."
report_noise_or_smell,"Sistem pendingin udara sepeda motor saya mengeluarkan bau seperti jamur basah."
report_noise_or_smell,"Roda sepeda motor saya menghasilkan bunyi kricik-kricik saat berjalan pelan."
report_noise_or_smell,"Asap mobil saya mengeluarkan bau seperti telur busuk yang sangat menyengat."
report_noise_or_smell,"Shockbreaker sepeda motor saya menghasilkan bunyi ketuk-ketuk seperti rusak."
report_noise_or_smell,"Mesin sepeda motor saya menghasilkan suara klak-klak saat mesin panas."
report_noise_or_smell,"Knalpot sepeda motor saya mengeluarkan bau bensin yang tidak terbakar sempurna."
report_noise_or_smell,"Sistem pendingin udara mobil saya mengeluarkan bau seperti bensin menyengat."
report_noise_or_smell,"Transmisi mobil saya menghasilkan bunyi krek-krek saat pergantian gigi."
report_noise_or_smell,"Rem sepeda motor saya menghasilkan suara ngik-ngik saat pengereman pelan."
report_noise_or_smell,"Suspensi sepeda motor saya menghasilkan bunyi kricik-kricik seperti berkarat."
report_noise_or_smell,"Mesin mobil saya menghasilkan suara tek-tek seperti klep bermasalah."    
report_noise_or_smell,"Knalpot mobil saya menghasilkan bunyi kletak-kletak seperti komponen longgar."
report_noise_or_smell,"Mesin sepeda motor saya mengeluarkan bau seperti karet terbakar setelah akselerasi."
report_noise_or_smell,"Motor saya mengeluarkan suara tek-tek-tek ketika sedang jalan."
report_noise_or_smell,"Asap dari knalpot mobil saya berbau tidak enak seperti bensin."
report_noise_or_smell,"Suspensi mobil saya berbunyi ngik-ngik-ngik saat melewati jalan rusak."
report_noise_or_smell,"Knalpot motor saya bersuara kletuk-kletuk seperti ada yang rusak."
report_noise_or_smell,"Pendingin udara di mobil saya mengeluarkan bau seperti kain basah."
report_noise_or_smell,"Rantai motor saya berbunyi krik-krik meskipun sudah diberi oli."
report_noise_or_smell,"Mesin mobil saya mengeluarkan bau seperti oli yang terbakar."
report_noise_or_smell,"Rem motor saya mengeluarkan suara cit-cit ketika saya pakai."
report_noise_or_smell,"Bagian bawah mobil saya bersuara gluduk-gluduk saat jalan pelan."
report_noise_or_smell,"Kopling motor saya berbunyi kletak-kletak saat ganti gigi."
report_noise_or_smell,"Asap knalpot mobil saya berbau seperti telur yang busuk."
report_noise_or_smell,"Per motor saya bersuara krek-krek saat melewati gundukan."
report_noise_or_smell,"Dasbor mobil saya mengeluarkan bunyi krik-krik di jalan yang tidak rata."
report_noise_or_smell,"Mesin motor saya berbau seperti karet yang terbakar setelah dipakai."
report_noise_or_smell,"Gigi mobil saya bersuara grr-grr saat saya pindah gigi."
report_noise_or_smell,"Rem mobil saya berbunyi ngiung-ngiung ketika saya injak."
report_noise_or_smell,"Mesin motor saya bersuara ngorok seperti tidak sehat."
report_noise_or_smell,"Knalpot motor saya mengeluarkan bau seperti bensin yang tidak terbakar."
report_noise_or_smell,"Suspensi mobil saya berbunyi ketuk-ketuk saat lewat polisi tidur."
report_noise_or_smell,"Pendingin udara motor saya berbau seperti kaus kaki basah."
report_noise_or_smell,"Roda motor saya bersuara kricik-kricik saat berputar."
report_noise_or_smell,"Asap mobil saya mengeluarkan bau seperti bahan kimia yang menyengat."
report_noise_or_smell,"Stang motor saya berbunyi krek-krek ketika saya belok."
report_noise_or_smell,"Mesin mobil saya bersuara klak-klak seperti besi beradu."
report_noise_or_smell,"Knalpot motor saya berbunyi blub-blub seperti ada yang bocor."
report_noise_or_smell,"Mesin motor saya mengeluarkan bau seperti oli yang terbakar."
report_noise_or_smell,"Rem motor saya bersuara sret-sret saat saya tekan."
report_noise_or_smell,"Kap mesin mobil saya mengeluarkan bunyi nguk-nguk saat mesin hidup."
report_noise_or_smell,"Per motor saya berbunyi gluk-gluk seperti kurang oli."
report_noise_or_smell,"Pendingin udara mobil saya mengeluarkan bau seperti bensin."
report_noise_or_smell,"Rantai motor saya bersuara krik-krik walaupun sudah disetel."
report_noise_or_smell,"Knalpot mobil saya berbau seperti oli yang terbakar."
report_noise_or_smell,"Mesin motor saya berbunyi cetak-cetak saat mesin diam."
report_noise_or_smell,"Suspensi mobil saya bersuara ngok-ngok seperti ada yang longgar."
report_noise_or_smell,"Mesin motor saya mengeluarkan bau seperti plastik yang terbakar."
report_noise_or_smell,"Rem mobil saya berbunyi kriiit-kriiit saat saya injak."
report_noise_or_smell,"Mesin mobil saya bersuara greng-greng seperti tidak normal."
report_noise_or_smell,"Knalpot motor saya berbunyi kletuk-kletuk seperti bocor."
report_noise_or_smell,"Pendingin udara motor saya berbau seperti jamur."
report_noise_or_smell,"Roda mobil saya bersuara krik-krik saat jalan pelan."
report_noise_or_smell,"Mesin motor saya mengeluarkan bau seperti bensin yang tumpah."
report_noise_or_smell,"Gigi mobil saya berbunyi krek-krek saat saya pindah gigi."
report_noise_or_smell,"Per motor saya bersuara ketuk-ketuk ketika jalan."
report_noise_or_smell,"Mesin mobil saya berbau seperti oli terbakar setelah jalan jauh."
report_noise_or_smell,"Knalpot motor saya berbunyi blep-blep seperti ada kebocoran."
report_noise_or_smell,"Rem motor saya bersuara ngik-ngik saat saya tekan."
report_noise_or_smell,"Bagian bawah mobil saya berbunyi gluduk-gluduk saat lewat lobang."
report_noise_or_smell,"Mesin motor saya mengeluarkan bau seperti karet yang terbakar."
report_noise_or_smell,"Pendingin udara mobil saya berbau seperti ada yang busuk."
report_noise_or_smell,"Suspensi motor saya bersuara kricik-kricik seperti berkarat."
report_noise_or_smell,"Mesin mobil saya berbunyi tek-tek seperti ada masalah."
report_noise_or_smell,"Knalpot motor saya mengeluarkan bau seperti bensin mentah."
report_noise_or_smell,"Rantai motor saya berbunyi krek-krek meskipun sudah dioli."
report_noise_or_smell,"Mesin mobil saya berbau seperti oli terbakar saat mesin panas."
report_noise_or_smell,"Rem mobil saya bersuara cit-cit saat saya injak."
report_noise_or_smell,"Per motor saya berbunyi nguk-nguk seperti tidak stabil."
report_noise_or_smell,"Mesin motor saya bersuara klak-klak saat saya gas."
report_noise_or_smell,"Pendingin udara mobil saya mengeluarkan bau seperti bensin menyengat."
report_noise_or_smell,"Knalpot mobil saya berbunyi kletak-kletak seperti longgar."
report_noise_or_smell,"Mesin motor saya berbau seperti plastik terbakar saat diam."
report_noise_or_smell,"Suspensi mobil saya bersuara gruk-gruk seperti patah."
report_noise_or_smell,"Rem motor saya berbunyi sret-sret saat saya pakai."
report_noise_or_smell,"Mesin mobil saya bersuara ngorok seperti mesin sakit."
report_noise_or_smell,"Knalpot motor saya mengeluarkan bau seperti oli yang terbakar."
report_noise_or_smell,"Roda motor saya berbunyi kricik-kricik saat jalan pelan."
report_noise_or_smell,"Asap mobil saya berbau seperti telur busuk yang menyengat."
report_noise_or_smell,"Per motor saya bersuara krek-krek seperti rusak."
report_noise_or_smell,"Pendingin udara motor saya berbau seperti kain basah."
report_noise_or_smell,"Gigi mobil saya berbunyi grr-grr seperti tidak pas."
report_noise_or_smell,"Mesin motor saya bersuara cetak-cetak saat mesin hidup."
report_noise_or_smell,"Knalpot mobil saya berbunyi blub-blub seperti bocor."
report_noise_or_smell,"Rem mobil saya bersuara ngiung-ngiung saat saya tekan."
report_noise_or_smell,"Mesin motor saya mengeluarkan bau seperti bensin yang tidak terbakar."
report_noise_or_smell,"Suspensi motor saya berbunyi ngik-ngik seperti karatan."
report_noise_or_smell,"Mesin mobil saya bersuara klak-klak seperti besi beradu."
report_noise_or_smell,"Knalpot motor saya berbunyi kletuk-kletuk seperti bocor."
report_noise_or_smell,"Pendingin udara mobil saya berbau seperti jamur basah."
report_noise_or_smell,"Rantai motor saya bersuara krik-krik meskipun sudah disetel."
report_noise_or_smell,"Mesin mobil saya berbau seperti oli terbakar saat gas."
report_noise_or_smell,"Rem motor saya berbunyi cit-cit saat saya tekan keras."
report_noise_or_smell,"Per motor saya bersuara gluk-gluk seperti kurang oli."
report_noise_or_smell,"Mesin motor saya berbunyi tek-tek saat mesin panas."
report_noise_or_smell,"Knalpot mobil saya mengeluarkan bau seperti bensin mentah."
report_noise_or_smell,"Suspensi mobil saya berbunyi ketuk-ketuk saat jalan pelan."
report_noise_or_smell,"Mesin motor saya berbau seperti karet terbakar setelah jalan."
report_noise_or_smell,"Pendingin udara motor saya berbau seperti bau busuk."
report_noise_or_smell,"Roda mobil saya bersuara krik-krik seperti ada yang rusak."
report_noise_or_smell,"Mesin motor saya berbunyi cetak-cetak saat gas."
report_noise_or_smell,"Knalpot motor saya bersuara blep-blep seperti bocor."
report_noise_or_smell,"Rem mobil saya berbunyi kriiit-kriiit saat diinjak."
report_noise_or_smell,"Per motor saya bersuara krek-krek saat lewat lobang."
report_noise_or_smell,"Mesin mobil saya berbau seperti oli terbakar setelah jalan jauh."
report_noise_or_smell,"Knalpot motor saya berbunyi kletak-kletak seperti longgar."
report_noise_or_smell,"Pendingin udara mobil saya berbau seperti ada bangkai."
report_noise_or_smell,"Rantai motor saya bersuara krik-krik walaupun sudah dioli."
report_noise_or_smell,"Mesin mobil saya bersuara greng-greng seperti rusak."
report_noise_or_smell,"Knalpot motor saya mengeluarkan bau seperti oli terbakar."
report_noise_or_smell,"Rem motor saya bersuara sret-sret saat saya tekan."
report_noise_or_smell,"Suspensi mobil saya berbunyi ngok-ngok seperti longgar."
report_noise_or_smell,"Mesin motor saya berbau seperti plastik terbakar saat diam."
report_noise_or_smell,"Knalpot mobil saya bersuara blub-blub seperti bocor."
report_noise_or_smell,"Pendingin udara motor saya berbau seperti kain jamur."
report_noise_or_smell,"Roda motor saya bersuara kricik-kricik saat jalan pelan."
report_noise_or_smell,"Asap mobil saya berbau seperti telur busuk yang kuat."
report_noise_or_smell,"Per motor saya berbunyi ketuk-ketuk seperti rusak."
report_noise_or_smell,"Mesin motor saya bersuara klak-klak saat mesin dingin."
report_noise_or_smell,"Knalpot motor saya mengeluarkan bau bensin yang tidak terbakar."
report_noise_or_smell,"Pendingin udara mobil saya berbau seperti bensin menyengat."
report_noise_or_smell,"Gigi mobil saya bersuara krek-krek saat pindah gigi."
report_noise_or_smell,"Rem motor saya berbunyi ngik-ngik saat diinjak."
report_noise_or_smell,"Suspensi motor saya bersuara kricik-kricik seperti karat."
report_noise_or_smell,"Mesin mobil saya bersuara tek-tek seperti ada masalah."
report_noise_or_smell,"Knalpot mobil saya berbunyi kletak-kletak seperti longgar."
report_noise_or_smell,"Mesin motor saya berbau seperti karet terbakar setelah dipakai."
report_noise_or_smell,"Pendingin udara motor saya berbau seperti kain basah."
report_noise_or_smell,"Roda mobil saya bersuara krik-krik seperti rusak."
report_noise_or_smell,"Mesin motor saya berbunyi cetak-cetak saat mesin hidup."
report_noise_or_smell,"Knalpot motor saya bersuara blep-blep seperti ada bocor."
report_noise_or_smell,"Rem mobil saya berbunyi kriiit-kriiit saat diinjak keras."
report_noise_or_smell,"Per motor saya bersuara krek-krek saat lewat gundukan."
report_noise_or_smell,"Mesin mobil saya berbau seperti oli terbakar setelah jalan."
report_noise_or_smell,"Knalpot motor saya berbunyi kletak-kletak seperti longgar."
report_noise_or_smell,"Pendingin udara mobil saya berbau seperti bau busuk."
report_noise_or_smell,"Rantai motor saya bersuara krik-krik meskipun sudah disetel."
report_noise_or_smell,"Mesin mobil saya bersuara greng-greng seperti tidak normal."
report_noise_or_smell,"Knalpot motor saya mengeluarkan bau seperti oli terbakar."
report_noise_or_smell,"Rem motor saya bersuara sret-sret saat diinjak."
report_noise_or_smell,"Suspensi mobil saya berbunyi ngok-ngok seperti ada yang longgar."
report_noise_or_smell,"Mesin motor saya berbau seperti plastik terbakar saat diam."
report_noise_or_smell,"Knalpot mobil saya bersuara blub-blub seperti ada bocor."
report_noise_or_smell,"Pendingin udara motor saya berbau seperti jamur basah."
report_noise_or_smell,"Roda motor saya bersuara kricik-kricik saat jalan pelan."
report_noise_or_smell,"Asap mobil saya berbau seperti telur busuk yang sangat kuat."
report_noise_or_smell,"Per motor saya berbunyi ketuk-ketuk seperti rusak."
report_noise_or_smell,"Mesin motor saya bersuara klak-klak saat mesin panas."
report_noise_or_smell,"Knalpot motor saya mengeluarkan bau bensin yang tidak terbakar."
report_noise_or_smell,"Pendingin udara mobil saya berbau seperti bensin yang menyengat."
report_noise_or_smell,"Gigi mobil saya bersuara krek-krek saat ganti gigi."
report_noise_or_smell,"Rem motor saya berbunyi ngik-ngik saat saya tekan."
report_noise_or_smell,"Suspensi motor saya bersuara kricik-kricik seperti berkarat."
report_noise_or_smell,"Mesin mobil saya bersuara tek-tek seperti ada masalah."
report_noise_or_smell,"Knalpot mobil saya berbunyi kletak-kletak seperti longgar."
report_noise_or_smell,"Mesin motor saya berbau seperti karet terbakar setelah jalan."
report_noise_or_smell,"Pendingin udara motor saya berbau seperti kain basah."
report_noise_or_smell,"Roda mobil saya bersuara krik-krik seperti ada yang rusak."
report_noise_or_smell,"Mesin motor saya berbunyi cetak-cetak saat gas."
report_noise_or_smell,"Knalpot motor saya bersuara blep-blep seperti bocor."
report_noise_or_smell,"Rem mobil saya berbunyi kriiit-kriiit saat diinjak."
report_noise_or_smell,"Per motor saya bersuara krek-krek saat lewat lobang."
report_noise_or_smell,"Mesin mobil saya berbau seperti oli terbakar setelah jalan jauh."
report_noise_or_smell,"Knalpot motor saya berbunyi kletak-kletak seperti longgar."
report_noise_or_smell,"Pendingin udara mobil saya berbau seperti ada bangkai."
report_noise_or_smell,"Rantai motor saya bersuara krik-krik walaupun sudah dioli."
report_noise_or_smell,"Mesin mobil saya bersuara greng-greng seperti rusak."
report_noise_or_smell,"Knalpot motor saya mengeluarkan bau seperti oli terbakar."
report_noise_or_smell,"Rem motor saya bersuara sret-sret saat saya tekan."
report_noise_or_smell,"Suspensi mobil saya berbunyi ngok-ngok seperti longgar."
report_noise_or_smell,"Mesin motor saya berbau seperti plastik terbakar saat diam."
report_noise_or_smell,"Knalpot mobil saya bersuara blub-blub seperti bocor."
report_noise_or_smell,"Pendingin udara motor saya berbau seperti kain jamur."
report_noise_or_smell,"Roda motor saya bersuara kricik-kricik saat jalan pelan."
report_noise_or_smell,"Asap mobil saya berbau seperti telur busuk yang kuat."
report_noise_or_smell,"Per motor saya berbunyi ketuk-ketuk seperti rusak."
report_noise_or_smell,"Mesin motor saya bersuara klak-klak saat mesin dingin."
report_noise_or_smell,"Knalpot motor saya mengeluarkan bau bensin yang tidak terbakar."
report_noise_or_smell,"Pendingin udara mobil saya berbau seperti bensin menyengat."
report_noise_or_smell,"Gigi mobil saya bersuara krek-krek saat pindah gigi."
report_noise_or_smell,"Rem motor saya berbunyi ngik-ngik saat diinjak."
report_noise_or_smell,"Suspensi motor saya bersuara kricik-kricik seperti karat."
report_noise_or_smell,"Mesin mobil saya bersuara tek-tek seperti ada masalah."
report_noise_or_smell,"Knalpot mobil saya berbunyi kletak-kletak seperti longgar."
report_noise_or_smell,"Mesin motor saya berbau seperti karet terbakar setelah dipakai."
report_noise_or_smell,"Pendingin udara motor saya berbau seperti kain basah."
report_noise_or_smell,"Roda mobil saya bersuara krik-krik seperti rusak."
report_noise_or_smell,"Mesin motor saya berbunyi cetak-cetak saat mesin hidup."
report_noise_or_smell,"Knalpot motor saya bersuara blep-blep seperti ada bocor."
report_noise_or_smell,"Rem mobil saya berbunyi kriiit-kriiit saat diinjak keras."
report_noise_or_smell,"Per motor saya bersuara krek-krek saat lewat gundukan."
report_noise_or_smell,"Mesin mobil saya berbau seperti oli terbakar setelah jalan."
report_noise_or_smell,"Knalpot motor saya berbunyi kletak-kletak seperti longgar."
report_noise_or_smell,"Pendingin udara mobil saya berbau seperti bau busuk."
report_noise_or_smell,"Rantai motor saya bersuara krik-krik meskipun sudah disetel."
report_noise_or_smell,"Mesin mobil saya bersuara greng-greng seperti tidak normal."
report_noise_or_smell,"Knalpot motor saya mengeluarkan bau seperti oli terbakar."
report_noise_or_smell,"Rem motor saya bersuara sret-sret saat diinjak."
report_noise_or_smell,"Suspensi mobil saya berbunyi ngok-ngok seperti ada yang longgar."
report_noise_or_smell,"Mesin motor saya berbau seperti plastik terbakar saat diam."
report_noise_or_smell,"Knalpot mobil saya bersuara blub-blub seperti ada bocor."
report_noise_or_smell,"Pendingin udara motor saya berbau seperti jamur basah."
report_noise_or_smell,"Roda motor saya bersuara kricik-kricik saat jalan pelan."
report_noise_or_smell,"Asap mobil saya berbau seperti telur busuk yang sangat kuat."
report_noise_or_smell,"Per motor saya berbunyi ketuk-ketuk seperti rusak."
report_noise_or_smell,"Mesin motor saya bersuara klak-klak saat mesin panas."
report_noise_or_smell,"Knalpot motor saya mengeluarkan bau bensin yang tidak terbakar."
report_noise_or_smell,"Pendingin udara mobil saya berbau seperti bensin yang menyengat."
report_noise_or_smell,"Gigi mobil saya bersuara krek-krek saat ganti gigi."
report_noise_or_smell,"Rem motor saya berbunyi ngik-ngik saat saya tekan."
report_noise_or_smell,"Suspensi motor saya bersuara kricik-kricik seperti berkarat."
report_noise_or_smell,"Mesin mobil saya bersuara tek-tek seperti ada masalah."
report_noise_or_smell,"Knalpot mobil saya berbunyi kletak-kletak seperti longgar."
report_noise_or_smell,"Mesin motor saya berbau seperti karet terbakar setelah jalan."
report_noise_or_smell,"Pendingin udara motor saya berbau seperti kain basah."
report_noise_or_smell,"Roda mobil saya bersuara krik-krik seperti ada yang rusak."
report_noise_or_smell,"Mesin motor saya berbunyi cetak-cetak saat gas."
report_noise_or_smell,"Knalpot motor saya bersuara blep-blep seperti bocor."
report_noise_or_smell,"Rem mobil saya berbunyi kriiit-kriiit saat diinjak."
report_noise_or_smell,"Per motor saya bersuara krek-krek saat lewat lobang."
report_noise_or_smell,"Mesin mobil saya berbau seperti oli terbakar setelah jalan jauh."
report_noise_or_smell,"Knalpot motor saya berbunyi kletak-kletak seperti longgar."
report_noise_or_smell,"Pendingin udara mobil saya berbau seperti ada bangkai."
report_noise_or_smell,"Rantai motor saya bersuara krik-krik walaupun sudah dioli."
report_noise_or_smell,"Mesin mobil saya bersuara greng-greng seperti rusak."
report_noise_or_smell,"Knalpot motor saya mengeluarkan bau seperti oli terbakar."
report_noise_or_smell,"Rem motor saya bersuara sret-sret saat saya tekan."
report_noise_or_smell,"Suspensi mobil saya berbunyi ngok-ngok seperti longgar."
report_noise_or_smell,"Mesin motor saya berbau seperti plastik terbakar saat diam."
report_noise_or_smell,"Knalpot mobil saya bersuara blub-blub seperti bocor."
report_noise_or_smell,"Pendingin udara motor saya berbau seperti kain jamur."
report_noise_or_smell,"Roda motor saya bersuara kricik-kricik saat jalan pelan."
report_noise_or_smell,"Asap mobil saya berbau seperti telur busuk yang kuat."
report_noise_or_smell,"Per motor saya berbunyi ketuk-ketuk seperti rusak."
report_noise_or_smell,"Mesin motor saya bersuara klak-klak atas."
report_noise_or_smell,"Knalpot motor saya mengeluarkan bau kaya bensin."
report_noise_or_smell,"Pendingin udara mobil saya berbau kaya bensin menyengat."
report_noise_or_smell,"Gigi mobil saya bersuara krek-krek saat ganti."
report_noise_or_smell,"Rem motor saya berbunyi ngik-ngik saat diinjak."
report_noise_or_smell,"Suspensi motor dikat saya bersuara kricik-krik-krik seperti karat."
report_noise_or_smell,"Mesin mobil dikat bersuara tek-tek-kat seperti ada masalah."
report_noise_or_smell,"Knalpot mobil dikat berbunyi kletak-kletak-ketak seperti longgar."
report_noise_or_smell,"Mesin motor dikat berbau kaya karet terbakar setelah jalan."
report_noise_or_smell,"Pendingin udara motor dikat berbau kaya kain basah."
report_noise_or_smell,"Roda mobil dikat bersuara krik-krik-krik seperti rusak."
report_noise_or_smell,"Mesin motor dikat berbunyi cetak-ketak-cetak saat gas."
report_noise_or_smell,"Knalpot motor kikat bersuara blep-blep-blep seperti bocor."
report_noise_or_smell,"Rem mobil dikat berbunyi kriiit-kriiit-kriiit saat diinjak."
report_noise_or_smell,"Per motor dikat bersuarsa krek-krek-krek saat lewat lobang."
report_noise_or_smell,"Mesin mobil dikat berbau kaya oli terbakar setelah jalan jauh."
report_noise_or_smell,"Knalpot motor dikat berbunyi kletak-kletak-kletak seperti longgar."
report_noise_or_smell,"Pendingin udara mobil dikat berbau kaya bangkai."
report_noise_or_smell,"Rantai motor dikat bersuara krik-krik-krik walaupun sudah dioli."
report_noise_or_smell,"Mesin mobil dikat bersuara greng-greng-greng seperti rusak."
report_noise_or_smell,"Knalpot motor dikat mengeluarkan bau seperti oli terbakar."
report_noise_or_smell,"Rem motor dikat bersuara sret-sret-sret saat saya tekan."
report_noise_or_smell,"Suspensi mobil dikat berbunyi ngok-ngok-ngok seperti longgar."
report_noise_or_smell,"Mesin motor dikatt berbau kaya plastik terbakar saat diam."
report_noise_or_smell,"Knalpot mobil dikat bersuara blub-blub-bub seperti bocor."
report_noise_or_smell,"Pendingin udara motor dikat berbau kaya kain jamur."
report_noise_or_smell,"Roda motor dikat bersuara kricik-krik-kricik saat jalan pelan."
report_noise_or_smell,"Asap mobil dikat berbau kaya telur busuk yang kuat."
report_noise_or_smell,"Per motor dikat berbunyi ketuk-k-ketuk seperti rusak."
report_noise_or_smell,"Mesin motor dikat bersuara klak-kklak-k-kat saat mesin panas."
report_noise_or_smell,"Knalpot motor saya mengeluarkan bau kaya bensin ga terbakar."
report_noise_or_smell,"Pendingin udara mobil saya berbau kaya bensin yang nyengat."
report_noise_or_smell,"Gigi mobil saya bersuara krek-krek-rek saat ganti gigi."
report_noise_or_smell,"Rem motor saya berbunyi ngik-ngik-gik saat saya injak."
report_noise_or_smell,"Suspensi motor saya bersuara kricik-kricik-ricik kaya karat."
report_noise_or_smell,"Mesin mobil saya bersuara tek-tek-tek kaya ada masalah."
report_noise_or_smell,"Knalpot mobil saya berbunyi kletak-kletak-letak kaya longgar."
report_noise_or_smell,"Mesin motor saya berbau kaya-kaya karet terbakar abis jalan."
report_noise_or_smell,"Pendingin udara motor saya berbau kaya kain yang basah."
report_noise_or_smell,"Roda mobil saya bersuara krik-krik-krik krik kaya rusak."
report_noise_or_smell,"Mesin motor saya berbunyi cetak-cetak-cetak saat gas."
report_noise_or_smell,"Knalpot motor saya bersuara blep-blep-lep kaya bocor."
report_noise_or_smell,"Rem mobil saya bersuara kriiit-kriiit-riiit kaya."
report_noise_or_smell,"Per motor saya bersuara krek-krek-rek kalo lewat."
report_noise_or_smell,"Mesin mobil saya berbau kaya oli terbakar abis jalan jauh."
report_noise_or_smell,"Knalpot motor saya berbunyi kletak-kletak-etak kaya longgar."
report_noise_or_smell,"Pendingin udara mobil saya berbau kaya bangkai."
report_noise_or_smell,"Rantai motor saya bersuara krik-krik-rik walo udah dioli."
report_noise_or_smell,"Mesin mobil saya bersuara greng-greng-reng kaya rusak."
report_noise_or_smell,"Knalpot motor saya ngeluarin bau kaya oli terbakar."
report_noise_or_smell,"Rem motor saya bersuara sret-sret-ret kalo tekan."
report_noise_or_smell,"Suspensi mobil saya berbunyi ngok-ngok-ok kaya longgar."
report_noise_or_smell,"Mesin motor saya berbau kaya plastik terbakar kalo diam."
report_noise_or_smell,"Knalpot mobil saya bersuara blub-blub-lub kaya bocor."
report_noise_or_smell,"Pendingin udara motor bau kaya kain jamur."
report_noise_or_smell,"Roda motor saya bersuara kricik-kricik-cik kalo jalan pelan."
report_noise_or_smell,"Asap mobil saya berbau kaya telur busuk yang kuat."
report_noise_or_smell,"Per motor saya berbunyi ketuk-ketuk kaya rusak."
report_noise_or_smell,"Mesin motor saya bersuara klak-klak-lak kalo mesin panas."
report_noise_or_smell,"Knalpot motor saya ngeluar bau kaya bensin ga terbakar."
report_noise_or_smell,"Pendingin udara mobil bau kaya bensin nyenyengat."
report_noise_or_smell,"Gigi mobil saya suara krek-krek-rek-rek pas ganti."
report_noise_or_smell,"Rem motor saya bunyi ngik-ngik-gik pas diinjak."
report_noise_or_smell,"Suspensi motor saya suara kricik-kricik-cik kaya karat."
report_noise_or_smell,"Mesin mobil saya suara tek-tek-tek kaya ada masalah."
report_noise_or_smell,"Knalpot mobil saya bunyi kletak-kletak-tak kaya longgar."
report_noise_or_smell,"Mesin motor saya bau kaya karet terbakar abis jalan."
report_noise_or_smell,"Pendingin udara motor bau kaya kain basah."
report_noise_or_smell,"Roda mobil saya suara krik-krik-krik kaya rusak."
report_noise_or_smell,"Mesin motor saya bunyi cetak-cetak-tak pas gas."
report_noise_or_smell,"Knalpot motor saya suara blep-blep-ep kaya bocor."
report_noise_or_smell,"Rem mobil saya suara kriiit-kriiit-it pas diinjak."
report_noise_or_smell,"Per motor saya suara krek-krek-ek kalo lewat lobang."
report_noise_or_smell,"Mesin mobil saya bau kaya oli terbakar abis jalan jauh."
report_noise_or_smell,"Knalpot motor saya bunyi kletak-kletak-tak kaya longgar."
report_noise_or_smell,"Pendingin udara mobil bau kaya bangkai."
report_noise_or_smell,"Rantai motor saya suara krik-krik-ik walo udah dioli."
report_noise_or_smell,"Mesin mobil saya suara greng-greng-eng kaya rusak."
report_noise_or_smell,"Knalpot motor saya ngeluarin bau kaya oli terbakar."
report_noise_or_smell,"Rem motor saya saura sret-sret-et kalo tekan."
report_noise_or_smell,"Suspensi mobil saya bunyi ngok-ngok-gok kaya longgar."
report_noise_or_smell,"Mesin motor bau kaya plastik terbakar kalo diam."
report_noise_or_smell,"Knalpot mobil suara blub-blub-ub kaya bocor."
report_noise_or_smell,"Pendingin udara motor bau kaya kain jamur."
report_noise_or_smell,"Roda motor suara kricik-kricik-ik kalo jalan pelan."
report_noise_or_smell,"Asap mobil bau kaya telur busuk-."
report_noise_or_smell,"Per motor bunyi ketuk-ketuk-tuk kaya rusak."
report_noise_or_smell,"Mesin motor suara klak-klak-ak kalo mesin panas."
report_noise_or_smell,"Knalpot motor ngeluar bau kaya bensin ga terbakar."
report_noise_or_smell,"Pendingin udara mobil bau kaya bensin nyenyengat."
report_noise_or_smell,"Gigi mobil suara krik-krik-krek pas ganti."
report_noise_or_smell,"Rem motor bunyi ngik-ngik-ik pas diinjak."
report_noise_or_smell,"Suspensi motor suara kricik-kricik-ik kaya karat."
report_noise_or_smell,"Mesin mobil suara tek-tek-ek kaya ada masalah."
report_noise_or_smell,"Knalpot mobil bunyi klet-klet-tak kaya longgar."
report_noise_or_smell,"Mesin motor bau kaya karet terbakar abis jalan."
report_noise_or_smell,"Pendingin udara motor bau kaya kain basah."
report_noise_or_smell,"Roda mobil suara krik-krik-ik kaya rusak."
report_noise_or_smell,"Mesin motor bunyi cetak-cetak-ak pas gas."
report_noise_or_smell,"Knalpot motor suara blep-blep-p kaya bocor."
report_noise_or_smell,"Rem mobil suara kriiit-kriiit-t pas diinjak."
report_noise_or_smell,"Per motor suara krek-krek-ek kalo lewat lobang."
report_noise_or_smell,"Mesin mobil bau kaya oli terbakar abis jalan jauh."
report_noise_or_smell,"Knalpot motor bunyi klet-klet-ak kaya longgar."
report_noise_or_smell,"Pendingin udara mobil bau kaya bangkai."
report_noise_or_smell,"Rantai motor suara krik-krik-ik walo udah dioli."
report_noise_or_smell,"Mesin mobil suara greng-greng-ng kaya rusak."
report_noise_or_smell,"Knalpot motor ngeluar bau kaya oli terbakar."
report_noise_or_smell,"Rem motor suara sret-sret-t kalo tekan."
report_noise_or_smell,"Suspensi mobil bunyi ngok-ngok-k kaya longgar."
report_noise_or_smell,"Mesin motor bau kaya plastik terbakar kalo diam."
report_noise_or_smell,"Knalpot mobil suara blub-blub-b kaya bocor."
report_noise_or_smell,"Pendingin udara motor bau kaya kain jamur."
report_noise_or_smell,"Roda motor suara kricik-kricik-kik kalo jalan pelan."
report_noise_or_smell,"Asap mobil bau kaya telur busuk yang kuat."
report_noise_or_smell,"Per motor bunyi ketuk-ketuk-kat kaya rusak." 
report_noise_or_smell,"Mobilku tiba-tiba bunyi tek-tek-tek dari mesin, tolong bantu, takut rusak!"
report_noise_or_smell,"Asap knalpot mobilku bau banget kayak bensin, ini kenapa ya, aku panik!"
report_noise_or_smell,"Suspensi mobilku ngik-ngik-ngik terus, aku takut ambruk, tolong cek!"
report_noise_or_smell,"Knalpot motor bunyi kletuk-kletuk keras, aku ga ngerti, bantu dong!"
report_noise_or_smell,"AC mobilku bau apek kayak jamur, takut berbahaya, tolong bantu!"
report_noise_or_smell,"Rantai motor bunyi krik-krik, aku takut putus, tolong diperiksa!"
report_noise_or_smell,"Mesin mobil bau oli gosong, aku panik, ini bahaya ga sih?"
report_noise_or_smell,"Rem motor bunyi cit-cit tiap dipencet, aku takut ga aman!"
report_noise_or_smell,"Bawah mobil bunyi gluduk-gluduk, aku ga tahu kenapa, tolong bantu!"
report_noise_or_smell,"Kopling motor bunyi kletak-kletak, aku takut rusak, tolong cek!"
report_noise_or_smell,"Asap mobil bau telur busuk, aku panik, ini normal ga ya?"
report_noise_or_smell,"Shock motor bunyi krek-krek, aku takut jatuh, tolong bantu!"
report_noise_or_smell,"Dasbor mobil bunyi krik-krik, aku ga ngerti, tolong diperbaiki!"
report_noise_or_smell,"Motor bau karet kebakar, aku takut kebakaran, tolong cepat cek!"
report_noise_or_smell,"Gigi mobil bunyi grr-grr, aku panik, ini rusak ya?"
report_noise_or_smell,"Rem mobil bunyi ngiung-ngiung, aku takut ga bisa berhenti!"
report_noise_or_smell,"Mesin motor bunyi ngorok, aku ga tahu kenapa, tolong bantu!"
report_noise_or_smell,"Knalpot motor bau bensin mentah, aku takut meledak, bantu dong!"
report_noise_or_smell,"Suspensi mobil bunyi ketuk-ketuk, aku takut patah, tolong cek!"
report_noise_or_smell,"AC motor bau kain basah, aku ga tahan, tolong bantu!"
report_noise_or_smell,"Roda motor bunyi kricik-kricik, aku takut lepas, tolong periksa!"
report_noise_or_smell,"Asap mobil bau kimia menyengat, aku panik, ini bahaya ga?"
report_noise_or_smell,"Stang motor bunyi krek-krek, aku takut jatuh, tolong bantu!"
report_noise_or_smell,"Mesin mobil bunyi klak-klak, aku ga ngerti, tolong diperbaiki!"
report_noise_or_smell,"Knalpot motor bunyi blub-blub, aku takut bocor, tolong cek!"
report_noise_or_smell,"Mesin motor bau oli kebakar, aku panik, tolong bantu cepat!"
report_noise_or_smell,"Rem motor bunyi sret-sret, aku takut ga bisa ngerem, bantu!"
report_noise_or_smell,"Kap mesin mobil bunyi nguk-nguk, aku takut rusak, tolong cek!"
report_noise_or_smell,"Shock motor bunyi gluk-gluk, aku ga tahu kenapa, bantu dong!"
report_noise_or_smell,"AC mobil bau bensin, aku takut kebakaran, tolong bantu!"
report_noise_or_smell,"Rantai motor bunyi krik-krik terus, aku takut putus, cek dong!"
report_noise_or_smell,"Knalpot mobil bau oli gosong, aku panik, ini kenapa ya?"
report_noise_or_smell,"Mesin motor bunyi cetak-cetak, aku ga ngerti, tolong bantu!"
report_noise_or_smell,"Suspensi mobil bunyi ngok-ngok, aku takut ambruk, tolong cek!"
report_noise_or_smell,"Motor bau plastik kebakar, aku takut meledak, bantu cepat!"
report_noise_or_smell,"Rem mobil bunyi kriiit-kriiit, aku takut ga aman, tolong bantu!"
report_noise_or_smell,"Mesin mobil bunyi greng-greng, aku panik, ini rusak ya?"
report_noise_or_smell,"Knalpot motor bunyi kletuk-kletuk, aku takut bocor, cek dong!"
report_noise_or_smell,"AC motor bau jamur, aku ga tahan, tolong diperbaiki!"
report_noise_or_smell,"Roda mobil bunyi krik-krik, aku takut lepas, tolong cek!"
report_noise_or_smell,"Mesin motor bau bensin tumpah, aku takut kebakaran, bantu!"
report_noise_or_smell,"Gigi mobil bunyi krek-krek, aku ga tahu kenapa, tolong bantu!"
report_noise_or_smell,"Shock motor bunyi ketuk-ketuk, aku takut patah, tolong cek!"
report_noise_or_smell,"Mesin mobil bau oli kebakar, aku panik, tolong bantu cepat!"
report_noise_or_smell,"Knalpot motor bunyi blep-blep, aku takut rusak, tolong periksa!"
report_noise_or_smell,"Rem motor bunyi ngik-ngik, aku takut ga bisa ngerem, bantu!"
report_noise_or_smell,"Bawah mobil bunyi gluduk-gluduk, aku ga ngerti, tolong cek!"
report_noise_or_smell,"Motor bau karet gosong, aku takut kebakaran, tolong bantu!"
report_noise_or_smell,"AC mobil bau bangkai, aku panik, tolong diperbaiki cepat!"
report_noise_or_smell,"Suspensi motor bunyi kricik-kricik, aku takut jatuh, tolong cek!"
report_noise_or_smell,"Mesin mobil bunyi tek-tek, aku ga tahu kenapa, tolong bantu!"
report_noise_or_smell,"Knalpot motor bau bensin mentah, aku takut bahaya, bantu dong!"
report_noise_or_smell,"Rantai motor bunyi krek-krek, aku takut putus, tolong cek!"
report_noise_or_smell,"Mesin mobil bau oli gosong, aku takut rusak, tolong bantu!"
report_noise_or_smell,"Rem mobil bunyi cit-cit, aku takut ga aman, tolong periksa!"
report_noise_or_smell,"Shock motor bunyi nguk-nguk, aku ga ngerti, tolong bantu!"
report_noise_or_smell,"Mesin motor bunyi klak-klak, aku panik, tolong cek cepat!"
report_noise_or_smell,"AC mobil bau bensin menyengat, aku takut kebakaran, bantu!"
report_noise_or_smell,"Knalpot mobil bunyi kletak-kletak, aku takut bocor, tolong cek!"
report_noise_or_smell,"Motor bau plastik kebakar, aku takut meledak, tolong bantu!"
report_noise_or_smell,"Suspensi mobil bunyi gruk-gruk, aku takut patah, tolong cek!"
report_noise_or_smell,"Rem motor bunyi sret-sret, aku takut ga bisa ngerem, bantu!"
report_noise_or_smell,"Mesin mobil bunyi ngorok, aku ga tahu kenapa, tolong bantu!"
report_noise_or_smell,"Knalpot motor bau oli kebakar, aku panik, tolong periksa!"
report_noise_or_smell,"Roda motor bunyi kricik-kricik, aku takut lepas, tolong cek!"
report_noise_or_smell,"Asap mobil bau telur busuk, aku takut berbahaya, bantu dong!"
report_noise_or_smell,"Shock motor bunyi krek-krek, aku takut jatuh, tolong bantu!"
report_noise_or_smell,"AC motor bau kain basah, aku ga tahan, tolong diperbaiki!"
report_noise_or_smell,"Gigi mobil bunyi grr-grr, aku panik, tolong cek cepat!"
report_noise_or_smell,"Mesin motor bunyi cetak-cetak, aku ga ngerti, tolong bantu!"
report_noise_or_smell,"Knalpot mobil bunyi blub-blub, aku takut bocor, tolong cek!"
report_noise_or_smell,"Rem mobil bunyi ngiung-ngiung, aku takut ga aman, bantu!"
report_noise_or_smell,"Mesin motor bau bensin mentah, aku takut kebakaran, tolong!"
report_noise_or_smell,"Suspensi motor bunyi ngik-ngik, aku takut patah, tolong cek!"
report_noise_or_smell,"Mesin mobil bunyi klak-klak, aku panik, tolong bantu cepat!"
report_noise_or_smell,"Knalpot motor bunyi kletuk-kletuk, aku takut rusak, cek dong!"
report_noise_or_smell,"AC mobil bau jamur basah, aku ga tahan, tolong bantu!"
report_noise_or_smell,"Rantai motor bunyi krik-krik, aku takut putus, tolong cek!"
report_noise_or_smell,"Mesin mobil bau oli kebakar, aku takut rusak, tolong bantu!"
report_noise_or_smell,"Rem motor bunyi cit-cit, aku takut ga bisa ngerem, bantu!"
report_noise_or_smell,"Shock motor bunyi gluk-gluk, aku ga ngerti, tolong cek!"
report_noise_or_smell,"Mesin motor bunyi tek-tek, aku panik, tolong bantu cepat!"
report_noise_or_smell,"Knalpot mobil bau bensin mentah, aku takut bahaya, tolong!"
report_noise_or_smell,"Suspensi mobil bunyi ketuk-ketuk, aku takut ambruk, cek!"
report_noise_or_smell,"Motor bau karet kebakar, aku takut kebakaran, bantu dong!"
report_noise_or_smell,"AC motor bau bangkai, aku panik, tolong diperbaiki cepat!"
report_noise_or_smell,"Roda mobil bunyi krik-krik, aku takut lepas, tolong cek!"
report_noise_or_smell,"Mesin motor bunyi cetak-cetak, aku ga tahu kenapa, bantu!"
report_noise_or_smell,"Knalpot motor bunyi blep-blep, aku takut bocor, tolong cek!"
report_noise_or_smell,"Rem mobil bunyi kriiit-kriiit, aku takut ga aman, bantu!"
report_noise_or_smell,"Shock motor bunyi krek-krek, aku takut jatuh, tolong cek!"
report_noise_or_smell,"Mesin mobil bau oli gosong, aku takut rusak, tolong bantu!"
report_noise_or_smell,"Knalpot motor bunyi kletak-kletak, aku takut rusak, cek!"
report_noise_or_smell,"AC mobil bau kain basah, aku ga tahan, tolong bantu!"
report_noise_or_smell,"Rantai motor bunyi krek-krek, aku takut putus, tolong cek!"
report_noise_or_smell,"Mesin motor bau karet gosong, aku takut kebakaran, bantu!"
report_noise_or_smell,"Rem motor bunyi sret-sret, aku takut ga bisa ngerem, cek!"
report_noise_or_smell,"Suspensi mobil bunyi ngok-ngok, aku takut patah, tolong bantu!"
report_noise_or_smell,"Mesin mobil bunyi greng-greng, aku panik, tolong cek cepat!"
report_noise_or_smell,"Knalpot mobil bau oli kebakar, aku takut bahaya, bantu!"
report_noise_or_smell,"AC motor bau jamur, aku ga tahan, tolong diperbaiki!"
report_noise_or_smell,"Roda motor bunyi kricik-kricik, aku takut lepas, cek!"
report_noise_or_smell,"Asap mobil bau telur busuk, aku panik, tolong bantu cepat!"
report_noise_or_smell,"Shock motor bunyi ketuk-ketuk, aku takut jatuh, tolong cek!"
report_noise_or_smell,"Mesin motor bunyi klak-klak, aku ga ngerti, tolong bantu!"
report_noise_or_smell,"Knalpot motor bau bensin mentah, aku takut meledak, bantu!"
report_noise_or_smell,"AC mobil bau bensin, aku takut kebakaran, tolong cek!"
report_noise_or_smell,"Gigi mobil bunyi krek-krek, aku panik, tolong bantu!"
report_noise_or_smell,"Rem motor bunyi ngik-ngik, aku takut ga aman, tolong cek!"
report_noise_or_smell,"Suspensi motor bunyi kricik-kricik, aku takut patah, bantu!"
report_noise_or_smell,"Mesin mobil bunyi tek-tek, aku ga tahu kenapa, tolong cek!"
report_noise_or_smell,"Knalpot mobil bunyi kletak-kletak, aku takut bocor, bantu!"
report_noise_or_smell,"Motor bau plastik kebakar, aku takut meledak, tolong bantu!"
report_noise_or_smell,"AC motor bau kain basah, aku ga tahan, tolong diperbaiki!"
report_noise_or_smell,"Roda mobil bunyi krik-krik, aku takut lepas, tolong cek!"
report_noise_or_smell,"Mesin motor bunyi cetak-cetak, aku panik, tolong bantu!"
report_noise_or_smell,"Knalpot motor bunyi blep-blep, aku takut rusak, tolong cek!"
report_noise_or_smell,"Rem mobil bunyi kriiit-kriiit, aku takut ga aman, bantu!"
report_noise_or_smell,"Shock motor bunyi krek-krek, aku takut jatuh, tolong cek!"
report_noise_or_smell,"Mesin mobil bau oli kebakar, aku takut rusak, tolong bantu!"
report_noise_or_smell,"Knalpot motor bunyi kletak-kletak, aku takut bocor, cek!"
report_noise_or_smell,"AC mobil bau jamur basah, aku ga tahan, tolong bantu!"
report_noise_or_smell,"Rantai motor bunyi krik-krik, aku takut putus, tolong cek!"
report_noise_or_smell,"Mesin motor bau karet gosong, aku takut kebakaran, bantu!"
report_noise_or_smell,"Rem motor bunyi sret-sret, aku takut ga bisa ngerem, cek!"
report_noise_or_smell,"Suspensi mobil bunyi ngok-ngok, aku takut patah, tolong bantu!"
report_noise_or_smell,"Mesin mobil bunyi greng-greng, aku panik, tolong cek cepat!"
report_noise_or_smell,"Knalpot mobil bau oli kebakar, aku takut bahaya, bantu!"
report_noise_or_smell,"AC motor bau bangkai, aku ga tahan, tolong diperbaiki!"
report_noise_or_smell,"Roda motor bunyi kricik-kricik, aku takut lepas, tolong cek!"
report_noise_or_smell,"Asap mobil bau telur busuk, aku panik, tolong bantu cepat!"
report_noise_or_smell,"Shock motor bunyi ketuk-ketuk, aku takut jatuh, tolong cek!"
report_noise_or_smell,"Mesin motor bunyi klak-klak, aku ga ngerti, tolong bantu!"
report_noise_or_smell,"Knalpot motor bau bensin mentah, aku takut meledak, bantu!"
report_noise_or_smell,"AC mobil bau bensin, aku takut kebakaran, tolong cek!"
report_noise_or_smell,"Gigi mobil bunyi krek-krek, aku panik, tolong bantu!"
report_noise_or_smell,"Rem motor bunyi ngik-ngik, aku takut ga aman, tolong cek!"
report_noise_or_smell,"Suspensi motor bunyi kricik-kricik, aku takut patah, bantu!"
report_noise_or_smell,"Mesin mobil bunyi tek-tek, aku ga tahu kenapa, tolong cek!"
report_noise_or_smell,"Knalpot mobil bunyi kletak-kletak, aku takut bocor, bantu!"
report_noise_or_smell,"Motor bau plastik kebakar, aku takut meledak, tolong bantu!"
report_noise_or_smell,"AC motor bau kain basah, aku ga tahan, tolong diperbaiki!"
report_noise_or_smell,"Roda mobil bunyi krik-krik, aku takut lepas, tolong cek!"
report_noise_or_smell,"Mesin motor bunyi cetak-cetak, aku panik, tolong bantu!"
report_noise_or_smell,"Knalpot motor bunyi blep-blep, aku takut rusak, tolong cek!"
report_noise_or_smell,"Rem mobil bunyi kriiit-kriiit, aku takut ga aman, bantu!"
report_noise_or_smell,"Shock motor bunyi krek-krek, aku takut jatuh, tolong cek!"
report_noise_or_smell,"Mesin mobil bau oli kebakar, aku takut rusak, tolong bantu!"
report_noise_or_smell,"Knalpot motor bunyi kletak-kletak, aku takut bocor, cek!"
report_noise_or_smell,"AC mobil bau jamur basah, aku ga tahan, tolong bantu!"
report_noise_or_smell,"Rantai motor bunyi krik-krik, aku takut putus, tolong cek!"
report_noise_or_smell,"Mesin motor bau karet gosong, aku takut kebakaran, bantu!"
report_noise_or_smell,"Rem motor bunyi sret-sret, aku takut ga bisa ngerem, cek!"
report_noise_or_smell,"Suspensi mobil bunyi ngok-ngok, aku takut patah, tolong bantu!"
report_noise_or_smell,"Mesin mobil bunyi greng-greng, aku panik, tolong cek cepat!"
report_noise_or_smell,"Knalpot mobil bau oli kebakar, aku takut bahaya, bantu!"
report_noise_or_smell,"AC motor bau bangkai, aku ga tahan, tolong diperbaiki!"
report_noise_or_smell,"Roda motor bunyi kricik-kricik, aku takut lepas, tolong cek!"
report_noise_or_smell,"Asap mobil bau telur busuk, aku panik, tolong bantu cepat!"
report_noise_or_smell,"Shock motor bunyi ketuk-ketuk, aku takut jatuh, tolong cek!"
report_noise_or_smell,"Mesin motor bunyi klak-klak, aku ga ngerti, tolong bantu!"
report_noise_or_smell,"Knalpot motor bau bensin mentah, aku takut meledak, bantu!"
report_noise_or_smell,"AC mobil bau bensin, aku takut kebakaran, tolong cek!"
report_noise_or_smell,"Gigi mobil bunyi krek-krek, aku panik, tolong bantu!"
report_noise_or_smell,"Rem motor bunyi ngik-ngik, aku takut ga aman, tolong cek!"
report_noise_or_smell,"Suspensi motor bunyi kricik-kricik, aku takut patah, bantu!"
report_noise_or_smell,"Mesin mobil bunyi tek-tek, aku ga tahu kenapa, tolong cek!"
report_noise_or_smell,"Knalpot mobil bunyi kletak-kletak, aku takut bocor, bantu!"
report_noise_or_smell,"Motor bau plastik kebakar, aku takut meledak, tolong bantu!"
report_noise_or_smell,"AC motor bau kain basah, aku ga tahan, tolong diperbaiki!"
report_noise_or_smell,"Roda mobil bunyi krik-krik, aku takut lepas, tolong cek!"
report_noise_or_smell,"Mesin motor bunyi cetak-cetak, aku panik, tolong bantu!"
report_noise_or_smell,"Knalpot motor bunyi blep-blep, aku takut rusak, tolong cek!"
report_noise_or_smell,"Rem mobil bunyi kriiit-kriiit, aku takut ga aman, bantu!"
report_noise_or_smell,"Shock motor bunyi krek-krek, aku takut jatuh, tolong cek!"
report_noise_or_smell,"Mesin mobil bau oli kebakar, aku takut rusak, tolong bantu!"
report_noise_or_smell,"Knalpot motor bunyi kletak-kletak, aku takut bocor, cek!"
report_noise_or_smell,"AC mobil bau jamur basah, aku ga tahan, tolong bantu!"
report_noise_or_smell,"Rantai motor bunyi krik-krik, aku takut putus, tolong cek!"
report_noise_or_smell,"Mesin motor bau karet gosong, aku takut kebakaran, bantu!"
report_noise_or_smell,"Rem motor bunyi sret-sret, aku takut ga bisa ngerem, cek!"
report_noise_or_smell,"Suspensi mobil bunyi ngok-ngok, aku takut patah, tolong bantu!"
report_noise_or_smell,"Mesin mobil bunyi greng-greng, aku panik, tolong cek cepat!"
report_noise_or_smell,"Knalpot mobil bau oli kebakar, aku takut bahaya, bantu!"
report_noise_or_smell,"AC motor bau bangkai, aku ga tahan, tolong diperbaiki!"
report_noise_or_smell,"Roda motor bunyi kricik-kricik, aku takut lepas, tolong cek!"
report_noise_or_smell,"Asap mobil bau telur busuk, aku panik, tolong bantu cepat!"
report_noise_or_smell,"Shock motor bunyi ketuk-ketuk, aku takut jatuh, tolong cek!"
report_noise_or_smell,"Mesin motor bunyi klak-klak, aku ga ngerti, tolong bantu!"
report_noise_or_smell,"Knalpot motor bau bensin mentah, aku takut meledak, bantu!"
report_noise_or_smell,"AC mobil bau bensin, aku takut kebakaran, tolong cek!"
report_noise_or_smell,"Gigi mobil bunyi krek-krek, aku panik, tolong bantu!"
report_noise_or_smell,"Rem motor bunyi ngik-ngik, aku takut ga aman, tolong cek!"
report_noise_or_smell,"Suspensi motor bunyi kricik-kricik, aku takut patah, bantu!"
report_noise_or_smell,"Mesin mobil bunyi tek-tek, aku ga tahu kenapa, tolong cek!"
report_noise_or_smell,"Knalpot mobil bunyi kletak-kletak, aku takut bocor, bantu!"
report_noise_or_smell,"Motor bau plastik kebakar, aku takut meledak, tolong bantu!"
report_noise_or_smell,"AC motor bau kain basah, aku ga tahan, tolong diperbaiki!"
report_noise_or_smell,"Roda mobil bunyi krik-krik, aku takut lepas, tolong cek!"
report_noise_or_smell,"Mesin motor bunyi cetak-cetak, aku panik, tolong bantu!"
report_noise_or_smell,"Knalpot motor bunyi blep-blep, aku takut rusak, tolong cek!"
report_noise_or_smell,"Rem mobil bunyi kriiit-kriiit, aku takut ga aman, bantu!"
report_noise_or_smell,"Shock motor bunyi krek-krek, aku takut jatuh, tolong cek!"
report_noise_or_smell,"Mesin mobil bau oli kebakar, aku takut rusak, tolong bantu!"
report_noise_or_smell,"Knalpot motor bunyi kletak-kletak, aku takut bocor, cek!"
report_noise_or_smell,"AC mobil bau jamur basah, aku ga tahan, tolong bantu!"
report_noise_or_smell,"Rantai motor bunyi krik-krik, aku takut putus, tolong cek!"
report_noise_or_smell,"Mesin motor bau karet gosong, aku takut kebakaran, bantu!"
report_noise_or_smell,"Rem motor bunyi sret-sret, aku takut ga bisa ngerem, cek!"
report_noise_or_smell,"Suspensi mobil bunyi ngok-ngok, aku takut patah, tolong bantu!"
report_noise_or_smell,"Mesin mobil bunyi greng-greng, aku panik, tolong cek cepat!"
report_noise_or_smell,"Knalpot mobil bau oli kebakar, aku takut bahaya, bantu!"
report_noise_or_smell,"AC motor bau bangkai, aku ga tahan, tolong diperbaiki!"
report_noise_or_smell,"Roda motor bunyi kricik-kricik, aku takut lepas, tolong cek!"
report_noise_or_smell,"Asap mobil bau telur busuk, aku panik, tolong bantu cepat!"
report_noise_or_smell,"Shock motor bunyi ketuk-ketuk, aku takut jatuh, tolong cek!"
report_noise_or_smell,"Mesin motor bunyi klak-klak, aku ga ngerti, tolong bantu!"
report_noise_or_smell,"Knalpot motor bau bensin mentah, aku takut meledak, bantu!"
report_noise_or_smell,"AC mobil bau bensin, aku takut kebakaran, tolong cek!"
report_noise_or_smell,"Gigi mobil bunyi krek-krek, aku panik, tolong bantu!"
report_noise_or_smell,"Rem motor bunyi ngik-ngik, aku takut ga aman, tolong cek!"
report_noise_or_smell,"Suspensi motor bunyi kricik-kricik, aku takut patah, bantu!"
report_noise_or_smell,"Mesin mobil bunyi tek-tek, aku ga tahu kenapa, tolong cek!"
report_noise_or_smell,"Knalpot mobil bunyi kletak-ketak, aku takut bocor, bantu!"
report_noise_or_smell,"Motor bau plastik kebakar, aku takut meledak, tolong bantu!"
report_noise_or_smell,"AC motor bau kain basah, aku ga tahan, tolong diperbaiki!"
report_noise_or_smell,"Roda mobil bunyi krik-krik, aku takut lepas, tolong cek!"
report_noise_or_smell,"Mesin motor bunyi cetak-cetak, aku panik, tolong bantu!"
report_noise_or_smell,"Knalpot motor bunyi blep-blep, aku takut rusak, tolong cek!"
report_noise_or_smell,"Rem mobil bunyi kriiit-kriiit, aku takut ga aman, bantu!"
report_noise_or_smell,"Shock motor bunyi krek-krek, aku takut jatuh, tolong cek!"
report_noise_or_smell,"Mesin mobil bau oli kebakar, aku takut rusak, tolong bantu!"
report_noise_or_smell,"Knalpot motor bunyi kletak-kletak, aku takut bocor, cek!"
report_noise_or_smell,"AC mobil bau jamur basah, aku ga tahan, tolong bantu!"
report_noise_or_smell,"Rantai motor bunyi krik-krik, aku takut putus, tolong cek!"
report_noise_or_smell,"Mesin motor bau karet gosong, aku takut kebakaran, bantu!"
report_noise_or_smell,"Rem motor bunyi sret-sret, aku takut ga bisa ngerem, cek!"
report_noise_or_smell,"Suspensi mobil bunyi ngok-ngok, aku takut patah, tolong bantu!"
report_noise_or_smell,"Mesin mobil bunyi greng-greng, aku panik, tolong cek cepat!"
report_noise_or_smell,"Knalpot mobil bau oli kebakar, aku takut bahaya, bantu!"
report_noise_or_smell,"AC motor bau bangkai, aku ga tahan, tolong diperbaiki!"
report_noise_or_smell,"Roda motor bunyi kricik-kricik, aku takut lepas, tolong cek!"
report_noise_or_smell,"Asap mobil bau telur busuk, aku panik, tolong bantu cepat!"
report_noise_or_smell,"Shock motor bunyi ketuk-ketuk, aku takut jatuh, tolong cek!"
report_noise_or_smell,"Mesin motor bunyi klak-klak, aku ga ngerti, tolong bantu!"
report_noise_or_smell,"Knalpot motor bau bensin mentah, aku takut meledak, bantu!"
report_noise_or_smell,"AC mobil bau bensin, aku takut kebakaran, tolong cek!"
report_noise_or_smell,"Gigi mobil bunyi krek-krek, aku panik, tolong bantu!"
report_noise_or_smell,"Rem motor bunyi ngik-ngik, aku takut ga aman, tolong cek!"
report_noise_or_smell,"Suspensi motor bunyi kricik-kricik, aku takut patah, bantu!"
report_noise_or_smell,"Mesin mobil bunyi tek-tek, aku ga tahu kenapa, tolong cek!"
report_noise_or_smell,"Knalpot mobil bunyi kletak-kletak, aku takut bocor, bantu!"
report_noise_or_smell,"Motor bau plastik kebakar, aku takut meledak, tolong bantu!"
report_noise_or_smell,"AC motor bau kain basah, aku ga tahan, tolong diperbaiki!"
report_noise_or_smell,"Roda mobil bunyi krik-krik, aku takut lepas, tolong cek!"
report_noise_or_smell,"Mesin motor bunyi cetak-cetak, aku panik, tolong bantu!"
report_noise_or_smell,"Knalpot motor bunyi blep-blep, aku takut rusak, tolong cek!"
report_noise_or_smell,"Rem mobil bunyi kriiit-kriiit, aku takut ga aman, bantu!"
report_noise_or_smell,"Shock motor bunyi krek-krek, aku takut jatuh, tolong cek!"
report_noise_or_smell,"Mesin mobil bau oli kebakar, aku takut rusak, tolong bantu!"
report_noise_or_smell,"Knalpot motor bunyi kletak-kletak, aku takut bocor, cek!"
report_noise_or_smell,"AC mobil bau jamur basah, aku ga tahan, tolong bantu!"
report_noise_or_smell,"Rantai motor bunyi krik-krik, aku takut putus, tolong cek!"
report_noise_or_smell,"Mesin motor bau karet gosong, aku takut kebakaran, bantu!"
report_noise_or_smell,"Rem motor bunyi sret-sret, aku takut gak bisa ngerem, cek!"
report_noise_or_smell,"Suspensi mobil bunyi ngok-ngok, aku takut patah, tolong bantu!"
report_noise_or_smell,"Mesin mobil bunyi greng-ngeng, aku panik, tolong cek cepat!"
report_noise_or_smell,"Knalpot mobil bau oli kebakar, aku takut bahaya, bantu!"
report_noise_or_smell,"AC motor bau bangkai, aku ga tahan, tolong diperbaiki!"
report_noise_or_smell,"Roda motor bunyi kricik-kricik, aku takut lepas, tolong cek!"
report_noise_or_smell,"Asap mobil bau telur busuk, aku panik, tolong bantu cepat!"
report_noise_or_smell,"Shock motor bunyi ketuk-ketuk, aku takut jatuh, tolong cek!"
report_noise_or_smell,"Mesin motor bunyi klak-kla, aku ga ngerti, tolong bantu!"
report_noise_or_smell,"Knalpot motor bau bensin mentah, aku takut meledak, bantu!"
report_noise_or_smell,"AC mobil bau bensin, aku takut kebakaran, tolong cek!"
report_noise_or_smell,"Gigi mobil bunyi krek-krek, aku panik, tolong bantu!"
report_noise_or_smell,"Rem motor bunyi ngik-ngik, aku takut ga aman, tolong cek!"
report_noise_or_smell,"Suspensi motor bunyi kricik-kricik, aku takut patah, bantu!"
report_noise_or_smell,"Mesin mobil bunyi tek-tek, aku ga tau kenapa, tolong cek!"
report_noise_or_smell,"Knalpot mobil bunyi kletak-kletak, aku takut bocor, bantu!"
report_noise_or_smell,"Motor bau plastik kebakar, aku takut meledak, tolong bantu!"
report_noise_or_smell,"AC motor bau kain basah, aku ga tahan, tolong diperbaiki!"
report_noise_or_smell,"Roda mobil bunyi krik-krik, aku takut lepas, tolong cek!"
report_noise_or_smell,"Mesin motor bunyi cetak-cetak, aku panik, tolong bantu!"
report_noise_or_smell,"Knalpot motor bunyi blep-blep, aku takut rusak, tolong cek!"
report_noise_or_smell,"Rem mobil bunyi kriiit-kriiit, aku takut ga aman, bantu!"
report_noise_or_smell,"Shock motor bunyi krek-krek, aku takut jatuh, tolong cek!"
report_noise_or_smell,"Mesin mobil bau oli kebakar, aku takut rusak, tolong bantu!"
report_noise_or_smell,"Knalpot motor bunyi kletak-kletak, aku takut bocor, cek!"
report_noise_or_smell,"AC mobil bau jamur basah, aku ga tahan, tolong bantu!"
report_noise_or_smell,"Rantai motor bunyi krik-krik, aku takut putus, tolong cek!"
report_noise_or_smell,"Mesin motor bau karet gosong, aku takut kebakaran, bantu!"
report_noise_or_smell,"Rem motor bunyi sret-sret, aku takut ga bisa ngerem, cek!"
report_noise_or_smell,"Suspensi mobil bunyi ngok-ngok, aku takut patah, tolong bantu!"
report_noise_or_smell,"Mesin mobil bunyi greng-greng, aku panik, tolong cek cepat!"
report_noise_or_smell,"Knalpot mobil bau oli kebakar, aku takut bahaya, bantu!"
report_noise_or_smell,"AC motor bau bangkai, aku ga tahan, tolong diperbaiki!"
report_noise_or_smell,"Roda motor bunyi kricik-kricik, aku takut lepas, tolong cek!"
report_noise_or_smell,"Asap mobil bau telur busuk, aku panik, tolong bantu cepat!"
report_noise_or_smell,"Shock motor bunyi ketuk-ketuk, aku takut jatuh, tolong cek!"
report_noise_or_smell,"Mesin motor bunyi klak-kla, aku ga nrti, tolong bantu!"
report_noise_or_smell,"Knalpot motor bau bensin mentah, aku takut meledak, bantu!"
report_noise_or_smell,"AC mobil bau bensin, aku takut kebakar, tolong cek!"
report_noise_or_smell,"Gigi mobil bunyi krek-krek, aku panik, tolong bantu!"
report_noise_or_smell,"Rem motor bunyi ngik-ngik, aku takut ga aman, tolong cek!"
report_noise_or_smell,"Suspensi motor bunyi kricik-kricik, aku takut patah, bantu!"
report_noise_or_smell,"Mesin mobil bunyi tek-tek, aku ga tahu kenapa, tolong cek!"
report_noise_or_smell,"Knalpot mobil bunyi kletak-kletak, aku takut bocor, bantu!"
report_noise_or_smell,"Motor bau plastik kebakar, aku takut meledak, tolong bantu!"
report_noise_or_smell,"AC motor bau kain basah, aku ga tahan, tolong diperbaiki!"
report_noise_or_smell,"Roda mobil bunyi krik-krik, aku takut lepas, tolong cek!"
report_noise_or_smell,"Mesin motor bunyi cetak-cetak, aku panik, tolong bantu!"