goodbye,Terima kasih atas bantuannya, saya jadi tahu masalah mobil saya.  
goodbye,Sampai jumpa, semoga lain kali lebih cepat jawabnya.  
goodbye,Selamat tinggal, layanan ini sangat memuaskan.  
goodbye,Makasih ya, saranmu berguna banget buat motor saya.  
goodbye,Bye, kurang puas sih, tapi terima kasih.  
goodbye,Terima kasih banyak, konsultasi ini bikin saya lega.  
goodbye,Sampai ketemu lagi, semoga kendaraan saya aman.  
goodbye,Selamat jalan, saya puas dengan penjelasanmu.  
goodbye,Terima kasih, solusinya pas untuk truk saya.  
goodbye,Bye bye, semoga kamu lebih teliti lain waktu.  
goodbye,Terima kasih atas waktunya, sangat membantu.  
goodbye,Sampai jumpa lagi, layanan ini oke banget.  
goodbye,Selamat tinggal, saya senang dengan saranmu.  
goodbye,Makasih bro, mobil saya jadi lebih jelas sekarang.  
goodbye,Bye, jawabannya agak lambat tapi lumayan.  
goodbye,Terima kasih ya, saya puas dengan bantuan ini.  
goodbye,Sampai nanti, semoga bisa lebih detail lagi.  
goodbye,Selamat tinggal, konsultasi ini top banget.  
goodbye,Terima kasih banyak, kamu bikin saya paham.  
goodbye,Bye, kurang jelas sih penjelasannya.  
goodbye,Terima kasih, saranmu bikin motor saya selamat.  
goodbye,Sampai jumpa, layanan ini recommended deh.  
goodbye,Selamat tinggal, saya lega setelah konsultasi ini.  
goodbye,Makasih banget, kamu sabar jelasinnya.  
goodbye,Bye, semoga lain kali lebih akurat ya.  
goodbye,Terima kasih atas bantuanmu, sangat berarti.  
goodbye,Sampai ketemu, saya bakal balik lagi nanti.  
goodbye,Selamat jalan, layanan ini bikin saya senyum.  
goodbye,Terima kasih ya, kamu bantu banget soal mobil.  
goodbye,Bye, agak kecewa tapi tetap makasih.  
goodbye,Terima kasih banyak, saya jadi tahu apa yang salah.  
goodbye,Sampai jumpa lagi, layanan ini mantap.  
goodbye,Selamat tinggal, bantuanmu sangat oke.  
goodbye,Makasih sob, motor saya aman berkat kamu.  
goodbye,Bye, kurang memuaskan tapi ya sudahlah.  
goodbye,Terima kasih, penjelasanmu jelas banget.  
goodbye,Sampai nanti ya, saya suka layanan ini.  
goodbye,Selamat tinggal, kamu bikin saya tenang.  
goodbye,Terima kasih banyak, saranmu tepat sasaran.  
goodbye,Bye, semoga lebih responsif lain kali.  
goodbye,Terima kasih atas sarannya, bermanfaat sekali.  
goodbye,Sampai ketemu lagi, layanan ini super.  
goodbye,Selamat jalan, saya puas banget sama kamu.  
goodbye,Makasih ya bro, kendaraan saya terselamatkan.  
goodbye,Bye, jawabannya kurang ngena sih.  
goodbye,Terima kasih, kamu bantu saya banget hari ini.  
goodbye,Sampai jumpa, saya bakal kasih ulasan bagus.  
goodbye,Selamat tinggal, layanan ini luar biasa.  
goodbye,Terima kasih banyak, kamu profesional banget.  
goodbye,Bye, kurang puas tapi terima kasih ya.  
goodbye,Terima kasih atas bantuannya, mobilku baik lagi.  
goodbye,Sampai nanti, layanan ini patut diacungi jempol.  
goodbye,Selamat tinggal, saya senang konsultasi di sini.  
goodbye,Makasih bang, saranmu bikin saya hemat biaya.  
goodbye,Bye, lain kali lebih cepat ya tanggapannya.  
goodbye,Terima kasih, kamu bikin saya paham soal motor.  
goodbye,Sampai ketemu, layanan ini bikin saya takjub.  
goodbye,Selamat jalan, bantuanmu sangat berarti.  
goodbye,Terima kasih ya, solusinya pas banget.  
goodbye,Bye, agak bingung sama jawabannya.  
goodbye,Terima kasih banyak, kendaraan saya aman sekarang.  
goodbye,Sampai jumpa lagi, layanan ini keren abis.  
goodbye,Selamat tinggal, saya puas dengan bantuanmu.  
goodbye,Makasih bro, kamu bantu saya tenangin pikiran.  
goodbye,Bye, kurang detail sih tapi makasih.  
goodbye,Terima kasih, saranmu bikin mobilku jalan lagi.  
goodbye,Sampai nanti, layanan ini bikin saya senang.  
goodbye,Selamat tinggal, kamu bantu saya banyak.  
goodbye,Terima kasih banyak, penjelasanmu top.  
goodbye,Bye, semoga lebih baik lain waktu.  
goodbye,Terima kasih atas waktunya, saya jadi tahu caranya.  
goodbye,Sampai ketemu lagi, layanan ini hebat.  
goodbye,Selamat jalan, saya puas sama konsultasi ini.  
goodbye,Makasih ya, kamu bikin motor saya oke lagi.  
goodbye,Bye, jawabannya kurang membantu sih.  
goodbye,Terima kasih, bantuanmu bikin saya lega.  
goodbye,Sampai jumpa, layanan ini bikin saya kagum.  
goodbye,Selamat tinggal, saranmu sangat berguna.  
goodbye,Terima kasih banyak, kamu bantu saya hari ini.  
goodbye,Bye, agak lambat tapi terima kasih ya.  
goodbye,Terima kasih atas saranmu, mobilku selamat.  
goodbye,Sampai nanti ya, layanan ini patut dipuji.  
goodbye,Selamat tinggal, saya senang dapat bantuanmu.  
goodbye,Makasih banget, kamu bikin saya paham banget.  
goodbye,Bye, kurang jelas tapi ya sudahlah.  
goodbye,Terima kasih, kamu bantu saya atasi masalah.  
goodbye,Sampai ketemu, layanan ini sangat oke.  
goodbye,Selamat jalan, bantuanmu bikin saya tenang.  
goodbye,Terima kasih ya, saranmu sangat membantu.  
goodbye,Bye, semoga lebih cepat jawabnya nanti.  
goodbye,Terima kasih banyak, kendaraan saya jadi baik.  
goodbye,Sampai jumpa lagi, layanan ini luar biasa.  
goodbye,Selamat tinggal, saya puas dengan saranmu.  
goodbye,Makasih bro, kamu bantu saya banget tadi.  
goodbye,Bye, agak kecewa sih sama jawabannya.  
goodbye,Terima kasih, penjelasanmu bikin saya lega.  
goodbye,Sampai nanti, layanan ini bikin saya puas.  
goodbye,Selamat tinggal, kamu bantu saya paham motor.  
goodbye,Terima kasih banyak, solusimu sangat pas.  
goodbye,Bye, lain kali lebih teliti ya.  
goodbye,Terima kasih atas bantuannya, sangat bermanfaat.  
goodbye,Sampai ketemu lagi, layanan ini top banget.  
goodbye,Selamat jalan, saya senang konsultasi sama kamu.  
goodbye,Makasih ya, kamu bikin saya tahu apa yang salah.  
goodbye,Bye, kurang puas tapi terima kasih.  
goodbye,Terima kasih, saranmu bikin mobilku aman.  
goodbye,Sampai jumpa, layanan ini bikin saya takjub.  
goodbye,Selamat tinggal, bantuanmu sangat oke.  
goodbye,Terima kasih banyak, kamu profesional sekali.  
goodbye,Bye, jawabannya agak lambat sih.  
goodbye,Terima kasih atas waktunya, mobilku jadi jalan.  
goodbye,Sampai nanti ya, layanan ini recommended.  
goodbye,Selamat tinggal, saya puas banget sama kamu.  
goodbye,Makasih bro, saranmu bikin saya hemat waktu.  
goodbye,Bye, kurang detail tapi ya sudah.  
goodbye,Terima kasih, kamu bantu saya atasi kebingungan.  
goodbye,Sampai ketemu, layanan ini bikin saya senang.  
goodbye,Selamat jalan, saranmu sangat berarti.  
goodbye,Terima kasih ya, penjelasanmu jelas sekali.  
goodbye,Bye, semoga lebih responsif ya nanti.  
goodbye,Terima kasih banyak, kendaraan saya selamat.  
goodbye,Sampai jumpa lagi, layanan ini super banget.  
goodbye,Selamat tinggal, saya lega dapat bantuanmu.  
goodbye,Makasih bang, kamu bikin saya tenang sekarang.  
goodbye,Bye, agak bingung sama sarannya.  
goodbye,Terima kasih, bantuanmu bikin motor saya oke.  
goodbye,Sampai nanti, layanan ini patut diacungi jempol.  
goodbye,Selamat tinggal, kamu bantu saya banyak banget.  
goodbye,Terima kasih banyak, saranmu tepat banget.  
goodbye,Bye, kurang memuaskan sih jawabannya.  
goodbye,Terima kasih atas sarannya, mobilku baik lagi.  
goodbye,Sampai ketemu lagi, layanan ini luar biasa.  
goodbye,Selamat jalan, saya puas dengan bantuan ini.  
goodbye,Makasih ya bro, kamu bantu saya hari ini.  
goodbye,Bye, lain kali lebih cepat ya.  
goodbye,Terima kasih, penjelasanmu bikin saya paham.  
goodbye,Sampai jumpa, layanan ini bikin saya lega.  
goodbye,Selamat tinggal, saranmu sangat membantu.  
goodbye,Terima kasih banyak, kamu bikin saya senang.  
goodbye,Bye, agak kecewa tapi terima kasih.  
goodbye,Terima kasih atas bantuannya, motorku selamat.  
goodbye,Sampai nanti ya, layanan ini oke punya.  
goodbye,Selamat tinggal, saya senang dapat saranmu.  
goodbye,Makasih banget, kamu bantu saya tenangin hati.  
goodbye,Bye, kurang jelas sih tapi makasih ya.  
goodbye,Terima kasih, solusimu bikin mobilku jalan.  
goodbye,Sampai ketemu, layanan ini bikin saya kagum.  
goodbye,Selamat jalan, bantuanmu sangat berguna.  
goodbye,Terima kasih ya, kamu bantu saya banget.  
goodbye,Bye, semoga lebih baik jawabannya nanti.  
goodbye,Terima kasih banyak, kendaraan saya aman lagi.  
goodbye,Sampai jumpa lagi, layanan ini top abis.  
goodbye,Selamat tinggal, saya puas sama penjelasanmu.  
goodbye,Makasih bro, saranmu bikin saya hemat biaya.  
goodbye,Bye, agak lambat tapi terima kasih.  
goodbye,Terima kasih, kamu bantu saya paham masalah.  
goodbye,Sampai nanti, layanan ini bikin saya senyum.  
goodbye,Selamat tinggal, saranmu sangat oke.  
goodbye,Terima kasih banyak, penjelasanmu mantap.  
goodbye,Bye, kurang puas sih sama sarannya.  
goodbye,Terima kasih atas waktunya, mobilku jadi baik.  
goodbye,Sampai ketemu lagi, layanan ini hebat banget.  
goodbye,Selamat jalan, saya lega konsultasi di sini.  
goodbye,Makasih ya, kamu bikin motor saya selamat.  
goodbye,Bye, jawabannya kurang ngena tapi ya sudahlah.  
goodbye,Terima kasih, bantuanmu bikin saya tenang.  
goodbye,Sampai jumpa, layanan ini recommended banget.  
goodbye,Selamat tinggal, kamu bantu saya paham banget.  
goodbye,Terima kasih banyak, solusimu sangat membantu.  
goodbye,Bye, lain kali lebih teliti ya jawabannya.  
goodbye,Terima kasih atas saranmu, kendaraan saya oke.  
goodbye,Sampai nanti ya, layanan ini bikin saya puas.  
goodbye,Selamat tinggal, saya senang sama bantuanmu.  
goodbye,Makasih bang, kamu bikin saya tahu caranya.  
goodbye,Bye, kurang detail tapi terima kasih.  
goodbye,Terima kasih, saranmu bikin mobilku aman lagi.  
goodbye,Sampai ketemu, layanan ini luar biasa sekali.  
goodbye,Selamat jalan, bantuanmu bikin saya lega.  
goodbye,Terima kasih ya, penjelasanmu sangat bermanfaat.  
goodbye,Bye, agak bingung tapi makasih ya.  
goodbye,Terima kasih banyak, motor saya jadi jalan.  
goodbye,Sampai jumpa lagi, layanan ini patut dipuji.  
goodbye,Selamat tinggal, saya puas banget sama kamu.  
goodbye,Makasih bro, kamu bantu saya atasi masalah.  
goodbye,Bye, semoga lebih cepat tanggapannya nanti.  
goodbye,Terima kasih, kamu bikin saya senang hari ini.  
goodbye,Sampai nanti, layanan ini bikin saya takjub.  
goodbye,Selamat tinggal, saranmu sangat pas banget.  
goodbye,Terima kasih banyak, kamu profesional abis.  
goodbye,Bye, kurang memuaskan tapi terima kasih.  
goodbye,Terima kasih atas bantuannya, mobilku selamat.  
goodbye,Sampai ketemu lagi, layanan ini super oke.  
goodbye,Selamat jalan, saya senang konsultasi sama kamu.  
goodbye,Makasih ya, saranmu bikin saya hemat waktu.  
goodbye,Bye, agak kecewa sama jawabannya.  
goodbye,Terima kasih, penjelasanmu bikin saya paham.  
goodbye,Sampai jumpa, layanan ini bikin saya tenang.  
goodbye,Selamat tinggal, bantuanmu sangat membantu.  
goodbye,Terima kasih banyak, kamu bikin saya lega.  
goodbye,Bye, lain kali lebih responsif ya.  
goodbye,Terima kasih atas waktunya, motorku jadi oke.  
goodbye,Sampai nanti ya, layanan ini bikin saya senang.  
goodbye,Selamat tinggal, saranmu sangat berguna sekali.  
goodbye,Makasih banget, kamu bantu saya banget tadi.  
goodbye,Bye, kurang jelas sih sarannya.  
goodbye,Terima kasih, solusimu bikin mobilku jalan lagi.  
goodbye,Sampai ketemu, layanan ini recommended abis.  
goodbye,Selamat jalan, saya puas sama bantuanmu.  
goodbye,Terima kasih ya, kamu bikin saya tahu apa salah.  
goodbye,Bye, agak lambat tapi ya sudahlah.  
goodbye,Terima kasih banyak, kendaraan saya selamat lagi.  
goodbye,Sampai jumpa lagi, layanan ini top banget.  
goodbye,Selamat tinggal, saya senang dapat saranmu.  
goodbye,Makasih bro, kamu bikin saya tenangin pikiran.  
goodbye,Bye, kurang puas tapi terima kasih ya.  
goodbye,Terima kasih, saranmu bikin motor saya aman.  
goodbye,Sampai nanti, layanan ini bikin saya kagum.  
goodbye,Selamat tinggal, bantuanmu sangat oke banget.  
goodbye,Terima kasih banyak, penjelasanmu sangat jelas.  
goodbye,Bye, semoga lebih teliti lain waktu ya.  
goodbye,Terima kasih atas sarannya, mobilku jadi baik.  
goodbye,Sampai ketemu lagi, layanan ini luar biasa.  
goodbye,Selamat jalan, saya puas dengan konsultasi ini.  
goodbye,Makasih ya, kamu bantu saya atasi kebingungan.  
goodbye,Bye, agak bingung sama jawabannya.  
goodbye,Terima kasih, kamu bikin saya senang konsultasi.  
goodbye,Sampai jumpa, layanan ini bikin saya lega.  
goodbye,Selamat tinggal, saranmu sangat pas untuk saya.  
goodbye,Terima kasih banyak, kamu bikin motor saya oke.  
goodbye,Bye, kurang memuaskan sih tapi makasih.  
goodbye,Terima kasih atas bantuannya, kendaraan saya jalan.  
goodbye,Sampai nanti ya, layanan ini patut diacungi jempol.  
goodbye,Selamat tinggal, saya senang sama penjelasanmu.  
goodbye,Makasih bang, saranmu bikin saya hemat biaya.  
goodbye,Bye, lain kali lebih cepat ya jawabannya.  
goodbye,Terima kasih, bantuanmu bikin saya paham banget.  
goodbye,Sampai ketemu, layanan ini bikin saya senyum.  
goodbye,Selamat jalan, kamu bantu saya tenang hari ini.  
goodbye,Terima kasih ya, solusimu sangat membantu saya.  
goodbye,Bye, agak kecewa tapi terima kasih.  
goodbye,Terima kasih banyak, mobilku selamat berkat kamu.  
goodbye,Sampai jumpa lagi, layanan ini super banget.  
goodbye,Selamat tinggal, saya puas sama saranmu.  
goodbye,Makasih bro, kamu bikin saya tahu caranya.  
goodbye,Bye, kurang detail sih jawabannya.  
goodbye,Terima kasih, penjelasanmu bikin motor saya aman.  
goodbye,Sampai nanti, layanan ini bikin saya takjub.  
goodbye,Selamat tinggal, bantuanmu sangat berarti buat saya.  
goodbye,Terima kasih banyak, kamu profesional banget.  
goodbye,Bye, semoga lebih responsif lain kali ya.  
goodbye,Terima kasih atas waktunya, kendaraan saya oke lagi.  
goodbye,Sampai ketemu lagi, layanan ini recommended.  
goodbye,Selamat jalan, saya lega dapat bantuanmu.  
goodbye,Makasih ya, kamu bikin saya senang hari ini.  
goodbye,Bye, agak lambat tapi terima kasih ya.  
goodbye,Terima kasih, saranmu bikin mobilku jalan lagi.  
goodbye,Sampai jumpa, layanan ini bikin saya puas.  
goodbye,Selamat tinggal, kamu bantu saya paham masalah.  
goodbye,Terima kasih banyak, solusimu tepat sasaran.  
goodbye,Bye, kurang jelas tapi ya sudahlah.  
goodbye,Terima kasih atas sarannya, motor saya selamat.  
goodbye,Sampai nanti ya, layanan ini oke banget.  
goodbye,Selamat tinggal, saya senang konsultasi di sini.  
goodbye,Makasih banget, kamu bantu saya tenangin hati.  
goodbye,Bye, kurang puas sih sama layanannya.  
goodbye,Terima kasih, bantuanmu bikin kendaraan saya baik.  
goodbye,Sampai ketemu, layanan ini bikin saya lega.  
goodbye,Selamat jalan, saranmu sangat membantu banget.  
goodbye,Terima kasih ya, penjelasanmu bikin saya paham.  
goodbye,Bye, lain kali lebih teliti ya sarannya.  
goodbye,Terima kasih banyak, mobilku aman berkat kamu.  
goodbye,Sampai jumpa lagi, layanan ini top abis.  
goodbye,Selamat tinggal, saya puas dengan bantuanmu.  
goodbye,Makasih bro, kamu bikin saya hemat waktu lagi.  
goodbye,Bye, agak bingung tapi terima kasih.  
goodbye,Terima kasih, kamu bantu saya atasi masalah motor.  
goodbye,Sampai nanti, layanan ini bikin saya senang.  
goodbye,Selamat tinggal, bantuanmu sangat oke punya.  
goodbye,Terima kasih banyak, saranmu sangat bermanfaat.  
goodbye,Bye, semoga lebih cepat jawabannya nanti.  
goodbye,Terima kasih atas bantuannya, kendaraan saya jalan.  
goodbye,Sampai ketemu lagi, layanan ini luar biasa banget.  
goodbye,Selamat jalan, saya senang dapat saranmu.  
goodbye,Makasih ya, kamu bikin saya tahu apa yang salah.  
goodbye,Bye, kurang memuaskan tapi ya sudah.  
goodbye,Terima kasih, penjelasanmu bikin mobil saya selamat.  
goodbye,Sampai jumpa, layanan ini bikin saya takjub.  
goodbye,Selamat tinggal, kamu bantu saya tenang sekarang.  
goodbye,Terima kasih banyak, solusimu sangat pas buat saya.  
goodbye,Bye, agak kecewa sama penjelasannya.  
goodbye,Terima kasih atas waktunya, motor saya oke lagi.  
goodbye,Sampai nanti ya, layanan ini recommended banget.  
goodbye,Selamat tinggal, saya puas sama konsultasi ini.  
goodbye,Makasih bang, saranmu bikin saya hemat biaya.  
goodbye,Bye, lain kali lebih responsif ya.  
goodbye,Terima kasih, kamu bikin saya paham soal kendaraan.  
goodbye,Sampai ketemu, layanan ini bikin saya senyum.  
goodbye,Selamat jalan, bantuanmu sangat berarti buat saya.  
goodbye,Terima kasih ya, penjelasanmu sangat membantu.  
goodbye,Bye, kurang jelas sih tapi terima kasih.  
goodbye,Terima kasih banyak, mobilku jalan lagi sekarang.  
goodbye,Sampai jumpa lagi, layanan ini super oke.  
goodbye,Selamat tinggal, saya senang sama bantuanmu.  
goodbye,Makasih bro, kamu bantu saya tenangin pikiran.  
goodbye,Bye, agak lambat tapi ya sudahlah.  
goodbye,Terima kasih, saranmu bikin motor saya aman lagi.  
goodbye,Sampai nanti, layanan ini bikin saya lega.  
goodbye,Selamat tinggal, kamu bantu saya paham banget.  
goodbye,Terima kasih banyak, solusimu tepat banget.  
goodbye,Bye, kurang puas tapi terima kasih ya.  
goodbye,Terima kasih atas sarannya, kendaraan saya selamat.  
goodbye,Sampai ketemu lagi, layanan ini top banget.  
goodbye,Selamat jalan, saya puas dengan saranmu.  
goodbye,Makasih ya, kamu bikin saya tahu caranya.  
goodbye,Bye, semoga lebih teliti lain kali ya.  
goodbye,Terima kasih, bantuanmu bikin mobil saya oke.  
goodbye,Sampai jumpa, layanan ini bikin saya senang.  
goodbye,Selamat tinggal, saranmu sangat oke punya.  
goodbye,Terima kasih banyak, penjelasanmu sangat bermanfaat.  
goodbye,Bye, agak bingung sama sarannya.  
goodbye,Terima kasih atas waktunya, motor saya jalan lagi.  
goodbye,Sampai nanti ya, layanan ini recommended abis.  
goodbye,Selamat tinggal, saya lega konsultasi sama kamu.  
goodbye,Makasih banget, kamu bantu saya atasi masalah.  
goodbye,Bye, lain kali lebih cepat ya tanggapannya.  
goodbye,Terima kasih, kamu bikin saya senang hari ini.  
goodbye,Sampai ketemu, layanan ini bikin saya takjub.  
goodbye,Selamat jalan, bantuanmu sangat membantu saya.  
goodbye,Terima kasih ya, saranmu bikin kendaraan saya baik.  
goodbye,Bye, kurang memuaskan sih jawabannya.  
goodbye,Terima kasih banyak, mobilku selamat berkat saranmu.  
goodbye,Sampai jumpa lagi, layanan ini super banget.  
goodbye,Selamat tinggal, saya puas sama penjelasanmu.  
goodbye,Makasih bro, kamu bikin saya hemat waktu tadi.  
goodbye,Bye, agak kecewa tapi terima kasih.  
goodbye,Terima kasih, penjelasanmu bikin motor saya oke.  
goodbye,Sampai nanti, layanan ini bikin saya lega.  
goodbye,Selamat tinggal, kamu bantu saya paham masalah.  
goodbye,Terima kasih banyak, solusimu sangat tepat.  
goodbye,Bye, kurang jelas tapi ya sudahlah.  
goodbye,Terima kasih atas sarannya, kendaraan saya aman.  
goodbye,Sampai ketemu lagi, layanan ini top abis.  
goodbye,Selamat jalan, saya senang dapat bantuanmu.  
goodbye,Makasih ya, kamu bikin saya tahu apa yang salah.  
goodbye,Bye, lain kali lebih responsif ya.  
goodbye,Terima kasih, bantuanmu bikin mobil saya jalan.  
goodbye,Sampai jumpa, layanan ini bikin saya senyum.  
goodbye,Selamat tinggal, saranmu sangat berarti buat saya.  
goodbye,Terima kasih banyak, penjelasanmu sangat oke.  
goodbye,Bye, agak lambat tapi terima kasih ya.  
goodbye,Terima kasih atas waktunya, motor saya selamat.  
goodbye,Sampai nanti ya, layanan ini recommended banget.  
goodbye,Selamat tinggal, saya puas sama konsultasi ini.  
goodbye,Makasih bang, kamu bikin saya tenang hari ini.  
goodbye,Bye, kurang puas sih sama sarannya.  
goodbye,Terima kasih, kamu bantu saya atasi kebingungan.  
goodbye,Sampai ketemu, layanan ini bikin saya takjub.  
goodbye,Selamat jalan, bantuanmu sangat bermanfaat.  
goodbye,Terima kasih ya, saranmu bikin kendaraan saya oke.  
goodbye,Bye, semoga lebih cepat jawabannya nanti.  
goodbye,Terima kasih banyak, mobilku jalan lagi berkat kamu.  
goodbye,Sampai jumpa lagi, layanan ini super oke.  
goodbye,Selamat tinggal, saya senang sama penjelasanmu.  
goodbye,Makasih bro, kamu bantu saya tenangin hati.  
goodbye,Bye, agak bingung tapi ya sudahlah.  
goodbye,Terima kasih, penjelasanmu bikin motor saya aman.  
goodbye,Sampai nanti, layanan ini bikin saya lega.  
goodbye,Selamat tinggal, kamu bantu saya paham banget.  
goodbye,Terima kasih banyak, solusimu sangat membantu.  
goodbye,Bye, lain kali lebih teliti ya jawabannya.  
goodbye,Terima kasih atas sarannya, kendaraan saya selamat.  
goodbye,Sampai ketemu lagi, layanan ini top banget.  
goodbye,Selamat jalan, saya puas sama bantuanmu.  
goodbye,Makasih ya, kamu bikin saya tahu caranya.  
goodbye,Bye, kurang jelas sih tapi terima kasih.  
goodbye,Terima kasih, bantuanmu bikin mobil saya oke lagi.  
goodbye,Sampai jumpa, layanan ini bikin saya senang.  
goodbye,Selamat tinggal, saranmu sangat oke punya.  
goodbye,Terima kasih banyak, penjelasanmu sangat bermanfaat.  
goodbye,Bye, agak kecewa sama layanannya.  
goodbye,Terima kasih atas waktunya, motor saya jalan lagi.  
goodbye,Sampai nanti ya, layanan ini recommended abis.  
goodbye,Selamat tinggal, saya lega konsultasi sama kamu.  
goodbye,Makasih banget, kamu bantu saya atasi masalah.  
goodbye,Bye, lain kali lebih cepat ya tanggapannya.  
goodbye,Terima kasih, kamu bikin saya senang hari ini.  
goodbye,Sampai ketemu, layanan ini bikin saya takjub.  
goodbye,Selamat jalan, bantuanmu sangat membantu saya.  
goodbye,Terima kasih ya, saranmu bikin kendaraan saya baik.  
goodbye,Bye, kurang memuaskan sih tapi makasih.  
goodbye,Terima kasih banyak, mobilku selamat berkat saranmu.  
goodbye,Sampai jumpa lagi, layanan ini super banget.  
goodbye,Selamat tinggal, saya puas sama penjelasanmu.  
goodbye,Makasih bro, kamu bikin saya hemat waktu tadi.  
goodbye,Bye, agak lambat tapi terima kasih.  
goodbye,Terima kasih, penjelasanmu bikin motor saya oke.  
goodbye,Sampai nanti, layanan ini bikin saya lega.  
goodbye,Selamat tinggal, kamu bantu saya paham masalah.  
goodbye,Terima kasih banyak, solusimu sangat tepat.  
goodbye,Bye, kurang puas tapi ya sudahlah.  
goodbye,Terima kasih atas sarannya, kendaraan saya aman.  
goodbye,Sampai ketemu lagi, layanan ini top abis.  
goodbye,Selamat jalan, saya senang dapat bantuanmu.  
goodbye,Makasih ya, kamu bikin saya tahu apa yang salah.  
goodbye,Bye, lain kali lebih responsif ya.  
goodbye,Terima kasih, bantuanmu bikin mobil saya jalan.  
goodbye,Sampai jumpa, layanan ini bikin saya senyum.  
goodbye,Selamat tinggal, saranmu sangat berarti buat saya.  
goodbye,Terima kasih banyak, penjelasanmu sangat oke.  
goodbye,Bye, agak bingung tapi terima kasih ya.  
goodbye,Terima kasih atas waktunya, motor saya selamat.  
goodbye,Sampai nanti ya, layanan ini recommended banget.  
goodbye,Selamat tinggal, saya puas sama konsultasi ini.  
goodbye,Makasih bang, kamu bikin saya tenang hari ini.  
goodbye,Bye, kurang jelas sih sarannya.  
goodbye,Terima kasih, kamu bantu saya atasi kebingungan.  
goodbye,Sampai ketemu, layanan ini bikin saya takjub.  
goodbye,Selamat jalan, bantuanmu sangat bermanfaat.  
goodbye,Terima kasih ya, saranmu bikin kendaraan saya oke.  
goodbye,Bye, semoga lebih cepat jawabannya nanti.  
goodbye,Terima kasih banyak, mobilku jalan lagi berkat kamu.  
goodbye,Sampai jumpa lagi, layanan ini super oke.  
goodbye,Selamat tinggal, saya senang sama penjelasanmu.  
goodbye,Makasih bro, kamu bikin saya tenangin hati.  
goodbye,Bye, agak kecewa tapi ya sudahlah.  
goodbye,Terima kasih, penjelasanmu bikin motor saya aman.  
goodbye,Sampai nanti, layanan ini bikin saya lega.  
goodbye,Selamat tinggal, kamu bantu saya paham banget.  
goodbye,Terima kasih banyak, solusimu sangat membantu.  
goodbye,Bye, lain kali lebih teliti ya jawabannya.  
goodbye,Terima kasih atas sarannya, kendaraan saya selamat.  
goodbye,Sampai ketemu lagi, layanan ini top banget.  
goodbye,Selamat jalan, saya puas sama bantuanmu.  
goodbye,Makasih ya, kamu bikin saya tahu caranya.  
goodbye,Bye, kurang puas tapi terima kasih.  
goodbye,Terima kasih, bantuanmu bikin mobil saya oke lagi.  
goodbye,Sampai jumpa, layanan ini bikin saya senang.  
goodbye,Selamat tinggal, saranmu sangat oke punya.  
goodbye,Terima kasih banyak, penjelasanmu sangat bermanfaat.  
goodbye,Bye, agak lambat tapi ya sudahlah.  
goodbye,Terima kasih atas waktunya, motor saya jalan lagi.  
goodbye,Sampai nanti ya, layanan ini recommended abis.  
goodbye,Selamat tinggal, saya lega konsultasi sama kamu.  
goodbye,Makasih banget, kamu bantu saya atasi masalah.  
goodbye,Bye, lain kali lebih cepat ya tanggapannya.  
goodbye,Terima kasih, kamu bikin saya senang hari ini.  
goodbye,Sampai ketemu, layanan ini bikin saya takjub.  
goodbye,Selamat jalan, bantuanmu sangat membantu saya.  
goodbye,Terima kasih ya, saranmu bikin kendaraan saya baik.  
goodbye,Bye, kurang memuaskan sih tapi makasih.  
goodbye,Terima kasih banyak, mobilku selamat berkat saranmu.  
goodbye,Sampai jumpa lagi, layanan ini super banget.  
goodbye,Selamat tinggal, saya puas sama penjelasanmu.  
goodbye,Makasih bro, kamu bikin saya hemat waktu tadi.  
goodbye,Bye, agak bingung tapi terima kasih.  
goodbye,Terima kasih, penjelasanmu bikin motor saya oke.  
goodbye,Sampai nanti, layanan ini bikin saya lega.  
goodbye,Selamat tinggal, kamu bantu saya paham masalah.  
goodbye,Terima kasih banyak, solusimu sangat tepat.  
goodbye,Bye, kurang jelas tapi ya sudahlah.  
goodbye,Terima kasih atas sarannya, kendaraan saya aman.  
goodbye,Sampai ketemu lagi, layanan ini top abis.  
goodbye,Selamat jalan, saya senang dapat bantuanmu.  
goodbye,Makasih ya, kamu bikin saya tahu apa yang salah.  
goodbye,Bye, lain kali lebih responsif ya.  
goodbye,Terima kasih, bantuanmu bikin mobil saya jalan.  
goodbye,Sampai jumpa, layanan ini bikin saya senyum.  
goodbye,Selamat tinggal, saranmu sangat berarti buat saya.  
goodbye,Terima kasih banyak, penjelasanmu sangat oke.  
goodbye,Bye, agak kecewa tapi terima kasih ya.  
goodbye,Terima kasih atas waktunya, motor saya selamat.  
goodbye,Sampai nanti ya, layanan ini recommended banget.  
goodbye,Selamat tinggal, saya puas sama konsultasi ini.  
goodbye,Makasih bang, kamu bikin saya tenang hari ini.  
goodbye,Bye, kurang puas sih sama sarannya.  
goodbye,Terima kasih, kamu bantu saya atasi kebingungan.  
goodbye,Sampai ketemu, layanan ini bikin saya takjub.  
goodbye,Selamat jalan, bantuanmu sangat bermanfaat.  
goodbye,Terima kasih ya, saranmu bikin kendaraan saya oke.  
goodbye,Bye, semoga lebih cepat jawabannya nanti.  
goodbye,Terima kasih banyak, mobilku jalan lagi berkat kamu.  
goodbye,Sampai jumpa lagi, layanan ini super oke.  
goodbye,Selamat tinggal, saya senang sama penjelasanmu.  
goodbye,Makasih bro, kamu bikin saya tenangin hati.  
goodbye,Bye, agak lambat tapi ya sudahlah.  
goodbye,Terima kasih, penjelasanmu bikin motor saya aman.  
goodbye,Sampai nanti, layanan ini bikin saya lega.  
goodbye,Selamat tinggal, kamu bantu saya paham banget.  
goodbye,Terima kasih banyak, solusimu sangat membantu.  
goodbye,Bye, lain kali lebih teliti ya jawabannya.  
goodbye,Terima kasih atas sarannya, kendaraan saya selamat.  
goodbye,Sampai ketemu lagi, layanan ini top banget.  
goodbye,Selamat jalan, saya puas sama bantuanmu.  
goodbye,Makasih ya, kamu bikin saya tahu caranya.  
goodbye,Bye, kurang jelas sih tapi terima kasih.  
goodbye,Terima kasih, bantuanmu bikin mobil saya oke lagi.  
goodbye,Sampai jumpa, layanan ini bikin saya senang.  
goodbye,Selamat tinggal, saranmu sangat oke punya.  
goodbye,Terima kasih banyak, penjelasanmu sangat bermanfaat.  
goodbye,Bye, agak kecewa sama layanannya.  
goodbye,Terima kasih atas waktunya, motor saya jalan lagi.  
goodbye,Sampai nanti ya, layanan ini recommended abis.  
goodbye,Selamat tinggal, saya lega konsultasi sama kamu.  
goodbye,Makasih banget, kamu bantu saya atasi masalah.  
goodbye,Bye, lain kali lebih cepat ya tanggapannya.  
goodbye,Terima kasih, kamu bikin saya senang hari ini.  
goodbye,Sampai ketemu, layanan ini bikin saya takjub.  
goodbye,Selamat jalan, bantuanmu sangat membantu saya.  
goodbye,Terima kasih ya, saranmu bikin kendaraan saya baik.  
goodbye,Bye, kurang memuaskan sih tapi makasih.  
goodbye,Terima kasih banyak, mobilku selamat berkat saranmu.  
goodbye,Sampai jumpa lagi, layanan ini super banget.  
goodbye,Selamat tinggal, saya puas sama penjelasanmu.  
goodbye,Makasih bro, kamu bikin saya hemat waktu tadi.  
goodbye,Bye, agak bingung tapi terima kasih.  
goodbye,Terima kasih, penjelasanmu bikin motor saya oke.  
goodbye,Sampai nanti, layanan ini bikin saya lega.  
goodbye,Selamat tinggal, kamu bantu saya paham masalah.  
goodbye,Terima kasih banyak, solusimu sangat tepat.  
goodbye,Bye, kurang puas tapi ya sudahlah.  
goodbye,Terima kasih atas sarannya, kendaraan saya aman.  
goodbye,Sampai ketemu lagi, layanan ini top abis.  
goodbye,Selamat jalan, saya senang dapat bantuanmu.  
goodbye,Makasih ya, kamu bikin saya tahu apa yang salah.  
goodbye,Bye, lain kali lebih responsif ya.  
goodbye,Terima kasih, bantuanmu bikin mobil saya jalan.  
goodbye,Sampai jumpa, layanan ini bikin saya senyum.  
goodbye,Selamat tinggal, saranmu sangat berarti buat saya.  
goodbye,Terima kasih banyak, penjelasanmu sangat oke.  
goodbye,Bye, agak lambat tapi terima kasih ya.  
goodbye,Terima kasih atas waktunya, motor saya selamat.  
goodbye,Sampai nanti ya, layanan ini recommended banget.  
goodbye,Selamat tinggal, saya puas sama konsultasi ini.  
goodbye,Makasih bang, kamu bikin saya tenang hari ini.  
goodbye,Bye, kurang jelas sih sarannya.  
goodbye,Terima kasih, kamu bantu saya atasi kebingungan.  
goodbye,Sampai ketemu, layanan ini bikin saya takjub.  
goodbye,Selamat jalan, bantuanmu sangat bermanfaat.  
goodbye,Terima kasih ya, saranmu bikin kendaraan saya oke.  
goodbye,Bye, semoga lebih cepat jawabannya nanti.  
goodbye,Terima kasih banyak, mobilku jalan lagi berkat kamu.  
goodbye,Sampai jumpa lagi, layanan ini super oke.  
goodbye,Selamat tinggal, saya senang sama penjelasanmu.  
goodbye,Makasih bro, kamu bikin saya tenangin hati.  
goodbye,Bye, agak kecewa tapi ya sudahlah.  
goodbye,Terima kasih, penjelasanmu bikin motor saya aman.  
goodbye,Sampai nanti, layanan ini bikin saya lega.  
goodbye,Selamat tinggal, kamu bantu saya paham banget.  
goodbye,Terima kasih banyak, solusimu sangat membantu.  
goodbye,Bye, lain kali lebih teliti ya jawabannya.  
goodbye,Terima kasih atas sarannya, kendaraan saya selamat.  
goodbye,Sampai ketemu lagi, layanan ini top banget.  
goodbye,Selamat jalan, saya puas sama bantuanmu.  
goodbye,Makasih ya, kamu bikin saya tahu caranya.  
goodbye,Bye, kurang puas tapi terima kasih.  
goodbye,Terima kasih, bantuanmu bikin mobil saya oke lagi.  
goodbye,Sampai jumpa, layanan ini bikin saya senang.  
goodbye,Selamat tinggal, saranmu sangat oke punya.  
goodbye,Terima kasih banyak, penjelasanmu sangat bermanfaat.  
goodbye,Bye, agak bingung tapi terima kasih ya.  
goodbye,Terima kasih atas waktunya, motor saya jalan lagi.  
goodbye,Sampai nanti ya, layanan ini recommended abis.  
goodbye,Selamat tinggal, saya lega konsultasi sama kamu.  
goodbye,Makasih banget, kamu bantu saya atasi masalah.  
goodbye,Bye, lain kali lebih cepat ya tanggapannya.  
goodbye,Terima kasih, kamu bikin saya senang hari ini.  
goodbye,Sampai ketemu, layanan ini bikin saya takjub.  
goodbye,Selamat jalan, bantuanmu sangat membantu saya.  
goodbye,Terima kasih ya, saranmu bikin kendaraan saya baik.  
goodbye,Bye, kurang memuaskan sih tapi makasih.  
goodbye,Terima kasih banyak, mobilku selamat berkat saranmu.  
goodbye,Sampai jumpa lagi, layanan ini super banget.  
goodbye,Selamat tinggal, saya puas sama penjelasanmu.  
goodbye,Makasih bro, kamu bikin saya hemat waktu tadi.  
goodbye,Bye, agak lambat tapi terima kasih.  
goodbye,Terima kasih, penjelasanmu bikin motor saya oke.  
goodbye,Sampai nanti, layanan ini bikin saya lega.  
goodbye,Selamat tinggal, kamu bantu saya paham masalah.  
goodbye,Terima kasih banyak, solusimu sangat tepat.  
goodbye,Bye, kurang jelas tapi ya sudahlah.  
goodbye,Terima kasih atas sarannya, kendaraan saya aman.  
goodbye,Sampai ketemu lagi, layanan ini top abis.  
goodbye,Selamat jalan, saya senang dapat bantuanmu.  
goodbye,Makasih ya, kamu bikin saya tahu apa yang salah.  
goodbye,Bye, lain kali lebih responsif ya.  
goodbye,Terima kasih, bantuanmu bikin mobil saya jalan.  
goodbye,Sampai jumpa, layanan ini bikin saya senyum.  
goodbye,Selamat tinggal, saranmu sangat berarti buat saya.  
goodbye,Terima kasih banyak, penjelasanmu sangat oke.  
goodbye,Bye, agak kecewa tapi terima kasih ya.  
goodbye,Terima kasih atas waktunya, motor saya selamat.  
goodbye,Sampai nanti ya, layanan ini recommended banget.  
goodbye,Selamat tinggal, saya puas sama konsultasi ini.  
goodbye,Makasih bang, kamu bikin saya tenang hari ini.  
goodbye,Bye, kurang puas sih sama sarannya.  
goodbye,Terima kasih, kamu bantu saya atasi kebingungan.  
goodbye,Sampai ketemu, layanan ini bikin saya takjub.  
goodbye,Selamat jalan, bantuanmu sangat bermanfaat.  
goodbye,Terima kasih ya, saranmu bikin kendaraan saya oke.  
goodbye,Bye, semoga lebih cepat jawabannya nanti.  
goodbye,Terima kasih banyak, mobilku jalan lagi berkat kamu.  
goodbye,Sampai jumpa lagi, layanan ini super oke.  
goodbye,Selamat tinggal, saya senang sama penjelasanmu.  
goodbye,Makasih bro, kamu bikin saya tenangin hati.  
goodbye,Bye, agak bingung tapi ya sudahlah.  
goodbye,Terima kasih, penjelasanmu bikin motor saya aman.  
goodbye,Sampai nanti, layanan ini bikin saya lega.  
goodbye,Selamat tinggal, kamu bantu saya paham banget.  
goodbye,Terima kasih banyak, solusimu sangat membantu.  
goodbye,Bye, lain kali lebih teliti ya jawabannya.  
goodbye,Terima kasih atas sarannya, kendaraan saya selamat.  
goodbye,Sampai ketemu lagi, layanan ini top banget.  
goodbye,Selamat jalan, saya puas sama bantuanmu.  
goodbye,Makasih ya, kamu bikin saya tahu caranya.  
goodbye,Bye, kurang jelas sih tapi terima kasih.  
goodbye,Terima kasih, bantuanmu bikin mobil saya oke lagi.  
goodbye,Sampai jumpa, layanan ini bikin saya senang.  
goodbye,Selamat tinggal, saranmu sangat oke punya.  
goodbye,Terima kasih banyak, penjelasanmu sangat bermanfaat.  
goodbye,Bye, agak kecewa sama layanannya.  
goodbye,Terima kasih atas waktunya, motor saya jalan lagi.  
goodbye,Sampai nanti ya, layanan ini recommended abis.  
goodbye,Selamat tinggal, saya lega konsultasi sama kamu.  
goodbye,Makasih banget, kamu bantu saya atasi masalah.  
goodbye,Bye, lain kali lebih cepat ya tanggapannya.  
goodbye,Terima kasih, kamu bikin saya senang hari ini.  
goodbye,Sampai ketemu, layanan ini bikin saya takjub.  
goodbye,Selamat jalan, bantuanmu sangat membantu saya.  
goodbye,Terima kasih ya, saranmu bikin kendaraan saya baik.  
goodbye,Bye, kurang memuaskan sih tapi makasih.  
goodbye,Terima kasih banyak, mobilku selamat berkat saranmu.  
goodbye,Sampai jumpa lagi, layanan ini super banget.  
goodbye,Selamat tinggal, saya puas sama penjelasanmu.  
goodbye,Makasih bro, kamu bikin saya hemat waktu tadi.  
goodbye,Bye, agak lambat tapi terima kasih.  
goodbye,Terima kasih, penjelasanmu bikin motor saya oke.  
goodbye,Sampai nanti, layanan ini bikin saya lega.  
goodbye,Selamat tinggal, kamu bantu saya paham masalah.  
goodbye,Terima kasih banyak, solusimu sangat tepat.  
goodbye,Bye, kurang puas tapi ya sudahlah.  
goodbye,Terima kasih atas sarannya, kendaraan saya aman.  
goodbye,Sampai ketemu lagi, layanan ini top abis.  
goodbye,Selamat jalan, saya senang dapat bantuanmu.  
goodbye,Makasih ya, kamu bikin saya tahu apa yang salah.  
goodbye,Bye, lain kali lebih responsif ya.  
goodbye,Terima kasih, bantuanmu bikin mobil saya jalan.  
goodbye,Sampai jumpa, layanan ini bikin saya senyum.  
goodbye,Selamat tinggal, saranmu sangat berarti buat saya.  
goodbye,Terima kasih banyak, penjelasanmu sangat oke.  
goodbye,Bye, agak bingung tapi terima kasih ya.  
goodbye,Terima kasih atas waktunya, motor saya selamat.  
goodbye,Sampai nanti ya, layanan ini recommended banget.  
goodbye,Selamat tinggal, saya puas sama konsultasi ini.  
goodbye,Makasih bang, kamu bikin saya tenang hari ini.  
goodbye,Bye, kurang jelas sih sarannya.  
goodbye,Terima kasih, kamu bantu saya atasi kebingungan.  
goodbye,Sampai ketemu, layanan ini bikin saya takjub.  
goodbye,Selamat jalan, bantuanmu sangat bermanfaat.  
goodbye,Terima kasih ya, saranmu bikin kendaraan saya oke.  
goodbye,Bye, semoga lebih cepat jawabannya nanti.  
goodbye,Terima kasih banyak, mobilku jalan lagi berkat kamu.  
goodbye,Sampai jumpa lagi, layanan ini super oke.  
goodbye,Selamat tinggal, saya senang sama penjelasanmu.  
goodbye,Makasih bro, kamu bikin saya tenangin hati.  
goodbye,Bye, agak kecewa tapi ya sudahlah.  
goodbye,Terima kasih, penjelasanmu bikin motor saya aman.  
goodbye,Sampai nanti, layanan ini bikin saya lega.  
goodbye,Selamat tinggal, kamu bantu saya paham banget.  
goodbye,Terima kasih banyak, solusimu sangat membantu.  
goodbye,Bye, lain kali lebih teliti ya jawabannya.  
goodbye,Terima kasih atas sarannya, kendaraan saya selamat.  
goodbye,Sampai ketemu lagi, layanan ini top banget.  
goodbye,Selamat jalan, saya puas sama bantuanmu.  
goodbye,Makasih ya, kamu bikin saya tahu caranya.  
goodbye,Bye, kurang puas tapi terima kasih.  
goodbye,Terima kasih, bantuanmu bikin mobil saya oke lagi.  
goodbye,Sampai jumpa, layanan ini bikin saya senang.  
goodbye,Selamat tinggal, saranmu sangat oke punya.  
goodbye,Terima kasih banyak, penjelasanmu sangat bermanfaat.  
goodbye,Bye, agak lambat tapi terima kasih ya.  
goodbye,Terima kasih atas waktunya, motor saya jalan lagi.  
goodbye,Sampai nanti ya, layanan ini recommended abis.  
goodbye,Selamat tinggal, saya lega konsultasi sama kamu.  
goodbye,Makasih banget, kamu bantu saya atasi masalah.  
goodbye,Bye, lain kali lebih cepat ya tanggapannya.  
goodbye,Terima kasih, kamu bikin saya senang hari ini.  
goodbye,Sampai ketemu, layanan ini bikin saya takjub.  
goodbye,Selamat jalan, bantuanmu sangat membantu saya.  
goodbye,Terima kasih ya, saranmu bikin kendaraan saya baik.  
goodbye,Bye, kurang memuaskan sih tapi makasih.  
goodbye,Terima kasih banyak, mobilku selamat berkat saranmu.  
goodbye,Sampai jumpa lagi, layanan ini super banget.  
goodbye,Selamat tinggal, saya puas sama penjelasanmu.  
goodbye,Makasih bro, kamu bikin saya hemat waktu tadi.  
goodbye,Bye, agak bingung tapi terima kasih.  
goodbye,Terima kasih, penjelasanmu bikin motor saya oke.  
goodbye,Sampai nanti, layanan ini bikin saya lega.  
goodbye,Selamat tinggal, kamu bantu saya paham masalah.  
goodbye,Terima kasih banyak, solusimu sangat tepat.  
goodbye,Bye, kurang jelas tapi ya sudahlah.  
goodbye,Terima kasih atas sarannya, kendaraan saya aman.  
goodbye,Sampai ketemu lagi, layanan ini top abis.  
goodbye,Selamat jalan, saya senang dapat bantuanmu.  
goodbye,Makasih ya, kamu bikin saya tahu apa yang salah.  
goodbye,Bye, lain kali lebih responsif ya.  
goodbye,Terima kasih, bantuanmu bikin mobil saya jalan.  
goodbye,Sampai jumpa, layanan ini bikin saya senyum.  
goodbye,Selamat tinggal, saranmu sangat berarti buat saya.  
goodbye,Terima kasih banyak, penjelasanmu sangat oke.  
goodbye,Bye, agak kecewa tapi terima kasih ya.  
goodbye,Terima kasih atas waktunya, motor saya selamat.  
goodbye,Sampai nanti ya, layanan ini recommended banget.  
goodbye,Selamat tinggal, saya puas sama konsultasi ini.  
goodbye,Makasih bang, kamu bikin saya tenang hari ini.  
goodbye,Bye, kurang puas sih sama sarannya.  
goodbye,Terima kasih, kamu bantu saya atasi kebingungan.  
goodbye,Sampai ketemu, layanan ini bikin saya takjub.  
goodbye,Selamat jalan, bantuanmu sangat bermanfaat.  
goodbye,Terima kasih ya, saranmu bikin kendaraan saya oke.  
goodbye,Bye, semoga lebih cepat jawabannya nanti.  
goodbye,Terima kasih banyak, mobilku jalan lagi berkat kamu.  
goodbye,Sampai jumpa lagi, layanan ini super oke.  
goodbye,Selamat tinggal, saya senang sama penjelasanmu.  
goodbye,Makasih bro, kamu bikin saya tenangin hati.  
goodbye,Bye, agak lambat tapi ya sudahlah.  
goodbye,Terima kasih, penjelasanmu bikin motor saya aman.  
goodbye,Sampai nanti, layanan ini bikin saya lega.  
goodbye,Selamat tinggal, kamu bantu saya paham banget.  
goodbye,Terima kasih banyak, solusimu sangat membantu.  
goodbye,Bye, lain kali lebih teliti ya jawabannya.  
goodbye,Terima kasih atas sarannya, kendaraan saya selamat.  
goodbye,Sampai ketemu lagi, layanan ini top banget.  
goodbye,Selamat jalan, saya puas sama bantuanmu.  
goodbye,Makasih ya, kamu bikin saya tahu caranya.  
goodbye,Bye, kurang jelas sih tapi terima kasih.  
goodbye,Terima kasih, bantuanmu bikin mobil saya oke lagi.  
goodbye,Sampai jumpa, layanan ini bikin saya senang.  
goodbye,Selamat tinggal, saranmu sangat oke punya.  
goodbye,Terima kasih banyak, penjelasanmu sangat bermanfaat.  
goodbye,Bye, agak kecewa sama layanannya.  
goodbye,Terima kasih atas waktunya, motor saya jalan lagi.  
goodbye,Sampai nanti ya, layanan ini recommended abis.  
goodbye,Selamat tinggal, saya lega konsultasi sama kamu.  
goodbye,Makasih banget, kamu bantu saya atasi masalah.  
goodbye,Bye, lain kali lebih cepat ya tanggapannya.  
goodbye,Terima kasih, kamu bikin saya senang hari ini.  
goodbye,Sampai ketemu, layanan ini bikin saya takjub.  
goodbye,Selamat jalan, bantuanmu sangat membantu saya.  
goodbye,Terima kasih ya, saranmu bikin kendaraan saya baik.  
goodbye,Bye, kurang memuaskan sih tapi makasih.  
goodbye,Terima kasih banyak, mobilku selamat berkat saranmu.  
goodbye,Sampai jumpa lagi, layanan ini super banget.  
goodbye,Selamat tinggal, saya puas sama penjelasanmu.  
goodbye,Makasih bro, kamu bikin saya hemat waktu tadi.  
goodbye,Bye, agak bingung tapi terima kasih.  
goodbye,Terima kasih, penjelasanmu bikin motor saya oke.  
goodbye,Sampai nanti, layanan ini bikin saya lega.  
goodbye,Selamat tinggal, kamu bantu saya paham masalah.  
goodbye,Terima kasih banyak, solusimu sangat tepat.  
goodbye,Bye, kurang puas tapi ya sudahlah.  
goodbye,Terima kasih atas sarannya, kendaraan saya aman.  
goodbye,Sampai ketemu lagi, layanan ini top abis.  
goodbye,Selamat jalan, saya senang dapat bantuanmu.  
goodbye,Makasih ya, kamu bikin saya tahu apa yang salah.  
goodbye,Bye, lain kali lebih responsif ya.  
goodbye,Terima kasih, bantuanmu bikin mobil saya jalan.  
goodbye,Sampai jumpa, layanan ini bikin saya senyum.  
goodbye,Selamat tinggal, saranmu sangat berarti buat saya.  
goodbye,Terima kasih banyak, penjelasanmu sangat oke.  
goodbye,Bye, agak lambat tapi terima kasih ya.  
goodbye,Terima kasih atas waktunya, motor saya selamat.  
goodbye,Sampai nanti ya, layanan ini recommended banget.  
goodbye,Selamat tinggal, saya puas sama konsultasi ini.  
goodbye,Makasih bang, kamu bikin saya tenang hari ini.  
goodbye,Bye, kurang jelas sih sarannya.  
goodbye,Terima kasih, kamu bantu saya atasi kebingungan.  
goodbye,Sampai ketemu, layanan ini bikin saya takjub.  
goodbye,Selamat jalan, bantuanmu sangat bermanfaat.  
goodbye,Terima kasih ya, saranmu bikin kendaraan saya oke.  
goodbye,Bye, semoga lebih cepat jawabannya nanti.  
goodbye,Terima kasih banyak, mobilku jalan lagi berkat kamu.  
goodbye,Sampai jumpa lagi, layanan ini super oke.  
goodbye,Selamat tinggal, saya senang sama penjelasanmu.  
goodbye,Makasih bro, kamu bikin saya tenangin hati.  
goodbye,Bye, agak kecewa tapi ya sudahlah.  
goodbye,Terima kasih, penjelasanmu bikin motor saya aman.  
goodbye,Sampai nanti, layanan ini bikin saya lega.  
goodbye,Selamat tinggal, kamu bantu saya paham banget.  
goodbye,Terima kasih banyak, solusimu sangat membantu.  
goodbye,Bye, lain kali lebih teliti ya jawabannya.  
goodbye,Terima kasih atas sarannya, kendaraan saya selamat.  
goodbye,Sampai ketemu lagi, layanan ini top banget.  
goodbye,Selamat jalan, saya puas sama bantuanmu.  
goodbye,Makasih ya, kamu bikin saya tahu caranya.  
goodbye,Bye, kurang puas tapi terima kasih.  
goodbye,Terima kasih, bantuanmu bikin mobil saya oke lagi.  
goodbye,Sampai jumpa, layanan ini bikin saya senang.  
goodbye,Selamat tinggal, saranmu sangat oke punya.  
goodbye,Terima kasih banyak, penjelasanmu sangat bermanfaat.  
goodbye,Bye, agak bingung tapi terima kasih ya.  
goodbye,Terima kasih atas waktunya, motor saya jalan lagi.  
goodbye,Sampai nanti ya, layanan ini recommended abis.  
goodbye,Selamat tinggal, saya lega konsultasi sama kamu.  
goodbye,Makasih banget, kamu bantu saya atasi masalah.  
goodbye,Bye, lain kali lebih cepat ya tanggapannya.  
goodbye,Terima kasih, kamu bikin saya senang hari ini.  
goodbye,Sampai ketemu, layanan ini bikin saya takjub.  
goodbye,Selamat jalan, bantuanmu sangat membantu saya.  
goodbye,Terima kasih ya, saranmu bikin kendaraan saya baik.  
goodbye,Bye, kurang memuaskan sih tapi makasih.  
goodbye,Terima kasih banyak, mobilku selamat berkat saranmu.  
goodbye,Sampai jumpa lagi, layanan ini super banget.  
goodbye,Selamat tinggal, saya puas sama penjelasanmu.  
goodbye,Makasih bro, kamu bikin saya hemat waktu tadi.  
goodbye,Bye, agak lambat tapi terima kasih.  
goodbye,Terima kasih, penjelasanmu bikin motor saya oke.  
goodbye,Sampai nanti, layanan ini bikin saya lega.  
goodbye,Selamat tinggal, kamu bantu saya paham masalah.  
goodbye,Terima kasih banyak, solusimu sangat tepat.  
goodbye,Bye, kurang jelas tapi ya sudahlah.  
goodbye,Terima kasih atas sarannya, kendaraan saya aman.  
goodbye,Sampai ketemu lagi, layanan ini top abis.  
goodbye,Selamat jalan, saya senang dapat bantuanmu.  
goodbye,Makasih ya, kamu bikin saya tahu apa yang salah.  
goodbye,Bye, lain kali lebih responsif ya.  
goodbye,Terima kasih, bantuanmu bikin mobil saya jalan.  
goodbye,Sampai jumpa, layanan ini bikin saya senyum.  
goodbye,Selamat tinggal, saranmu sangat berarti buat saya.  
goodbye,Terima kasih banyak, penjelasanmu sangat oke.  
goodbye,Bye, agak kecewa tapi terima kasih ya.  
goodbye,Terima kasih atas waktunya, motor saya selamat.  
goodbye,Sampai nanti ya, layanan ini recommended banget.  
goodbye,Selamat tinggal, saya puas sama konsultasi ini.  
goodbye,Makasih bang, kamu bikin saya tenang hari ini.  
goodbye,Bye, kurang puas sih sama sarannya.  
goodbye,Terima kasih, kamu bantu saya atasi kebingungan.  
goodbye,Sampai ketemu, layanan ini bikin saya takjub.  
goodbye,Selamat jalan, bantuanmu sangat bermanfaat.  
goodbye,Terima kasih ya, saranmu bikin kendaraan saya oke.  
goodbye,Bye, semoga lebih cepat jawabannya nanti.  
goodbye,Terima kasih banyak, mobilku jalan lagi berkat kamu.  
goodbye,Sampai jumpa lagi, layanan ini super oke.  
goodbye,Selamat tinggal, saya senang sama penjelasanmu.  
goodbye,Makasih bro, kamu bikin saya tenangin hati.  
goodbye,Bye, agak bingung tapi ya sudahlah.  
goodbye,Terima kasih, penjelasanmu bikin motor saya aman.  
goodbye,Sampai nanti, layanan ini bikin saya lega.  
goodbye,Selamat tinggal, kamu bantu saya paham banget.  
goodbye,Terima kasih banyak, solusimu sangat membantu.  
goodbye,Bye, lain kali lebih teliti ya jawabannya.  
goodbye,Terima kasih atas sarannya, kendaraan saya selamat.  
goodbye,Sampai ketemu lagi, layanan ini top banget.  
goodbye,Selamat jalan, saya puas sama bantuanmu.  
goodbye,Makasih ya, kamu bikin saya tahu caranya.  
goodbye,Bye, kurang jelas sih tapi terima kasih.  
goodbye,Terima kasih, bantuanmu bikin mobil saya oke lagi.  
goodbye,Sampai jumpa, layanan ini bikin saya senang.  
goodbye,Selamat tinggal, saranmu sangat oke punya.  
goodbye,Terima kasih banyak, penjelasanmu sangat bermanfaat.  
goodbye,Bye, agak kecewa sama layanannya.  
goodbye,Terima kasih atas waktunya, motor saya jalan lagi.  
goodbye,Sampai nanti ya, layanan ini recommended abis.  
goodbye,Selamat tinggal, saya lega konsultasi sama kamu.  
goodbye,Makasih banget, kamu bantu saya atasi masalah.  
goodbye,Bye, lain kali lebih cepat ya tanggapannya.  
goodbye,Terima kasih, kamu bikin saya senang hari ini.  
goodbye,Sampai ketemu, layanan ini bikin saya takjub.  
goodbye,Selamat jalan, bantuanmu sangat membantu saya.  
goodbye,Terima kasih ya, saranmu bikin kendaraan saya baik.  
goodbye,Bye, kurang memuaskan sih tapi makasih.  
goodbye,Terima kasih banyak, mobilku selamat berkat saranmu.  
goodbye,Sampai jumpa lagi, layanan ini super banget.  
goodbye,Selamat tinggal, saya puas sama penjelasanmu.  
goodbye,Makasih bro, kamu bikin saya hemat waktu tadi.  
goodbye,Bye, agak lambat tapi terima kasih.  
goodbye,Terima kasih, penjelasanmu bikin motor saya oke.  
goodbye,Sampai nanti, layanan ini bikin saya lega.  
goodbye,Selamat tinggal, kamu bantu saya paham masalah.  
goodbye,Terima kasih banyak, solusimu sangat tepat.  
goodbye,Bye, kurang puas tapi ya sudahlah.  
goodbye,Terima kasih atas sarannya, kendaraan saya aman.  
goodbye,Sampai ketemu lagi, layanan ini top abis.  
goodbye,Selamat jalan, saya senang dapat bantuanmu.  
goodbye,Makasih ya, kamu bikin saya tahu apa yang salah.  
goodbye,Bye, lain kali lebih responsif ya.  
goodbye,Terima kasih, bantuanmu bikin mobil saya jalan.  
goodbye,Sampai jumpa, layanan ini bikin saya senyum.  
goodbye,Selamat tinggal, saranmu sangat berarti buat saya.  
goodbye,Terima kasih banyak, penjelasanmu sangat oke.  
goodbye,Bye, agak bingung tapi terima kasih ya.  
goodbye,Terima kasih atas waktunya, motor saya selamat.  
goodbye,Sampai nanti ya, layanan ini recommended banget.  
goodbye,Selamat tinggal, saya puas sama konsultasi ini.  
goodbye,Makasih bang, kamu bikin saya tenang hari ini.  
goodbye,Bye, kurang jelas sih sarannya.  
goodbye,Terima kasih, kamu bantu saya atasi kebingungan.  
goodbye,Sampai ketemu, layanan ini bikin saya takjub.  
goodbye,Selamat jalan, bantuanmu sangat bermanfaat.  
goodbye,Terima kasih ya, saranmu bikin kendaraan saya oke.  
goodbye,Bye, semoga lebih cepat jawabannya nanti.  
goodbye,Terima kasih banyak, mobilku jalan lagi berkat kamu.  
goodbye,Sampai jumpa lagi, layanan ini super oke.  
goodbye,Selamat tinggal, saya senang sama penjelasanmu.  
goodbye,Makasih bro, kamu bikin saya tenangin hati.  
goodbye,Bye, agak kecewa tapi ya sudahlah.  
goodbye,Terima kasih, penjelasanmu bikin motor saya aman.  
goodbye,Sampai nanti, layanan ini bikin saya lega.  
goodbye,Selamat tinggal, kamu bantu saya paham banget.  
goodbye,Terima kasih banyak, solusimu sangat membantu.  
goodbye,Bye, lain kali lebih teliti ya jawabannya.  
goodbye,Terima kasih atas sarannya, kendaraan saya selamat.  
goodbye,Sampai ketemu lagi, layanan ini top banget.  
goodbye,Selamat jalan, saya puas sama bantuanmu.  
goodbye,Makasih ya, kamu bikin saya tahu caranya.  
goodbye,Bye, kurang puas tapi terima kasih.  
goodbye,Terima kasih, bantuanmu bikin mobil saya oke lagi.  
goodbye,Sampai jumpa, layanan ini bikin saya senang.  
goodbye,Selamat tinggal, saranmu sangat oke punya.  
goodbye,Terima kasih banyak, penjelasanmu sangat bermanfaat.  
goodbye,Bye, agak lambat tapi terima kasih ya.  
goodbye,Terima kasih atas waktunya, motor saya jalan lagi.  
goodbye,Sampai nanti ya, layanan ini recommended abis.  
goodbye,Selamat tinggal, saya lega konsultasi sama kamu.  
goodbye,Makasih banget, kamu bantu saya atasi masalah.  
goodbye,Bye, lain kali lebih cepat ya tanggapannya.  
goodbye,Terima kasih, kamu bikin saya senang hari ini.  
goodbye,Sampai ketemu, layanan ini bikin saya takjub.  
goodbye,Selamat jalan, bantuanmu sangat membantu saya.  
goodbye,Terima kasih ya, saranmu bikin kendaraan saya baik.  
goodbye,Bye, kurang memuaskan sih tapi makasih.  
goodbye,Terima kasih banyak, mobilku selamat berkat saranmu.  
goodbye,Sampai jumpa lagi, layanan ini super banget.  
goodbye,Selamat tinggal, saya puas sama penjelasanmu.  
goodbye,Makasih bro, kamu bikin saya hemat waktu tadi.  
goodbye,Bye, agak bingung tapi terima kasih.  
goodbye,Terima kasih, penjelasanmu bikin motor saya oke.  
goodbye,Sampai nanti, layanan ini bikin saya lega.  
goodbye,Selamat tinggal, kamu bantu saya paham masalah.  
goodbye,Terima kasih banyak, solusimu sangat tepat.  
goodbye,Bye, kurang jelas tapi ya sudahlah.  
goodbye,Terima kasih atas sarannya, kendaraan saya aman.  
goodbye,Sampai ketemu lagi, layanan ini top abis.  
goodbye,Selamat jalan, saya senang dapat bantuanmu.  
goodbye,Makasih ya, kamu bikin saya tahu apa yang salah.  
goodbye,Bye, lain kali lebih responsif ya.  
goodbye,Terima kasih, bantuanmu bikin mobil saya jalan.  
goodbye,Sampai jumpa, layanan ini bikin saya senyum.  
goodbye,Selamat tinggal, saranmu sangat berarti buat saya.  
goodbye,Terima kasih banyak, penjelasanmu sangat oke.  
goodbye,Bye, agak kecewa tapi terima kasih ya.  
goodbye,Terima kasih atas waktunya, motor saya selamat.  
goodbye,Sampai nanti ya, layanan ini recommended banget.  
goodbye,Selamat tinggal, saya puas sama konsultasi ini.  
goodbye,Makasih bang, kamu bikin saya tenang hari ini.  
goodbye,Bye, kurang puas sih sama sarannya.  
goodbye,Terima kasih, kamu bantu saya atasi kebingungan.  
goodbye,Sampai ketemu, layanan ini bikin saya takjub.  
goodbye,Selamat jalan, bantuanmu sangat bermanfaat.  
goodbye,Terima kasih ya, saranmu bikin kendaraan saya oke.  
goodbye,Bye, semoga lebih cepat jawabannya nanti.  
goodbye,Terima kasih banyak, mobilku jalan lagi berkat kamu.  
goodbye,Sampai jumpa lagi, layanan ini super oke.  
goodbye,Selamat tinggal, saya senang sama penjelasanmu.  
goodbye,Makasih bro, kamu bikin saya tenangin hati.  
goodbye,Bye, agak lambat tapi ya sudahlah.  
goodbye,Terima kasih, penjelasanmu bikin motor saya aman.  
goodbye,Sampai nanti, layanan ini bikin saya lega.  
goodbye,Selamat tinggal, kamu bantu saya paham banget.  
goodbye,Terima kasih banyak, solusimu sangat membantu.  
goodbye,Bye, lain kali lebih teliti ya jawabannya.  
goodbye,Terima kasih atas sarannya, kendaraan saya selamat.  
goodbye,Sampai ketemu lagi, layanan ini top banget.  
goodbye,Selamat jalan, saya puas sama bantuanmu.  
goodbye,Makasih ya, kamu bikin saya tahu caranya.  
goodbye,Bye, kurang jelas sih tapi terima kasih.  
goodbye,Terima kasih, bantuanmu bikin mobil saya oke lagi.  
goodbye,Sampai jumpa, layanan ini bikin saya senang.  
goodbye,Selamat tinggal, saranmu sangat oke punya.  
goodbye,Terima kasih banyak, penjelasanmu sangat bermanfaat.  
goodbye,Bye, agak kecewa sama layanannya.  
goodbye,Terima kasih atas waktunya, motor saya jalan lagi.  
goodbye,Sampai nanti ya, layanan ini recommended abis.  
goodbye,Selamat tinggal, saya lega konsultasi sama kamu.  
goodbye,Makasih banget, kamu bantu saya atasi masalah.  
goodbye,Bye, lain kali lebih cepat ya tanggapannya.  
goodbye,Terima kasih, kamu bikin saya senang hari ini.  
goodbye,Sampai ketemu, layanan ini bikin saya takjub.  
goodbye,Selamat jalan, bantuanmu sangat membantu saya.  
goodbye,Terima kasih ya, saranmu bikin kendaraan saya baik.  
goodbye,Bye, kurang memuaskan sih tapi makasih.  
goodbye,Terima kasih banyak, mobilku selamat berkat saranmu.  
goodbye,Sampai jumpa lagi, layanan ini super banget.  
goodbye,Selamat tinggal, saya puas sama penjelasanmu.  
goodbye,Makasih bro, kamu bikin saya hemat waktu tadi.  
goodbye,Bye, agak bingung tapi terima kasih.  
goodbye,Terima kasih, penjelasanmu bikin motor saya oke.  
goodbye,Sampai nanti, layanan ini bikin saya lega.  
goodbye,Selamat tinggal, kamu bantu saya paham masalah.  
goodbye,Terima kasih banyak, solusimu sangat tepat.  
goodbye,Bye, kurang puas tapi ya sudahlah.  
goodbye,Terima kasih atas sarannya, kendaraan saya aman.  
goodbye,Sampai ketemu lagi, layanan ini top abis.  
goodbye,Selamat jalan, saya senang dapat bantuanmu.  
goodbye,Makasih ya, kamu bikin saya tahu apa yang salah.  
goodbye,Bye, lain kali lebih responsif ya.  
goodbye,Terima kasih, bantuanmu bikin mobil saya jalan.  
goodbye,Sampai jumpa, layanan ini bikin saya senyum.  
goodbye,Selamat tinggal, saranmu sangat berarti buat saya.  
goodbye,Terima kasih banyak, penjelasanmu sangat oke.  
goodbye,Bye, agak lambat tapi terima kasih ya.  
goodbye,Terima kasih atas waktunya, motor saya selamat.  
goodbye,Sampai nanti ya, layanan ini recommended banget.  
goodbye,Selamat tinggal, saya puas sama konsultasi ini.  
goodbye,Makasih bang, kamu bikin saya tenang hari ini.  
goodbye,Bye, kurang jelas sih sarannya.  
goodbye,Terima kasih, kamu bantu saya atasi kebingungan.  
goodbye,Sampai ketemu, layanan ini bikin saya takjub.  
goodbye,Selamat jalan, bantuanmu sangat bermanfaat.  
goodbye,Terima kasih ya, saranmu bikin kendaraan saya oke.  
goodbye,Bye, semoga lebih cepat jawabannya nanti.  
goodbye,Terima kasih banyak, mobilku jalan lagi berkat kamu.  
goodbye,Sampai jumpa lagi, layanan ini super oke.  
goodbye,Selamat tinggal, saya senang sama penjelasanmu.  
goodbye,Makasih bro, kamu bikin saya tenangin hati.  
goodbye,Bye, agak kecewa tapi ya sudahlah.  
goodbye,Terima kasih, penjelasanmu bikin motor saya aman.  
goodbye,Sampai nanti, layanan ini bikin saya lega.  
goodbye,Selamat tinggal, kamu bantu saya paham banget.  
goodbye,Terima kasih banyak, solusimu sangat membantu.  
goodbye,Bye, lain kali lebih teliti ya jawabannya.  
goodbye,Terima kasih atas sarannya, kendaraan saya selamat.  
goodbye,Sampai ketemu lagi, layanan ini top banget.  
goodbye,Selamat jalan, saya puas sama bantuanmu.  
goodbye,Makasih ya, kamu bikin saya tahu caranya.  
goodbye,Bye, kurang puas tapi terima kasih.  
goodbye,Terima kasih, bantuanmu bikin mobil saya oke lagi.  
goodbye,Sampai jumpa, layanan ini bikin saya senang.  
goodbye,Selamat tinggal, saranmu sangat oke punya.  
goodbye,Terima kasih banyak, penjelasanmu sangat bermanfaat.  
goodbye,Bye, agak bingung tapi terima kasih ya.  
goodbye,Terima kasih atas waktunya, motor saya jalan lagi.  
goodbye,Sampai nanti ya, layanan ini recommended abis.  
goodbye,Selamat tinggal, saya lega konsultasi sama kamu.  
goodbye,Makasih banget, kamu bantu saya atasi masalah.  
goodbye,Bye, lain kali lebih cepat ya tanggapannya.  
goodbye,Terima kasih, kamu bikin saya senang hari ini.  
goodbye,Sampai ketemu, layanan ini bikin saya takjub.  
goodbye,Selamat jalan, bantuanmu sangat membantu saya.  
goodbye,Terima kasih ya, saranmu bikin kendaraan saya baik.  
goodbye,Bye, kurang memuaskan sih tapi makasih.  
goodbye,Terima kasih banyak, mobilku selamat berkat saranmu.  
goodbye,Sampai jumpa lagi, layanan ini super banget.  
goodbye,Selamat tinggal, saya puas sama penjelasanmu.  
goodbye,Makasih bro, kamu bikin saya hemat waktu tadi.  
goodbye,Bye, agak lambat tapi terima kasih.  
goodbye,Terima kasih, penjelasanmu bikin motor saya oke.  
goodbye,Sampai nanti, layanan ini bikin saya lega.  
goodbye,Selamat tinggal, kamu bantu saya paham masalah.  
goodbye,Terima kasih banyak, solusimu sangat tepat.  
goodbye,Bye, kurang jelas tapi ya sudahlah.  
goodbye,Terima kasih atas sarannya, kendaraan saya aman.  
goodbye,Sampai ketemu lagi, layanan ini top abis.  
goodbye,Selamat jalan, saya senang dapat bantuanmu.  
goodbye,Makasih ya, kamu bikin saya tahu apa yang salah.  
goodbye,Bye, lain kali lebih responsif ya.  
goodbye,Terima kasih, bantuanmu bikin mobil saya jalan.  
goodbye,Sampai jumpa, layanan ini bikin saya senyum.  
goodbye,Selamat tinggal, saranmu sangat berarti buat saya.  
goodbye,Terima kasih banyak, penjelasanmu sangat oke.  
goodbye,Bye, agak kecewa tapi terima kasih ya.  
goodbye,Terima kasih atas waktunya, motor saya selamat.  
goodbye,Sampai nanti ya, layanan ini recommended banget.  
goodbye,Selamat tinggal, saya puas sama konsultasi ini.  
goodbye,Makasih bang, kamu bikin saya tenang hari ini.  
goodbye,Bye, kurang puas sih sama sarannya.  
goodbye,Terima kasih, kamu bantu saya atasi kebingungan.  
goodbye,Sampai ketemu, layanan ini bikin saya takjub.  
goodbye,Selamat jalan, bantuanmu sangat bermanfaat.  
goodbye,Terima kasih ya, saranmu bikin kendaraan saya oke.  
goodbye,Bye, semoga lebih cepat jawabannya nanti.  
goodbye,Terima kasih banyak, mobilku jalan lagi berkat kamu.  
goodbye,Sampai jumpa lagi, layanan ini super oke.  
goodbye,Selamat tinggal, saya senang sama penjelasanmu.  
goodbye,Makasih bro, kamu bikin saya tenangin hati.  
goodbye,Bye, agak bingung tapi ya sudahlah.  
goodbye,Terima kasih, penjelasanmu bikin motor saya aman.  
goodbye,Sampai nanti, layanan ini bikin saya lega.  
goodbye,Selamat tinggal, kamu bantu saya paham banget.  
goodbye,Terima kasih banyak, solusimu sangat membantu.  
goodbye,Bye, lain kali lebih teliti ya jawabannya.  
goodbye,Terima kasih atas sarannya, kendaraan saya selamat.  
goodbye,Sampai ketemu lagi, layanan ini top banget.  
goodbye,Selamat jalan, saya puas sama bantuanmu.  
goodbye,Makasih ya, kamu bikin saya tahu caranya.  
goodbye,Bye, kurang jelas sih tapi terima kasih.  
goodbye,Terima kasih, bantuanmu bikin mobil saya oke lagi.  
goodbye,Sampai jumpa, layanan ini bikin saya senang.  
goodbye,Selamat tinggal, saranmu sangat oke punya.  
goodbye,Terima kasih banyak, penjelasanmu sangat bermanfaat.  
goodbye,Bye, agak kecewa sama layanannya.  
goodbye,Terima kasih atas waktunya, motor saya jalan lagi.  
goodbye,Sampai nanti ya, layanan ini recommended abis.  
goodbye,Selamat tinggal, saya lega konsultasi sama kamu.  
goodbye,Makasih banget, kamu bantu saya atasi masalah.  
goodbye,Bye, lain kali lebih cepat ya tanggapannya.  
goodbye,Terima kasih, kamu bikin saya senang hari ini.  
goodbye,Sampai ketemu, layanan ini bikin saya takjub.  
goodbye,Selamat jalan, bantuanmu sangat membantu saya.  
goodbye,Terima kasih ya, saranmu bikin kendaraan saya baik.  
goodbye,Bye, kurang memuaskan sih tapi makasih.  
goodbye,Terima kasih banyak, mobilku selamat berkat saranmu.  
goodbye,Sampai jumpa lagi, layanan ini super banget.  
goodbye,Selamat tinggal, saya puas sama penjelasanmu.  
goodbye,Makasih bro, kamu bikin saya hemat waktu tadi.  
goodbye,Bye, agak lambat tapi terima kasih.  
goodbye,Terima kasih, penjelasanmu bikin motor saya oke.  
goodbye,Sampai nanti, layanan ini bikin saya lega.  
goodbye,Selamat tinggal, kamu bantu saya paham masalah.  
goodbye,Terima kasih banyak, solusimu sangat tepat.  
goodbye,Bye, kurang puas tapi ya sudahlah.  
goodbye,Terima kasih atas sarannya, kendaraan saya aman.  
goodbye,Sampai ketemu lagi, layanan ini top abis.  
goodbye,Selamat jalan, saya senang dapat bantuanmu.  
goodbye,Makasih ya, kamu bikin saya tahu apa yang salah.  
goodbye,Bye, lain kali lebih responsif ya.  
goodbye,Terima kasih, bantuanmu bikin mobil saya jalan.  
goodbye,Sampai jumpa, layanan ini bikin saya senyum.  
goodbye,Selamat tinggal, saranmu sangat berarti buat saya.  
goodbye,Terima kasih banyak, penjelasanmu sangat oke.  
goodbye,Bye, agak bingung tapi terima kasih ya.  
goodbye,Terima kasih atas waktunya, motor saya selamat.  
goodbye,Sampai nanti ya, layanan ini recommended banget.  
goodbye,Selamat tinggal, saya puas sama konsultasi ini.  
goodbye,Makasih bang, kamu bikin saya tenang hari ini.  
goodbye,Bye, kurang jelas sih sarannya.  
goodbye,Terima kasih, kamu bantu saya atasi kebingungan.  
goodbye,Sampai ketemu, layanan ini bikin saya takjub.  
goodbye,Selamat jalan, bantuanmu sangat bermanfaat.  
goodbye,Terima kasih ya, saranmu bikin kendaraan saya oke.  
goodbye,Bye, semoga lebih cepat jawabannya nanti.  
goodbye,Terima kasih banyak, mobilku jalan lagi berkat kamu.  
goodbye,Sampai jumpa lagi, layanan ini super oke.  
goodbye,Selamat tinggal, saya senang sama penjelasanmu.  
goodbye,Makasih bro, kamu bikin saya tenangin hati.  
goodbye,Bye, agak kecewa tapi ya sudahlah.  
goodbye,Terima kasih, penjelasanmu bikin motor saya aman.  
goodbye,Sampai nanti, layanan ini bikin saya lega.  
goodbye,Selamat tinggal, kamu bantu saya paham banget.  
goodbye,Terima kasih banyak, solusimu sangat membantu.  
goodbye,Bye, lain kali lebih teliti ya jawabannya.  
goodbye,Terima kasih atas sarannya, kendaraan saya selamat.  
goodbye,Sampai ketemu lagi, layanan ini top banget.  
goodbye,Selamat jalan, saya puas sama bantuanmu.  
goodbye,Makasih ya, kamu bikin saya tahu caranya.  
goodbye,Bye, kurang puas tapi terima kasih.  
goodbye,Terima kasih, bantuanmu bikin mobil saya oke lagi.  
goodbye,Sampai jumpa, layanan ini bikin saya senang.  
goodbye,Selamat tinggal, saranmu sangat oke punya.  
goodbye,Terima kasih banyak, penjelasanmu sangat bermanfaat.  
goodbye,Bye, agak lambat tapi terima kasih ya.  
goodbye,Terima kasih atas waktunya, motor saya jalan lagi.  
goodbye,Sampai nanti ya, layanan ini recommended abis.  
goodbye,Selamat tinggal, saya lega konsultasi sama kamu.  
goodbye,Makasih banget, kamu bantu saya atasi masalah.  
goodbye,Bye, lain kali lebih cepat ya tanggapannya.  
goodbye,Terima kasih, kamu bikin saya senang hari ini.  
goodbye,Sampai ketemu, layanan ini bikin saya takjub.  
goodbye,Selamat jalan, bantuanmu sangat membantu saya.  
goodbye,Terima kasih ya, saranmu bikin kendaraan saya baik.  
goodbye,Bye, kurang memuaskan sih tapi makasih.  
goodbye,Terima kasih banyak, mobilku selamat berkat saranmu.  
goodbye,Sampai jumpa lagi, layanan ini super banget.  
goodbye,Selamat tinggal, saya puas sama penjelasanmu.  
goodbye,Makasih bro, kamu bikin saya hemat waktu tadi.  
goodbye,Bye, agak bingung tapi terima kasih.  
goodbye,Terima kasih, penjelasanmu bikin motor saya oke.  
goodbye,Sampai nanti, layanan ini bikin saya lega.  
goodbye,Selamat tinggal, kamu bantu saya paham masalah.  
goodbye,Terima kasih banyak, solusimu sangat tepat.  
goodbye,Bye, kurang jelas tapi ya sudahlah.  
goodbye,Terima kasih atas sarannya, kendaraan saya aman.  
goodbye,Sampai ketemu lagi, layanan ini top abis.  
goodbye,Selamat jalan, saya senang dapat bantuanmu.  
goodbye,Makasih ya, kamu bikin saya tahu apa yang salah.  
goodbye,Bye, lain kali lebih responsif ya.  
goodbye,Terima kasih, bantuanmu bikin mobil saya jalan.  
goodbye,Sampai jumpa, layanan ini bikin saya senyum.  
goodbye,Selamat tinggal, saranmu sangat berarti buat saya.  
goodbye,Terima kasih banyak, penjelasanmu sangat oke.  
goodbye,Bye, agak kecewa tapi terima kasih ya.  
goodbye,Terima kasih atas waktunya, motor saya selamat.  
goodbye,Sampai nanti ya, layanan ini recommended banget.  
goodbye,Selamat tinggal, saya puas sama konsultasi ini.  
goodbye,Makasih bang, kamu bikin saya tenang hari ini.  
goodbye,Bye, kurang puas sih sama sarannya.  
goodbye,Terima kasih, kamu bantu saya atasi kebingungan.  
goodbye,Sampai ketemu, layanan ini bikin saya takjub.  
goodbye,Selamat jalan, bantuanmu sangat bermanfaat.  
goodbye,Terima kasih ya, saranmu bikin kendaraan saya oke.  
goodbye,Bye, semoga lebih cepat jawabannya nanti.  
goodbye,Terima kasih banyak, mobilku jalan lagi berkat kamu.  
goodbye,Sampai jumpa lagi, layanan ini super oke.  
goodbye,Selamat tinggal, saya senang sama penjelasanmu.  
goodbye,Makasih bro, kamu bikin saya tenangin hati.  
goodbye,Bye, agak lambat tapi ya sudahlah.  
goodbye,Terima kasih, penjelasanmu bikin motor saya aman.  
goodbye,Sampai nanti, layanan ini bikin saya lega.  
goodbye,Selamat tinggal, kamu bantu saya paham banget.  
goodbye,Terima kasih banyak, solusimu sangat membantu.  
goodbye,Bye, lain kali lebih teliti ya jawabannya.  
goodbye,Terima kasih atas sarannya, kendaraan saya selamat.  
goodbye,Sampai ketemu lagi, layanan ini top banget.  
goodbye,Selamat jalan, saya puas sama bantuanmu.  
goodbye,Makasih ya, kamu bikin saya tahu caranya.  
goodbye,Bye, kurang jelas sih tapi terima kasih.  
goodbye,Terima kasih, bantuanmu bikin mobil saya oke lagi.  
goodbye,Sampai jumpa, layanan ini bikin saya senang.  
goodbye,Selamat tinggal, saranmu sangat oke punya.  
goodbye,Terima kasih banyak, penjelasanmu sangat bermanfaat.  
goodbye,Bye, agak kecewa sama layanannya.  
goodbye,Terima kasih atas waktunya, motor saya jalan lagi.  
goodbye,Sampai nanti ya, layanan ini recommended abis.  
goodbye,Selamat tinggal, saya lega konsultasi sama kamu.  
goodbye,Makasih banget, kamu bantu saya atasi masalah.  
goodbye,Bye, lain kali lebih cepat ya tanggapannya.  
goodbye,Terima kasih, kamu bikin saya senang hari ini.  
goodbye,Sampai ketemu, layanan ini bikin saya takjub.  
goodbye,Selamat jalan, bantuanmu sangat membantu saya.  
goodbye,Terima kasih ya, saranmu bikin kendaraan saya baik.  
goodbye,Bye, kurang memuaskan sih tapi makasih.  
goodbye,Terima kasih banyak, mobilku selamat berkat saranmu.  
goodbye,Sampai jumpa lagi, layanan ini super banget.  
goodbye,Selamat tinggal, saya puas sama penjelasanmu.  
goodbye,Makasih bro, kamu bikin saya hemat waktu tadi.  
goodbye,Bye, agak bingung tapi terima kasih.  
goodbye,Terima kasih, penjelasanmu bikin motor saya oke.  
goodbye,Sampai nanti, layanan ini bikin saya lega.  
goodbye,Selamat tinggal, kamu bantu saya paham masalah.  
goodbye,Terima kasih banyak, solusimu sangat tepat.  
goodbye,Bye, kurang puas tapi ya sudahlah.  
goodbye,Terima kasih atas sarannya, kendaraan saya aman.  
goodbye,Sampai ketemu lagi, layanan ini top abis.  
goodbye,Selamat jalan, saya senang dapat bantuanmu.  
goodbye,Makasih ya, kamu bikin saya tahu apa yang salah.  
goodbye,Bye, lain kali lebih responsif ya.  
goodbye,Terima kasih, bantuanmu bikin mobil saya jalan.  
goodbye,Sampai jumpa, layanan ini bikin saya senyum.  
goodbye,Selamat tinggal, saranmu sangat berarti buat saya.  
goodbye,Terima kasih banyak, penjelasanmu sangat oke.  
goodbye,Bye, agak lambat tapi terima kasih ya.  
goodbye,Terima kasih atas waktunya, motor saya selamat.  
goodbye,Sampai nanti ya, layanan ini recommended banget.  
goodbye,Selamat tinggal, saya puas sama konsultasi ini.  
goodbye,Makasih bang, kamu bikin saya tenang hari ini.  
goodbye,Bye, kurang jelas sih sarannya.  
goodbye,Terima kasih, kamu bantu saya atasi kebingungan.  
goodbye,Sampai ketemu, layanan ini bikin saya takjub.  
goodbye,Selamat jalan, bantuanmu sangat bermanfaat.  
goodbye,Terima kasih ya, saranmu bikin kendaraan saya oke.  
goodbye,Bye, semoga lebih cepat jawabannya nanti.  
goodbye,Terima kasih banyak, mobilku jalan lagi berkat kamu.  
goodbye,Sampai jumpa lagi, layanan ini super oke.  
goodbye,Selamat tinggal, saya senang sama penjelasanmu.  
goodbye,Makasih bro, kamu bikin saya tenangin hati.  
goodbye,Bye, agak kecewa tapi ya sudahlah.  
goodbye,Terima kasih, penjelasanmu bikin motor saya aman.  
goodbye,Sampai nanti, layanan ini bikin saya lega.  
goodbye,Selamat tinggal, kamu bantu saya paham banget.  
goodbye,Terima kasih banyak, solusimu sangat membantu.  
goodbye,Bye, lain kali lebih teliti ya jawabannya.  
goodbye,Terima kasih atas sarannya, kendaraan saya selamat.  
goodbye,Sampai ketemu lagi, layanan ini top banget.  
goodbye,Selamat jalan, saya puas sama bantuanmu.  
goodbye,Makasih ya, kamu bikin saya tahu caranya.  
goodbye,Bye, kurang puas tapi terima kasih.  
goodbye,Terima kasih, bantuanmu bikin mobil saya oke lagi.  
goodbye,Sampai jumpa, layanan ini bikin saya senang.  
goodbye,Selamat tinggal, saranmu sangat oke punya.  
goodbye,Terima kasih banyak, penjelasanmu sangat bermanfaat.  
goodbye,Bye, agak bingung tapi terima kasih ya.  
goodbye,Terima kasih atas waktunya, motor saya jalan lagi.  
goodbye,Sampai nanti ya, layanan ini recommended abis.  
goodbye,Selamat tinggal, saya lega konsultasi sama kamu.  
goodbye,Makasih banget, kamu bantu saya atasi masalah.  
goodbye,Bye, lain kali lebih cepat ya tanggapannya.  
goodbye,Terima kasih, kamu bikin saya senang hari ini.  
goodbye,Sampai ketemu, layanan ini bikin saya takjub.  
goodbye,Selamat jalan, bantuanmu sangat membantu saya.  
goodbye,Terima kasih ya, saranmu bikin kendaraan saya baik.  
goodbye,Bye, kurang memuaskan sih tapi makasih.  
goodbye,Terima kasih banyak, mobilku selamat berkat saranmu.  
goodbye,Sampai jumpa lagi, layanan ini super banget.  
goodbye,Selamat tinggal, saya puas sama penjelasanmu.  
goodbye,Makasih bro, kamu bikin saya hemat waktu tadi.  
goodbye,Bye, agak lambat tapi terima kasih.  
goodbye,Terima kasih, penjelasanmu bikin motor saya oke.  
goodbye,Sampai nanti, layanan ini bikin saya lega.  
goodbye,Selamat tinggal, kamu bantu saya paham masalah.  
goodbye,Terima kasih banyak, solusimu sangat tepat.  
goodbye,Bye, kurang jelas tapi ya sudahlah.  
goodbye,Terima kasih atas sarannya, kendaraan saya aman.  
goodbye,Sampai ketemu lagi, layanan ini top abis.  
goodbye,Selamat jalan, saya senang dapat bantuanmu.  
goodbye,Makasih ya, kamu bikin saya tahu apa yang salah.  
goodbye,Bye, lain kali lebih responsif ya.  
goodbye,Terima kasih, bantuanmu bikin mobil saya jalan.  
goodbye,Sampai jumpa, layanan ini bikin saya senyum.  
goodbye,Selamat tinggal, saranmu sangat berarti buat saya.  
goodbye,Terima kasih banyak, penjelasanmu sangat oke.  
goodbye,Bye, agak kecewa tapi terima kasih ya.  
goodbye,Terima kasih atas waktunya, motor saya selamat.  
goodbye,Sampai nanti ya, layanan ini recommended banget.  
goodbye,Selamat tinggal, saya puas sama konsultasi ini.  
goodbye,Makasih bang, kamu bikin saya tenang hari ini.  
goodbye,Bye, kurang puas sih sama sarannya.  
goodbye,Terima kasih, kamu bantu saya atasi kebingungan.  
goodbye,Sampai ketemu, layanan ini bikin saya takjub.  
goodbye,Selamat jalan, bantuanmu sangat bermanfaat.  
goodbye,Terima kasih ya, saranmu bikin kendaraan saya oke.  
goodbye,Bye, semoga lebih cepat jawabannya nanti.  
goodbye,Terima kasih banyak, mobilku jalan lagi berkat kamu.  
goodbye,Sampai jumpa lagi, layanan ini super oke.  
goodbye,Selamat tinggal, saya senang sama penjelasanmu.  
goodbye,Makasih bro, kamu bikin saya tenangin hati.  
goodbye,Bye, agak bingung tapi ya sudahlah.  
goodbye,Terima kasih, penjelasanmu bikin motor saya aman.  
goodbye,Sampai nanti, layanan ini bikin saya lega.  
goodbye,Selamat tinggal, kamu bantu saya paham banget.  
goodbye,Terima kasih banyak, solusimu sangat membantu.  
goodbye,Bye, lain kali lebih teliti ya jawabannya.  
goodbye,Terima kasih atas sarannya, kendaraan saya selamat.  
goodbye,Sampai ketemu lagi, layanan ini top banget.  
goodbye,Selamat jalan, saya puas sama bantuanmu.  
goodbye,Makasih ya, kamu bikin saya tahu caranya.  
goodbye,Bye, kurang jelas sih tapi terima kasih.  
goodbye,Terima kasih, bantuanmu bikin mobil saya oke lagi.  
goodbye,Sampai jumpa, layanan ini bikin saya senang.  
goodbye,Selamat tinggal, saranmu sangat oke punya.  
goodbye,Terima kasih banyak, penjelasanmu sangat bermanfaat.  
goodbye,Bye, agak kecewa sama layanannya.  
goodbye,Terima kasih atas waktunya, motor saya jalan lagi.  
goodbye,Sampai nanti ya, layanan ini recommended abis.  
goodbye,Selamat tinggal, saya lega konsultasi sama kamu.  
goodbye,Makasih banget, kamu bantu saya atasi masalah.  
goodbye,Bye, lain kali lebih cepat ya tanggapannya.  
goodbye,Terima kasih, kamu bikin saya senang hari ini.  
goodbye,Sampai ketemu, layanan ini bikin saya takjub.  
goodbye,Selamat jalan, bantuanmu sangat membantu saya.  
goodbye,Terima kasih ya, saranmu bikin kendaraan saya baik.  
goodbye,Bye, kurang memuaskan sih tapi makasih.  
goodbye,Terima kasih banyak, mobilku selamat berkat saranmu.  
goodbye,Sampai jumpa lagi, layanan ini super banget.  
goodbye,Selamat tinggal, saya puas sama penjelasanmu.  
goodbye,Makasih bro, kamu bikin saya hemat waktu tadi.  
goodbye,Bye, agak lambat tapi terima kasih.  
goodbye,Terima kasih, penjelasanmu bikin motor saya oke.  
goodbye,Sampai nanti, layanan ini bikin saya lega.  
goodbye,Selamat tinggal, kamu bantu saya paham masalah.  
goodbye,Terima kasih banyak, solusimu sangat tepat.  
goodbye,Bye, kurang puas tapi ya sudahlah.  
goodbye,Terima kasih atas sarannya, kendaraan saya aman.  
goodbye,Sampai ketemu lagi, layanan ini top abis.  
goodbye,Selamat jalan, saya senang dapat bantuanmu.  
goodbye,Makasih ya, kamu bikin saya tahu apa yang salah.
goodbye,"Terima kasih atas bantuannya tadi."
goodbye,"Makasih banyak, ya, udah jelasin soal mobilku."
goodbye,"Saya puas banget sama saran Anda."
goodbye,"Anda bener-bener membantu, thanks!"
goodbye,"Sayangnya, saya kurang puas sama jawabannya."
goodbye,"Oke, cukup sampai di sini, terima kasih."
goodbye,"Sampai jumpa lagi, semoga sukses."
goodbye,"Dadah, makasih ya."
goodbye,"Bye, terima kasih atas waktunya."
goodbye,"Terima kasih, saran Anda bakal saya coba."
goodbye,"Makasih, motor saya udah keurus sekarang."
goodbye,"Saya seneng banget sama bantuan ini."
goodbye,"Keren, Anda emang jago soal kendaraan."
goodbye,"Jawaban Anda kurang ngebantu, tapi ya sudahlah."
goodbye,"Saya rasa udah selesai, makasih."
goodbye,"Terima kasih atas bantuannya tadi."
goodbye,"Makasih banyak, ya, udah jelasin soal mobilku."
goodbye,"Saya puas banget sama saran Anda."
goodbye,"Anda bener-bener membantu, thanks!"
goodbye,"Sayangnya, saya kurang puas sama jawabannya."
goodbye,"Oke, cukup sampai di sini, terima kasih."
goodbye,"Sampai jumpa lagi, semoga sukses."
goodbye,"Dadah, makasih ya."
goodbye,"Bye, terima kasih atas waktunya."
goodbye,"Terima kasih, saran Anda bakal saya coba."
goodbye,"Makasih, motor saya udah keurus sekarang."
goodbye,"Saya seneng banget sama bantuan ini."
goodbye,"Keren, Anda emang jago soal kendaraan."
goodbye,"Jawaban Anda kurang ngebantu, tapi ya sudahlah."
goodbye,"Saya rasa udah selesai, makasih."
goodbye,"Selamat tinggal, semoga hari Anda baik."
goodbye,"Terima kasih, mobil saya bakal saya perbaiki."
goodbye,"Makasih banyak, kendaraan saya udah normal."
goodbye,"Puas banget sama konsultasi ini, thanks."
goodbye,"Anda top banget, membantu sekali."
goodbye,"Kecewa sih sama solusinya, tapi terima kasih."
goodbye,"Percakapan ini udah cukup, makasih ya."
goodbye,"Sampai ketemu lagi, terima kasih."
goodbye,"Dadah, semoga Anda sehat selalu."
goodbye,"Bye, makasih atas saran tadi."
goodbye,"Terima kasih, bantuan Anda saya hargai."
goodbye,"Makasih, sekarang motor saya udah oke."
goodbye,"Seneng deh sama jawaban Anda."
goodbye,"Anda profesional banget, salut!"
goodbye,"Kurang puas sama sarannya, tapi ya udah."
goodbye,"Kita akhiri di sini aja, terima kasih."
goodbye,"Selamat tinggal, makasih banyak."
goodbye,"Dadah, sukses terus ya."
goodbye,"Bye, semoga hari Anda menyenangkan."
goodbye,"Terima kasih, saya coba dulu saran Anda."
goodbye,"Makasih, mobil saya udah bisa jalan lagi."
goodbye,"Saya puas sama penjelasan ini."
goodbye,"Bantuan Anda luar biasa, thanks!"
goodbye,"Solusinya kurang cocok buat saya."
goodbye,"Cukup sekian, terima kasih ya."
goodbye,"Sampai jumpa, sukses selalu."
goodbye,"Dadah, terima kasih atas waktunya."
goodbye,"Bye, kendaraan saya udah beres."
goodbye,"Terima kasih, sangat membantu sekali."
goodbye,"Makasih bro, motor saya udah mantap."
goodbye,"Saya senang dapat saran begini."
goodbye,"Anda hebat, bantuannya pas banget."
goodbye,"Nggak puas sama jawabannya, tapi makasih."
goodbye,"Saya rasa udah cukup, thanks ya."
goodbye,"Selamat tinggal, semoga lancar terus."
goodbye,"Dadah, bantuan Anda saya apresiasi."
goodbye,"Bye, mobil saya udah keurus."
goodbye,"Terima kasih, solusi Anda berguna."
goodbye,"Makasih, kendaraan saya udah normal lagi."
goodbye,"Puas deh sama bantuan Anda."
goodbye,"Anda bantu banget, terima kasih!"
goodbye,"Jawabannya kurang memuaskan, ya sudahlah."
goodbye,"Percakapan selesai, makasih banyak."
goodbye,"Sampai jumpa lagi, semoga sehat."
goodbye,"Dadah, thanks atas sarannya."
goodbye,"Bye, saya coba saran Anda nanti."
goodbye,"Terima kasih, mobil saya udah oke."
goodbye,"Makasih ya, motor saya udah beres."
goodbye,"Saya puas sama konsultasi ini."
goodbye,"Anda ramah banget, membantu sekali."
goodbye,"Kurang suka sama solusinya, tapi terima kasih."
goodbye,"Udah selesai, makasih ya."
goodbye,"Selamat tinggal, sukses terus."
goodbye,"Dadah, terima kasih banyak banget."
goodbye,"Bye, semoga Anda baik-baik saja."
goodbye,"Terima kasih, saya ikutin saran Anda."
goodbye,"Makasih, kendaraan saya udah bener."
goodbye,"Seneng banget sama bantuan ini."
goodbye,"Anda ahli banget, terima kasih."
goodbye,"Nggak terlalu puas, tapi ya makasih."
goodbye,"Cukup sampai sini, terima kasih."
goodbye,"Sampai ketemu, semoga sukses."
goodbye,"Dadah, makasih atas waktunya."
goodbye,"Bye, bantuan Anda membantu banget."
goodbye,"Terima kasih, saya jadi tahu caranya."
goodbye,"Makasih, mobil saya udah jalan normal."
goodbye,"Saya puas banget sama saran ini."
goodbye,"Anda bantu saya banyak, thanks!"
goodbye,"Solusinya kurang pas, tapi makasih."
goodbye,"Selesai sudah, terima kasih ya."
goodbye,"Sampai jumpa, sehat selalu."
goodbye,"Dadah, terima kasih atas bantuan."
goodbye,"Bye, motor saya udah oke sekarang."
goodbye,"Terima kasih, saran Anda mantap."
goodbye,"Makasih, kendaraan saya udah beres."
goodbye,"Saya senang sama jawaban ini."
goodbye,"Anda hebat banget, makasih!"
goodbye,"Kurang membantu, tapi terima kasih."
goodbye,"Udah cukup, makasih banyak."
goodbye,"Selamat tinggal, semoga hari Anda baik."
goodbye,"Dadah, sukses ya."
goodbye,"Bye, terima kasih atas saran Anda."
goodbye,"Terima kasih, bantuan Anda top."
goodbye,"Makasih, mobil saya udah normal sekarang."
goodbye,"Puas banget sama layanan ini."
goodbye,"Anda sangat membantu, terima kasih."
goodbye,"Jawabannya nggak memuaskan, ya sudahlah."
goodbye,"Sampai di sini aja, makasih."
goodbye,"Sampai jumpa lagi, thanks ya."
goodbye,"Dadah, semoga lancar terus."
goodbye,"Bye, kendaraan saya udah beres sekarang."
goodbye,"Terima kasih, saya coba nanti sarannya."
goodbye,"Makasih banget, motor saya udah baik."
goodbye,"Saya seneng banget sama saran Anda."
goodbye,"Anda profesional, bantuannya oke."
goodbye,"Kurang cocok solusinya, tapi makasih."
goodbye,"Udah selesai nih, terima kasih."
goodbye,"Selamat tinggal, sukses selalu ya."
goodbye,"Dadah, makasih banyak atas waktu Anda."
goodbye,"Bye, semoga sehat terus."
goodbye,"Terima kasih, mobil saya bakal saya cek."
goodbye,"Makasih, kendaraan saya udah oke lagi."
goodbye,"Saya puas sama bantuan ini."
goodbye,"Anda ramah dan membantu, thanks!"
goodbye,"Nggak puas sih, tapi terima kasih."
goodbye,"Cukup sekian, makasih ya."
goodbye,"Sampai ketemu lagi, semoga baik-baik."
goodbye,"Dadah, terima kasih atas saran tadi."
goodbye,"Bye, saya jadi tahu apa yang harus dilakukan."
goodbye,"Terima kasih, saran Anda saya hargai."
goodbye,"Makasih, motor saya udah normal sekarang."
goodbye,"Seneng deh dapat bantuan begini."
goodbye,"Anda jago banget, terima kasih."
goodbye,"Solusinya kurang ngebantu, tapi ya udah."
goodbye,"Selesai konsultasinya, makasih."
goodbye,"Sampai jumpa, semoga sukses terus."
goodbye,"Dadah, thanks banget ya."
goodbye,"Bye, mobil saya udah beres berkat Anda."
goodbye,"Terima kasih, bantuan Anda saya butuhin."
goodbye,"Makasih, kendaraan saya udah bener lagi."
goodbye,"Saya puas banget sama jawaban ini."
goodbye,"Anda bantu banyak, terima kasih!"
goodbye,"Kurang suka sama jawabannya, tapi makasih."
goodbye,"Udah cukup sampai sini, thanks."
goodbye,"Selamat tinggal, semoga hari Anda menyenangkan."
goodbye,"Dadah, terima kasih atas waktunya."
goodbye,"Bye, motor saya udah keurus sekarang."
goodbye,"Terima kasih, saran Anda bermanfaat."
goodbye,"Makasih ya, mobil saya udah oke."
goodbye,"Saya senang sama konsultasi ini."
goodbye,"Anda hebat, bantuannya pas."
goodbye,"Nggak terlalu puas, tapi terima kasih."
goodbye,"Sampai di sini aja, makasih banyak."
goodbye,"Sampai jumpa lagi, sehat selalu."
goodbye,"Dadah, makasih atas bantuannya."
goodbye,"Bye, kendaraan saya udah normal."
goodbye,"Terima kasih, saya jadi paham sekarang."
goodbye,"Makasih, motor saya udah beres berkat Anda."
goodbye,"Puas deh sama saran ini."
goodbye,"Anda ramah banget, terima kasih."
goodbye,"Solusinya kurang cocok, ya sudahlah."
goodbye,"Selesai nih, terima kasih ya."
goodbye,"Sampai ketemu, sukses terus."
goodbye,"Dadah, semoga hari Anda baik."
goodbye,"Bye, mobil saya udah bisa jalan."
goodbye,"Terima kasih, bantuan Anda keren."
goodbye,"Makasih, kendaraan saya udah beres sekarang."
goodbye,"Saya seneng banget sama layanan ini."
goodbye,"Anda membantu sekali, thanks!"
goodbye,"Kurang memuaskan, tapi makasih."
goodbye,"Cukup sampai di sini, terima kasih."
goodbye,"Sampai jumpa, semoga lancar."
goodbye,"Dadah, terima kasih banyak ya."
goodbye,"Bye, motor saya udah oke lagi."
goodbye,"Terima kasih, saran Anda saya simpan."
goodbye,"Makasih, mobil saya udah normal berkat Anda."
goodbye,"Saya puas sama bantuan ini."
goodbye,"Anda top, terima kasih!"
goodbye,"Nggak puas sama solusinya, tapi ya udah."
goodbye,"Selesai konsultasi, makasih."
goodbye,"Sampai jumpa lagi, semoga sehat."
goodbye,"Dadah, thanks atas waktu Anda."
goodbye,"Bye, kendaraan saya udah beres."
goodbye,"Terima kasih, saya coba saran Anda."
goodbye,"Makasih banget, motor saya udah baik lagi."
goodbye,"Seneng deh sama bantuan Anda."
goodbye,"Anda jago, bantuannya mantap."
goodbye,"Kurang membantu jawabannya, tapi makasih."
goodbye,"Udah selesai, terima kasih ya."
goodbye,"Selamat tinggal, sukses selalu."
goodbye,"Dadah, makasih banyak banget."
goodbye,"Bye, mobil saya udah oke sekarang."
goodbye,"Terima kasih, bantuan Anda saya hargai."
goodbye,"Makasih, kendaraan saya udah normal lagi."
goodbye,"Saya puas banget sama konsultasi ini."
goodbye,"Anda bantu banget, terima kasih!"
goodbye,"Solusinya kurang pas, tapi makasih."
goodbye,"Cukup sekian, thanks ya."
goodbye,"Sampai jumpa, semoga baik-baik."
goodbye,"Dadah, terima kasih atas sarannya."
goodbye,"Bye, motor saya udah beres berkat Anda."
goodbye,"Terima kasih, saran Anda membantu."
goodbye,"Makasih, mobil saya udah jalan lagi."
goodbye,"Saya senang sama saran ini."
goodbye,"Anda ramah dan hebat, thanks!"
goodbye,"Nggak terlalu puas, tapi terima kasih."
goodbye,"Selesai di sini, makasih banyak."
goodbye,"Sampai ketemu lagi, sukses ya."
goodbye,"Dadah, semoga Anda sehat."
goodbye,"Bye, kendaraan saya udah oke."
goodbye,"Terima kasih, bantuan Anda berguna."
goodbye,"Makasih, motor saya udah normal lagi."
goodbye,"Puas banget sama layanan Anda."
goodbye,"Anda sangat membantu, terima kasih."
goodbye,"Kurang cocok solusinya, tapi ya sudahlah."
goodbye,"Udah cukup, makasih ya."
goodbye,"Sampai jumpa, semoga lancar terus."
goodbye,"Dadah, thanks banget."
goodbye,"Bye, mobil saya udah beres sekarang."
goodbye,"Terima kasih, saran Anda saya coba nanti."
goodbye,"Makasih, kendaraan saya udah baik lagi."
goodbye,"Saya seneng banget sama bantuan ini."
goodbye,"Anda profesional, terima kasih!"
goodbye,"Nggak puas sama jawabannya, tapi makasih."
goodbye,"Selesai nih, terima kasih."
goodbye,"Sampai jumpa lagi, sehat selalu."
goodbye,"Dadah, makasih atas waktunya."
goodbye,"Bye, motor saya udah keurus."
goodbye,"Terima kasih, bantuan Anda mantap."
goodbye,"Makasih, mobil saya udah normal lagi."
goodbye,"Saya puas sama saran Anda."
goodbye,"Anda bantu banyak, thanks!"
goodbye,"Solusinya kurang ngebantu, tapi ya udah."
goodbye,"Cukup sampai sini, terima kasih."
goodbye,"Sampai ketemu, sukses selalu."
goodbye,"Dadah, terima kasih banyak."
goodbye,"Bye, kendaraan saya udah beres berkat Anda."
goodbye,"Terima kasih, saya jadi tahu solusinya."
goodbye,"Makasih, motor saya udah oke sekarang."
goodbye,"Seneng deh sama layanan ini."
goodbye,"Anda hebat banget, terima kasih."
goodbye,"Kurang memuaskan jawabannya, tapi makasih."
goodbye,"Selesai konsultasinya, thanks ya."
goodbye,"Sampai jumpa, semoga hari Anda baik."
goodbye,"Dadah, makasih atas saran Anda."
goodbye,"Bye, mobil saya udah jalan normal."
goodbye,"Terima kasih, bantuan Anda saya hargai."
goodbye,"Makasih, kendaraan saya udah beres lagi."
goodbye,"Saya puas banget sama bantuan ini."
goodbye,"Anda ramah dan membantu, thanks!"
goodbye,"Nggak cocok solusinya, tapi terima kasih."
goodbye,"Udah selesai, makasih banyak."
goodbye,"Sampai jumpa lagi, sukses terus."
goodbye,"Dadah, semoga Anda lancar."
goodbye,"Bye, motor saya udah normal sekarang."
goodbye,"Terima kasih, saran Anda bermanfaat."
goodbye,"Makasih, mobil saya udah oke lagi."
goodbye,"Saya senang sama konsultasi ini."
goodbye,"Anda top banget, terima kasih!"
goodbye,"Kurang puas sama sarannya, tapi ya sudahlah."
goodbye,"Cukup sekian, terima kasih ya."
goodbye,"Sampai ketemu, semoga sehat."
goodbye,"Dadah, thanks atas bantuannya."
goodbye,"Bye, kendaraan saya udah beres."
goodbye,"Terima kasih, bantuan Anda keren."
goodbye,"Makasih, motor saya udah jalan lagi."
goodbye,"Puas deh sama saran Anda."
goodbye,"Anda sangat membantu, terima kasih."
goodbye,"Solusinya nggak pas, tapi makasih."
goodbye,"Selesai di sini, thanks ya."
goodbye,"Sampai jumpa, sukses selalu."
goodbye,"Dadah, terima kasih atas waktu Anda."
goodbye,"Bye, mobil saya udah normal berkat Anda."
goodbye,"Terima kasih, saran Anda saya simpan."
goodbye,"Makasih, kendaraan saya udah oke sekarang."
goodbye,"Saya seneng banget sama layanan ini."
goodbye,"Anda ramah banget, terima kasih!"
goodbye,"Nggak terlalu puas, tapi ya udah."
goodbye,"Udah cukup, makasih banyak."
goodbye,"Sampai jumpa lagi, semoga lancar."
goodbye,"Dadah, makasih atas sarannya."
goodbye,"Bye, motor saya udah beres lagi."
goodbye,"Terima kasih, bantuan Anda berguna."
goodbye,"Makasih, mobil saya udah jalan normal."
goodbye,"Saya puas sama bantuan ini."
goodbye,"Anda hebat, thanks!"
goodbye,"Kurang cocok jawabannya, tapi terima kasih."
goodbye,"Selesai nih, makasih ya."
goodbye,"Sampai ketemu, sukses terus."
goodbye,"Dadah, semoga hari Anda baik."
goodbye,"Bye, kendaraan saya udah normal lagi."
goodbye,"Terima kasih, saran Anda mantap."
goodbye,"Makasih, motor saya udah oke berkat Anda."
goodbye,"Seneng deh sama saran ini."
goodbye,"Anda profesional banget, terima kasih."
goodbye,"Nggak puas sama solusinya, tapi ya sudahlah."
goodbye,"Cukup sampai sini, thanks ya."
goodbye,"Sampai jumpa, semoga sehat selalu."
goodbye,"Dadah, terima kasih banyak banget."
goodbye,"Bye, mobil saya udah beres."
goodbye,"Terima kasih, bantuan Anda saya hargai."
goodbye,"Makasih, kendaraan saya udah jalan lagi."
goodbye,"Saya puas banget sama layanan ini."
goodbye,"Anda bantu banget, terima kasih!"
goodbye,"Solusinya kurang membantu, tapi makasih."
goodbye,"Selesai konsultasi, thanks ya."
goodbye,"Sampai jumpa lagi, sukses selalu."
goodbye,"Dadah, makasih atas waktunya."
goodbye,"Bye, motor saya udah normal berkat Anda."
goodbye,"Terima kasih, saran Anda bermanfaat."
goodbye,"Makasih, mobil saya udah oke sekarang."
goodbye,"Saya senang sama bantuan ini."
goodbye,"Anda ramah dan hebat, thanks!"
goodbye,"Kurang pas solusinya, tapi terima kasih."
goodbye,"Udah selesai, makasih banyak."
goodbye,"Sampai ketemu, semoga lancar."
goodbye,"Dadah, terima kasih atas saran Anda."
goodbye,"Bye, kendaraan saya udah beres lagi."
goodbye,"Terima kasih, bantuan Anda top."
goodbye,"Makasih, motor saya udah jalan normal."
goodbye,"Puas banget sama konsultasi ini."
goodbye,"Anda sangat membantu, terima kasih."
goodbye,"Nggak memuaskan jawabannya, tapi ya udah."
goodbye,"Cukup sekian, thanks ya."
goodbye,"Sampai jumpa, sukses terus."
goodbye,"Dadah, makasih banyak."
goodbye,"Bye, mobil saya udah normal lagi."
goodbye,"Terima kasih, saran Anda saya coba."
goodbye,"Makasih, kendaraan saya udah oke berkat Anda."
goodbye,"Saya seneng banget sama saran ini."
goodbye,"Anda hebat banget, terima kasih!"
goodbye,"Kurang cocok solusinya, tapi makasih."
goodbye,"Selesai di sini, terima kasih."
goodbye,"Sampai jumpa lagi, semoga sehat."
goodbye,"Dadah, thanks atas bantuannya."
goodbye,"Bye, motor saya udah beres sekarang."
goodbye,"Terima kasih, bantuan Anda mantap."
goodbye,"Makasih, mobil saya udah jalan lagi."
goodbye,"Saya puas sama layanan ini."
goodbye,"Anda ramah banget, thanks!"
goodbye,"Nggak puas sama jawabannya, tapi ya sudahlah."
goodbye,"Udah cukup, makasih ya."
goodbye,"Sampai ketemu, sukses selalu."
goodbye,"Dadah, terima kasih atas waktu Anda."
goodbye,"Bye, kendaraan saya udah normal sekarang."
goodbye,"Terima kasih, saran Anda berguna."
goodbye,"Makasih, motor saya udah oke lagi."
goodbye,"Seneng deh sama bantuan Anda."
goodbye,"Anda profesional, terima kasih!"
goodbye,"Kurang membantu solusinya, tapi makasih."
goodbye,"Selesai nih, thanks ya."
goodbye,"Sampai jumpa, semoga hari Anda baik."
goodbye,"Dadah, makasih atas sarannya."
goodbye,"Bye, mobil saya udah beres berkat Anda."
goodbye,"Terima kasih, bantuan Anda saya hargai."
goodbye,"Makasih, kendaraan saya udah jalan normal."
goodbye,"Saya puas banget sama saran ini."
goodbye,"Anda bantu banyak, terima kasih!"
goodbye,"Nggak cocok jawabannya, tapi ya udah."
goodbye,"Cukup sampai sini, makasih banyak."
goodbye,"Sampai jumpa lagi, sukses terus."
goodbye,"Dadah, terima kasih banyak banget."
goodbye,"Bye, motor saya udah normal lagi."
goodbye,"Terima kasih, saran Anda mantap."
goodbye,"Makasih, mobil saya udah oke berkat Anda."
goodbye,"Saya senang sama layanan ini."
goodbye,"Anda hebat, thanks!"
goodbye,"Kurang pas solusinya, tapi terima kasih."
goodbye,"Selesai konsultasi, makasih ya."
goodbye,"Sampai ketemu, semoga sehat."
goodbye,"Dadah, makasih atas bantuannya."
goodbye,"Bye, kendaraan saya udah beres sekarang."
goodbye,"Terima kasih, bantuan Anda bermanfaat."
goodbye,"Makasih, motor saya udah jalan lagi."
goodbye,"Puas banget sama saran Anda."
goodbye,"Anda ramah dan membantu, terima kasih."
goodbye,"Nggak memuaskan, tapi ya sudahlah."
goodbye,"Udah selesai, thanks ya."
goodbye,"Sampai jumpa, sukses selalu."
goodbye,"Dadah, terima kasih atas waktu Anda."
goodbye,"Bye, mobil saya udah normal sekarang."
goodbye,"Terima kasih, saran Anda saya simpan."
goodbye,"Makasih, kendaraan saya udah oke lagi."
goodbye,"Saya seneng banget sama bantuan ini."
goodbye,"Anda profesional banget, thanks!"
goodbye,"Kurang cocok solusinya, tapi makasih."
goodbye,"Cukup sekian, terima kasih."
goodbye,"Sampai jumpa lagi, semoga lancar."
goodbye,"Dadah, makasih atas saran Anda."
goodbye,"Bye, motor saya udah beres berkat Anda."
goodbye,"Terima kasih, bantuan Anda top."
goodbye,"Makasih, mobil saya udah jalan normal."
goodbye,"Saya puas sama konsultasi ini."
goodbye,"Anda bantu banget, terima kasih!"
goodbye,"Nggak puas sama jawabannya, tapi ya udah."
goodbye,"Selesai di sini, thanks ya."
goodbye,"Sampai ketemu, sukses terus."
goodbye,"Dadah, terima kasih banyak."
goodbye,"Bye, kendaraan saya udah normal lagi."
goodbye,"Terima kasih, saran Anda berguna."
goodbye,"Makasih, motor saya udah oke sekarang."
goodbye,"Seneng deh sama saran ini."
goodbye,"Anda hebat banget, terima kasih!"
goodbye,"Kurang membantu, tapi makasih."
goodbye,"Udah cukup, makasih banyak."
goodbye,"Sampai jumpa, semoga sehat selalu."
goodbye,"Dadah, thanks atas bantuannya."
goodbye,"Bye, mobil saya udah beres sekarang."
goodbye,"Terima kasih, bantuan Anda mantap."
goodbye,"Makasih, kendaraan saya udah jalan lagi."
goodbye,"Saya puas banget sama layanan ini."
goodbye,"Anda ramah dan membantu, thanks!"
goodbye,"Nggak cocok solusinya, tapi ya sudahlah."
goodbye,"Selesai nih, terima kasih."
goodbye,"Sampai jumpa lagi, sukses selalu."
goodbye,"Dadah, makasih atas waktu Anda."
goodbye,"Bye, motor saya udah normal berkat Anda."
goodbye,"Terima kasih, saran Anda bermanfaat."
goodbye,"Makasih, mobil saya udah oke lagi."
goodbye,"Saya senang sama bantuan ini."
goodbye,"Anda profesional, terima kasih!"
goodbye,"Kurang pas jawabannya, tapi makasih."
goodbye,"Cukup sampai sini, thanks ya."
goodbye,"Sampai ketemu, semoga lancar."
goodbye,"Dadah, terima kasih atas sarannya."
goodbye,"Bye, kendaraan saya udah beres lagi."
goodbye,"Terima kasih, bantuan Anda top."
goodbye,"Makasih, motor saya udah jalan normal."
goodbye,"Puas banget sama saran Anda."
goodbye,"Anda bantu banyak, terima kasih!"
goodbye,"Nggak memuaskan, tapi ya udah."
goodbye,"Selesai konsultasi, makasih ya."
goodbye,"Sampai jumpa, sukses terus."
goodbye,"Dadah, makasih banyak banget."
goodbye,"Bye, mobil saya udah normal lagi."
goodbye,"Terima kasih, saran Anda saya coba."
goodbye,"Makasih, kendaraan saya udah oke sekarang."
goodbye,"Saya seneng banget sama layanan ini."
goodbye,"Anda hebat, thanks!"
goodbye,"Kurang cocok solusinya, tapi terima kasih."
goodbye,"Udah selesai, makasih banyak."
goodbye,"Sampai jumpa lagi, semoga sehat."
goodbye,"Dadah, thanks atas bantuannya."
goodbye,"Bye, motor saya udah beres berkat Anda."
goodbye,"Terima kasih, bantuan Anda bermanfaat."
goodbye,"Makasih, mobil saya udah jalan lagi."
goodbye,"Saya puas sama saran ini."
goodbye,"Anda ramah banget, terima kasih!"
goodbye,"Nggak puas sama jawabannya, tapi ya sudahlah."
goodbye,"Cukup sekian, thanks ya."
goodbye,"Sampai ketemu, sukses selalu."
goodbye,"Dadah, terima kasih atas waktu Anda."
goodbye,"Bye, kendaraan saya udah normal sekarang."
goodbye,"Terima kasih, saran Anda mantap."
goodbye,"Makasih, motor saya udah oke lagi."
goodbye,"Seneng deh sama bantuan ini."
goodbye,"Anda profesional banget, thanks!"
goodbye,"Kurang membantu solusinya, tapi makasih."
goodbye,"Selesai di sini, terima kasih."
goodbye,"Sampai jumpa, semoga lancar terus."
goodbye,"Dadah, makasih atas saran Anda."
goodbye,"Bye, mobil saya udah beres berkat Anda."
goodbye,"Terima kasih, bantuan Anda top."
goodbye,"Makasih, kendaraan saya udah jalan normal."
goodbye,"Saya puas banget sama layanan ini."
goodbye,"Anda bantu banyak, terima kasih!"
goodbye,"Nggak cocok jawabannya, tapi ya udah."
goodbye,"Udah cukup, makasih ya."
goodbye,"Sampai jumpa lagi, sukses terus."
goodbye,"Dadah, terima kasih banyak banget."
goodbye,"Bye, motor saya udah normal lagi."
goodbye,"Terima kasih, saran Anda berguna."
goodbye,"Makasih, mobil saya udah oke sekarang."
goodbye,"Saya senang sama saran ini."
goodbye,"Anda hebat banget, thanks!"
goodbye,"Kurang pas solusinya, tapi terima kasih."
goodbye,"Selesai nih, makasih banyak."
goodbye,"Sampai ketemu, semoga sehat."
goodbye,"Dadah, thanks atas bantuannya."
goodbye,"Bye, kendaraan saya udah beres lagi."
goodbye,"Terima kasih, bantuan Anda mantap."
goodbye,"Makasih, motor saya udah jalan lagi."
goodbye,"Puas banget sama bantuan Anda."
goodbye,"Anda ramah dan membantu, terima kasih!"
goodbye,"Nggak memuaskan jawabannya, tapi ya sudahlah."
goodbye,"Cukup sampai sini, thanks ya."
goodbye,"Sampai jumpa, sukses selalu."
goodbye,"Dadah, makasih atas waktu Anda."
goodbye,"Bye, mobil saya udah normal berkat Anda."
goodbye,"Terima kasih, saran Anda bermanfaat."
goodbye,"Makasih, kendaraan saya udah oke lagi."
goodbye,"Saya seneng banget sama layanan ini."
goodbye,"Anda profesional, thanks!"
goodbye,"Kurang cocok solusinya, tapi makasih."
goodbye,"Selesai konsultasi, terima kasih."
goodbye,"Sampai jumpa lagi, semoga lancar."
goodbye,"Dadah, terima kasih atas sarannya."
goodbye,"Bye, motor saya udah beres sekarang."
goodbye,"Terima kasih, bantuan Anda top."
goodbye,"Makasih, mobil saya udah jalan normal."
goodbye,"Saya puas sama saran Anda."
goodbye,"Anda bantu banget, terima kasih!"
goodbye,"Nggak puas sama jawabannya, tapi ya udah."
goodbye,"Udah selesai, thanks ya."
goodbye,"Sampai ketemu, sukses terus."
goodbye,"Dadah, makasih banyak banget."
goodbye,"Bye, kendaraan saya udah normal lagi."
goodbye,"Terima kasih, saran Anda mantap."
goodbye,"Makasih, motor saya udah oke berkat Anda."
goodbye,"Seneng deh sama bantuan ini."
goodbye,"Anda hebat, thanks!"
goodbye,"Kurang membantu solusinya, tapi terima kasih."
goodbye,"Cukup sekian, makasih ya."
goodbye,"Sampai jumpa, semoga sehat selalu."
goodbye,"Dadah, thanks atas waktu Anda."
goodbye,"Bye, mobil saya udah beres lagi."
goodbye,"Terima kasih, bantuan Anda bermanfaat."
goodbye,"Makasih, kendaraan saya udah jalan lagi."
goodbye,"Saya puas banget sama layanan ini."
goodbye,"Anda ramah banget, terima kasih!"
goodbye,"Nggak cocok jawabannya, tapi ya sudahlah."
goodbye,"Selesai di sini, thanks ya."
goodbye,"Sampai jumpa lagi, sukses selalu."
goodbye,"Dadah, terima kasih atas saran Anda."
goodbye,"Bye, motor saya udah normal sekarang."
goodbye,"Terima kasih, saran Anda top."
goodbye,"Makasih, mobil saya udah oke berkat Anda."
goodbye,"Saya senang sama saran ini."
goodbye,"Anda profesional banget, thanks!"
goodbye,"Kurang pas solusinya, tapi makasih."
goodbye,"Udah cukup, terima kasih."
goodbye,"Sampai ketemu, semoga lancar."
goodbye,"Dadah, makasih atas bantuannya."
goodbye,"Bye, kendaraan saya udah beres berkat Anda."
goodbye,"Terima kasih, bantuan Anda mantap."
goodbye,"Makasih, motor saya udah jalan normal."
goodbye,"Puas banget sama bantuan ini."
goodbye,"Anda bantu banyak, terima kasih!"
goodbye,"Nggak memuaskan jawabannya, tapi ya udah."
goodbye,"Selesai nih, thanks ya."
goodbye,"Sampai jumpa, sukses terus."
goodbye,"Dadah, terima kasih banyak banget."
goodbye,"Bye, mobil saya udah normal lagi."
goodbye,"Terima kasih, saran Anda berguna."
goodbye,"Makasih, kendaraan saya udah oke sekarang."
goodbye,"Saya seneng banget sama saran Anda."
goodbye,"Anda hebat banget, thanks!"
goodbye,"Kurang cocok solusinya, tapi terima kasih."
goodbye,"Cukup sampai sini, makasih ya."
goodbye,"Sampai jumpa lagi, semoga sehat."
goodbye,"Dadah, thanks atas sarannya."
goodbye,"Bye, motor saya udah beres berkat Anda."
goodbye,"Terima kasih, bantuan Anda bermanfaat."
goodbye,"Makasih, mobil saya udah jalan lagi."
goodbye,"Saya puas sama layanan ini."
goodbye,"Anda ramah dan membantu, terima kasih!"
goodbye,"Nggak puas sama jawabannya, tapi ya sudahlah."
goodbye,"Selesai konsultasi, thanks ya."
goodbye,"Sampai ketemu, sukses selalu."
goodbye,"Dadah, makasih atas waktu Anda."
goodbye,"Bye, kendaraan saya udah normal lagi."
goodbye,"Terima kasih, saran Anda mantap."
goodbye,"Makasih, motor saya udah oke sekarang."
goodbye,"Seneng deh sama bantuan Anda."
goodbye,"Anda profesional, thanks!"
goodbye,"Kurang membantu solusinya, tapi makasih."
goodbye,"Udah selesai, terima kasih."
goodbye,"Sampai jumpa, semoga lancar terus."
goodbye,"Dadah, terima kasih atas saran Anda."
goodbye,"Bye, mobil saya udah beres berkat Anda."
goodbye,"Terima kasih, bantuan Anda top."
goodbye,"Makasih, kendaraan saya udah jalan normal."
goodbye,"Saya puas banget sama saran ini."
goodbye,"Anda bantu banget, terima kasih!"
goodbye,"Nggak cocok jawabannya, tapi ya udah."
goodbye,"Cukup sekian, thanks ya."
goodbye,"Sampai jumpa lagi, sukses terus."
goodbye,"Dadah, makasih banyak banget."
goodbye,"Bye, motor saya udah normal lagi."
goodbye,"Terima kasih, saran Anda bermanfaat."
goodbye,"Makasih, mobil saya udah oke berkat Anda."
goodbye,"Saya senang sama layanan ini."
goodbye,"Anda hebat, thanks!"
goodbye,"Kurang pas solusinya, tapi terima kasih."
goodbye,"Selesai di sini, makasih ya."
goodbye,"Sampai ketemu, semoga sehat."
goodbye,"Dadah, thanks atas bantuannya."
goodbye,"Bye, kendaraan saya udah beres sekarang."
goodbye,"Terima kasih, bantuan Anda mantap."
goodbye,"Makasih, motor saya udah jalan lagi."
goodbye,"Puas banget sama saran Anda."
goodbye,"Anda ramah banget, terima kasih!"
goodbye,"Nggak memuaskan jawabannya, tapi ya sudahlah."
goodbye,"Udah cukup, thanks ya."
goodbye,"Sampai jumpa, sukses selalu."
goodbye,"Dadah, terima kasih atas waktu Anda."
goodbye,"Bye, mobil saya udah normal berkat Anda."
goodbye,"Terima kasih, saran Anda berguna."
goodbye,"Makasih, kendaraan saya udah oke lagi."
goodbye,"Saya seneng banget sama bantuan ini."
goodbye,"Anda profesional banget, thanks!"
goodbye,"Kurang cocok solusinya, tapi makasih."
goodbye,"Selesai nih, terima kasih."
goodbye,"Sampai jumpa lagi, semoga lancar."
goodbye,"Dadah, makasih atas saran Anda."
goodbye,"Bye, motor saya udah beres berkat Anda."
goodbye,"Terima kasih, bantuan Anda top."
goodbye,"Makasih, mobil saya udah jalan normal."
goodbye,"Saya puas sama saran ini."
goodbye,"Anda bantu banyak, terima kasih!"
goodbye,"Nggak puas sama jawabannya, tapi ya udah."
goodbye,"Cukup sampai sini, thanks ya."
goodbye,"Sampai ketemu, sukses terus."
goodbye,"Dadah, terima kasih banyak banget."
goodbye,"Bye, kendaraan saya udah normal lagi."
goodbye,"Terima kasih, saran Anda mantap."
goodbye,"Makasih, motor saya udah oke sekarang."
goodbye,"Seneng deh sama layanan ini."
goodbye,"Anda hebat banget, thanks!"
goodbye,"Kurang membantu solusinya, tapi makasih."
goodbye,"Selesai konsultasi, terima kasih."
goodbye,"Sampai jumpa, semoga sehat selalu."
goodbye,"Dadah, thanks atas bantuannya."
goodbye,"Bye, mobil saya udah beres berkat Anda."
goodbye,"Terima kasih, bantuan Anda bermanfaat."
goodbye,"Makasih, kendaraan saya udah jalan lagi."
goodbye,"Saya puas banget sama saran Anda."
goodbye,"Anda ramah dan membantu, terima kasih!"
goodbye,"Nggak cocok jawabannya, tapi ya sudahlah."
goodbye,"Udah selesai, thanks ya."
goodbye,"Sampai jumpa lagi, sukses selalu."
goodbye,"Dadah, makasih atas waktu Anda."
goodbye,"Bye, motor saya udah normal berkat Anda."
goodbye,"Terima kasih, saran Anda top."
goodbye,"Makasih, mobil saya udah oke lagi."
goodbye,"Saya senang sama bantuan ini."
goodbye,"Anda profesional, thanks!"
goodbye,"Kurang pas solusinya, tapi terima kasih."
goodbye,"Cukup sekian, makasih ya."
goodbye,"Sampai ketemu, semoga lancar."
goodbye,"Dadah, terima kasih atas saran Anda."
goodbye,"Bye, kendaraan saya udah beres lagi."
goodbye,"Terima kasih, bantuan Anda mantap."
goodbye,"Makasih, motor saya udah jalan normal."
goodbye,"Puas banget sama layanan ini."
goodbye,"Anda bantu banget, terima kasih!"
goodbye,"Nggak memuaskan jawabannya, tapi ya udah."
goodbye,"Selesai di sini, thanks ya."
goodbye,"Sampai jumpa, sukses terus."
goodbye,"Dadah, makasih banyak banget."
goodbye,"Bye, mobil saya udah normal lagi."
goodbye,"Terima kasih, saran Anda berguna."
goodbye,"Makasih, kendaraan saya udah oke berkat Anda."
goodbye,"Saya seneng banget sama saran ini."
goodbye,"Anda hebat, thanks!"
goodbye,"Kurang cocok solusinya, tapi terima kasih."
goodbye,"Udah cukup, makasih ya."
goodbye,"Sampai jumpa lagi, semoga sehat."
goodbye,"Dadah, thanks atas bantuannya."
goodbye,"Bye, motor saya udah beres sekarang."
goodbye,"Terima kasih, bantuan Anda bermanfaat."
goodbye,"Makasih, mobil saya udah jalan lagi."
goodbye,"Saya puas sama saran Anda."
goodbye,"Anda ramah banget, terima kasih!"
goodbye,"Nggak puas sama jawabannya, tapi ya sudahlah."
goodbye,"Selesai nih, thanks ya."
goodbye,"Sampai ketemu, sukses selalu."
goodbye,"Dadah, terima kasih atas waktu Anda."
goodbye,"Bye, kendaraan saya udah normal berkat Anda."
goodbye,"Terima kasih, saran Anda mantap."
goodbye,"Makasih, motor saya udah oke lagi."
goodbye,"Seneng deh sama bantuan ini."
goodbye,"Anda profesional banget, thanks!"
goodbye,"Kurang membantu solusinya, tapi makasih."
goodbye,"Cukup sampai sini, terima kasih."
goodbye,"Sampai jumpa, semoga lancar terus."
goodbye,"Dadah, makasih atas saran Anda."
goodbye,"Bye, mobil saya udah beres berkat Anda."
goodbye,"Terima kasih, bantuan Anda top."
goodbye,"Makasih, kendaraan saya udah jalan normal."
goodbye,"Saya puas banget sama layanan ini."
goodbye,"Anda bantu banyak, terima kasih!"
goodbye,"Nggak cocok jawabannya, tapi ya udah."
goodbye,"Selesai konsultasi, thanks ya."
goodbye,"Sampai jumpa lagi, sukses terus."
goodbye,"Dadah, terima kasih banyak banget."
goodbye,"Bye, motor saya udah normal lagi."
goodbye,"Terima kasih, saran Anda bermanfaat."
goodbye,"Makasih, mobil saya udah oke sekarang."
goodbye,"Saya senang sama saran ini."
goodbye,"Anda hebat banget, thanks!"
goodbye,"Kurang pas solusinya, tapi terima kasih."
goodbye,"Udah selesai, makasih ya."
goodbye,"Sampai ketemu, semoga sehat."
goodbye,"Dadah, thanks atas bantuannya."
goodbye,"Bye, kendaraan saya udah beres berkat Anda."
goodbye,"Terima kasih, bantuan Anda mantap."
goodbye,"Makasih, motor saya udah jalan lagi."
goodbye,"Puas banget sama bantuan Anda."
goodbye,"Anda ramah dan membantu, terima kasih!"
goodbye,"Nggak memuaskan jawabannya, tapi ya sudahlah."
goodbye,"Cukup sekian, thanks ya."
goodbye,"Sampai jumpa, sukses selalu."
goodbye,"Dadah, makasih atas waktu Anda."
goodbye,"Bye, mobil saya udah normal berkat Anda."
goodbye,"Terima kasih, saran Anda berguna."
goodbye,"Makasih, kendaraan saya udah oke lagi."
goodbye,"Saya seneng banget sama layanan ini."
goodbye,"Anda profesional, thanks!"
goodbye,"Kurang cocok solusinya, tapi makasih."
goodbye,"Selesai di sini, terima kasih."
goodbye,"Sampai jumpa lagi, semoga lancar."
goodbye,"Dadah, terima kasih atas saran Anda."
goodbye,"Bye, motor saya udah beres berkat Anda."
goodbye,"Terima kasih, bantuan Anda top."
goodbye,"Makasih, mobil saya udah jalan normal."
goodbye,"Saya puas sama saran ini."
goodbye,"Anda bantu banget, terima kasih!"
goodbye,"Nggak puas sama jawabannya, tapi ya udah."
goodbye,"Udah cukup, thanks ya."
goodbye,"Sampai ketemu, sukses terus."
goodbye,"Dadah, makasih banyak banget."
goodbye,"Bye, kendaraan saya udah normal lagi."
goodbye,"Terima kasih, saran Anda mantap."
goodbye,"Makasih, motor saya udah oke sekarang."
goodbye,"Seneng deh sama bantuan Anda."
goodbye,"Anda hebat, thanks!"
goodbye,"Kurang membantu solusinya, tapi terima kasih."
goodbye,"Selesai nih, makasih ya."
goodbye,"Sampai jumpa, semoga sehat selalu."
goodbye,"Dadah, thanks atas sarannya."
goodbye,"Bye, mobil saya udah beres berkat Anda."
goodbye,"Terima kasih, bantuan Anda bermanfaat."
goodbye,"Makasih, kendaraan saya udah jalan lagi."
goodbye,"Saya puas banget sama saran Anda."
goodbye,"Anda ramah banget, terima kasih!"
goodbye,"Nggak cocok jawabannya, tapi ya sudahlah."
goodbye,"Cukup sampai sini, thanks ya."
goodbye,"Sampai jumpa lagi, sukses selalu."
goodbye,"Dadah, terima kasih atas waktu Anda."
goodbye,"Bye, motor saya udah normal berkat Anda."
goodbye,"Terima kasih, saran Anda top."
goodbye,"Makasih, mobil saya udah oke lagi."
goodbye,"Saya senang sama layanan ini."
goodbye,"Anda profesional banget, thanks!"
goodbye,"Kurang pas solusinya, tapi makasih."
goodbye,"Selesai konsultasi, terima kasih."
goodbye,"Sampai ketemu, semoga lancar."
goodbye,"Dadah, makasih atas bantuannya."
goodbye,"Bye, kendaraan saya udah beres sekarang."
goodbye,"Terima kasih, bantuan Anda mantap."
goodbye,"Makasih, motor saya udah jalan normal."
goodbye,"Puas banget sama saran ini."
goodbye,"Anda bantu banyak, terima kasih!"
goodbye,"Nggak memuaskan jawabannya, tapi ya udah."
goodbye,"Udah selesai, thanks ya."
goodbye,"Sampai jumpa, sukses terus."
goodbye,"Dadah, terima kasih banyak banget."
goodbye,"Bye, mobil saya udah normal lagi."
goodbye,"Terima kasih, saran Anda berguna."
goodbye,"Makasih, kendaraan saya udah oke berkat Anda."
goodbye,"Saya seneng banget sama bantuan ini."
goodbye,"Anda hebat banget, thanks!"
goodbye,"Kurang cocok solusinya, tapi terima kasih."
goodbye,"Cukup sekian, makasih ya."
goodbye,"Sampai jumpa lagi, semoga sehat."
goodbye,"Dadah, thanks atas saran Anda."
goodbye,"Bye, motor saya udah beres berkat Anda."
goodbye,"Terima kasih, bantuan Anda top."
goodbye,"Makasih, mobil saya udah jalan lagi."
goodbye,"Saya puas sama saran Anda."
goodbye,"Anda ramah dan membantu, terima kasih!"
goodbye,"Nggak puas sama jawabannya, tapi ya sudahlah."
goodbye,"Selesai di sini, thanks ya."
goodbye,"Sampai ketemu, sukses selalu."
goodbye,"Dadah, makasih atas waktu Anda."
goodbye,"Bye, kendaraan saya udah normal sekarang."
goodbye,"Terima kasih, saran Anda mantap."
goodbye,"Makasih, motor saya udah oke lagi."
goodbye,"Seneng deh sama layanan ini."
goodbye,"Anda profesional, thanks!"
goodbye,"Kurang membantu solusinya, tapi makasih."
goodbye,"Udah cukup, terima kasih."
goodbye,"Sampai jumpa, semoga lancar terus."
goodbye,"Dadah, terima kasih atas bantuannya."
goodbye,"Bye, mobil saya udah beres berkat Anda."
goodbye,"Terima kasih, bantuan Anda bermanfaat."
goodbye,"Makasih, kendaraan saya udah jalan normal."
goodbye,"Saya puas banget sama saran ini."
goodbye,"Anda bantu banget, terima kasih!"
goodbye,"Nggak cocok jawabannya, tapi ya udah."
goodbye,"Selesai nih, thanks ya."
goodbye,"Sampai jumpa lagi, sukses terus."
goodbye,"Dadah, makasih banyak banget."
goodbye,"Bye, motor saya udah normal lagi."
goodbye,"Terima kasih, saran Anda top."
goodbye,"Makasih, mobil saya udah oke berkat Anda."
goodbye,"Saya senang sama bantuan ini."
goodbye,"Anda hebat, thanks!"
goodbye,"Kurang pas solusinya, tapi terima kasih."
goodbye,"Cukup sampai sini, makasih ya."
goodbye,"Sampai ketemu, semoga sehat."
goodbye,"Dadah, thanks atas saran Anda."
goodbye,"Bye, kendaraan saya udah beres berkat Anda."
goodbye,"Terima kasih, bantuan Anda mantap."
goodbye,"Makasih, motor saya udah jalan lagi."
goodbye,"Puas banget sama layanan ini."
goodbye,"Anda ramah banget, terima kasih!"
goodbye,"Nggak memuaskan jawabannya, tapi ya sudahlah."
goodbye,"Selesai konsultasi, thanks ya."
goodbye,"Sampai jumpa, sukses selalu."
goodbye,"Dadah, terima kasih atas waktu Anda."
goodbye,"Bye, mobil saya udah normal sekarang."
goodbye,"Terima kasih, saran Anda berguna."
goodbye,"Makasih, kendaraan saya udah oke lagi."
goodbye,"Saya seneng banget sama saran Anda."
goodbye,"Anda profesional banget, thanks!"
goodbye,"Kurang cocok solusinya, tapi makasih."
goodbye,"Udah selesai, terima kasih."
goodbye,"Sampai jumpa lagi, semoga lancar."
goodbye,"Dadah, makasih atas bantuannya."
goodbye,"Bye, motor saya udah beres berkat Anda."
goodbye,"Terima kasih, bantuan Anda top."
goodbye,"Makasih, mobil saya udah jalan normal."
goodbye,"Saya puas sama saran ini."
goodbye,"Anda bantu banyak, terima kasih!"
goodbye,"Nggak puas sama jawabannya, tapi ya udah."
goodbye,"Cukup sekian, thanks ya."
goodbye,"Sampai ketemu, sukses terus."
goodbye,"Dadah, terima kasih banyak banget."
goodbye,"Bye, kendaraan saya udah normal lagi."
goodbye,"Terima kasih, saran Anda mantap."
goodbye,"Makasih, motor saya udah oke sekarang."
goodbye,"Seneng deh sama bantuan ini."
goodbye,"Anda hebat banget, thanks!"
goodbye,"Kurang membantu solusinya, tapi makasih."
goodbye,"Selesai di sini, terima kasih."
goodbye,"Sampai jumpa, semoga sehat selalu."
goodbye,"Dadah, thanks atas saran Anda."
goodbye,"Bye, mobil saya udah beres berkat Anda."
goodbye,"Terima kasih, bantuan Anda bermanfaat."
goodbye,"Makasih, kendaraan saya udah jalan lagi."
goodbye,"Saya puas banget sama layanan ini."
goodbye,"Anda ramah dan membantu, terima kasih!"
goodbye,"Nggak cocok jawabannya, tapi ya sudahlah."
goodbye,"Udah cukup, thanks ya."
goodbye,"Sampai jumpa lagi, sukses selalu."
goodbye,"Dadah, makasih atas waktu Anda."
goodbye,"Bye, motor saya udah normal berkat Anda."
goodbye,"Terima kasih, saran Anda top."
goodbye,"Makasih, mobil saya udah oke lagi."
goodbye,"Saya senang sama saran ini."
goodbye,"Anda profesional, thanks!"
goodbye,"Kurang pas solusinya, tapi terima kasih."
goodbye,"Selesai nih, makasih ya."
goodbye,"Sampai ketemu, semoga lancar."
goodbye,"Dadah, terima kasih atas bantuannya."
goodbye,"Bye, kendaraan saya udah beres sekarang."
goodbye,"Terima kasih, bantuan Anda mantap."
goodbye,"Makasih, motor saya udah jalan normal."
goodbye,"Puas banget sama saran Anda."
goodbye,"Anda bantu banget, terima kasih!"
goodbye,"Nggak memuaskan jawabannya, tapi ya udah."
goodbye,"Cukup sampai sini, thanks ya."
goodbye,"Sampai jumpa, sukses terus."
goodbye,"Dadah, makasih banyak banget."
goodbye,"Bye, mobil saya udah normal lagi."
goodbye,"Terima kasih, saran Anda berguna."
goodbye,"Makasih, kendaraan saya udah oke berkat Anda."
goodbye,"Saya seneng banget sama bantuan ini."
goodbye,"Anda hebat, thanks!"
goodbye,"Kurang cocok solusinya, tapi terima kasih."
goodbye,"Selesai konsultasi, makasih ya."
goodbye,"Sampai jumpa lagi, semoga sehat."
goodbye,"Dadah, thanks atas saran Anda."
goodbye,"Bye, motor saya udah beres berkat Anda."
goodbye,"Terima kasih, bantuan Anda top."
goodbye,"Makasih, mobil saya udah jalan lagi."
goodbye,"Saya puas sama layanan ini."
goodbye,"Anda ramah banget, terima kasih!"
goodbye,"Nggak puas sama jawabannya, tapi ya sudahlah."
goodbye,"Udah selesai, thanks ya."
goodbye,"Sampai ketemu, sukses selalu."
goodbye,"Dadah, terima kasih atas waktu Anda."
goodbye,"Bye, kendaraan saya udah normal sekarang."
goodbye,"Terima kasih, saran Anda mantap."
goodbye,"Makasih, motor saya udah oke lagi."
goodbye,"Seneng deh sama saran ini."
goodbye,"Anda profesional banget, thanks!"
goodbye,"Kurang membantu solusinya, tapi makasih."
goodbye,"Cukup sekian, terima kasih."
goodbye,"Sampai jumpa, semoga lancar terus."
goodbye,"Dadah, makasih atas bantuannya."
goodbye,"Bye, mobil saya udah beres berkat Anda."
goodbye,"Terima kasih, bantuan Anda bermanfaat."
goodbye,"Makasih, kendaraan saya udah jalan normal."
goodbye,"Saya puas banget sama saran Anda."
goodbye,"Anda bantu banyak, terima kasih!"
goodbye,"Nggak cocok jawabannya, tapi ya udah."
goodbye,"Selesai di sini, thanks ya."
goodbye,"Sampai jumpa lagi, sukses terus."
goodbye,"Dadah, terima kasih banyak banget."
goodbye,"Bye, motor saya udah normal lagi."
goodbye,"Terima kasih, saran Anda top."
goodbye,"Makasih, mobil saya udah oke berkat Anda."
goodbye,"Saya senang sama bantuan ini."
goodbye,"Anda hebat banget, thanks!"
goodbye,"Kurang pas solusinya, tapi terima kasih."
goodbye,"Udah cukup, makasih ya."
goodbye,"Sampai ketemu, semoga sehat."
goodbye,"Dadah, thanks atas saran Anda."
goodbye,"Bye, kendaraan saya udah beres berkat Anda."
goodbye,"Terima kasih, bantuan Anda mantap."
goodbye,"Makasih, motor saya udah jalan lagi."
goodbye,"Puas banget sama layanan ini."
goodbye,"Anda ramah dan membantu, terima kasih!"
goodbye,"Nggak memuaskan jawabannya, tapi ya sudahlah."
goodbye,"Selesai nih, thanks ya."
goodbye,"Sampai jumpa, sukses selalu."
goodbye,"Dadah, makasih atas waktu Anda."
goodbye,"Bye, mobil saya udah normal berkat Anda."
goodbye,"Terima kasih, saran Anda berguna."
goodbye,"Makasih, kendaraan saya udah oke lagi."
goodbye,"Saya seneng banget sama saran ini."
goodbye,"Anda profesional, thanks!"
goodbye,"Kurang cocok solusinya, tapi makasih."
goodbye,"Cukup sampai sini, terima kasih."
goodbye,"Sampai jumpa lagi, semoga lancar."
goodbye,"Dadah, terima kasih atas bantuannya."
goodbye,"Bye, motor saya udah beres sekarang."
goodbye,"Terima kasih, bantuan Anda top."
goodbye,"Makasih, mobil saya udah jalan normal."
goodbye,"Saya puas sama saran Anda."
goodbye,"Anda bantu banget, terima kasih!"
goodbye,"Nggak puas sama jawabannya, tapi ya udah."
goodbye,"Selesai konsultasi, thanks ya."
goodbye,"Sampai ketemu, sukses terus."
goodbye,"Dadah, makasih banyak banget."
goodbye,"Bye, kendaraan saya udah normal lagi."
goodbye,"Terima kasih, saran Anda mantap."
goodbye,"Makasih, motor saya udah oke berkat Anda."
goodbye,"Seneng deh sama bantuan ini."
goodbye,"Anda hebat, thanks!"
goodbye,"Kurang membantu solusinya, tapi terima kasih."
goodbye,"Udah selesai, makasih ya."
goodbye,"Sampai jumpa, semoga sehat selalu."
goodbye,"Dadah, thanks atas saran Anda."
goodbye,"Bye, mobil saya udah beres berkat Anda."
goodbye,"Terima kasih, bantuan Anda bermanfaat."
goodbye,"Makasih, kendaraan saya udah jalan lagi."
goodbye,"Saya puas banget sama layanan ini."
goodbye,"Anda ramah banget, terima kasih!"
goodbye,"Nggak cocok jawabannya, tapi ya sudahlah."
goodbye,"Cukup sekian, thanks ya."
goodbye,"Sampai jumpa lagi, sukses selalu."
goodbye,"Dadah, terima kasih atas waktu Anda."
goodbye,"Bye, motor saya udah normal berkat Anda."
goodbye,"Terima kasih, saran Anda top."
goodbye,"Makasih, mobil saya udah oke lagi."
goodbye,"Saya senang sama saran ini."
goodbye,"Anda profesional banget, thanks!"
goodbye,"Kurang pas solusinya, tapi makasih."
goodbye,"Selesai di sini, terima kasih."
goodbye,"Sampai ketemu, semoga lancar."
goodbye,"Dadah, makasih atas bantuannya."
goodbye,"Bye, kendaraan saya udah beres berkat Anda."
goodbye,"Terima kasih, bantuan Anda mantap."
goodbye,"Makasih, motor saya udah jalan normal."
goodbye,"Puas banget sama saran Anda."
goodbye,"Anda bantu banyak, terima kasih!"
goodbye,"Nggak memuaskan jawabannya, tapi ya udah."
goodbye,"Udah cukup, thanks ya."
goodbye,"Sampai jumpa, sukses terus."
goodbye,"Dadah, terima kasih banyak banget."
goodbye,"Bye, mobil saya udah normal lagi."
goodbye,"Terima kasih, saran Anda berguna."
goodbye,"Makasih, kendaraan saya udah oke sekarang."
goodbye,"Saya seneng banget sama bantuan ini."
goodbye,"Anda hebat banget, thanks!"
goodbye,"Kurang cocok solusinya, tapi terima kasih."
goodbye,"Selesai nih, makasih ya."
goodbye,"Sampai jumpa lagi, semoga sehat."
goodbye,"Dadah, thanks atas saran Anda."
goodbye,"Bye, motor saya udah beres berkat Anda."
goodbye,"Terima kasih, bantuan Anda top."
goodbye,"Makasih, mobil saya udah jalan lagi."
goodbye,"Saya puas sama layanan ini."
goodbye,"Anda ramah dan membantu, terima kasih!"
goodbye,"Nggak puas sama jawabannya, tapi ya sudahlah."
goodbye,"Cukup sampai sini, thanks ya."
goodbye,"Sampai ketemu, sukses selalu."
goodbye,"Dadah, makasih atas waktu Anda."
goodbye,"Bye, kendaraan saya udah normal berkat Anda."
goodbye,"Terima kasih, saran Anda mantap."
goodbye,"Makasih, motor saya udah oke lagi."
goodbye,"Seneng deh sama saran ini."
goodbye,"Anda profesional, thanks!"
goodbye,"Kurang membantu solusinya, tapi makasih."
goodbye,"Selesai konsultasi, terima kasih."
goodbye,"Sampai jumpa, semoga lancar terus."
goodbye,"Dadah, terima kasih atas bantuannya."
goodbye,"Bye, mobil saya udah beres sekarang."
goodbye,"Terima kasih, bantuan Anda bermanfaat."
goodbye,"Makasih, kendaraan saya udah jalan normal."
goodbye,"Saya puas banget sama saran Anda."
goodbye,"Anda bantu banget, terima kasih!"
goodbye,"Nggak cocok jawabannya, tapi ya udah."
goodbye,"Udah selesai, thanks ya."
goodbye,"Sampai jumpa lagi, sukses terus."
goodbye,"Dadah, makasih banyak banget."
goodbye,"Bye, motor saya udah normal lagi."
goodbye,"Terima kasih, saran Anda top."
goodbye,"Makasih, mobil saya udah oke berkat Anda."
goodbye,"Saya senang sama bantuan ini."
goodbye,"Anda hebat, thanks!"
goodbye,"Kurang pas solusinya, tapi terima kasih."
goodbye,"Cukup sekian, makasih ya."
goodbye,"Sampai ketemu, semoga sehat."
goodbye,"Dadah, thanks atas saran Anda."
goodbye,"Bye, kendaraan saya udah beres berkat Anda."
goodbye,"Terima kasih, bantuan Anda mantap."
goodbye,"Makasih, motor saya udah jalan lagi."
goodbye,"Puas banget sama layanan ini."
goodbye,"Anda ramah banget, terima kasih!"
goodbye,"Nggak memuaskan jawabannya, tapi ya sudahlah."
goodbye,"Selesai di sini, thanks ya."
goodbye,"Sampai jumpa, sukses selalu."
goodbye,"Dadah, terima kasih atas waktu Anda."
goodbye,"Bye, mobil saya udah normal berkat Anda."
goodbye,"Terima kasih, saran Anda berguna."
goodbye,"Makasih, kendaraan saya udah oke lagi."
goodbye,"Saya seneng banget sama saran ini."
goodbye,"Anda profesional banget, thanks!"
goodbye,"Kurang cocok solusinya, tapi makasih."
goodbye,"Udah cukup, terima kasih."
goodbye,"Sampai jumpa lagi, semoga lancar."
goodbye,"Dadah, makasih atas bantuannya."
goodbye,"Bye, motor saya udah beres sekarang."
goodbye,"Terima kasih, bantuan Anda top."
goodbye,"Makasih, mobil saya udah jalan normal."
goodbye,"Saya puas sama saran Anda."
goodbye,"Anda bantu banyak, terima kasih!"
goodbye,"Nggak puas sama jawabannya, tapi ya udah."
goodbye,"Selesai nih, thanks ya."
goodbye,"Sampai ketemu, sukses terus."
goodbye,"Dadah, terima kasih banyak banget."
goodbye,"Bye, kendaraan saya udah normal lagi."
goodbye,"Terima kasih, saran Anda mantap."
goodbye,"Makasih, motor saya udah oke berkat Anda."
goodbye,"Seneng deh sama bantuan ini."
goodbye,"Anda hebat banget, thanks!"
goodbye,"Kurang membantu solusinya, tapi makasih."
goodbye,"Cukup sampai sini, terima kasih."
goodbye,"Sampai jumpa, semoga sehat selalu."
goodbye,"Dadah, thanks atas saran Anda."
goodbye,"Bye, mobil saya udah beres berkat Anda."
goodbye,"Terima kasih, bantuan Anda bermanfaat."
goodbye,"Makasih, kendaraan saya udah jalan lagi."
goodbye,"Saya puas banget sama layanan ini."
goodbye,"Anda ramah dan membantu, terima kasih!"
goodbye,"Nggak cocok jawabannya, tapi ya sudahlah."
goodbye,"Selesai konsultasi, thanks ya."
goodbye,"Sampai jumpa lagi, sukses selalu."
goodbye,"Dadah, makasih atas waktu Anda."
goodbye,"Bye, motor saya udah normal berkat Anda."
goodbye,"Terima kasih, saran Anda top."
goodbye,"Makasih, mobil saya udah oke lagi."
goodbye,"Saya senang sama saran ini."
goodbye,"Anda profesional, thanks!"
goodbye,"Kurang pas solusinya, tapi terima kasih."
goodbye,"Udah selesai, makasih ya."
goodbye,"Sampai ketemu, semoga lancar."
goodbye,"Dadah, terima kasih atas bantuannya."
goodbye,"Bye, kendaraan saya udah beres berkat Anda."
goodbye,"Terima kasih, bantuan Anda mantap."
goodbye,"Makasih, motor saya udah jalan normal."
goodbye,"Puas banget sama saran Anda."
goodbye,"Anda bantu banget, terima kasih!"
goodbye,"Nggak memuaskan jawabannya, tapi ya udah."
goodbye,"Cukup sekian, thanks ya."
goodbye,"Sampai jumpa, sukses terus."
goodbye,"Dadah, makasih banyak banget."
goodbye,"Bye, mobil saya udah normal lagi."
goodbye,"Terima kasih, saran Anda berguna."
goodbye,"Makasih, kendaraan saya udah oke sekarang."
goodbye,"Saya seneng banget sama bantuan ini."
goodbye,"Anda hebat, thanks!"
goodbye,"Kurang cocok solusinya, tapi terima kasih."
goodbye,"Selesai di sini, makasih ya."
goodbye,"Sampai jumpa lagi, semoga sehat."
goodbye,"Dadah, thanks atas saran Anda."
goodbye,"Bye, motor saya udah beres berkat Anda."
goodbye,"Terima kasih, bantuan Anda top."
goodbye,"Makasih, mobil saya udah jalan lagi."
goodbye,"Saya puas sama layanan ini."
goodbye,"Anda ramah banget, terima kasih!"
goodbye,"Nggak puas sama jawabannya, tapi ya sudahlah."
goodbye,"Udah cukup, thanks ya."
goodbye,"Sampai ketemu, sukses selalu."
goodbye,"Dadah, terima kasih atas waktu Anda."
goodbye,"Bye, kendaraan saya udah normal berkat Anda."
goodbye,"Terima kasih, saran Anda mantap."
goodbye,"Makasih, motor saya udah oke lagi."
goodbye,"Seneng deh sama saran ini."
goodbye,"Anda profesional banget, thanks!"
goodbye,"Kurang membantu solusinya, tapi makasih."
goodbye,"Selesai nih, terima kasih."
goodbye,"Sampai jumpa, semoga lancar terus."
goodbye,"Dadah, makasih atas bantuannya."
goodbye,"Bye, mobil saya udah beres sekarang."
goodbye,"Terima kasih, bantuan Anda bermanfaat."
goodbye,"Makasih, kendaraan saya udah jalan normal."
goodbye,"Saya puas banget sama saran Anda."
goodbye,"Anda bantu banyak, terima kasih!"
goodbye,"Nggak cocok jawabannya, tapi ya udah."
goodbye,"Cukup sampai sini, thanks ya."
goodbye,"Sampai jumpa lagi, sukses terus."
goodbye,"Dadah, terima kasih banyak banget."
goodbye,"Bye, motor saya udah normal lagi."
goodbye,"Terima kasih, saran Anda top."
goodbye,"Makasih, mobil saya udah oke berkat Anda."
goodbye,"Saya senang sama bantuan ini."
goodbye,"Anda hebat banget, thanks!"
goodbye,"Kurang pas solusinya, tapi terima kasih."
goodbye,"Selesai konsultasi, makasih ya."
goodbye,"Sampai ketemu, semoga sehat."
goodbye,"Dadah, thanks atas saran Anda."
goodbye,"Bye, kendaraan saya udah beres berkat Anda."
goodbye,"Terima kasih, bantuan Anda mantap."
goodbye,"Makasih, motor saya udah jalan lagi."
goodbye,"Puas banget sama layanan ini."
goodbye,"Anda ramah dan membantu, terima kasih!"
goodbye,"Nggak memuaskan jawabannya, tapi ya sudahlah."
goodbye,"Udah selesai, thanks ya."
goodbye,"Sampai jumpa, sukses selalu."
goodbye,"Dadah, makasih atas waktu Anda."
goodbye,"Bye, mobil saya udah normal berkat Anda."
goodbye,"Terima kasih, saran Anda berguna."
goodbye,"Makasih, kendaraan saya udah oke lagi."
goodbye,"Saya seneng banget sama saran ini."
goodbye,"Anda profesional, thanks!"
goodbye,"Kurang cocok solusinya, tapi makasih."
goodbye,"Cukup sekian, terima kasih."
goodbye,"Sampai jumpa lagi, semoga lancar."
goodbye,"Dadah, terima kasih atas bantuannya."
goodbye,"Bye, motor saya udah beres sekarang."
goodbye,"Terima kasih, bantuan Anda top."
goodbye,"Makasih, mobil saya udah jalan normal."
goodbye,"Saya puas sama saran Anda."
goodbye,"Anda bantu banget, terima kasih!"
goodbye,"Nggak puas sama jawabannya, tapi ya udah."
goodbye,"Selesai di sini, thanks ya."
goodbye,"Sampai ketemu, sukses terus."
goodbye,"Dadah, makasih banyak banget."
goodbye,"Bye, kendaraan saya udah normal lagi."
goodbye,"Terima kasih, saran Anda mantap."
goodbye,"Makasih, motor saya udah oke berkat Anda."
goodbye,"Seneng deh sama bantuan ini."
goodbye,"Anda hebat, thanks!"
goodbye,"Kurang membantu solusinya, tapi terima kasih."
goodbye,"Udah cukup, makasih ya."
goodbye,"Sampai jumpa, semoga sehat selalu."
goodbye,"Dadah, thanks atas saran Anda."
goodbye,"Bye, mobil saya udah beres berkat Anda."
goodbye,"Terima kasih, bantuan Anda bermanfaat."
goodbye,"Makasih, kendaraan saya udah jalan lagi."
goodbye,"Saya puas banget sama layanan ini."
goodbye,"Anda ramah banget, terima kasih!"
goodbye,"Nggak cocok jawabannya, tapi ya sudahlah."
goodbye,"Selesai nih, thanks ya."
goodbye,"Sampai jumpa lagi, sukses selalu."
goodbye,"Dadah, terima kasih atas waktu Anda."
goodbye,"Bye, motor saya udah normal berkat Anda."
goodbye,"Terima kasih, saran Anda top."
goodbye,"Makasih, mobil saya udah oke lagi."
goodbye,"Saya senang sama saran ini."
goodbye,"Anda profesional banget, thanks!"
goodbye,"Kurang pas solusinya, tapi makasih."
goodbye,"Cukup sampai sini, terima kasih."
goodbye,"Sampai ketemu, semoga lancar."
goodbye,"Dadah, makasih atas bantuannya."
goodbye,"Bye, kendaraan saya udah beres berkat Anda."
goodbye,"Terima kasih, bantuan Anda mantap."
goodbye,"Makasih, motor saya udah jalan normal."
goodbye,"Puas banget sama saran Anda."
goodbye,"Anda bantu banyak, terima kasih!"
goodbye,"Nggak memuaskan jawabannya, tapi ya udah."
goodbye,"Selesai konsultasi, thanks ya."
goodbye,"Sampai jumpa, sukses terus."
goodbye,"Dadah, terima kasih banyak banget."
goodbye,"Bye, mobil saya udah normal lagi."
goodbye,"Terima kasih, saran Anda berguna."
goodbye,"Makasih, kendaraan saya udah oke sekarang."
goodbye,"Saya seneng banget sama bantuan ini."
goodbye,"Anda hebat banget, thanks!"
goodbye,"Kurang cocok solusinya, tapi terima kasih."
goodbye,"Udah selesai, makasih ya."
goodbye,"Sampai jumpa lagi, semoga sehat."
goodbye,"Dadah, thanks atas saran Anda."
goodbye,"Bye, motor saya udah beres berkat Anda."
goodbye,"Terima kasih, bantuan Anda top."
goodbye,"Makasih, mobil saya udah jalan lagi."
goodbye,"Saya puas sama layanan ini."
goodbye,"Anda ramah dan membantu, terima kasih!"
goodbye,"Nggak puas sama jawabannya, tapi ya sudahlah."
goodbye,"Cukup sekian, thanks ya."
goodbye,"Sampai ketemu, sukses selalu."
goodbye,"Dadah, makasih atas waktu Anda."
goodbye,"Bye, kendaraan saya udah normal berkat Anda."
goodbye,"Terima kasih, saran Anda mantap."
goodbye,"Makasih, motor saya udah oke lagi."
goodbye,"Seneng deh sama saran ini."
goodbye,"Anda profesional, thanks!"
goodbye,"Kurang membantu solusinya, tapi makasih."
goodbye,"Selesai di sini, terima kasih."
goodbye,"Sampai jumpa, semoga lancar terus."
goodbye,"Dadah, terima kasih atas bantuannya."
goodbye,"Bye, mobil saya udah beres sekarang."
goodbye,"Terima kasih, bantuan Anda bermanfaat."
goodbye,"Makasih, kendaraan saya udah jalan normal."
goodbye,"Saya puas banget sama saran Anda."
goodbye,"Anda bantu banget, terima kasih!"
goodbye,"Nggak cocok jawabannya, tapi ya udah."
goodbye,"Udah cukup, thanks ya."
goodbye,"Sampai jumpa lagi, sukses terus."
goodbye,"Dadah, makasih banyak banget."
goodbye,"Bye, motor saya udah normal lagi."
goodbye,"Terima kasih, saran Anda top."
goodbye,"Makasih, mobil saya udah oke berkat Anda."
goodbye,"Saya senang sama bantuan ini."
goodbye,"Anda hebat, thanks!"
goodbye,"Kurang pas solusinya, tapi terima kasih."
goodbye,"Selesai nih, makasih ya."
goodbye,"Sampai ketemu, semoga sehat."
goodbye,"Dadah, thanks atas saran Anda."
goodbye,"Bye, kendaraan saya udah beres berkat Anda."
goodbye,"Terima kasih, bantuan Anda mantap."
goodbye,"Makasih, motor saya udah jalan lagi."
goodbye,"Puas banget sama layanan ini."
goodbye,"Anda ramah banget, terima kasih!"
goodbye,"Nggak memuaskan jawabannya, tapi ya sudahlah."
goodbye,"Cukup sampai sini, thanks ya."
goodbye,"Sampai jumpa, sukses selalu."
goodbye,"Dadah, terima kasih atas waktu Anda."
goodbye,"Bye, mobil saya udah normal berkat Anda."
goodbye,"Terima kasih, saran Anda berguna."
goodbye,"Makasih, kendaraan saya udah oke lagi."
goodbye,"Saya seneng banget sama saran ini."
goodbye,"Anda profesional banget, thanks!"
goodbye,"Kurang cocok solusinya, tapi makasih."
goodbye,"Selesai konsultasi, terima kasih."
goodbye,"Sampai jumpa lagi, semoga lancar."
goodbye,"Dadah, makasih atas bantuannya."
goodbye,"Bye, motor saya udah beres sekarang."
goodbye,"Terima kasih, bantuan Anda top."
goodbye,"Makasih, mobil saya udah jalan normal."
goodbye,"Saya puas sama saran Anda."
goodbye,"Anda bantu banyak, terima kasih!"
goodbye,"Nggak puas sama jawabannya, tapi ya udah."
goodbye,"Udah selesai, thanks ya."
goodbye,"Sampai ketemu, sukses terus."
goodbye,"Dadah, terima kasih banyak banget."
goodbye,"Bye, kendaraan saya udah normal lagi."
goodbye,"Terima kasih, saran Anda mantap."
goodbye,"Makasih, motor saya udah oke berkat Anda."
goodbye,"Seneng deh sama bantuan ini."
goodbye,"Anda hebat banget, thanks!"
goodbye,"Kurang membantu solusinya, tapi makasih."
goodbye,"Cukup sekian, terima kasih."
goodbye,"Sampai jumpa, semoga sehat selalu."
goodbye,"Dadah, thanks atas saran Anda."
goodbye,"Bye, mobil saya udah beres berkat Anda."
goodbye,"Terima kasih, bantuan Anda bermanfaat."
goodbye,"Makasih, kendaraan saya udah jalan lagi."
goodbye,"Saya puas banget sama layanan ini."
goodbye,"Anda ramah dan membantu, terima kasih!"
goodbye,"Nggak cocok jawabannya, tapi ya sudahlah."
goodbye,"Selesai di sini, thanks ya."
goodbye,"Sampai jumpa lagi, sukses selalu."
goodbye,"Dadah, makasih atas waktu Anda."
goodbye,"Bye, motor saya udah normal berkat Anda."
goodbye,"Terima kasih, saran Anda top."
goodbye,"Makasih, mobil saya udah oke lagi."
goodbye,"Saya senang sama saran ini."
goodbye,"Anda profesional, thanks!"
goodbye,"Kurang pas solusinya, tapi terima kasih."
goodbye,"Udah cukup, makasih ya."
goodbye,"Sampai ketemu, semoga lancar."
goodbye,"Dadah, terima kasih atas bantuannya."
goodbye,"Bye, kendaraan saya udah beres berkat Anda."
goodbye,"Terima kasih, bantuan Anda mantap."
goodbye,"Makasih, motor saya udah jalan normal."
goodbye,"Puas banget sama saran Anda."
goodbye,"Anda bantu banget, terima kasih!"
goodbye,"Nggak memuaskan jawabannya, tapi ya udah."
goodbye,"Selesai nih, thanks ya."
goodbye,"Sampai jumpa, sukses terus."
goodbye,"Dadah, terima kasih banyak banget."
goodbye,"Bye, mobil saya udah normal lagi."
goodbye,"Terima kasih, saran Anda berguna."
goodbye,"Makasih, kendaraan saya udah oke sekarang."
goodbye,"Saya seneng banget sama bantuan ini."
goodbye,"Anda hebat, thanks!"
goodbye,"Kurang cocok solusinya, tapi terima kasih."
goodbye,"Cukup sampai sini, makasih ya."
goodbye,"Sampai jumpa lagi, semoga sehat."
goodbye,"Dadah, thanks atas saran Anda."
goodbye,"Bye, motor saya udah beres berkat Anda."
goodbye,"Terima kasih, bantuan Anda top."
goodbye,"Makasih, mobil saya udah jalan lagi."
goodbye,"Saya puas sama layanan ini."
goodbye,"Anda ramah banget, terima kasih!"
goodbye,"Nggak puas sama jawabannya, tapi ya sudahlah."
goodbye,"Selesai konsultasi, thanks ya."
goodbye,"Sampai ketemu, sukses selalu."
goodbye,"Dadah, makasih atas waktu Anda."
goodbye,"Bye, kendaraan saya udah normal berkat Anda."
goodbye,"Terima kasih, saran Anda mantap."
goodbye,"Makasih, motor saya udah oke lagi."
goodbye,"Seneng deh sama saran ini."
goodbye,"Anda profesional banget, thanks!"
goodbye,"Kurang membantu solusinya, tapi makasih."
goodbye,"Udah selesai, terima kasih."
goodbye,"Sampai jumpa, semoga lancar terus."
goodbye,"Dadah, terima kasih atas bantuannya."
goodbye,"Bye, mobil saya udah beres sekarang."
goodbye,"Terima kasih, bantuan Anda bermanfaat."
goodbye,"Makasih, kendaraan saya udah jalan normal."
goodbye,"Saya puas banget sama saran Anda."
goodbye,"Anda bantu banyak, terima kasih!"
goodbye,"Nggak cocok jawabannya, tapi ya udah."
goodbye,"Cukup sekian, thanks ya."
goodbye,"Sampai jumpa lagi, sukses terus."
goodbye,"Dadah, makasih banyak banget."
goodbye,"Bye, motor saya udah normal lagi."
goodbye,"Terima kasih, saran Anda top."
goodbye,"Makasih, mobil saya udah oke berkat Anda."
goodbye,"Saya senang sama bantuan ini."
goodbye,"Anda hebat banget, thanks!"
goodbye,"Kurang pas solusinya, tapi terima kasih."
goodbye,"Selesai di sini, makasih ya."
goodbye,"Sampai ketemu, semoga sehat."
goodbye,"Dadah, thanks atas saran Anda."
goodbye,"Bye, kendaraan saya udah beres berkat Anda."
goodbye,"Terima kasih, bantuan Anda mantap."
goodbye,"Makasih, motor saya udah jalan lagi."
goodbye,"Puas banget sama layanan ini."
goodbye,"Anda ramah dan membantu, terima kasih!"
goodbye,"Nggak memuaskan jawabannya, tapi ya sudahlah."
goodbye,"Udah cukup, thanks ya."
goodbye,"Sampai jumpa, sukses selalu."
goodbye,"Dadah, terima kasih atas waktu Anda."
goodbye,"Bye, mobil saya udah normal berkat Anda."
goodbye,"Terima kasih, saran Anda berguna."
goodbye,"Makasih, kendaraan saya udah oke lagi."
goodbye,"Saya seneng banget sama saran ini."
goodbye,"Anda profesional, thanks!"
goodbye,"Kurang cocok solusinya, tapi makasih."
goodbye,"Selesai nih, terima kasih."
goodbye,"Sampai jumpa lagi, semoga lancar."
goodbye,"Dadah, makasih atas bantuannya."
goodbye,"Bye, motor saya udah beres sekarang."
goodbye,"Terima kasih, bantuan Anda top."
goodbye,"Makasih, mobil saya udah jalan normal."
goodbye,"Saya puas sama saran Anda."
goodbye,"Anda bantu banget, terima kasih!"
goodbye,"Nggak puas sama jawabannya, tapi ya udah."
goodbye,"Cukup sampai sini, thanks ya."
goodbye,"Sampai ketemu, sukses terus."
goodbye,"Dadah, terima kasih banyak banget."
goodbye,"Bye, kendaraan saya udah normal lagi."
goodbye,"Terima kasih, saran Anda mantap."
goodbye,"Makasih, motor saya udah oke berkat Anda."
goodbye,"Seneng deh sama bantuan ini."
goodbye,"Anda hebat, thanks!"
goodbye,"Kurang membantu solusinya, tapi terima kasih."
goodbye,"Selesai konsultasi, makasih ya."
goodbye,"Sampai jumpa, semoga sehat selalu."
goodbye,"Dadah, thanks atas saran Anda."
goodbye,"Bye, mobil saya udah beres berkat Anda."
goodbye,"Terima kasih, bantuan Anda bermanfaat."
goodbye,"Makasih, kendaraan saya udah jalan lagi."
goodbye,"Saya puas banget sama layanan ini."
goodbye,"Anda ramah banget, terima kasih!"
goodbye,"Nggak cocok jawabannya, tapi ya sudahlah."
goodbye,"Udah selesai, thanks ya."
goodbye,"Sampai jumpa lagi, sukses selalu."
goodbye,"Dadah, makasih atas waktu Anda."
goodbye,"Bye, motor saya udah normal berkat Anda."
goodbye,"Terima kasih, saran Anda top."
goodbye,"Makasih, mobil saya udah oke lagi."
goodbye,"Saya senang sama saran ini."
goodbye,"Anda profesional banget, thanks!"
goodbye,"Kurang pas solusinya, tapi makasih."
goodbye,"Cukup sekian, terima kasih."
goodbye,"Sampai ketemu, semoga lancar."
goodbye,"Dadah, terima kasih atas bantuannya."
goodbye,"Bye, kendaraan saya udah beres berkat Anda."
goodbye,"Terima kasih, bantuan Anda mantap."
goodbye,"Makasih, motor saya udah jalan normal."
goodbye,"Puas banget sama saran Anda."
goodbye,"Anda bantu banyak, terima kasih!"
goodbye,"Nggak memuaskan jawabannya, tapi ya udah."
goodbye,"Selesai di sini, thanks ya."
goodbye,"Sampai jumpa, sukses terus."
goodbye,"Dadah, makasih banyak banget."
goodbye,"Bye, mobil saya udah normal lagi."
goodbye,"Terima kasih, saran Anda berguna."
goodbye,"Makasih, kendaraan saya udah oke sekarang."
goodbye,"Saya seneng banget sama bantuan ini."
goodbye,"Anda hebat banget, thanks!"
goodbye,"Kurang cocok solusinya, tapi terima kasih."
goodbye,"Udah cukup, makasih ya."
goodbye,"Sampai jumpa lagi, semoga sehat."
goodbye,"Dadah, thanks atas saran Anda."
goodbye,"Bye, motor saya udah beres berkat Anda."
goodbye,"Terima kasih, bantuan Anda top."
goodbye,"Makasih, mobil saya udah jalan lagi."
goodbye,"Saya puas sama layanan ini."
goodbye,"Anda ramah dan membantu, terima kasih!"
goodbye,"Nggak puas sama jawabannya, tapi ya sudahlah."
goodbye,"Selesai nih, thanks ya."
goodbye,"Sampai ketemu, sukses selalu."
goodbye,"Dadah, terima kasih atas waktu Anda."
goodbye,"Bye, kendaraan saya udah normal berkat Anda."
goodbye,"Terima kasih, saran Anda mantap."
goodbye,"Makasih, motor saya udah oke lagi."
goodbye,"Seneng deh sama saran ini."
goodbye,"Anda profesional, thanks!"
goodbye,"Kurang membantu solusinya, tapi makasih."
goodbye,"Cukup sampai sini, terima kasih."
goodbye,"Sampai jumpa, semoga lancar terus."
goodbye,"Dadah, makasih atas bantuannya."
goodbye,"Bye, mobil saya udah beres sekarang."
goodbye,"Terima kasih, bantuan Anda bermanfaat."
goodbye,"Makasih, kendaraan saya udah jalan normal."
goodbye,"Saya puas banget sama saran Anda."
goodbye,"Anda bantu banget, terima kasih!"
goodbye,"Nggak cocok jawabannya, tapi ya udah."
goodbye,"Selesai konsultasi, thanks ya."
goodbye,"Sampai jumpa lagi, sukses terus."
goodbye,"Dadah, terima kasih banyak banget."
goodbye,"Bye, motor saya udah蓦 normal lagi."
goodbye,"Terima kasih, saran Anda top."
goodbye,"Makasih, mobil saya udah oke berkat Anda."
goodbye,"Saya senang sama bantuan ini."
goodbye,"Anda hebat, thanks!"
goodbye,"Kurang pas solusinya, tapi terima kasih."
goodbye,"Udah selesai, makasih ya."
goodbye,"Sampai ketemu, semoga sehat."
goodbye,"Dadah, thanks atas saran Anda."
goodbye,"Bye, kendaraan saya udah beres berkat Anda."
goodbye,"Terima kasih, bantuan Anda mantap."
goodbye,"Makasih, motor saya udah jalan lagi."
goodbye,"Puas banget sama layanan ini."
goodbye,"Anda ramah banget, terima kasih!"
goodbye,"Nggak memuaskan jawabannya, tapi ya sudahlah."
goodbye,"Cukup sekian, thanks ya."
goodbye,"Sampai jumpa, sukses selalu."
goodbye,"Dadah, makasih atas waktu Anda."
goodbye,"Bye, mobil saya udah normal berkat Anda."
goodbye,"Terima kasih, saran Anda berguna."
goodbye,"Makasih, kendaraan saya udah oke lagi."
goodbye,"Saya seneng banget sama saran ini."
goodbye,"Anda profesional banget, thanks!"
goodbye,"Kurang cocok solusinya, tapi makasih."
goodbye,"Selesai di sini, terima kasih."
goodbye,"Sampai jumpa lagi, semoga lancar."
goodbye,"Dadah, terima kasih atas bantuannya."
goodbye,"Bye, motor saya udah beres sekarang."
goodbye,"Terima kasih, bantuan Anda top."
goodbye,"Makasih, mobil saya udah jalan normal."
goodbye,"Saya puas sama saran Anda."
goodbye,"Anda bantu banyak, terima kasih!"
goodbye,"Nggak puas sama jawabannya, tapi ya udah."
goodbye,"Udah cukup, thanks ya."
goodbye,"Sampai ketemu, sukses terus."
goodbye,"Dadah, makasih banyak banget."
goodbye,"Bye, kendaraan saya udah normal lagi."
goodbye,"Terima kasih, saran Anda mantap."
goodbye,"Makasih, motor saya udah oke berkat Anda."
goodbye,"Seneng deh sama bantuan ini."
goodbye,"Anda hebat banget, thanks!"
goodbye,"Kurang membantu solusinya, tapi makasih."
goodbye,"Selesai nih, terima kasih."
goodbye,"Sampai jumpa, semoga sehat selalu."
goodbye,"Dadah, thanks atas saran Anda."
goodbye,"Bye, mobil saya udah beres berkat Anda."
goodbye,"Terima kasih, bantuan Anda bermanfaat."
goodbye,"Makasih, kendaraan saya udah jalan lagi."
goodbye,"Saya puas banget sama layanan ini."
goodbye,"Anda ramah dan membantu, terima kasih!"
goodbye,"Nggak cocok jawabannya, tapi ya sudahlah."
goodbye,"Cukup sampai sini, thanks ya."
goodbye,"Sampai jumpa lagi, sukses selalu."
goodbye,"Dadah, terima kasih atas waktu Anda."
goodbye,"Bye, motor saya udah normal berkat Anda."
goodbye,"Terima kasih, saran Anda top."
goodbye,"Makasih, mobil saya udah oke lagi."
goodbye,"Saya senang sama saran ini."
goodbye,"Anda profesional, thanks!"
goodbye,"Kurang pas solusinya, tapi terima kasih."
goodbye,"Selesai konsultasi, makasih ya."
goodbye,"Sampai ketemu, semoga lancar."
goodbye,"Dadah, makasih atas bantuannya."
goodbye,"Bye, kendaraan saya udah beres sekarang."
goodbye,"Terima kasih, bantuan Anda mantap."
goodbye,"Makasih, motor saya udah jalan normal."
goodbye,"Puas banget sama saran Anda."
goodbye,"Anda bantu banget, terima kasih!"
goodbye,"Nggak memuaskan jawabannya, tapi ya udah."
goodbye,"Udah selesai, thanks ya."
goodbye,"Sampai jumpa, sukses terus."
goodbye,"Dadah, terima kasih banyak banget."
goodbye,"Bye, mobil saya udah normal lagi."
goodbye,"Terima kasih, saran Anda berguna."
goodbye,"Makasih, kendaraan saya udah oke berkat Anda."
goodbye,"Saya seneng banget sama bantuan ini."
goodbye,"Anda hebat, thanks!"
goodbye,"Kurang cocok solusinya, tapi terima kasih."
goodbye,"Cukup sekian, makasih ya."
goodbye,"Sampai jumpa lagi, semoga sehat."
goodbye,"Dadah, thanks atas saran Anda."
goodbye,"Bye, motor saya udah beres berkat Anda."
goodbye,"Terima kasih, bantuan Anda top."
goodbye,"Makasih, mobil saya udah jalan lagi."
goodbye,"Saya puas sama layanan ini."
goodbye,"Anda ramah banget, terima kasih!"
goodbye,"Nggak puas sama jawabannya, tapi ya sudahlah."
goodbye,"Selesai di sini, thanks ya."
goodbye,"Sampai ketemu, sukses selalu."
goodbye,"Dadah, makasih atas waktu Anda."
goodbye,"Bye, kendaraan saya udah normal berkat Anda."
goodbye,"Terima kasih, saran Anda mantap."
goodbye,"Makasih, motor saya udah oke lagi."
goodbye,"Seneng deh sama saran ini."
goodbye,"Anda profesional banget, thanks!"
goodbye,"Kurang membantu solusinya, tapi makasih."
goodbye,"Udah cukup, terima kasih."
goodbye,"Sampai jumpa, semoga lancar terus."
goodbye,"Dadah, terima kasih atas bantuannya."
goodbye,"Bye, mobil saya udah beres sekarang."
goodbye,"Terima kasih, bantuan Anda bermanfaat."
goodbye,"Makasih, kendaraan saya udah jalan normal."
goodbye,"Saya puas banget sama saran Anda."
goodbye,"Anda bantu banyak, terima kasih!"
goodbye,"Nggak cocok jawabannya, tapi ya udah."
goodbye,"Selesai nih, thanks ya."
goodbye,"Sampai jumpa lagi, sukses terus."
goodbye,"Dadah, makasih banyak banget."
goodbye,"Bye, motor saya udah normal lagi."
goodbye,"Terima kasih, saran Anda钝 Anda top."
goodbye,"Makasih, mobil saya udah oke berkat Anda."
goodbye,"Saya senang sama bantuan ini."
goodbye,"Anda hebat banget, thanks!"
goodbye,"Kurang pas solusinya, tapi terima kasih."
goodbye,"Selesai konsultasi, makasih ya."
goodbye,"Sampai ketemu, semoga sehat."
goodbye,"Dadah, thanks atas saran Anda."
goodbye,"Bye, kendaraan saya udah beres berkat Anda."
goodbye,"Selamat tinggal, semoga hari Anda baik."
goodbye,"Terima kasih, mobil saya bakal saya perbaiki."
goodbye,"Makasih banyak, kendaraan saya udah normal."
goodbye,"Puas banget sama konsultasi ini, thanks."
goodbye,"Anda top banget, membantu sekali."
goodbye,"Kecewa sih sama solusinya, tapi terima kasih."
goodbye,"Percakapan ini udah cukup, makasih ya."
goodbye,"Sampai ketemu lagi, terima kasih."
goodbye,"Dadah, semoga Anda sehat selalu."
goodbye,"Bye, makasih atas saran tadi."
goodbye,"Terima kasih, bantuan Anda saya hargai."
goodbye,"Makasih, sekarang motor saya udah oke."
goodbye,"Seneng deh sama jawaban Anda."
goodbye,"Anda profesional banget, salut!"
goodbye,"Kurang puas sama sarannya, tapi ya udah."
goodbye,"Kita akhiri di sini aja, terima kasih."
goodbye,"Selamat tinggal, makasih banyak."
goodbye,"Dadah, sukses terus ya."
goodbye,"Bye, semoga hari Anda menyenangkan."
goodbye,"Terima kasih, saya coba dulu saran Anda."
goodbye,"Makasih, mobil saya udah bisa jalan lagi."
goodbye,"Saya puas sama penjelasan ini."
goodbye,"Bantuan Anda luar biasa, thanks!"
goodbye,"Solusinya kurang cocok buat saya."
goodbye,"Cukup sekian, terima kasih ya."
goodbye,"Sampai jumpa, sukses selalu."
goodbye,"Dadah, terima kasih atas waktunya."
goodbye,"Bye, kendaraan saya udah beres."
goodbye,"Terima kasih, sangat membantu sekali."
goodbye,"Makasih bro, motor saya udah mantap."
goodbye,"Saya senang dapat saran begini."
goodbye,"Anda hebat, bantuannya pas banget."
goodbye,"Nggak puas sama jawabannya, tapi makasih."
goodbye,"Saya rasa udah cukup, thanks ya."
goodbye,"Selamat tinggal, semoga lancar terus."
goodbye,"Dadah, bantuan Anda saya apresiasi."
goodbye,"Bye, mobil saya udah keurus."
goodbye,"Terima kasih, solusi Anda berguna."
goodbye,"Makasih, kendaraan saya udah normal lagi."
goodbye,"Puas deh sama bantuan Anda."
goodbye,"Anda bantu banget, terima kasih!"
goodbye,"Jawabannya kurang memuaskan, ya sudahlah."
goodbye,"Percakapan selesai, makasih banyak."
goodbye,"Sampai jumpa lagi, semoga sehat."
goodbye,"Dadah, thanks atas sarannya."
goodbye,"Bye, saya coba saran Anda nanti."
goodbye,"Terima kasih, mobil saya udah oke."
goodbye,"Makasih ya, motor saya udah beres."
goodbye,"Saya puas sama konsultasi ini."
goodbye,"Anda ramah banget, membantu sekali."
goodbye,"Kurang suka sama solusinya, tapi terima kasih."
goodbye,"Udah selesai, makasih ya."
goodbye,"Selamat tinggal, sukses terus."
goodbye,"Dadah, terima kasih banyak banget."
goodbye,"Bye, semoga Anda baik-baik saja."
goodbye,"Terima kasih, saya ikutin saran Anda."
goodbye,"Makasih, kendaraan saya udah bener."
goodbye,"Seneng banget sama bantuan ini."
goodbye,"Anda ahli banget, terima kasih."
goodbye,"Nggak terlalu puas, tapi ya makasih."
goodbye,"Cukup sampai sini, terima kasih."
goodbye,"Sampai ketemu, semoga sukses."
goodbye,"Dadah, makasih atas waktunya."
goodbye,"Bye, bantuan Anda membantu banget."
goodbye,"Terima kasih, saya jadi tahu caranya."
goodbye,"Makasih, mobil saya udah jalan normal."
goodbye,"Saya puas banget sama saran ini."
goodbye,"Anda bantu saya banyak, thanks!"
goodbye,"Solusinya kurang pas, tapi makasih."
goodbye,"Selesai sudah, terima kasih ya."
goodbye,"Sampai jumpa, sehat selalu."
goodbye,"Dadah, terima kasih atas bantuan."
goodbye,"Bye, motor saya udah oke sekarang."
goodbye,"Terima kasih, saran Anda mantap."
goodbye,"Makasih, kendaraan saya udah beres."
goodbye,"Saya senang sama jawaban ini."
goodbye,"Anda hebat banget, makasih!"
goodbye,"Kurang membantu, tapi terima kasih."
goodbye,"Udah cukup, makasih banyak."
goodbye,"Selamat tinggal, semoga hari Anda baik."
goodbye,"Dadah, sukses ya."
goodbye,"Bye, terima kasih atas saran Anda."
goodbye,"Terima kasih, bantuan Anda top."
goodbye,"Makasih, mobil saya udah normal sekarang."
goodbye,"Puas banget sama layanan ini."
goodbye,"Anda sangat membantu, terima kasih."
goodbye,"Jawabannya nggak memuaskan, ya sudahlah."
goodbye,"Sampai di sini aja, makasih."
goodbye,"Sampai jumpa lagi, thanks ya."
goodbye,"Dadah, semoga lancar terus."
goodbye,"Bye, kendaraan saya udah beres sekarang."
goodbye,"Terima kasih, saya coba nanti sarannya."
goodbye,"Makasih banget, motor saya udah baik."
goodbye,"Saya seneng banget sama saran Anda."
goodbye,"Anda profesional, bantuannya oke."
goodbye,"Kurang cocok solusinya, tapi makasih."
goodbye,"Udah selesai nih, terima kasih."
goodbye,"Selamat tinggal, sukses selalu ya."
goodbye,"Dadah, makasih banyak atas waktu Anda."
goodbye,"Bye, semoga sehat terus."
goodbye,"Terima kasih, mobil saya bakal saya cek."
goodbye,"Makasih, kendaraan saya udah oke lagi."
goodbye,"Saya puas sama bantuan ini."
goodbye,"Anda ramah dan membantu, thanks!"
goodbye,"Nggak puas sih, tapi terima kasih."
goodbye,"Cukup sekian, makasih ya."
goodbye,"Sampai ketemu lagi, semoga baik-baik."
goodbye,"Dadah, terima kasih atas saran tadi."
goodbye,"Bye, saya jadi tahu apa yang harus dilakukan."
goodbye,"Terima kasih, saran Anda saya hargai."
goodbye,"Makasih, motor saya udah normal sekarang."
goodbye,"Seneng deh dapat bantuan begini."
goodbye,"Anda jago banget, terima kasih."
goodbye,"Solusinya kurang ngebantu, tapi ya udah."
goodbye,"Selesai konsultasinya, makasih."
goodbye,"Sampai jumpa, semoga sukses terus."
goodbye,"Dadah, thanks banget ya."
goodbye,"Bye, mobil saya udah beres berkat Anda."
goodbye,"Terima kasih, bantuan Anda saya butuhin."
goodbye,"Makasih, kendaraan saya udah bener lagi."
goodbye,"Saya puas banget sama jawaban ini."
goodbye,"Anda bantu banyak, terima kasih!"
goodbye,"Kurang suka sama jawabannya, tapi makasih."
goodbye,"Udah cukup sampai sini, thanks."
goodbye,"Selamat tinggal, semoga hari Anda menyenangkan."
goodbye,"Dadah, terima kasih atas waktunya."
goodbye,"Bye, motor saya udah keurus sekarang."
goodbye,"Terima kasih, saran Anda bermanfaat."
goodbye,"Makasih ya, mobil saya udah oke."
goodbye,"Saya senang sama konsultasi ini."
goodbye,"Anda hebat, bantuannya pas."
goodbye,"Nggak terlalu puas, tapi terima kasih."
goodbye,"Sampai di sini aja, makasih banyak."
goodbye,"Sampai jumpa lagi, sehat selalu."
goodbye,"Dadah, makasih atas bantuannya."
goodbye,"Bye, kendaraan saya udah normal."
goodbye,"Terima kasih, saya jadi paham sekarang."
goodbye,"Makasih, motor saya udah beres berkat Anda."
goodbye,"Puas deh sama saran ini."
goodbye,"Anda ramah banget, terima kasih."
goodbye,"Solusinya kurang cocok, ya sudahlah."
goodbye,"Selesai nih, terima kasih ya."
goodbye,"Sampai ketemu, sukses terus."
goodbye,"Dadah, semoga hari Anda baik."
goodbye,"Bye, mobil saya udah bisa jalan."
goodbye,"Terima kasih, bantuan Anda keren."
goodbye,"Makasih, kendaraan saya udah beres sekarang."
goodbye,"Saya seneng banget sama layanan ini."
goodbye,"Anda membantu sekali, thanks!"
goodbye,"Kurang memuaskan, tapi makasih."
goodbye,"Cukup sampai di sini, terima kasih."
goodbye,"Sampai jumpa, semoga lancar."
goodbye,"Dadah, terima kasih banyak ya."
goodbye,"Bye, motor saya udah oke lagi."
goodbye,"Terima kasih, saran Anda saya simpan."
goodbye,"Makasih, mobil saya udah normal berkat Anda."
goodbye,"Saya puas sama bantuan ini."
goodbye,"Anda top, terima kasih!"
goodbye,"Nggak puas sama solusinya, tapi ya udah."
goodbye,"Selesai konsultasi, makasih."
goodbye,"Sampai jumpa lagi, semoga sehat."
goodbye,"Dadah, thanks atas waktu Anda."
goodbye,"Bye, kendaraan saya udah beres."
goodbye,"Terima kasih, saya coba saran Anda."
goodbye,"Makasih banget, motor saya udah baik lagi."
goodbye,"Seneng deh sama bantuan Anda."
goodbye,"Anda jago, bantuannya mantap."
goodbye,"Kurang membantu jawabannya, tapi makasih."
goodbye,"Udah selesai, terima kasih ya."
goodbye,"Selamat tinggal, sukses selalu."
goodbye,"Dadah, makasih banyak banget."
goodbye,"Bye, mobil saya udah oke sekarang."
goodbye,"Terima kasih, bantuan Anda saya hargai."
goodbye,"Makasih, kendaraan saya udah normal lagi."
goodbye,"Saya puas banget sama konsultasi ini."
goodbye,"Anda bantu banget, terima kasih!"
goodbye,"Solusinya kurang pas, tapi makasih."
goodbye,"Cukup sekian, thanks ya."
goodbye,"Sampai jumpa, semoga baik-baik."
goodbye,"Dadah, terima kasih atas sarannya."
goodbye,"Bye, motor saya udah beres berkat Anda."
goodbye,"Terima kasih, saran Anda membantu."
goodbye,"Makasih, mobil saya udah jalan lagi."
goodbye,"Saya senang sama saran ini."
goodbye,"Anda ramah dan hebat, thanks!"
goodbye,"Nggak terlalu puas, tapi terima kasih."
goodbye,"Selesai di sini, makasih banyak."
goodbye,"Sampai ketemu lagi, sukses ya."
goodbye,"Dadah, semoga Anda sehat."
goodbye,"Bye, kendaraan saya udah oke."
goodbye,"Terima kasih, bantuan Anda berguna."
goodbye,"Makasih, motor saya udah normal lagi."
goodbye,"Puas banget sama layanan Anda."
goodbye,"Anda sangat membantu, terima kasih."
goodbye,"Kurang cocok solusinya, tapi ya sudahlah."
goodbye,"Udah cukup, makasih ya."
goodbye,"Sampai jumpa, semoga lancar terus."
goodbye,"Dadah, thanks banget."
goodbye,"Bye, mobil saya udah beres sekarang."
goodbye,"Terima kasih, saran Anda saya coba nanti."
goodbye,"Makasih, kendaraan saya udah baik lagi."
goodbye,"Saya seneng banget sama bantuan ini."
goodbye,"Anda profesional, terima kasih!"
goodbye,"Nggak puas sama jawabannya, tapi makasih."
goodbye,"Selesai nih, terima kasih."
goodbye,"Sampai jumpa lagi, sehat selalu."
goodbye,"Dadah, makasih atas waktunya."
goodbye,"Bye, motor saya udah keurus."
goodbye,"Terima kasih, bantuan Anda mantap."
goodbye,"Makasih, mobil saya udah normal lagi."
goodbye,"Saya puas sama saran Anda."
goodbye,"Anda bantu banyak, thanks!"
goodbye,"Solusinya kurang ngebantu, tapi ya udah."
goodbye,"Cukup sampai sini, terima kasih."
goodbye,"Sampai ketemu, sukses selalu."
goodbye,"Dadah, terima kasih banyak."
goodbye,"Bye, kendaraan saya udah beres berkat Anda."
goodbye,"Terima kasih, saya jadi tahu solusinya."
goodbye,"Makasih, motor saya udah oke sekarang."
goodbye,"Seneng deh sama layanan ini."
goodbye,"Anda hebat banget, terima kasih."
goodbye,"Kurang memuaskan jawabannya, tapi makasih."
goodbye,"Selesai konsultasinya, thanks ya."
goodbye,"Sampai jumpa, semoga hari Anda baik."
goodbye,"Dadah, makasih atas saran Anda."
goodbye,"Bye, mobil saya udah jalan normal."
goodbye,"Terima kasih, bantuan Anda saya hargai."
goodbye,"Makasih, kendaraan saya udah beres lagi."
goodbye,"Saya puas banget sama bantuan ini."
goodbye,"Anda ramah dan membantu, thanks!"
goodbye,"Nggak cocok solusinya, tapi terima kasih."
goodbye,"Udah selesai, makasih banyak."
goodbye,"Sampai jumpa lagi, sukses terus."
goodbye,"Dadah, semoga Anda lancar."
goodbye,"Bye, motor saya udah normal sekarang."
goodbye,"Terima kasih, saran Anda bermanfaat."
goodbye,"Makasih, mobil saya udah oke lagi."
goodbye,"Saya senang sama konsultasi ini."
goodbye,"Anda top banget, terima kasih!"
goodbye,"Kurang puas sama sarannya, tapi ya sudahlah."
goodbye,"Cukup sekian, terima kasih ya."
goodbye,"Sampai ketemu, semoga sehat."
goodbye,"Dadah, thanks atas bantuannya."
goodbye,"Bye, kendaraan saya udah beres."
goodbye,"Terima kasih, bantuan Anda keren."
goodbye,"Makasih, motor saya udah jalan lagi."
goodbye,"Puas deh sama saran Anda."
goodbye,"Anda sangat membantu, terima kasih."
goodbye,"Solusinya nggak pas, tapi makasih."
goodbye,"Selesai di sini, thanks ya."
goodbye,"Sampai jumpa, sukses selalu."
goodbye,"Dadah, terima kasih atas waktu Anda."
goodbye,"Bye, mobil saya udah normal berkat Anda."
goodbye,"Terima kasih, saran Anda saya simpan."
goodbye,"Makasih, kendaraan saya udah oke sekarang."
goodbye,"Saya seneng banget sama layanan ini."
goodbye,"Anda ramah banget, terima kasih!"
goodbye,"Nggak terlalu puas, tapi ya udah."
goodbye,"Udah cukup, makasih banyak."
goodbye,"Sampai jumpa lagi, semoga lancar."
goodbye,"Dadah, makasih atas sarannya."
goodbye,"Bye, motor saya udah beres lagi."
goodbye,"Terima kasih, bantuan Anda berguna."
goodbye,"Makasih, mobil saya udah jalan normal."
goodbye,"Saya puas sama bantuan ini."
goodbye,"Anda hebat, thanks!"
goodbye,"Kurang cocok jawabannya, tapi terima kasih."
goodbye,"Selesai nih, makasih ya."
goodbye,"Sampai ketemu, sukses terus."
goodbye,"Dadah, semoga hari Anda baik."
goodbye,"Bye, kendaraan saya udah normal lagi."
goodbye,"Terima kasih, saran Anda mantap."
goodbye,"Makasih, motor saya udah oke berkat Anda."
goodbye,"Seneng deh sama saran ini."
goodbye,"Anda profesional banget, terima kasih."
goodbye,"Nggak puas sama solusinya, tapi ya sudahlah."
goodbye,"Cukup sampai sini, thanks ya."
goodbye,"Sampai jumpa, semoga sehat selalu."
goodbye,"Dadah, terima kasih banyak banget."
goodbye,"Bye, mobil saya udah beres."
goodbye,"Terima kasih, bantuan Anda saya hargai."
goodbye,"Makasih, kendaraan saya udah jalan lagi."
goodbye,"Saya puas banget sama layanan ini."
goodbye,"Anda bantu banget, terima kasih!"
goodbye,"Solusinya kurang membantu, tapi makasih."
goodbye,"Selesai konsultasi, thanks ya."
goodbye,"Sampai jumpa lagi, sukses selalu."
goodbye,"Dadah, makasih atas waktunya."
goodbye,"Bye, motor saya udah normal berkat Anda."
goodbye,"Terima kasih, saran Anda bermanfaat."
goodbye,"Makasih, mobil saya udah oke sekarang."
goodbye,"Saya senang sama bantuan ini."
goodbye,"Anda ramah dan hebat, thanks!"
goodbye,"Kurang pas solusinya, tapi terima kasih."
goodbye,"Udah selesai, makasih banyak."
goodbye,"Sampai ketemu, semoga lancar."
goodbye,"Dadah, terima kasih atas saran Anda."
goodbye,"Bye, kendaraan saya udah beres lagi."
goodbye,"Terima kasih, bantuan Anda top."
goodbye,"Makasih, motor saya udah jalan normal."
goodbye,"Puas banget sama konsultasi ini."
goodbye,"Anda sangat membantu, terima kasih."
goodbye,"Nggak memuaskan jawabannya, tapi ya udah."
goodbye,"Cukup sekian, thanks ya."
goodbye,"Sampai jumpa, sukses terus."
goodbye,"Dadah, makasih banyak."
goodbye,"Bye, mobil saya udah normal lagi."
goodbye,"Terima kasih, saran Anda saya coba."
goodbye,"Makasih, kendaraan saya udah oke berkat Anda."
goodbye,"Saya seneng banget sama saran ini."
goodbye,"Anda hebat banget, terima kasih!"
goodbye,"Kurang cocok solusinya, tapi makasih."
goodbye,"Selesai di sini, terima kasih."
goodbye,"Sampai jumpa lagi, semoga sehat."
goodbye,"Dadah, thanks atas bantuannya."
goodbye,"Bye, motor saya udah beres sekarang."
goodbye,"Terima kasih, bantuan Anda mantap."
goodbye,"Makasih, mobil saya udah jalan lagi."
goodbye,"Saya puas sama layanan ini."
goodbye,"Anda ramah banget, thanks!"
goodbye,"Nggak puas sama jawabannya, tapi ya sudahlah."
goodbye,"Udah cukup, makasih ya."
goodbye,"Sampai ketemu, sukses selalu."
goodbye,"Dadah, terima kasih atas waktu Anda."
goodbye,"Bye, kendaraan saya udah normal sekarang."
goodbye,"Terima kasih, saran Anda berguna."
goodbye,"Makasih, motor saya udah oke lagi."
goodbye,"Seneng deh sama bantuan Anda."
goodbye,"Anda profesional, terima kasih!"
goodbye,"Kurang membantu solusinya, tapi makasih."
goodbye,"Selesai nih, thanks ya."
goodbye,"Sampai jumpa, semoga hari Anda baik."
goodbye,"Dadah, makasih atas sarannya."
goodbye,"Bye, mobil saya udah beres berkat Anda."
goodbye,"Terima kasih, bantuan Anda saya hargai."
goodbye,"Makasih, kendaraan saya udah jalan normal."
goodbye,"Saya puas banget sama saran ini."
goodbye,"Anda bantu banyak, terima kasih!"
goodbye,"Nggak cocok jawabannya, tapi ya udah."
goodbye,"Cukup sampai sini, makasih banyak."
goodbye,"Sampai jumpa lagi, sukses terus."
goodbye,"Dadah, terima kasih banyak banget."
goodbye,"Bye, motor saya udah normal lagi."
goodbye,"Terima kasih, saran Anda mantap."
goodbye,"Makasih, mobil saya udah oke berkat Anda."
goodbye,"Saya senang sama layanan ini."
goodbye,"Anda hebat, thanks!"
goodbye,"Kurang pas solusinya, tapi terima kasih."
goodbye,"Selesai konsultasi, makasih ya."
goodbye,"Sampai ketemu, semoga sehat."
goodbye,"Dadah, makasih atas bantuannya."
goodbye,"Bye, kendaraan saya udah beres sekarang."
goodbye,"Terima kasih, bantuan Anda bermanfaat."
goodbye,"Makasih, motor saya udah jalan lagi."
goodbye,"Puas banget sama saran Anda."
goodbye,"Anda ramah dan membantu, terima kasih."
goodbye,"Nggak memuaskan, tapi ya sudahlah."
goodbye,"Udah selesai, thanks ya."
goodbye,"Sampai jumpa, sukses selalu."
goodbye,"Dadah, terima kasih atas waktu Anda."
goodbye,"Bye, mobil saya udah normal sekarang."
goodbye,"Terima kasih, saran Anda saya simpan."
goodbye,"Makasih, kendaraan saya udah oke lagi."
goodbye,"Saya seneng banget sama bantuan ini."
goodbye,"Anda profesional banget, thanks!"
goodbye,"Kurang cocok solusinya, tapi makasih."
goodbye,"Cukup sekian, terima kasih."
goodbye,"Sampai jumpa lagi, semoga lancar."
goodbye,"Dadah, makasih atas saran Anda."
goodbye,"Bye, motor saya udah beres berkat Anda."
goodbye,"Terima kasih, bantuan Anda top."
goodbye,"Makasih, mobil saya udah jalan normal."
goodbye,"Saya puas sama konsultasi ini."
goodbye,"Anda bantu banget, terima kasih!"
goodbye,"Nggak puas sama jawabannya, tapi ya udah."
goodbye,"Selesai di sini, thanks ya."
goodbye,"Sampai ketemu, sukses terus."
goodbye,"Dadah, terima kasih banyak."
goodbye,"Bye, kendaraan saya udah normal lagi."
goodbye,"Terima kasih, saran Anda berguna."
goodbye,"Makasih, motor saya udah oke sekarang."
goodbye,"Seneng deh sama saran ini."
goodbye,"Anda hebat banget, terima kasih!"
goodbye,"Kurang membantu, tapi makasih."
goodbye,"Udah cukup, makasih banyak."
goodbye,"Sampai jumpa, semoga sehat selalu."
goodbye,"Dadah, thanks atas bantuannya."
goodbye,"Bye, mobil saya udah beres sekarang."
goodbye,"Terima kasih, bantuan Anda mantap."
goodbye,"Makasih, kendaraan saya udah jalan lagi."
goodbye,"Saya puas banget sama layanan ini."
goodbye,"Anda ramah dan membantu, thanks!"
goodbye,"Nggak cocok solusinya, tapi ya sudahlah."
goodbye,"Selesai nih, terima kasih."
goodbye,"Sampai jumpa lagi, sukses selalu."
goodbye,"Dadah, makasih atas waktu Anda."
goodbye,"Bye, motor saya udah normal berkat Anda."
goodbye,"Terima kasih, saran Anda bermanfaat."
goodbye,"Makasih, mobil saya udah oke lagi."
goodbye,"Saya senang sama bantuan ini."
goodbye,"Anda profesional, terima kasih!"
goodbye,"Kurang pas jawabannya, tapi makasih."
goodbye,"Cukup sampai sini, thanks ya."
goodbye,"Sampai ketemu, semoga lancar."
goodbye,"Dadah, terima kasih atas sarannya."
goodbye,"Bye, kendaraan saya udah beres lagi."
goodbye,"Terima kasih, bantuan Anda top."
goodbye,"Makasih, motor saya udah jalan normal."
goodbye,"Puas banget sama saran Anda."
goodbye,"Anda bantu banyak, terima kasih!"
goodbye,"Nggak memuaskan, tapi ya udah."
goodbye,"Selesai konsultasi, makasih ya."
goodbye,"Sampai jumpa, sukses terus."
goodbye,"Dadah, makasih banyak banget."
goodbye,"Bye, mobil saya udah normal lagi."
goodbye,"Terima kasih, saran Anda saya coba."
goodbye,"Makasih, kendaraan saya udah oke sekarang."
goodbye,"Saya seneng banget sama layanan ini."
