ask_first_aid_solution,Apa yang harus saya lakukan jika mesin mobil saya sulit dihidupkan?  
ask_first_aid_solution,Gimana cara ngatasin mesin mobil yang susah nyala?  
ask_first_aid_solution,Langkah awal apa yang bisa saya ambil kalo mesin mobil ga mau nyala?  
ask_first_aid_solution,Apa yang harus saya cek dulu kalo motor saya susah distarter?  
ask_first_aid_solution,Bagaimana cara mengatasi motor yang sulit dihidupkan?  
ask_first_aid_solution,Apa yang harus saya lakukan jika ban mobil saya kempes di jalan?  
ask_first_aid_solution,Gimana cara ganti ban mobil yang bocor?  
ask_first_aid_solution,Langkah awal apa yang harus saya ambil kalo ban motor saya kempes?  
ask_first_aid_solution,Apa yang harus saya cek dulu kalo ban mobil saya bocor?  
ask_first_aid_solution,Bagaimana cara mengatasi ban motor yang kempes?  
ask_first_aid_solution,Apa yang harus saya lakukan jika rem mobil saya blong?  
ask_first_aid_solution,Gimana cara ngatasin rem motor yang ga pakem?  
ask_first_aid_solution,Langkah awal apa yang bisa saya ambil kalo rem mobil saya ga berfungsi?  
ask_first_aid_solution,Apa yang harus saya cek dulu kalo rem motor saya blong?  
ask_first_aid_solution,Bagaimana cara mengatasi rem mobil yang tidak berfungsi?  
ask_first_aid_solution,Apa yang harus saya lakukan jika AC mobil saya tidak dingin?  
ask_first_aid_solution,Gimana cara ngatasin AC mobil yang ga dingin?  
ask_first_aid_solution,Langkah awal apa yang bisa saya ambil kalo AC mobil saya ga nyala?  
ask_first_aid_solution,Apa yang harus saya cek dulu kalo AC motor saya ga dingin?  
ask_first_aid_solution,Bagaimana cara mengatasi AC mobil yang tidak dingin?  
ask_first_aid_solution,Apa yang harus saya lakukan jika lampu depan mobil saya mati?  
ask_first_aid_solution,Gimana cara ngatasin lampu depan motor yang ga nyala?  
ask_first_aid_solution,Langkah awal apa yang bisa saya ambil kalo lampu depan mobil saya redup?  
ask_first_aid_solution,Apa yang harus saya cek dulu kalo lampu depan motor saya mati?  
ask_first_aid_solution,Bagaimana cara mengatasi lampu depan mobil yang tidak menyala?  
ask_first_aid_solution,Apa yang harus saya lakukan jika mobil saya overheat?  
ask_first_aid_solution,Gimana cara ngatasin motor yang overheat?  
ask_first_aid_solution,Langkah awal apa yang bisa saya ambil kalo mobil saya panas banget?  
ask_first_aid_solution,Apa yang harus saya cek dulu kalo motor saya overheat?  
ask_first_aid_solution,Bagaimana cara mengatasi mobil yang overheat?  
ask_first_aid_solution,Apa yang harus saya lakukan jika setir mobil saya berat?  
ask_first_aid_solution,Gimana cara ngatasin setir mobil yang susah diputar?  
ask_first_aid_solution,Langkah awal apa yang bisa saya ambil kalo setir mobil saya keras?  
ask_first_aid_solution,Apa yang harus saya cek dulu kalo setir motor saya berat?  
ask_first_aid_solution,Bagaimana cara mengatasi setir mobil yang berat?  
ask_first_aid_solution,Apa yang harus saya lakukan jika mobil saya tarik ke kiri?  
ask_first_aid_solution,Gimana cara ngatasin motor yang tarik ke kanan?  
ask_first_aid_solution,Langkah awal apa yang bisa saya ambil kalo mobil saya tarik ke satu sisi?  
ask_first_aid_solution,Apa yang harus saya cek dulu kalo motor saya tarik ke kiri?  
ask_first_aid_solution,Bagaimana cara mengatasi mobil yang tarik ke satu sisi?  
ask_first_aid_solution,Apa yang harus saya lakukan jika motor saya bunyi ketuk-ketuk?  
ask_first_aid_solution,Gimana cara ngatasin mobil yang bunyi aneh dari mesin?  
ask_first_aid_solution,Langkah awal apa yang bisa saya ambil kalo motor saya bunyi kletuk?  
ask_first_aid_solution,Apa yang harus saya cek dulu kalo mobil saya bunyi kasar?  
ask_first_aid_solution,Bagaimana cara mengatasi motor yang bunyi aneh dari mesin?  
ask_first_aid_solution,Apa yang harus saya lakukan jika knalpot mobil saya keluar asap putih?  
ask_first_aid_solution,Gimana cara ngatasin knalpot motor yang keluar asap hitam?  
ask_first_aid_solution,Langkah awal apa yang bisa saya ambil kalo knalpot mobil saya berasap?  
ask_first_aid_solution,Apa yang harus saya cek dulu kalo knalpot motor saya keluar asap?  
ask_first_aid_solution,Bagaimana cara mengatasi knalpot mobil yang keluar asap?  
ask_first_aid_solution,Apa yang harus saya lakukan jika lampu dashboard mobil saya nyala terus?  
ask_first_aid_solution,Gimana cara ngatasin lampu dashboard motor yang nyala tanda check engine?  
ask_first_aid_solution,Langkah awal apa yang bisa saya ambil kalo lampu dashboard mobil saya nyala?  
ask_first_aid_solution,Apa yang harus saya cek dulu kalo lampu dashboard motor saya nyala?  
ask_first_aid_solution,Bagaimana cara mengatasi lampu dashboard mobil yang nyala terus?  
ask_first_aid_solution,Apa yang harus saya lakukan jika motor saya susah masuk gigi?  
ask_first_aid_solution,Gimana cara ngatasin mobil yang susah pindah gigi?  
ask_first_aid_solution,Langkah awal apa yang bisa saya ambil kalo motor saya ga bisa masuk gigi?  
ask_first_aid_solution,Apa yang harus saya cek dulu kalo mobil saya susah pindah gigi?  
ask_first_aid_solution,Bagaimana cara mengatasi motor yang susah masuk gigi?  
ask_first_aid_solution,Apa yang harus saya lakukan jika ban mobil saya kempes terus?  
ask_first_aid_solution,Gimana cara ngatasin ban motor yang bocor halus?  
ask_first_aid_solution,Langkah awal apa yang bisa saya ambil kalo ban mobil saya kempes?  
ask_first_aid_solution,Apa yang harus saya cek dulu kalo ban motor saya kempes?  
ask_first_aid_solution,Bagaimana cara mengatasi ban mobil yang kempes terus?  
ask_first_aid_solution,Apa yang harus saya lakukan jika mobil saya bunyi gluduk dari kolong?  
ask_first_aid_solution,Gimana cara ngatasin motor yang bunyi aneh dari shock?  
ask_first_aid_solution,Langkah awal apa yang bisa saya ambil kalo mobil saya bunyi krek dari suspensi?  
ask_first_aid_solution,Apa yang harus saya cek dulu kalo motor saya bunyi kletuk dari roda?  
ask_first_aid_solution,Bagaimana cara mengatasi mobil yang bunyi aneh dari kolong?  
ask_first_aid_solution,Apa yang harus saya lakukan jika motor saya goyang pas ngebut?  
ask_first_aid_solution,Gimana cara ngatasin mobil yang getar pas jalan pelan?  
ask_first_aid_solution,Langkah awal apa yang bisa saya ambil kalo motor saya goyang?  
ask_first_aid_solution,Apa yang harus saya cek dulu kalo mobil saya getar?  
ask_first_aid_solution,Bagaimana cara mengatasi motor yang goyang saat dikendarai?  
ask_first_aid_solution,Apa yang harus saya lakukan jika mesin mobil saya mati mendadak?  
ask_first_aid_solution,Gimana cara ngatasin motor yang tiba-tiba mati?  
ask_first_aid_solution,Langkah awal apa yang bisa saya ambil kalo mesin mobil saya mati?  
ask_first_aid_solution,Apa yang harus saya cek dulu kalo motor saya mati mendadak?  
ask_first_aid_solution,Bagaimana cara mengatasi mesin mobil yang mati mendadak?  
ask_first_aid_solution,Apa yang harus saya lakukan jika AC mobil saya bau apek?  
ask_first_aid_solution,Gimana cara ngatasin AC motor yang bau?  
ask_first_aid_solution,Langkah awal apa yang bisa saya ambil kalo AC mobil saya bau?  
ask_first_aid_solution,Apa yang harus saya cek dulu kalo AC motor saya bau apek?  
ask_first_aid_solution,Bagaimana cara mengatasi AC mobil yang bau?  
ask_first_aid_solution,Apa yang harus saya lakukan jika motor saya bunyi aneh dari rem?  
ask_first_aid_solution,Gimana cara ngatasin rem mobil yang bunyi berdecit?  
ask_first_aid_solution,Langkah awal apa yang bisa saya ambil kalo rem motor saya bunyi?  
ask_first_aid_solution,Apa yang harus saya cek dulu kalo rem mobil saya bunyi?  
ask_first_aid_solution,Bagaimana cara mengatasi rem motor yang bunyi aneh?  
ask_first_aid_solution,Apa yang harus saya lakukan jika lampu sein mobil saya ga nyala?  
ask_first_aid_solution,Gimana cara ngatasin lampu sein motor yang mati?  
ask_first_aid_solution,Langkah awal apa yang bisa saya ambil kalo lampu sein mobil saya ga berfungsi?  
ask_first_aid_solution,Apa yang harus saya cek dulu kalo lampu sein motor saya ga nyala?  
ask_first_aid_solution,Bagaimana cara mengatasi lampu sein mobil yang tidak menyala?  
ask_first_aid_solution,Apa yang harus saya lakukan jika mesin motor saya bunyi ngorok pas idle?  
ask_first_aid_solution,Gimana cara ngatasin mesin mobil yang bunyi kasar pas langsam?  
ask_first_aid_solution,Langkah awal apa yang bisa saya ambil kalo mesin motor saya bunyi aneh?  
ask_first_aid_solution,Apa yang harus saya cek dulu kalo mesin mobil saya bunyi ngorok?  
ask_first_aid_solution,Bagaimana cara mengatasi mesin motor yang bunyi kasar?  
ask_first_aid_solution,Apa yang harus saya lakukan jika ban motor saya licin di jalan basah?  
ask_first_aid_solution,Gimana cara ngatasin ban mobil yang slip di jalan licin?  
ask_first_aid_solution,Langkah awal apa yang bisa saya ambil kalo ban motor saya licin?  
ask_first_aid_solution,Apa yang harus saya cek dulu kalo ban mobil saya licin?  
ask_first_aid_solution,Bagaimana cara mengatasi ban motor yang licin?  
ask_first_aid_solution,Apa yang harus saya lakukan jika mobil saya getar hebat pas ngebut?  
ask_first_aid_solution,Gimana cara ngatasin motor yang goyang pas jalan cepat?  
ask_first_aid_solution,Langkah awal apa yang bisa saya ambil kalo mobil saya getar?  
ask_first_aid_solution,Apa yang harus saya cek dulu kalo motor saya goyang?  
ask_first_aid_solution,Bagaimana cara mengatasi mobil yang getar saat dikendarai?  
ask_first_aid_solution,Apa yang harus saya lakukan jika motor saya boros oli?  
ask_first_aid_solution,Gimana cara ngatasin mobil yang boros bensin?  
ask_first_aid_solution,Langkah awal apa yang bisa saya ambil kalo motor saya boros oli?  
ask_first_aid_solution,Apa yang harus saya cek dulu kalo mobil saya boros bensin?  
ask_first_aid_solution,Bagaimana cara mengatasi motor yang boros oli?  
ask_first_aid_solution,Apa yang harus saya lakukan jika lampu rem mobil saya ga nyala?  
ask_first_aid_solution,Gimana cara ngatasin lampu rem motor yang mati?  
ask_first_aid_solution,Langkah awal apa yang bisa saya ambil kalo lampu rem mobil saya ga berfungsi?  
ask_first_aid_solution,Apa yang harus saya cek dulu kalo lampu rem motor saya ga nyala?  
ask_first_aid_solution,Bagaimana cara mengatasi lampu rem mobil yang tidak menyala?  
ask_first_aid_solution,Apa yang harus saya lakukan jika mesin mobil saya bunyi tik-tik pas start?  
ask_first_aid_solution,Gimana cara ngatasin motor yang bunyi aneh pas distarter?  
ask_first_aid_solution,Langkah awal apa yang bisa saya ambil kalo mesin mobil saya bunyi tik-tik?  
ask_first_aid_solution,Apa yang harus saya cek dulu kalo motor saya bunyi aneh pas nyala?  
ask_first_aid_solution,Bagaimana cara mengatasi mesin mobil yang bunyi aneh saat dihidupkan?  
ask_first_aid_solution,Apa yang harus saya lakukan jika mobil saya tarik ke kanan?  
ask_first_aid_solution,Gimana cara ngatasin motor yang tarik ke kiri?  
ask_first_aid_solution,Langkah awal apa yang bisa saya ambil kalo motor saya tarik ke kanan?  
ask_first_aid_solution,Apa yang harus saya cek dulu kalo mobil saya tarik ke kanan?  
ask_first_aid_solution,Bagaimana cara mengatasi motor yang tarik ke kiri?  
ask_first_aid_solution,Apa yang harus saya lakukan jika ban mobil saya aus sebelah?  
ask_first_aid_solution,Gimana cara ngatasin ban motor yang aus tidak merata?  
ask_first_aid_solution,Langkah awal apa yang bisa saya ambil kalo ban mobil saya aus?  
ask_first_aid_solution,Apa yang harus saya cek dulu kalo ban motor saya aus?  
ask_first_aid_solution,Bagaimana cara mengatasi ban mobil yang aus sebelah?  
ask_first_aid_solution,Apa yang harus saya lakukan jika motor saya bunyi kletak dari rantai?  
ask_first_aid_solution,Gimana cara ngatasin mobil yang bunyi aneh dari roda?  
ask_first_aid_solution,Langkah awal apa yang bisa saya ambil kalo motor saya bunyi kletak?  
ask_first_aid_solution,Apa yang harus saya cek dulu kalo mobil saya bunyi aneh dari roda?  
ask_first_aid_solution,Bagaimana cara mengatasi motor yang bunyi aneh dari rantai?  
ask_first_aid_solution,Apa yang harus saya lakukan jika AC mobil saya dingin cuma sebentar?  
ask_first_aid_solution,Gimana cara ngatasin AC motor yang ga dingin lama?  
ask_first_aid_solution,Langkah awal apa yang bisa saya ambil kalo AC mobil saya cepat panas?  
ask_first_aid_solution,Apa yang harus saya cek dulu kalo AC motor saya ga dingin lama?  
ask_first_aid_solution,Bagaimana cara mengatasi AC mobil yang dingin cuma sebentar?  
ask_first_aid_solution,Apa yang harus saya lakukan jika mobil saya bunyi kretek pas belok?  
ask_first_aid_solution,Gimana cara ngatasin motor yang bunyi aneh pas belok?  
ask_first_aid_solution,Langkah awal apa yang bisa saya ambil kalo mobil saya bunyi kretek?  
ask_first_aid_solution,Apa yang harus saya cek dulu kalo motor saya bunyi aneh pas belok?  
ask_first_aid_solution,Bagaimana cara mengatasi mobil yang bunyi kretek saat belok?  
ask_first_aid_solution,Apa yang harus saya lakukan jika motor saya bunyi ngiung dari mesin?  
ask_first_aid_solution,Gimana cara ngatasin mobil yang bunyi aneh dari mesin pas jalan?  
ask_first_aid_solution,Langkah awal apa yang bisa saya ambil kalo motor saya bunyi ngiung?  
ask_first_aid_solution,Apa yang harus saya cek dulu kalo mobil saya bunyi aneh dari mesin?  
ask_first_aid_solution,Bagaimana cara mengatasi motor yang bunyi ngiung dari mesin?  
ask_first_aid_solution,Apa yang harus saya lakukan jika ban mobil saya bunyi decit pas jalan pelan?  
ask_first_aid_solution,Gimana cara ngatasin ban motor yang bunyi aneh pas jalan?  
ask_first_aid_solution,Langkah awal apa yang bisa saya ambil kalo ban mobil saya bunyi decit?  
ask_first_aid_solution,Apa yang harus saya cek dulu kalo ban motor saya bunyi aneh?  
ask_first_aid_solution,Bagaimana cara mengatasi ban mobil yang bunyi decit?  
ask_first_aid_solution,Apa yang harus saya lakukan jika mobil saya susah nyala pas hujan?  
ask_first_aid_solution,Gimana cara ngatasin motor yang susah distarter pas hujan?  
ask_first_aid_solution,Langkah awal apa yang bisa saya ambil kalo mobil saya susah nyala?  
ask_first_aid_solution,Apa yang harus saya cek dulu kalo motor saya susah distarter pas hujan?  
ask_first_aid_solution,Bagaimana cara mengatasi mobil yang susah dihidupkan saat hujan?  
ask_first_aid_solution,Apa yang harus saya lakukan jika motor saya bunyi klotok dari knalpot?  
ask_first_aid_solution,Gimana cara ngatasin knalpot mobil yang bunyi aneh?  
ask_first_aid_solution,Langkah awal apa yang bisa saya ambil kalo motor saya bunyi klotok?  
ask_first_aid_solution,Apa yang harus saya cek dulu kalo knalpot mobil saya bunyi aneh?  
ask_first_aid_solution,Bagaimana cara mengatasi motor yang bunyi klotok dari knalpot?  
ask_first_aid_solution,Apa yang harus saya lakukan jika rem motor saya blong pas di tanjakan?  
ask_first_aid_solution,Gimana cara ngatasin rem mobil yang blong pas di turunan?  
ask_first_aid_solution,Langkah awal apa yang bisa saya ambil kalo rem motor saya blong di tanjakan?  
ask_first_aid_solution,Apa yang harus saya cek dulu kalo rem mobil saya blong pas turun?  
ask_first_aid_solution,Bagaimana cara mengatasi rem motor yang blong di tanjakan?  
ask_first_aid_solution,Apa yang harus saya lakukan jika mesin mobil saya bunyi kletuk pas digas?  
ask_first_aid_solution,Gimana cara ngatasin mesin motor yang bunyi aneh pas digas?  
ask_first_aid_solution,Langkah awal apa yang bisa saya ambil kalo mesin mobil saya bunyi kletuk?  
ask_first_aid_solution,Apa yang harus saya cek dulu kalo mesin motor saya bunyi aneh pas gas?  
ask_first_aid_solution,Bagaimana cara mengatasi mesin mobil yang bunyi kletuk saat digas?  
ask_first_aid_solution,Apa yang harus saya lakukan jika lampu depan mobil saya mati sebelah?  
ask_first_aid_solution,Gimana cara ngatasin lampu depan motor yang mati sebelah?  
ask_first_aid_solution,Langkah awal apa yang bisa saya ambil kalo lampu depan mobil saya mati sebelah?  
ask_first_aid_solution,Apa yang harus saya cek dulu kalo lampu depan motor saya mati satu sisi?  
ask_first_aid_solution,Bagaimana cara mengatasi lampu depan mobil yang mati sebelah?  
ask_first_aid_solution,Apa yang harus saya lakukan jika motor saya bunyi aneh dari shockbreaker?  
ask_first_aid_solution,Gimana cara ngatasin mobil yang bunyi aneh dari suspensi?  
ask_first_aid_solution,Langkah awal apa yang bisa saya ambil kalo motor saya bunyi dari shock?  
ask_first_aid_solution,Apa yang harus saya cek dulu kalo mobil saya bunyi aneh dari suspensi?  
ask_first_aid_solution,Bagaimana cara mengatasi motor yang bunyi aneh dari shockbreaker?  
ask_first_aid_solution,Apa yang harus saya lakukan jika mobil saya bunyi berisik dari ban?  
ask_first_aid_solution,Gimana cara ngatasin ban motor yang bunyi aneh pas dipake?  
ask_first_aid_solution,Langkah awal apa yang bisa saya ambil kalo mobil saya bunyi berisik dari ban?  
ask_first_aid_solution,Apa yang harus saya cek dulu kalo ban motor saya bunyi aneh?  
ask_first_aid_solution,Bagaimana cara mengatasi mobil yang bunyi berisik dari ban?  
ask_first_aid_solution,Apa yang harus saya lakukan jika motor saya bunyi krek dari rem?  
ask_first_aid_solution,Gimana cara ngatasin rem mobil yang bunyi krek pas ngerem?  
ask_first_aid_solution,Langkah awal apa yang bisa saya ambil kalo motor saya bunyi krek dari rem?  
ask_first_aid_solution,Apa yang harus saya cek dulu kalo rem mobil saya bunyi krek?  
ask_first_aid_solution,Bagaimana cara mengatasi motor yang bunyi krek dari rem?  
ask_first_aid_solution,Apa yang harus saya lakukan jika AC mobil saya ga nyala sama sekali?  
ask_first_aid_solution,Gimana cara ngatasin AC motor yang ga nyala?  
ask_first_aid_solution,Langkah awal apa yang bisa saya ambil kalo AC mobil saya ga berfungsi?  
ask_first_aid_solution,Apa yang harus saya cek dulu kalo AC motor saya ga nyala?  
ask_first_aid_solution,Bagaimana cara mengatasi AC mobil yang tidak menyala sama sekali?  
ask_first_aid_solution,Apa yang harus saya lakukan jika mesin motor saya bunyi ketek-ketek pas jalan?  
ask_first_aid_solution,Gimana cara ngatasin mesin mobil yang bunyi aneh pas jalan?  
ask_first_aid_solution,Langkah awal apa yang bisa saya ambil kalo mesin motor saya bunyi ketek-ketek?  
ask_first_aid_solution,Apa yang harus saya cek dulu kalo mesin mobil saya bunyi aneh pas jalan?  
ask_first_aid_solution,Bagaimana cara mengatasi mesin motor yang bunyi ketek-ketek saat dikendarai?  
ask_first_aid_solution,Apa yang harus saya lakukan jika mobil saya bunyi gluduk pas lewat polisi tidur?  
ask_first_aid_solution,Gimana cara ngatasin motor yang bunyi aneh pas lewat gundukan?  
ask_first_aid_solution,Langkah awal apa yang bisa saya ambil kalo mobil saya bunyi gluduk?  
ask_first_aid_solution,Apa yang harus saya cek dulu kalo motor saya bunyi aneh pas lelet?  
ask_first_aid_solution,Bagaimana cara mengatasi mobil yang bunyi gluduk saat lewat polisi tidur?  
ask_first_aid_solution,Apa yang harus saya lakukan jika motor saya susah nyala pas mesin dingin?  
ask_first_aid_solution,Gimana cara ngatasin mobil yang susah distarter pas pagi?  
ask_first_aid_solution,Langkah awal apa yang bisa saya ambil kalo motor saya susah nyala pagi?  
ask_first_aid_solution,Apa yang harus saya cek dulu kalo mobil saya susah nyala pas dingin?  
ask_first_aid_solution,Bagaimana cara mengatasi motor yang susah dihidupkan saat mesin dingin?  
ask_first_aid_solution,Apa yang harus saya lakukan jika ban motor saya bunyi kletuk pas jalan?  
ask_first_aid_solution,Gimana cara ngatasin ban mobil yang bunyi kletuk pas dipake?  
ask_first_aid_solution,Langkah awal apa yang bisa saya ambil kalo ban motor saya bunyi kletuk?  
ask_first_aid_solution,Apa yang harus saya cek dulu kalo ban mobil saya bunyi kletuk?  
ask_first_aid_solution,Bagaimana cara mengatasi ban motor yang bunyi kletuk saat jalan?  
ask_first_aid_solution,Apa yang harus saya lakukan jika lampu dashboard mobil saya nyala tanda oli?  
ask_first_aid_solution,Gimana cara ngatasin lampu dashboard motor yang nyala tanda oli?  
ask_first_aid_solution,Langkah awal apa yang bisa saya ambil kalo lampu dashboard mobil saya nyala oli?  
ask_first_aid_solution,Apa yang harus saya cek dulu kalo lampu dashboard motor saya nyala tanda oli?  
ask_first_aid_solution,Bagaimana cara mengatasi lampu dashboard mobil yang nyala tanda oli?  
ask_first_aid_solution,Apa yang harus saya lakukan jika motor saya bunyi ngorok dari karburator?  
ask_first_aid_solution,Gimana cara ngatasin mobil yang bunyi aneh dari karburator?  
ask_first_aid_solution,Langkah awal apa yang bisa saya ambil kalo motor saya bunyi ngorok karbu?  
ask_first_aid_solution,Apa yang harus saya cek dulu kalo mobil saya bunyi aneh dari karburator?  
ask_first_aid_solution,Bagaimana cara mengatasi motor yang bunyi ngorok dari karburator?  
ask_first_aid_solution,Apa yang harus saya lakukan jika mobil saya bunyi krek dari suspensi pas jalan?  
ask_first_aid_solution,Gimana cara ngatasin motor yang bunyi aneh dari shock pas dipake?  
ask_first_aid_solution,Langkah awal apa yang bisa saya ambil kalo mobil saya bunyi krek suspensi?  
ask_first_aid_solution,Apa yang harus saya cek dulu kalo motor saya bunyi aneh dari shockbreaker?  
ask_first_aid_solution,Bagaimana cara mengatasi mobil yang bunyi krek dari suspensi?  
ask_first_aid_solution,Apa yang harus saya lakukan jika mesin motor saya bunyi klak-klak pas jalan?  
ask_first_aid_solution,Gimana cara ngatasin mesin mobil yang bunyi klak-klak?  
ask_first_aid_solution,Langkah awal apa yang bisa saya ambil kalo mesin motor saya bunyi klak-klak?  
ask_first_aid_solution,Apa yang harus saya cek dulu kalo mesin mobil saya bunyi klak-klak?  
ask_first_aid_solution,Bagaimana cara mengatasi mesin motor yang bunyi klak-klak saat jalan?  
ask_first_aid_solution,Apa yang harus saya lakukan jika ban mobil saya bunyi decit pas belok?  
ask_first_aid_solution,Gimana cara ngatasin ban motor yang bunyi decit pas belok?  
ask_first_aid_solution,Langkah awal apa yang bisa saya ambil kalo ban mobil saya bunyi decit belok?  
ask_first_aid_solution,Apa yang harus saya cek dulu kalo ban motor saya bunyi decit pas belok?  
ask_first_aid_solution,Bagaimana cara mengatasi ban mobil yang bunyi decit saat belok?  
ask_first_aid_solution,Apa yang harus saya lakukan jika AC mobil saya bunyi berisik pas nyala?  
ask_first_aid_solution,Gimana cara ngatasin AC motor yang bunyi berisik?  
ask_first_aid_solution,Langkah awal apa yang bisa saya ambil kalo AC mobil saya bunyi berisik?  
ask_first_aid_solution,Apa yang harus saya cek dulu kalo AC motor saya bunyi berisik?  
ask_first_aid_solution,Bagaimana cara mengatasi AC mobil yang bunyi berisik saat nyala?  
ask_first_aid_solution,Apa yang harus saya lakukan jika mobil saya bunyi kletuk dari roda?  
ask_first_aid_solution,Gimana cara ngatasin motor yang bunyi kletuk dari roda?  
ask_first_aid_solution,Langkah awal apa yang bisa saya ambil kalo mobil saya bunyi kletuk roda?  
ask_first_aid_solution,Apa yang harus saya cek dulu kalo motor saya bunyi kletuk dari roda?  
ask_first_aid_solution,Bagaimana cara mengatasi mobil yang bunyi kletuk dari roda?  
ask_first_aid_solution,Apa yang harus saya lakukan jika lampu sein motor saya ga nyala sebelah?  
ask_first_aid_solution,Gimana cara ngatasin lampu sein mobil yang mati sebelah?  
ask_first_aid_solution,Langkah awal apa yang bisa saya ambil kalo lampu sein motor saya ga nyala sebelah?  
ask_first_aid_solution,Apa yang harus saya cek dulu kalo lampu sein mobil saya mati satu sisi?  
ask_first_aid_solution,Bagaimana cara mengatasi lampu sein motor yang ga nyala sebelah?  
ask_first_aid_solution,Apa yang harus saya lakukan jika mesin mobil saya bunyi ngorok pas jalan pelan?  
ask_first_aid_solution,Gimana cara ngatasin mesin motor yang bunyi ngorok pas pelan?  
ask_first_aid_solution,Langkah awal apa yang bisa saya ambil kalo mesin mobil saya bunyi ngorok pelan?  
ask_first_aid_solution,Apa yang harus saya cek dulu kalo mesin motor saya bunyi ngorok pas jalan?  
ask_first_aid_solution,Bagaimana cara mengatasi mesin mobil yang bunyi ngorok saat jalan pelan?  
ask_first_aid_solution,Apa yang harus saya lakukan jika ban motor saya bunyi krek pas jalan pelan?  
ask_first_aid_solution,Gimana cara ngatasin ban mobil yang bunyi krek pas pelan?  
ask_first_aid_solution,Langkah awal apa yang bisa saya ambil kalo ban motor saya bunyi krek pelan?  
ask_first_aid_solution,Apa yang harus saya cek dulu kalo ban mobil saya bunyi krek pas jalan?  
ask_first_aid_solution,Bagaimana cara mengatasi ban motor yang bunyi krek saat jalan pelan?  
ask_first_aid_solution,Apa yang harus saya lakukan jika mobil saya bunyi aneh dari dashboard?  
ask_first_aid_solution,Gimana cara ngatasin motor yang bunyi aneh dari dashboard?  
ask_first_aid_solution,Langkah awal apa yang bisa saya ambil kalo mobil saya bunyi aneh dashboard?  
ask_first_aid_solution,Apa yang harus saya cek dulu kalo motor saya bunyi aneh dari dashboard?  
ask_first_aid_solution,Bagaimana cara mengatasi mobil yang bunyi aneh dari dashboard?  
ask_first_aid_solution,Apa yang harus saya lakukan jika motor saya bunyi klotok dari mesin pas digas?  
ask_first_aid_solution,Gimana cara ngatasin mesin mobil yang bunyi klotok pas digas?  
ask_first_aid_solution,Langkah awal apa yang bisa saya ambil kalo motor saya bunyi klotok gas?  
ask_first_aid_solution,Apa yang harus saya cek dulu kalo mesin mobil saya bunyi klotok pas gas?  
ask_first_aid_solution,Bagaimana cara mengatasi motor yang bunyi klotok dari mesin saat digas?  
ask_first_aid_solution,Apa yang harus saya lakukan jika rem mobil saya bunyi gesekan pas pelan?  
ask_first_aid_solution,Gimana cara ngatasin rem motor yang bunyi gesekan pas pelan?  
ask_first_aid_solution,Langkah awal apa yang bisa saya ambil kalo rem mobil saya bunyi gesekan?  
ask_first_aid_solution,Apa yang harus saya cek dulu kalo rem motor saya bunyi gesekan?  
ask_first_aid_solution,Bagaimana cara mengatasi rem mobil yang bunyi gesekan saat pelan?  
ask_first_aid_solution,Apa yang harus saya lakukan jika mesin mobil saya bunyi krek pas langsam?  
ask_first_aid_solution,Gimana cara ngatasin mesin motor yang bunyi krek pas idle?  
ask_first_aid_solution,Langkah awal apa yang bisa saya ambil kalo mesin mobil saya bunyi krek idle?  
ask_first_aid_solution,Apa yang harus saya cek dulu kalo mesin motor saya bunyi krek pas langsam?  
ask_first_aid_solution,Bagaimana cara mengatasi mesin mobil yang bunyi krek saat idle?  
ask_first_aid_solution,Apa yang harus saya lakukan jika motor saya bunyi ngiung dari roda?  
ask_first_aid_solution,Gimana cara ngatasin mobil yang bunyi ngiung dari roda?  
ask_first_aid_solution,Langkah awal apa yang bisa saya ambil kalo motor saya bunyi ngiung roda?  
ask_first_aid_solution,Apa yang harus saya cek dulu kalo mobil saya bunyi ngiung dari roda?  
ask_first_aid_solution,Bagaimana cara mengatasi motor yang bunyi ngiung dari roda?  
ask_first_aid_solution,Apa yang harus saya lakukan jika mobil saya bunyi gluduk dari ban pas jalan?  
ask_first_aid_solution,Gimana cara ngatasin ban motor yang bunyi gluduk pas jalan?  
ask_first_aid_solution,Langkah awal apa yang bisa saya ambil kalo mobil saya bunyi gluduk ban?  
ask_first_aid_solution,Apa yang harus saya cek dulu kalo ban motor saya bunyi gluduk?  
ask_first_aid_solution,Bagaimana cara mengatasi mobil yang bunyi gluduk dari ban?  
ask_first_aid_solution,Apa yang harus saya lakukan jika ban motor saya bunyi decit pas hujan?  
ask_first_aid_solution,Gimana cara ngatasin ban mobil yang bunyi decit pas hujan?  
ask_first_aid_solution,Langkah awal apa yang bisa saya ambil kalo ban motor saya bunyi decit hujan?  
ask_first_aid_solution,Apa yang harus saya cek dulu kalo ban mobil saya bunyi decit pas hujan?  
ask_first_aid_solution,Bagaimana cara mengatasi ban motor yang bunyi decit saat hujan?  
ask_first_aid_solution,Apa yang harus saya lakukan jika AC mobil saya bunyi klik-klik pas nyala?  
ask_first_aid_solution,Gimana cara ngatasin AC motor yang bunyi klik-klik?  
ask_first_aid_solution,Langkah awal apa yang bisa saya ambil kalo AC mobil saya bunyi klik-klik?  
ask_first_aid_solution,Apa yang harus saya cek dulu kalo AC motor saya bunyi klik-klik?  
ask_first_aid_solution,Bagaimana cara mengatasi AC mobil yang bunyi klik-klik saat nyala?  
ask_first_aid_solution,Apa yang harus saya lakukan jika lampu dashboard motor saya nyala tanda aki?  
ask_first_aid_solution,Gimana cara ngatasin lampu dashboard mobil yang nyala tanda aki?  
ask_first_aid_solution,Langkah awal apa yang bisa saya ambil kalo lampu dashboard motor saya nyala aki?  
ask_first_aid_solution,Apa yang harus saya cek dulu kalo lampu dashboard mobil saya nyala tanda aki?  
ask_first_aid_solution,Bagaimana cara mengatasi lampu dashboard motor yang nyala tanda aki?  
ask_first_aid_solution,Apa yang harus saya lakukan jika mesin motor saya bunyi ketuk pas jalan?  
ask_first_aid_solution,Gimana cara ngatasin mesin mobil yang bunyi ketuk pas jalan?  
ask_first_aid_solution,Langkah awal apa yang bisa saya ambil kalo mesin motor saya bunyi ketuk?  
ask_first_aid_solution,Apa yang harus saya cek dulu kalo mesin mobil saya bunyi ketuk?  
ask_first_aid_solution,Bagaimana cara mengatasi mesin motor yang bunyi ketuk saat jalan?  
ask_first_aid_solution,Apa yang harus saya lakukan jika mobil saya bunyi kletuk dari mesin pas nanjak?  
ask_first_aid_solution,Gimana cara ngatasin motor yang bunyi kletuk pas nanjak?  
ask_first_aid_solution,Langkah awal apa yang bisa saya ambil kalo mobil saya bunyi kletuk nanjak?  
ask_first_aid_solution,Apa yang harus saya cek dulu kalo motor saya bunyi kletuk pas nanjak?  
ask_first_aid_solution,Bagaimana cara mengatasi mobil yang bunyi kletuk dari mesin saat nanjak?  
ask_first_aid_solution,Apa yang harus saya lakukan jika ban motor saya bunyi kletuk pas nanjak?  
ask_first_aid_solution,Gimana cara ngatasin ban mobil yang bunyi kletuk pas nanjak?  
ask_first_aid_solution,Langkah awal apa yang bisa saya ambil kalo ban motor saya bunyi kletuk nanjak?  
ask_first_aid_solution,Apa yang harus saya cek dulu kalo ban mobil saya bunyi kletuk pas nanjak?  
ask_first_aid_solution,Bagaimana cara mengatasi ban motor yang bunyi kletuk saat nanjak?  
ask_first_aid_solution,Apa yang harus saya lakukan jika lampu dashboard mobil saya nyala tanda rem?  
ask_first_aid_solution,Gimana cara ngatasin lampu dashboard motor yang nyala tanda rem?  
ask_first_aid_solution,Langkah awal apa yang bisa saya ambil kalo lampu dashboard mobil saya nyala rem?  
ask_first_aid_solution,Apa yang harus saya cek dulu kalo lampu dashboard motor saya nyala tanda rem?  
ask_first_aid_solution,Bagaimana cara mengatasi lampu dashboard mobil yang nyala tanda rem?  
ask_first_aid_solution,Apa yang harus saya lakukan jika mesin motor saya bunyi ngiung pas jalan pelan?  
ask_first_aid_solution,Gimana cara ngatasin mesin mobil yang bunyi ngiung pas pelan?  
ask_first_aid_solution,Langkah awal apa yang bisa saya ambil kalo mesin motor saya bunyi ngiung pelan?  
ask_first_aid_solution,Apa yang harus saya cek dulu kalo mesin mobil saya bunyi ngiung pas jalan?  
ask_first_aid_solution,Bagaimana cara mengatasi mesin motor yang bunyi ngiung saat pelan?  
ask_first_aid_solution,Apa yang harus saya lakukan jika ban mobil saya bunyi decit pas jalan jauh?  
ask_first_aid_solution,Gimana cara ngatasin ban motor yang bunyi decit pas jalan jauh?  
ask_first_aid_solution,Langkah awal apa yang bisa saya ambil kalo ban mobil saya bunyi decit jauh?  
ask_first_aid_solution,Apa yang harus saya cek dulu kalo ban motor saya bunyi decit pas jalan jauh?  
ask_first_aid_solution,Bagaimana cara mengatasi ban mobil yang bunyi decit saat jalan jauh?  
ask_first_aid_solution,Apa yang harus saya lakukan jika motor saya bunyi krek dari knalpot?  
ask_first_aid_solution,Gimana cara ngatasin knalpot mobil yang bunyi krek?  
ask_first_aid_solution,Langkah awal apa yang bisa saya ambil kalo motor saya bunyi krek knalpot?  
ask_first_aid_solution,Apa yang harus saya cek dulu kalo knalpot mobil saya bunyi krek?  
ask_first_aid_solution,Bagaimana cara mengatasi motor yang bunyi krek dari knalpot?  
ask_first_aid_solution,Apa yang harus saya lakukan jika AC mobil saya bunyi pas mati?  
ask_first_aid_solution,Gimana cara ngatasin AC motor yang bunyi pas dimatiin?  
ask_first_aid_solution,Langkah awal apa yang bisa saya ambil kalo AC mobil saya bunyi pas mati?  
ask_first_aid_solution,Apa yang harus saya cek dulu kalo AC motor saya bunyi pas dimatiin?  
ask_first_aid_solution,Bagaimana cara mengatasi AC mobil yang bunyi saat dimatikan?  
ask_first_aid_solution,Apa yang harus saya lakukan jika lampu rem motor saya bunyi tik pas ditekan?  
ask_first_aid_solution,Gimana cara ngatasin lampu rem mobil yang bunyi tik pas ngerem?  
ask_first_aid_solution,Langkah awal apa yang bisa saya ambil kalo lampu rem motor saya bunyi tik?  
ask_first_aid_solution,Apa yang harus saya cek dulu kalo lampu rem mobil saya bunyi tik?  
ask_first_aid_solution,Bagaimana cara mengatasi lampu rem motor yang bunyi tik saat ditekan?  
ask_first_aid_solution,Apa yang harus saya lakukan jika mesin mobil saya bunyi kletuk pas start?  
ask_first_aid_solution,Gimana cara ngatasin mesin motor yang bunyi kletuk pas nyala?  
ask_first_aid_solution,Langkah awal apa yang bisa saya ambil kalo mesin mobil saya bunyi kletuk start?  
ask_first_aid_solution,Apa yang harus saya cek dulu kalo mesin motor saya bunyi kletuk pas start?  
ask_first_aid_solution,Bagaimana cara mengatasi mesin mobil yang bunyi kletuk saat dihidupkan?  
ask_first_aid_solution,Apa yang harus saya lakukan jika ban motor saya bunyi krek pas jalan?  
ask_first_aid_solution,Gimana cara ngatasin ban mobil yang bunyi krek pas jalan?  
ask_first_aid_solution,Langkah awal apa yang bisa saya ambil kalo ban motor saya bunyi krek jalan?  
ask_first_aid_solution,Apa yang harus saya cek dulu kalo ban mobil saya bunyi krek pas dipake?  
ask_first_aid_solution,Bagaimana cara mengatasi ban motor yang bunyi krek saat jalan?  
ask_first_aid_solution,Apa yang harus saya lakukan jika mobil saya bunyi gluduk dari mesin?  
ask_first_aid_solution,Gimana cara ngatasin motor yang bunyi gluduk dari mesin?  
ask_first_aid_solution,Langkah awal apa yang bisa saya ambil kalo mobil saya bunyi gluduk mesin?  
ask_first_aid_solution,Apa yang harus saya cek dulu kalo motor saya bunyi gluduk dari mesin?  
ask_first_aid_solution,Bagaimana cara mengatasi mobil yang bunyi gluduk dari mesin?  
ask_first_aid_solution,Apa yang harus saya lakukan jika lampu dashboard motor saya nyala tanda suhu?  
ask_first_aid_solution,Gimana cara ngatasin lampu dashboard mobil yang nyala tanda suhu?  
ask_first_aid_solution,Langkah awal apa yang bisa saya ambil kalo lampu dashboard motor saya nyala suhu?  
ask_first_aid_solution,Apa yang harus saya cek dulu kalo lampu dashboard mobil saya nyala tanda suhu?  
ask_first_aid_solution,Bagaimana cara mengatasi lampu dashboard motor yang nyala tanda suhu?  
ask_first_aid_solution,Apa yang harus saya lakukan jika mobil saya bunyi krek dari ban pas jalan?  
ask_first_aid_solution,Gimana cara ngatasin ban motor yang bunyi krek pas dipake?  
ask_first_aid_solution,Langkah awal apa yang bisa saya ambil kalo mobil saya bunyi krek dari ban?  
ask_first_aid_solution,Apa yang harus saya cek dulu kalo ban motor saya bunyi krek pas jalan?  
ask_first_aid_solution,Bagaimana cara mengatasi mobil yang bunyi krek dari ban?  
ask_first_aid_solution,Apa yang harus saya lakukan jika rem motor saya bunyi gesekan pas jalan?  
ask_first_aid_solution,Gimana cara ngatasin rem mobil yang bunyi gesekan pas dipake?  
ask_first_aid_solution,Langkah awal apa yang bisa saya ambil kalo rem motor saya bunyi gesekan jalan?  
ask_first_aid_solution,Apa yang harus saya cek dulu kalo rem mobil saya bunyi gesekan pas jalan?  
ask_first_aid_solution,Bagaimana cara mengatasi rem motor yang bunyi gesekan saat jalan?  
ask_first_aid_solution,Apa yang harus saya lakukan jika AC mobil saya bunyi berisik pas jalan?  
ask_first_aid_solution,Gimana cara ngatasin AC motor yang bunyi berisik pas dipake?  
ask_first_aid_solution,Langkah awal apa yang bisa saya ambil kalo AC mobil saya bunyi berisik jalan?  
ask_first_aid_solution,Apa yang harus saya cek dulu kalo AC motor saya bunyi berisik pas jalan?  
ask_first_aid_solution,Bagaimana cara mengatasi AC mobil yang bunyi berisik saat jalan?  
ask_first_aid_solution,Apa yang harus saya lakukan jika lampu depan mobil saya bunyi tik pas nyala?  
ask_first_aid_solution,Gimana cara ngatasin lampu depan motor yang bunyi tik pas nyala?  
ask_first_aid_solution,Langkah awal apa yang bisa saya ambil kalo lampu depan mobil saya bunyi tik?  
ask_first_aid_solution,Apa yang harus saya cek dulu kalo lampu depan motor saya bunyi tik?  
ask_first_aid_solution,Bagaimana cara mengatasi lampu depan mobil yang bunyi tik saat nyala?  
ask_first_aid_solution,Apa yang harus saya lakukan jika motor saya bunyi aneh dari shock pas jalan?  
ask_first_aid_solution,Gimana cara ngatasin mobil yang bunyi aneh dari shock pas jalan?  
ask_first_aid_solution,Langkah awal apa yang bisa saya ambil kalo motor saya bunyi aneh shock?  
ask_first_aid_solution,Apa yang harus saya cek dulu kalo mobil saya bunyi aneh dari shock?  
ask_first_aid_solution,Bagaimana cara mengatasi motor yang bunyi aneh dari shock saat jalan?  
ask_first_aid_solution,Apa yang harus saya lakukan jika ban motor saya bunyi decit pas pelan?  
ask_first_aid_solution,Gimana cara ngatasin ban mobil yang bunyi decit pas pelan?  
ask_first_aid_solution,Langkah awal apa yang bisa saya ambil kalo ban motor saya bunyi decit pelan?  
ask_first_aid_solution,Apa yang harus saya cek dulu kalo ban mobil saya bunyi decit pas pelan?  
ask_first_aid_solution,Bagaimana cara mengatasi ban motor yang bunyi decit saat pelan?  
ask_first_aid_solution,Apa yang harus saya lakukan jika mesin mobil saya bunyi klotok pas jalan?  
ask_first_aid_solution,Gimana cara ngatasin mesin motor yang bunyi klotok pas jalan?  
ask_first_aid_solution,Langkah awal apa yang bisa saya ambil kalo mesin mobil saya bunyi klotok jalan?  
ask_first_aid_solution,Apa yang harus saya cek dulu kalo mesin motor saya bunyi klotok pas jalan?  
ask_first_aid_solution,Bagaimana cara mengatasi mesin mobil yang bunyi klotok saat jalan?  
ask_first_aid_solution,Apa yang harus saya lakukan jika lampu rem motor saya ga nyala pas ditekan?  
ask_first_aid_solution,Gimana cara ngatasin lampu rem mobil yang ga nyala pas ngerem?  
ask_first_aid_solution,Langkah awal apa yang bisa saya ambil kalo lampu rem motor saya ga nyala tekan?  
ask_first_aid_solution,Apa yang harus saya cek dulu kalo lampu rem mobil saya ga nyala pas ditekan?  
ask_first_aid_solution,Bagaimana cara mengatasi lampu rem motor yang ga nyala saat ditekan?  
ask_first_aid_solution,Apa yang harus saya lakukan jika mobil saya bunyi aneh dari dashboard pas jalan?  
ask_first_aid_solution,Gimana cara ngatasin motor yang bunyi aneh dari dashboard pas dipake?  
ask_first_aid_solution,Langkah awal apa yang bisa saya ambil kalo mobil saya bunyi aneh dashboard jalan?  
ask_first_aid_solution,Apa yang harus saya cek dulu kalo motor saya bunyi aneh dari dashboard pas jalan?  
ask_first_aid_solution,Bagaimana cara mengatasi mobil yang bunyi aneh dari dashboard saat jalan?  
ask_first_aid_solution,Apa yang harus saya lakukan jika ban motor saya bunyi krek pas hujan?  
ask_first_aid_solution,Gimana cara ngatasin ban mobil yang bunyi krek pas hujan?  
ask_first_aid_solution,Langkah awal apa yang bisa saya ambil kalo ban motor saya bunyi krek hujan?  
ask_first_aid_solution,Apa yang harus saya cek dulu kalo ban mobil saya bunyi krek pas hujan?  
ask_first_aid_solution,Bagaimana cara mengatasi ban motor yang bunyi krek saat hujan?  
ask_first_aid_solution,Apa yang harus saya lakukan jika AC mobil saya bunyi klik pas jalan?  
ask_first_aid_solution,Gimana cara ngatasin AC motor yang bunyi klik pas jalan?  
ask_first_aid_solution,Langkah awal apa yang bisa saya ambil kalo AC mobil saya bunyi klik jalan?  
ask_first_aid_solution,Apa yang harus saya cek dulu kalo AC motor saya bunyi klik pas jalan?  
ask_first_aid_solution,Bagaimana cara mengatasi AC mobil yang bunyi klik saat jalan?  
ask_first_aid_solution,Apa yang harus saya lakukan jika mesin motor saya bunyi krek pas digas?  
ask_first_aid_solution,Gimana cara ngatasin mesin mobil yang bunyi krek pas digas?  
ask_first_aid_solution,Langkah awal apa yang bisa saya ambil kalo mesin motor saya bunyi krek gas?  
ask_first_aid_solution,Apa yang harus saya cek dulu kalo mesin mobil saya bunyi krek pas gas?  
ask_first_aid_solution,Bagaimana cara mengatasi mesin motor yang bunyi krek saat digas?  
ask_first_aid_solution,Apa yang harus saya lakukan jika lampu dashboard mobil saya nyala tanda pintu?  
ask_first_aid_solution,Gimana cara ngatasin lampu dashboard motor yang nyala tanda pintu?  
ask_first_aid_solution,Langkah awal apa yang bisa saya ambil kalo lampu dashboard mobil saya nyala pintu?  
ask_first_aid_solution,Apa yang harus saya cek dulu kalo lampu dashboard motor saya nyala tanda pintu?  
ask_first_aid_solution,Bagaimana cara mengatasi lampu dashboard mobil yang nyala tanda pintu?  
ask_first_aid_solution,Apa yang harus saya lakukan jika ban motor saya bunyi kletuk pas jalan pelan?  
ask_first_aid_solution,Gimana cara ngatasin ban mobil yang bunyi kletuk pas jalan pelan?  
ask_first_aid_solution,Langkah awal apa yang bisa saya ambil kalo ban motor saya bunyi kletuk pelan?  
ask_first_aid_solution,Apa yang harus saya cek dulu kalo ban mobil saya bunyi kletuk pas pelan?  
ask_first_aid_solution,Bagaimana cara mengatasi ban motor yang bunyi kletuk saat jalan pelan?  
ask_first_aid_solution,Apa yang harus saya lakukan jika mobil saya bunyi gluduk dari suspensi?  
ask_first_aid_solution,Gimana cara ngatasin motor yang bunyi gluduk dari suspensi?  
ask_first_aid_solution,Langkah awal apa yang bisa saya ambil kalo mobil saya bunyi gluduk suspensi?  
ask_first_aid_solution,Apa yang harus saya cek dulu kalo motor saya bunyi gluduk dari suspensi?  
ask_first_aid_solution,Bagaimana cara mengatasi mobil yang bunyi gluduk dari suspensi?  
ask_first_aid_solution,Apa yang harus saya lakukan jika lampu depan motor saya bunyi tik pas hujan?  
ask_first_aid_solution,Gimana cara ngatasin lampu depan mobil yang bunyi tik pas hujan?  
ask_first_aid_solution,Langkah awal apa yang bisa saya ambil kalo lampu depan motor saya bunyi tik hujan?  
ask_first_aid_solution,Apa yang harus saya cek dulu kalo lampu depan mobil saya bunyi tik pas hujan?  
ask_first_aid_solution,Bagaimana cara mengatasi lampu depan motor yang bunyi tik saat hujan?  
ask_first_aid_solution,Apa yang harus saya lakukan jika ban mobil saya bunyi decit pas jalan pelan?  
ask_first_aid_solution,Gimana cara ngatasin ban motor yang bunyi decit pas pelan jalan?  
ask_first_aid_solution,Langkah awal apa yang bisa saya ambil kalo ban mobil saya bunyi decit pelan?  
ask_first_aid_solution,Apa yang harus saya cek dulu kalo ban motor saya bunyi decit pas pelan?  
ask_first_aid_solution,Bagaimana cara mengatasi ban mobil yang bunyi decit saat pelan?  
ask_first_aid_solution,Apa yang harus saya lakukan jika rem motor saya bunyi krek pas jalan jauh?  
ask_first_aid_solution,Gimana cara ngatasin rem mobil yang bunyi krek pas jalan jauh?  
ask_first_aid_solution,Langkah awal apa yang bisa saya ambil kalo rem motor saya bunyi krek jauh?  
ask_first_aid_solution,Apa yang harus saya cek dulu kalo rem mobil saya bunyi krek pas jalan jauh?  
ask_first_aid_solution,Bagaimana cara mengatasi rem motor yang bunyi krek saat jalan jauh?  
ask_first_aid_solution,Apa yang harus saya lakukan jika AC mobil saya bunyi berderit pas nyala?  
ask_first_aid_solution,Gimana cara ngatasin AC motor yang bunyi berderit pas nyala?  
ask_first_aid_solution,Langkah awal apa yang bisa saya ambil kalo AC mobil saya bunyi berderit?  
ask_first_aid_solution,Apa yang harus saya cek dulu kalo AC motor saya bunyi berderit?  
ask_first_aid_solution,Bagaimana cara mengatasi AC mobil yang bunyi berderit saat nyala?  
ask_first_aid_solution,Apa yang harus saya lakukan jika mesin motor saya bunyi ketuk pas jalan pelan?  
ask_first_aid_solution,Gimana cara ngatasin mesin mobil yang bunyi ketuk pas pelan?  
ask_first_aid_solution,Langkah awal apa yang bisa saya ambil kalo mesin motor saya bunyi ketuk pelan?  
ask_first_aid_solution,Apa yang harus saya cek dulu kalo mesin mobil saya bunyi ketuk pas pelan?  
ask_first_aid_solution,Bagaimana cara mengatasi mesin motor yang bunyi ketuk saat pelan?  
ask_first_aid_solution,Apa yang harus saya lakukan jika mobil saya bunyi kletuk dari mesin pas jalan?  
ask_first_aid_solution,Gimana cara ngatasin motor yang bunyi kletuk dari mesin pas jalan?  
ask_first_aid_solution,Langkah awal apa yang bisa saya ambil kalo mobil saya bunyi kletuk jalan?  
ask_first_aid_solution,Apa yang harus saya cek dulu kalo motor saya bunyi kletuk pas jalan?  
ask_first_aid_solution,Bagaimana cara mengatasi mobil yang bunyi kletuk dari mesin saat jalan?  
ask_first_aid_solution,Apa yang harus saya lakukan jika motor saya bunyi aneh dari knalpot pas jalan?  
ask_first_aid_solution,Gimana cara ngatasin knalpot mobil yang bunyi aneh pas jalan?  
ask_first_aid_solution,Langkah awal apa yang bisa saya ambil kalo motor saya bunyi aneh knalpot?  
ask_first_aid_solution,Apa yang harus saya cek dulu kalo knalpot mobil saya bunyi aneh pas jalan?  
ask_first_aid_solution,Bagaimana cara mengatasi motor yang bunyi aneh dari knalpot saat jalan?  
ask_first_aid_solution,Apa yang harus saya lakukan jika lampu rem mobil saya bunyi tik pas ditekan?  
ask_first_aid_solution,Gimana cara ngatasin lampu rem motor yang bunyi tik pas ditekan?  
ask_first_aid_solution,Langkah awal apa yang bisa saya ambil kalo lampu rem mobil saya bunyi tik tekan?  
ask_first_aid_solution,Apa yang harus saya cek dulu kalo lampu rem motor saya bunyi tik pas tekan?  
ask_first_aid_solution,Bagaimana cara mengatasi lampu rem mobil yang bunyi tik saat ditekan?  
ask_first_aid_solution,Apa yang harus saya lakukan jika ban mobil saya bunyi decit pas jalan jauh?  
ask_first_aid_solution,Gimana cara ngatasin ban motor yang bunyi decit pas jalan jauh?  
ask_first_aid_solution,Langkah awal apa yang bisa saya ambil kalo ban mobil saya bunyi decit jauh?  
ask_first_aid_solution,Apa yang harus saya cek dulu kalo ban motor saya bunyi decit pas jauh?  
ask_first_aid_solution,Bagaimana cara mengatasi ban mobil yang bunyi decit saat jalan jauh?  
ask_first_aid_solution,Apa yang harus saya lakukan jika rem motor saya bunyi gesekan pas pelan?  
ask_first_aid_solution,Gimana cara ngatasin rem mobil yang bunyi gesekan pas pelan?  
ask_first_aid_solution,Langkah awal apa yang bisa saya ambil kalo rem motor saya bunyi gesekan pelan?  
ask_first_aid_solution,Apa yang harus saya cek dulu kalo rem mobil saya bunyi gesekan pas pelan?  
ask_first_aid_solution,Bagaimana cara mengatasi rem motor yang bunyi gesekan saat pelan?  
ask_first_aid_solution,Apa yang harus saya lakukan jika AC mobil saya bunyi pas jalan?  
ask_first_aid_solution,Gimana cara ngatasin AC motor yang bunyi pas jalan?  
ask_first_aid_solution,Langkah awal apa yang bisa saya ambil kalo AC mobil saya bunyi jalan?  
ask_first_aid_solution,Apa yang harus saya cek dulu kalo AC motor saya bunyi pas jalan?  
ask_first_aid_solution,Bagaimana cara mengatasi AC mobil yang bunyi saat jalan?  
ask_first_aid_solution,Apa yang harus saya lakukan jika mobil saya bunyi aneh dari suspensi pas jalan?  
ask_first_aid_solution,Gimana cara ngatasin motor yang bunyi aneh dari suspensi pas jalan?  
ask_first_aid_solution,Langkah awal apa yang bisa saya ambil kalo mobil saya bunyi aneh suspensi?  
ask_first_aid_solution,Apa yang harus saya cek dulu kalo motor saya bunyi aneh dari suspensi pas jalan?  
ask_first_aid_solution,Bagaimana cara mengatasi mobil yang bunyi aneh dari suspensi saat jalan?  
ask_first_aid_solution,Apa yang harus saya lakukan jika motor saya bunyi krek dari rem pas jalan pelan?  
ask_first_aid_solution,Gimana cara ngatasin rem mobil yang bunyi krek pas jalan pelan?  
ask_first_aid_solution,Langkah awal apa yang bisa saya ambil kalo motor saya bunyi krek rem pelan?  
ask_first_aid_solution,Apa yang harus saya cek dulu kalo rem mobil saya bunyi krek pas pelan?  
ask_first_aid_solution,Bagaimana cara mengatasi motor yang bunyi krek dari rem saat pelan?
ask_first_aid_solution,Apa yang harus saya lakukan pertama kali kalau mesin motor tiba-tiba mati di jalan?
ask_first_aid_solution,Langkah awal apa yang perlu dilakukan kalau rem mobil terasa blong?
ask_first_aid_solution,Gimana cara cepat atasi ban motor yang bocor di tengah perjalanan?
ask_first_aid_solution,Apa yang harus diperiksa dulu kalau AC mobil cuma keluar angin doang?
ask_first_aid_solution,Kalau mobil mogok di tengah hujan, apa langkah pertama yang harus saya ambil?
ask_first_aid_solution,Bagaimana cara mengatasi setir mobil yang tiba-tiba terasa berat?
ask_first_aid_solution,Apa yang harus dilakukan kalau lampu depan motor mati pas malam hari?
ask_first_aid_solution,Gimana caranya biar motor yang overheat bisa cepet dingin?
ask_first_aid_solution,Kalau aki mobil lelet nyalain mesin, apa yang harus dicek dulu?
ask_first_aid_solution,Apa langkah awal kalau bensin motor tiba-tiba bocor dari tangki?
ask_first_aid_solution,Bagaimana cara cepat ngatasin kaca mobil yang berembun pas hujan?
ask_first_aid_solution,Apa yang harus saya lakuin kalau kopling motor terasa keras banget?
ask_first_aid_solution,Kalau ban truk kempes di jalan tol, apa yang harus dilakukan pertama kali?
ask_first_aid_solution,Gimana cara ngecek kalau oli mesin mobil tiba-tiba bocor?
ask_first_aid_solution,Apa yang harus dilakukan kalau pintu mobil macet ga bisa dibuka?
ask_first_aid_solution,Langkah pertama apa kalau motor ga bisa distarter padahal akinya baru?
ask_first_aid_solution,Bagaimana cara ngatasin wiper mobil yang ga jalan pas hujan deras?
ask_first_aid_solution,Apa yang harus dicek kalau klakson motor ga bunyi sama sekali?
ask_first_aid_solution,Kalau radiator mobil bocor, apa yang harus dilakukan dulu?
ask_first_aid_solution,Gimana caranya biar ban serep motor bisa dipasang dengan cepat?
ask_first_aid_solution,Apa langkah awal kalau mesin mobil bunyi aneh kayak ketukan?
ask_first_aid_solution,Bagaimana cara cepat ngatasin motor yang susah nyala di pagi hari?
ask_first_aid_solution,Kalau lampu rem mobil ga nyala, apa yang harus diperiksa dulu?
ask_first_aid_solution,Apa yang perlu dilakukan kalau setir motor goyang pas ngebut?
ask_first_aid_solution,Gimana cara ngatasin kaca spion mobil yang longgar di jalan?
ask_first_aid_solution,Apa langkah pertama kalau mobil tiba-tiba ngebul dari kap mesin?
ask_first_aid_solution,Bagaimana cara ngecek kalau rantai motor kendor banget?
ask_first_aid_solution,Kalau bau bensin tercium di kabin mobil, apa yang harus dilakukan dulu?
ask_first_aid_solution,Apa yang harus diperiksa kalau pedal gas mobil terasa macet?
ask_first_aid_solution,Gimana cara cepat ngatasin jok motor yang basah kena hujan?
ask_first_aid_solution,Langkah awal apa kalau motor mati mendadak pas di lampu merah?
ask_first_aid_solution,Apa yang harus dilakukan kalau ban mobil kempes perlahan di parkiran?
ask_first_aid_solution,Bagaimana cara mengatasi knalpot motor yang ngebul putih?
ask_first_aid_solution,Kalau power window mobil ga bisa naik, apa yang harus dicek dulu?
ask_first_aid_solution,Apa langkah pertama kalau mesin truk susah hidup pas pagi?
ask_first_aid_solution,Gimana cara ngatasin stang motor yang seret pas belok?
ask_first_aid_solution,Apa yang harus dilakukan kalau oli motor tumpah di jalan?
ask_first_aid_solution,Bagaimana cara cepat ngecek kalau rem tromol motor ga pakem?
ask_first_aid_solution,Kalau mobil bunyi berdecit pas ngerem, apa yang harus dilakukan?
ask_first_aid_solution,Apa langkah awal kalau speedometer motor ga jalan sama sekali?
ask_first_aid_solution,Gimana cara ngatasin kaca mobil yang buram pas malam?
ask_first_aid_solution,Apa yang harus diperiksa kalau mesin mobil mati pas jalan pelan?
ask_first_aid_solution,Bagaimana cara cepat ngatasin motor yang getar hebat pas langsam?
ask_first_aid_solution,Kalau lampu sein motor ga nyala, apa yang harus dicek dulu?
ask_first_aid_solution,Apa langkah pertama kalau ban belakang motor bocor di jalan raya?
ask_first_aid_solution,Gimana cara ngecek kalau aki mobil bermasalah pas starter?
ask_first_aid_solution,Apa yang harus dilakukan kalau pintu bagasi mobil ga bisa dibuka?
ask_first_aid_solution,Bagaimana cara ngatasin AC mobil yang bau apek pas dinyalain?
ask_first_aid_solution,Kalau setir mobil bergetar pas ngebut, apa yang harus dicek?
ask_first_aid_solution,Apa langkah awal kalau motor ga bisa nyala setelah kecipratan air?
ask_first_aid_solution,Gimana cara cepat ngatasin rem cakram motor yang bunyi berdecit?
ask_first_aid_solution,Apa yang harus dilakukan kalau kunci motor macet di kontak?
ask_first_aid_solution,Bagaimana cara ngecek kalau radiator mobil kehabisan air?
ask_first_aid_solution,Kalau ban truk terasa oleng, apa yang harus diperiksa dulu?
ask_first_aid_solution,Apa langkah pertama kalau mesin motor bunyi kasar pas digas?
ask_first_aid_solution,Gimana cara ngatasin mobil yang susah pindah gigi di jalan?
ask_first_aid_solution,Apa yang harus dilakukan kalau lampu dashboard mobil ga nyala?
ask_first_aid_solution,Bagaimana cara cepat ngatasin motor yang mogok setelah kehujanan?
ask_first_aid_solution,Kalau wiper mobil cuma gerak pelan, apa yang harus dicek?
ask_first_aid_solution,Apa langkah awal kalau ban motor kempes pas di parkiran?
ask_first_aid_solution,Gimana cara ngecek kalau kopling mobil terasa licin?
ask_first_aid_solution,Apa yang harus dilakukan kalau mesin mobil overheat di jalan tol?
ask_first_aid_solution,Bagaimana cara ngatasin lampu depan mobil yang redup sebelah?
ask_first_aid_solution,Kalau rantai motor putus di jalan, apa langkah pertama yang diambil?
ask_first_aid_solution,Apa yang harus diperiksa kalau pedal rem mobil terasa dalam?
ask_first_aid_solution,Gimana cara cepat ngatasin motor yang ga bisa nyala pas pagi?
ask_first_aid_solution,Apa langkah awal kalau mobil ngebul hitam dari knalpot?
ask_first_aid_solution,Bagaimana cara ngecek kalau oli mesin motor tiba-tiba habis?
ask_first_aid_solution,Kalau kaca mobil retak kecil, apa yang harus dilakukan dulu?
ask_first_aid_solution,Apa yang perlu dicek kalau stang motor terasa longgar?
ask_first_aid_solution,Gimana cara ngatasin AC mobil yang cuma nyala sebentar?
ask_first_aid_solution,Apa langkah pertama kalau ban mobil bocor pas di jalan raya?
ask_first_aid_solution,Bagaimana cara cepat ngatasin motor yang bunyi aneh pas ngegas?
ask_first_aid_solution,Kalau klakson mobil ga bunyi, apa yang harus diperiksa dulu?
ask_first_aid_solution,Apa yang harus dilakukan kalau mesin truk mati mendadak?
ask_first_aid_solution,Gimana cara ngecek kalau rem tangan mobil ga berfungsi?
ask_first_aid_solution,Apa langkah awal kalau motor susah nyala setelah lama ga dipakai?
ask_first_aid_solution,Bagaimana cara ngatasin kaca spion motor yang patah di jalan?
ask_first_aid_solution,Kalau mobil bunyi gemeretak pas belok, apa yang harus dicek?
ask_first_aid_solution,Apa yang perlu dilakukan kalau ban motor kempes pas di kampung?
ask_first_aid_solution,Gimana cara cepat ngatasin lampu rem motor yang ga nyala?
ask_first_aid_solution,Apa langkah pertama kalau mesin mobil ga bisa distarter?
ask_first_aid_solution,Bagaimana cara ngecek kalau radiator motor bocor di jalan?
ask_first_aid_solution,Kalau setir mobil macet pas parkir, apa yang harus dilakukan?
ask_first_aid_solution,Apa yang harus diperiksa kalau motor getar hebat pas ngebut?
ask_first_aid_solution,Gimana cara ngatasin wiper mobil yang macet pas hujan?
ask_first_aid_solution,Apa langkah awal kalau aki motor lelet nyalain mesin?
ask_first_aid_solution,Bagaimana cara cepat ngatasin ban mobil yang bocor perlahan?
ask_first_aid_solution,Kalau lampu sein mobil ga kedip, apa yang harus dicek dulu?
ask_first_aid_solution,Apa yang harus dilakukan kalau mesin motor ngebul pas digas?
ask_first_aid_solution,Gimana cara ngecek kalau oli mobil tumpah di jalan?
ask_first_aid_solution,Apa langkah pertama kalau AC mobil ga keluar angin sama sekali?
ask_first_aid_solution,Bagaimana cara ngatasin rem motor yang terasa licin?
ask_first_aid_solution,Kalau pintu mobil ga bisa dikunci, apa yang harus diperiksa?
ask_first_aid_solution,Apa yang perlu dilakukan kalau motor mogok di tengah sawah?
ask_first_aid_solution,Gimana cara cepat ngatasin setir motor yang berat pas belok?
ask_first_aid_solution,Apa langkah awal kalau mobil bunyi aneh pas ngerem?
ask_first_aid_solution,Bagaimana cara ngecek kalau ban truk kempes sebelah?
ask_first_aid_solution,Kalau lampu depan motor redup, apa yang harus dilakukan dulu?
ask_first_aid_solution,Apa yang harus diperiksa kalau mesin mobil mati pas macet?
ask_first_aid_solution,Gimana cara ngatasin rantai motor yang kendor di jalan?
ask_first_aid_solution,Apa langkah pertama kalau mobil overheat pas di jalan raya?
ask_first_aid_solution,Bagaimana cara cepat ngatasin kaca mobil yang berembun?
ask_first_aid_solution,Kalau pedal gas motor macet, apa yang harus dilakukan dulu?
ask_first_aid_solution,Apa yang perlu dicek kalau klakson truk ga bunyi?
ask_first_aid_solution,Gimana cara ngatasin ban motor yang bocor pas di gunung?
ask_first_aid_solution,Apa langkah awal kalau mesin motor susah hidup setelah jatuh?
ask_first_aid_solution,Bagaimana cara ngecek kalau rem cakram mobil ga pakem?
ask_first_aid_solution,Kalau lampu dashboard motor ga nyala, apa yang harus diperiksa?
ask_first_aid_solution,Apa yang harus dilakukan kalau setir mobil bergetar pas ngerem?
ask_first_aid_solution,Gimana cara cepat ngatasin motor yang ga bisa nyala pas hujan?
ask_first_aid_solution,Apa langkah pertama kalau ban mobil kempes di tengah malam?
ask_first_aid_solution,Bagaimana cara ngatasin wiper motor yang ga bergerak?
ask_first_aid_solution,Kalau mesin mobil bunyi kasar, apa yang harus dicek dulu?
ask_first_aid_solution,Apa yang perlu dilakukan kalau aki motor soak di jalan?
ask_first_aid_solution,Gimana cara ngecek kalau radiator mobil kepanasan?
ask_first_aid_solution,Apa langkah awal kalau pintu bagasi truk ga bisa dibuka?
ask_first_aid_solution,Bagaimana cara cepat ngatasin lampu sein motor yang mati?
ask_first_aid_solution,Kalau ban motor bocor kecil, apa yang harus dilakukan dulu?
ask_first_aid_solution,Apa yang harus diperiksa kalau kopling motor terasa berat?
ask_first_aid_solution,Gimana cara ngatasin mobil yang susah nyala pas pagi dingin?
ask_first_aid_solution,Apa langkah pertama kalau mesin truk ngebul hitam?
ask_first_aid_solution,Bagaimana cara ngecek kalau oli motor bocor dari mesin?
ask_first_aid_solution,Kalau kaca spion mobil goyang, apa yang harus dilakukan?
ask_first_aid_solution,Apa yang perlu dicek kalau rem tangan mobil ga nahan?
ask_first_aid_solution,Gimana cara cepat ngatasin motor yang mogok di tengah kota?
ask_first_aid_solution,Apa langkah awal kalau lampu depan truk mati sebelah?
ask_first_aid_solution,Bagaimana cara ngatasin setir motor yang goyang pas ngebut?
ask_first_aid_solution,Kalau AC mobil cuma keluar angin panas, apa yang harus dicek?
ask_first_aid_solution,Apa yang harus dilakukan kalau ban mobil kempes pas di tol?
ask_first_aid_solution,Gimana cara ngecek kalau rantai motor putus di jalan?
ask_first_aid_solution,Apa langkah pertama kalau mesin mobil mati pas di tanjakan?
ask_first_aid_solution,Bagaimana cara cepat ngatasin wiper mobil yang bunyi berdecit?
ask_first_aid_solution,Kalau klakson motor ga bunyi, apa yang harus diperiksa dulu?
ask_first_aid_solution,Apa yang perlu dilakukan kalau motor getar hebat pas pelan?
ask_first_aid_solution,Gimana cara ngatasin kaca mobil yang buram pas hujan?
ask_first_aid_solution,Apa langkah awal kalau aki mobil lelet nyalain starter?
ask_first_aid_solution,Bagaimana cara ngecek kalau rem tromol motor ga berfungsi?
ask_first_aid_solution,Kalau lampu rem mobil ga nyala, apa yang harus dilakukan?
ask_first_aid_solution,Apa yang harus diperiksa kalau mesin motor bunyi aneh?
ask_first_aid_solution,Gimana cara cepat ngatasin ban motor yang kempes di desa?
ask_first_aid_solution,Apa langkah pertama kalau mobil mogok di tengah hutan?
ask_first_aid_solution,Bagaimana cara ngatasin setir mobil yang berat pas parkir?
ask_first_aid_solution,Kalau radiator motor bocor, apa yang harus dilakukan dulu?
ask_first_aid_solution,Apa yang perlu dicek kalau lampu sein truk ga kedip?
ask_first_aid_solution,Gimana cara ngecek kalau oli mobil tiba-tiba habis?
ask_first_aid_solution,Apa langkah awal kalau motor susah nyala setelah kecelakaan?
ask_first_aid_solution,Bagaimana cara cepat ngatasin rem cakram mobil yang licin?
ask_first_aid_solution,Kalau kunci mobil macet di pintu, apa yang harus dilakukan?
ask_first_aid_solution,Apa yang harus diperiksa kalau mesin truk susah hidup?
ask_first_aid_solution,Gimana cara ngatasin wiper motor yang macet pas hujan?
ask_first_aid_solution,Apa langkah pertama kalau ban motor bocor di tengah sawah?
ask_first_aid_solution,Bagaimana cara ngecek kalau AC mobil ga dingin sama sekali?
ask_first_aid_solution,Kalau setir motor seret, apa yang harus dilakukan dulu?
ask_first_aid_solution,Apa yang perlu dicek kalau klakson mobil cuma bunyi pelan?
ask_first_aid_solution,Gimana cara cepat ngatasin lampu depan motor yang redup?
ask_first_aid_solution,Apa langkah awal kalau mesin mobil overheat di macet?
ask_first_aid_solution,Bagaimana cara ngatasin ban mobil yang kempes perlahan?
ask_first_aid_solution,Kalau rantai motor kendor, apa yang harus diperiksa dulu?
ask_first_aid_solution,Apa yang harus dilakukan kalau pintu mobil ga bisa dibuka?
ask_first_aid_solution,Gimana cara ngecek kalau rem tangan truk ga berfungsi?
ask_first_aid_solution,Apa langkah pertama kalau motor ngebul putih dari knalpot?
ask_first_aid_solution,Bagaimana cara cepat ngatasin mobil yang bunyi aneh pas belok?
ask_first_aid_solution,Kalau lampu dashboard mobil ga nyala, apa yang harus dicek?
ask_first_aid_solution,Apa yang perlu dilakukan kalau ban truk bocor di jalan tol?
ask_first_aid_solution,Gimana cara ngatasin motor yang susah nyala pas dingin?
ask_first_aid_solution,Apa langkah awal kalau setir mobil goyang pas ngebut?
ask_first_aid_solution,Bagaimana cara ngecek kalau oli motor tumpah di jalan?
ask_first_aid_solution,Kalau wiper mobil ga jalan, apa yang harus diperiksa dulu?
ask_first_aid_solution,Apa yang harus dilakukan kalau mesin motor mati pas di tanjakan?
ask_first_aid_solution,Gimana cara cepat ngatasin lampu sein mobil yang mati?
ask_first_aid_solution,Apa langkah pertama kalau ban motor kempes pas di kota?
ask_first_aid_solution,Bagaimana cara ngatasin rem cakram motor yang bunyi keras?
ask_first_aid_solution,Kalau aki mobil soak, apa yang harus dilakukan dulu?
ask_first_aid_solution,Apa yang perlu dicek kalau kaca spion motor longgar?
ask_first_aid_solution,Gimana cara ngecek kalau radiator mobil bocor di jalan?
ask_first_aid_solution,Apa langkah awal kalau mesin truk bunyi kasar pas jalan?
ask_first_aid_solution,Bagaimana cara cepat ngatasin motor yang mogok pas hujan?
ask_first_aid_solution,Kalau lampu rem motor ga nyala, apa yang harus diperiksa?
ask_first_aid_solution,Apa yang harus dilakukan kalau setir mobil macet pas belok?
ask_first_aid_solution,Gimana cara ngatasin ban mobil yang bocor kecil di jalan?
ask_first_aid_solution,Apa langkah pertama kalau motor susah nyala setelah banjir?
ask_first_aid_solution,Bagaimana cara ngecek kalau oli mesin mobil bocor?
ask_first_aid_solution,Kalau klakson truk ga bunyi, apa yang harus dilakukan dulu?
ask_first_aid_solution,Apa yang perlu dicek kalau wiper motor cuma gerak pelan?
ask_first_aid_solution,Gimana cara cepat ngatasin kaca mobil yang berembun pas malam?
ask_first_aid_solution,Apa langkah awal kalau mesin motor getar hebat pas langsam?
ask_first_aid_solution,Bagaimana cara ngatasin lampu depan mobil yang mati sebelah?
ask_first_aid_solution,Kalau ban truk kempes perlahan, apa yang harus diperiksa?
ask_first_aid_solution,Apa yang harus dilakukan kalau rantai motor putus di desa?
ask_first_aid_solution,Gimana cara ngecek kalau rem cakram mobil terasa dalam?
ask_first_aid_solution,Apa langkah pertama kalau AC mobil cuma keluar angin apek?
ask_first_aid_solution,Bagaimana cara cepat ngatasin motor yang bunyi aneh pas digas?
ask_first_aid_solution,Kalau setir motor goyang, apa yang harus dilakukan dulu?
ask_first_aid_solution,Apa yang perlu dicek kalau lampu sein motor ga kedip?
ask_first_aid_solution,Gimana cara ngatasin mobil yang susah pindah gigi pas macet?
ask_first_aid_solution,Apa langkah awal kalau ban mobil bocor di tengah hutan?
ask_first_aid_solution,Bagaimana cara ngecek kalau aki motor lelet nyalain mesin?
ask_first_aid_solution,Kalau wiper mobil macet, apa yang harus diperiksa dulu?
ask_first_aid_solution,Apa yang harus dilakukan kalau mesin truk overheat di jalan?
ask_first_aid_solution,Gimana cara cepat ngatasin lampu rem mobil yang ga nyala?
ask_first_aid_solution,Apa langkah pertama kalau motor mogok setelah kecipratan air?
ask_first_aid_solution,Bagaimana cara ngatasin kaca spion mobil yang goyang?
ask_first_aid_solution,Kalau rem motor terasa licin, apa yang harus dilakukan dulu?
ask_first_aid_solution,Apa yang perlu dicek kalau radiator motor kehabisan air?
ask_first_aid_solution,Gimana cara ngecek kalau oli mobil tiba-tiba habis?
ask_first_aid_solution,Apa langkah awal kalau mesin mobil bunyi berdecit pas jalan?
ask_first_aid_solution,Bagaimana cara cepat ngatasin ban motor yang kempes di tol?
ask_first_aid_solution,Kalau lampu depan truk redup, apa yang harus diperiksa?
ask_first_aid_solution,Apa yang harus dilakukan kalau setir mobil berat pas ngebut?
ask_first_aid_solution,Gimana cara ngatasin motor yang susah nyala pas malam?
ask_first_aid_solution,Apa langkah pertama kalau klakson motor cuma bunyi pelan?
ask_first_aid_solution,Bagaimana cara ngecek kalau rem tangan mobil ga nahan?
ask_first_aid_solution,Kalau ban mobil bocor kecil, apa yang harus dilakukan dulu?
ask_first_aid_solution,Apa yang perlu dicek kalau mesin motor mati pas di lampu merah?
ask_first_aid_solution,Gimana cara cepat ngatasin wiper motor yang ga jalan?
ask_first_aid_solution,Apa langkah awal kalau AC mobil ga nyala sama sekali?
ask_first_aid_solution,Bagaimana cara ngatasin rantai motor yang kendor parah?
ask_first_aid_solution,Kalau lampu sein truk ga nyala, apa yang harus diperiksa?
ask_first_aid_solution,Apa yang harus dilakukan kalau mobil getar hebat pas ngerem?
ask_first_aid_solution,Gimana cara ngecek kalau oli motor bocor dari tangki?
ask_first_aid_solution,Apa langkah pertama kalau ban motor kempes di tengah kota?
ask_first_aid_solution,Bagaimana cara cepat ngatasin kaca mobil yang buram pas hujan?
ask_first_aid_solution,Kalau mesin truk susah nyala, apa yang harus dilakukan dulu?
ask_first_aid_solution,Apa yang perlu dicek kalau setir motor seret pas pelan?
ask_first_aid_solution,Gimana cara ngatasin lampu depan mobil yang redup sebelah?
ask_first_aid_solution,Apa langkah awal kalau rem cakram motor ga pakem?
ask_first_aid_solution,Bagaimana cara ngecek kalau radiator mobil kepanasan?
ask_first_aid_solution,Kalau ban truk bocor perlahan, apa yang harus diperiksa?
ask_first_aid_solution,Apa yang harus dilakukan kalau motor mogok di tengah hujan?
ask_first_aid_solution,Gimana cara cepat ngatasin klakson mobil yang ga bunyi?
ask_first_aid_solution,Apa langkah pertama kalau wiper mobil cuma gerak pelan?
ask_first_aid_solution,Bagaimana cara ngatasin mesin motor yang bunyi kasar pas jalan?
ask_first_aid_solution,Kalau lampu rem truk ga nyala, apa yang harus dilakukan?
ask_first_aid_solution,Apa yang perlu dicek kalau ban motor kempes pas di desa?
ask_first_aid_solution,Gimana cara ngecek kalau oli mobil tumpah di parkiran?
ask_first_aid_solution,Apa langkah awal kalau setir mobil goyang pas di tol?
ask_first_aid_solution,Bagaimana cara cepat ngatasin motor yang susah nyala pas banjir?
ask_first_aid_solution,Kalau kaca spion motor patah, apa yang harus dilakukan dulu?
ask_first_aid_solution,Apa yang harus diperiksa kalau AC mobil bau apek?
ask_first_aid_solution,Gimana cara ngatasin rem tangan motor yang ga berfungsi?
ask_first_aid_solution,Apa langkah pertama kalau mesin truk mati pas di tanjakan?
ask_first_aid_solution,Bagaimana cara ngecek kalau lampu sein mobil ga kedip?
ask_first_aid_solution,Kalau ban mobil kempes perlahan, apa yang harus dilakukan?
ask_first_aid_solution,Apa yang perlu dicek kalau rantai motor putus di jalan?
ask_first_aid_solution,Gimana cara cepat ngatasin wiper mobil yang macet pas hujan?
ask_first_aid_solution,Apa langkah awal kalau motor getar hebat pas ngebut?
ask_first_aid_solution,Bagaimana cara ngatasin klakson truk yang cuma bunyi pelan?
ask_first_aid_solution,Kalau mesin mobil overheat, apa yang harus diperiksa dulu?
ask_first_aid_solution,Apa yang harus dilakukan kalau lampu depan motor mati pas malam?
ask_first_aid_solution,Gimana cara ngecek kalau rem cakram mobil bunyi berdecit?
ask_first_aid_solution,Apa langkah pertama kalau ban truk kempes di tengah hutan?
ask_first_aid_solution,Bagaimana cara cepat ngatasin setir motor yang goyang?
ask_first_aid_solution,Kalau oli motor bocor, apa yang harus dilakukan dulu?
ask_first_aid_solution,Apa yang perlu dicek kalau AC mobil cuma keluar angin panas?
ask_first_aid_solution,Gimana cara ngatasin lampu rem motor yang ga nyala?
ask_first_aid_solution,Apa langkah awal kalau mesin mobil susah nyala pas pagi?
ask_first_aid_solution,Bagaimana cara ngecek kalau radiator motor kehabisan air?
ask_first_aid_solution,Kalau ban mobil bocor di tol, apa yang harus diperiksa?
ask_first_aid_solution,Apa yang harus dilakukan kalau wiper motor ga jalan pas hujan?
ask_first_aid_solution,Gimana cara cepat ngatasin setir mobil yang berat pas belok?
ask_first_aid_solution,Apa langkah pertama kalau motor mogok setelah kecelakaan?
ask_first_aid_solution,Bagaimana cara ngatasin klakson mobil yang ga bunyi sama sekali?
ask_first_aid_solution,Kalau lampu sein truk mati, apa yang harus dilakukan dulu?
ask_first_aid_solution,Apa yang perlu dicek kalau ban motor kempes di tengah sawah?
ask_first_aid_solution,Gimana cara ngecek kalau oli mobil bocor dari mesin?
ask_first_aid_solution,Apa langkah awal kalau mesin truk bunyi aneh pas jalan?
ask_first_aid_solution,Bagaimana cara cepat ngatasin kaca spion motor yang longgar?
ask_first_aid_solution,Kalau rem cakram motor licin, apa yang harus diperiksa?
ask_first_aid_solution,Apa yang harus dilakukan kalau AC mobil ga dingin pas macet?
ask_first_aid_solution,Gimana cara ngatasin lampu depan mobil yang mati pas malam?
ask_first_aid_solution,Apa langkah pertama kalau ban truk bocor perlahan?
ask_first_aid_solution,Bagaimana cara ngecek kalau setir motor seret pas ngebut?
ask_first_aid_solution,Kalau mesin mobil getar hebat, apa yang harus dilakukan dulu?
ask_first_aid_solution,Apa yang perlu dicek kalau wiper mobil cuma gerak pelan?
ask_first_aid_solution,Gimana cara cepat ngatasin motor yang susah nyala pas hujan?
ask_first_aid_solution,Apa langkah awal kalau klakson truk ga bunyi pas diperlukan?
ask_first_aid_solution,Bagaimana cara ngatasin ban motor yang kempes di tengah kota?
ask_first_aid_solution,Kalau radiator mobil bocor, apa yang harus diperiksa dulu?
ask_first_aid_solution,Apa yang harus dilakukan kalau lampu rem mobil ga nyala?
ask_first_aid_solution,Gimana cara ngecek kalau oli motor tumpah di jalan?
ask_first_aid_solution,Apa langkah pertama kalau setir mobil goyang pas pelan?
ask_first_aid_solution,Bagaimana cara cepat ngatasin motor yang mogok di tengah hutan?
ask_first_aid_solution,Kalau AC mobil bau apek, apa yang harus dilakukan dulu?
ask_first_aid_solution,Apa yang perlu dicek kalau rem tangan motor ga nahan?
ask_first_aid_solution,Gimana cara ngatasin lampu sein motor yang ga kedip?
ask_first_aid_solution,Apa langkah awal kalau mesin truk susah nyala pas pagi?
ask_first_aid_solution,Bagaimana cara ngecek kalau ban mobil kempes perlahan di parkiran?
ask_first_aid_solution,Kalau wiper motor macet, apa yang harus diperiksa dulu?
ask_first_aid_solution,Apa yang harus dilakukan kalau rantai motor kendor di jalan?
ask_first_aid_solution,Gimana cara cepat ngatasin kaca mobil yang berembun pas hujan?
ask_first_aid_solution,Apa langkah pertama kalau motor getar hebat pas di tanjakan?
ask_first_aid_solution,Bagaimana cara ngatasin lampu depan truk yang redup sebelah?
ask_first_aid_solution,Kalau oli mobil bocor, apa yang harus dilakukan dulu?
ask_first_aid_solution,Apa yang perlu dicek kalau setir motor goyang pas pelan?
ask_first_aid_solution,Gimana cara ngecek kalau rem cakram mobil ga pakem?
ask_first_aid_solution,Apa langkah awal kalau ban truk kempes di tengah tol?
ask_first_aid_solution,Bagaimana cara cepat ngatasin motor yang susah nyala pas malam?
ask_first_aid_solution,Kalau klakson mobil cuma bunyi pelan, apa yang harus diperiksa?
ask_first_aid_solution,Apa yang harus dilakukan kalau mesin mobil overheat pas di kota?
ask_first_aid_solution,Gimana cara ngatasin lampu rem truk yang ga nyala?
ask_first_aid_solution,Apa langkah pertama kalau ban motor bocor di tengah hujan?
ask_first_aid_solution,Bagaimana cara ngecek kalau radiator motor bocor di jalan?
ask_first_aid_solution,Kalau setir mobil berat, apa yang harus dilakukan dulu?
ask_first_aid_solution,Apa yang perlu dicek kalau wiper motor ga jalan pas hujan?
ask_first_aid_solution,Gimana cara cepat ngatasin motor yang mogok pas di sawah?
ask_first_aid_solution,Apa langkah awal kalau lampu sein mobil mati sebelah?
ask_first_aid_solution,Bagaimana cara ngatasin oli motor yang tumpah di parkiran?
ask_first_aid_solution,Kalau ban truk kempes perlahan, apa yang harus diperiksa?
ask_first_aid_solution,Apa yang harus dilakukan kalau AC mobil cuma keluar angin?
ask_first_aid_solution,Gimana cara ngecek kalau rem tangan mobil ga berfungsi?
ask_first_aid_solution,Apa langkah pertama kalau mesin motor bunyi aneh pas langsam?
ask_first_aid_solution,Bagaimana cara cepat ngatasin kaca spion motor yang patah?
ask_first_aid_solution,Kalau lampu depan mobil redup, apa yang harus dilakukan dulu?
ask_first_aid_solution,Apa yang perlu dicek kalau rantai motor putus di tengah kota?
ask_first_aid_solution,Gimana cara ngatasin setir motor yang seret pas belok?
ask_first_aid_solution,Apa langkah awal kalau ban mobil kempes di tengah malam?
ask_first_aid_solution,Bagaimana cara ngecek kalau oli mobil bocor dari tangki?
ask_first_aid_solution,Kalau mesin truk mati mendadak, apa yang harus dilakukan?
ask_first_aid_solution,Apa yang harus diperiksa kalau wiper mobil macet pas hujan?
ask_first_aid_solution,Gimana cara cepat ngatasin motor yang susah nyala pas banjir?
ask_first_aid_solution,Apa langkah pertama kalau klakson truk cuma bunyi pelan?
ask_first_aid_solution,Bagaimana cara ngatasin lampu rem motor yang ga nyala?
ask_first_aid_solution,Kalau ban motor bocor kecil, apa yang harus dilakukan dulu?
ask_first_aid_solution,Apa yang perlu dicek kalau setir mobil goyang pas ngebut?
ask_first_aid_solution,Gimana cara ngecek kalau rem cakram motor bunyi berdecit?
ask_first_aid_solution,Apa langkah awal kalau AC mobil ga dingin sama sekali?
ask_first_aid_solution,Bagaimana cara cepat ngatasin motor yang mogok di tengah tol?
ask_first_aid_solution,Kalau lampu sein truk ga kedip, apa yang harus diperiksa?
ask_first_aid_solution,Apa yang harus dilakukan kalau oli motor tumpah di jalan?
ask_first_aid_solution,Gimana cara ngatasin wiper motor yang cuma gerak pelan?
ask_first_aid_solution,Apa langkah pertama kalau ban truk kempes di tengah hutan?
ask_first_aid_solution,Bagaimana cara ngecek kalau radiator mobil kehabisan air?
ask_first_aid_solution,Kalau mesin mobil bunyi kasar, apa yang harus dilakukan dulu?
ask_first_aid_solution,Apa yang perlu dicek kalau lampu depan motor mati sebelah?
ask_first_aid_solution,Gimana cara cepat ngatasin setir motor yang goyang pas ngebut?
ask_first_aid_solution,Apa langkah awal kalau ban mobil bocor di tengah sawah?
ask_first_aid_solution,Bagaimana cara ngatasin klakson mobil yang ga bunyi pas diperlukan?
ask_first_aid_solution,Kalau rem cakram mobil licin, apa yang harus diperiksa?
ask_first_aid_solution,Apa yang harus dilakukan kalau motor getar hebat pas pelan?
ask_first_aid_solution,Gimana cara ngecek kalau oli motor bocor dari mesin?
ask_first_aid_solution,Apa langkah pertama kalau AC mobil cuma keluar angin apek?
ask_first_aid_solution,Bagaimana cara cepat ngatasin lampu rem truk yang ga nyala?
ask_first_aid_solution,Kalau ban motor kempes perlahan, apa yang harus dilakukan?
ask_first_aid_solution,Apa yang perlu dicek kalau wiper mobil ga jalan pas hujan?
ask_first_aid_solution,Gimana cara ngatasin setir mobil yang berat pas parkir?
ask_first_aid_solution,Apa langkah awal kalau mesin truk susah nyala pas dingin?
ask_first_aid_solution,Bagaimana cara ngecek kalau rantai motor kendor di jalan?
ask_first_aid_solution,Kalau lampu sein motor mati, apa yang harus diperiksa dulu?
ask_first_aid_solution,Apa yang harus dilakukan kalau ban truk bocor di tengah kota?
ask_first_aid_solution,Gimana cara cepat ngatasin motor yang mogok pas di tanjakan?
ask_first_aid_solution,Apa langkah pertama kalau oli mobil tumpah di parkiran?
ask_first_aid_solution,Bagaimana cara ngatasin kaca spion mobil yang longgar?
ask_first_aid_solution,Kalau rem tangan motor ga nahan, apa yang harus dilakukan?
ask_first_aid_solution,Apa yang perlu dicek kalau mesin motor bunyi aneh pas digas?
ask_first_aid_solution,Gimana cara ngecek kalau radiator motor kepanasan?
ask_first_aid_solution,Apa langkah awal kalau lampu depan truk mati pas malam?
ask_first_aid_solution,Bagaimana cara cepat ngatasin ban mobil yang kempes di desa?
ask_first_aid_solution,Kalau setir motor seret, apa yang harus diperiksa dulu?
ask_first_aid_solution,Apa yang harus dilakukan kalau AC mobil ga nyala pas macet?
ask_first_aid_solution,Gimana cara ngatasin wiper motor yang macet pas hujan?
ask_first_aid_solution,Apa langkah pertama kalau ban truk kempes di tengah tol?
ask_first_aid_solution,Bagaimana cara ngecek kalau oli motor tumpah di sawah?
ask_first_aid_solution,Kalau lampu rem mobil ga nyala, apa yang harus dilakukan?
ask_first_aid_solution,Apa yang perlu dicek kalau mesin truk getar hebat pas jalan?
ask_first_aid_solution,Gimana cara cepat ngatasin setir mobil yang goyang pas pelan?
ask_first_aid_solution,Apa langkah awal kalau motor susah nyala pas kecipratan air?
ask_first_aid_solution,Bagaimana cara ngatasin klakson truk yang ga bunyi sama sekali?
ask_first_aid_solution,Kalau ban motor bocor di tengah hutan, apa yang harus dilakukan?
ask_first_aid_solution,Apa yang harus diperiksa kalau rem cakram motor ga pakem?
ask_first_aid_solution,Gimana cara ngecek kalau radiator mobil bocor di jalan?
ask_first_aid_solution,Apa langkah pertama kalau lampu sein truk mati sebelah?
ask_first_aid_solution,Bagaimana cara cepat ngatasin motor yang mogok pas malam?
ask_first_aid_solution,Kalau oli mobil bocor, apa yang harus dilakukan dulu?
ask_first_aid_solution,Apa yang perlu dicek kalau wiper mobil cuma gerak pelan?
ask_first_aid_solution,Gimana cara ngatasin setir motor yang berat pas ngebut?
ask_first_aid_solution,Apa langkah awal kalau ban truk kempes perlahan di kota?
ask_first_aid_solution,Bagaimana cara ngecek kalau mesin motor overheat di jalan?
ask_first_aid_solution,Kalau lampu depan mobil mati, apa yang harus diperiksa dulu?
ask_first_aid_solution,Apa yang harus dilakukan kalau rem tangan mobil ga berfungsi?
ask_first_aid_solution,Gimana cara cepat ngatasin kaca spion motor yang goyang?
ask_first_aid_solution,Apa langkah pertama kalau AC mobil bau apek pas dinyalain?
ask_first_aid_solution,Bagaimana cara ngatasin ban motor yang bocor di tengah tol?
ask_first_aid_solution,Kalau setir mobil goyang, apa yang harus dilakukan dulu?
ask_first_aid_solution,Apa yang perlu dicek kalau rantai motor putus di sawah?
ask_first_aid_solution,Gimana cara ngecek kalau oli motor bocor dari tangki?
ask_first_aid_solution,Apa langkah awal kalau mesin truk bunyi kasar pas pelan?
ask_first_aid_solution,Bagaimana cara cepat ngatasin lampu rem motor yang mati?
ask_first_aid_solution,Kalau wiper motor ga jalan, apa yang harus diperiksa dulu?
ask_first_aid_solution,Apa yang harus dilakukan kalau ban mobil kempes di tengah hujan?
ask_first_aid_solution,Gimana cara ngatasin klakson mobil yang cuma bunyi pelan?
ask_first_aid_solution,Apa langkah pertama kalau motor mogok pas di tanjakan?
ask_first_aid_solution,Bagaimana cara ngecek kalau radiator motor kehabisan air?
ask_first_aid_solution,Kalau setir motor seret, apa yang harus dilakukan dulu?
ask_first_aid_solution,Apa yang perlu dicek kalau lampu sein mobil ga nyala?
ask_first_aid_solution,Gimana cara cepat ngatasin ban truk yang bocor di desa?
ask_first_aid_solution,Apa langkah awal kalau oli mobil tumpah di jalan tol?
ask_first_aid_solution,Bagaimana cara ngatasin mesin motor yang bunyi aneh pas ngebut?
ask_first_aid_solution,Kalau rem cakram mobil bunyi berdecit, apa yang harus dilakukan?
ask_first_aid_solution,Apa yang harus diperiksa kalau AC mobil ga dingin pas malam?
ask_first_aid_solution,Gimana cara ngecek kalau lampu depan truk redup sebelah?
ask_first_aid_solution,Apa langkah pertama kalau ban motor kempes di tengah kota?
ask_first_aid_solution,Bagaimana cara cepat ngatasin setir mobil yang berat pas pelan?
ask_first_aid_solution,Kalau wiper mobil macet, apa yang harus dilakukan dulu?
ask_first_aid_solution,Apa yang perlu dicek kalau rantai motor kendor di jalan?
ask_first_aid_solution,Gimana cara ngatasin motor yang susah nyala pas hujan deras?
ask_first_aid_solution,Apa langkah awal kalau klakson truk ga bunyi pas diperlukan?
ask_first_aid_solution,Bagaimana cara ngecek kalau oli motor bocor di parkiran?
ask_first_aid_solution,Kalau ban truk kempes perlahan, apa yang harus diperiksa?
ask_first_aid_solution,Apa yang harus dilakukan kalau lampu rem mobil ga kedip?
ask_first_aid_solution,Gimana cara cepat ngatasin kaca spion motor yang longgar?
ask_first_aid_solution,Apa langkah pertama kalau mesin motor overheat pas di tol?
ask_first_aid_solution,Bagaimana cara ngatasin setir motor yang goyang pas pelan?
ask_first_aid_solution,Kalau AC mobil cuma keluar angin panas, apa yang harus dilakukan?
ask_first_aid_solution,Apa yang perlu dicek kalau rem tangan motor ga berfungsi?
ask_first_aid_solution,Gimana cara ngecek kalau lampu sein truk mati sebelah?
ask_first_aid_solution,Apa langkah awal kalau ban mobil bocor di tengah sawah?
ask_first_aid_solution,Bagaimana cara cepat ngatasin motor yang mogok pas di desa?
ask_first_aid_solution,Kalau oli mobil tumpah, apa yang harus dilakukan dulu?
ask_first_aid_solution,Apa yang harus diperiksa kalau wiper motor cuma gerak pelan?
ask_first_aid_solution,Gimana cara ngatasin klakson mobil yang ga bunyi sama sekali?
ask_first_aid_solution,Apa langkah pertama kalau mesin truk getar hebat pas jalan?
ask_first_aid_solution,Bagaimana cara ngecek kalau radiator motor bocor di tengah kota?
ask_first_aid_solution,Kalau setir mobil berat, apa yang harus dilakukan dulu?
ask_first_aid_solution,Apa yang perlu dicek kalau ban truk kempes di tengah hutan?
ask_first_aid_solution,Gimana cara cepat ngatasin lampu depan motor yang mati?
ask_first_aid_solution,Apa langkah awal kalau rem cakram motor licin pas hujan?
ask_first_aid_solution,Bagaimana cara ngatasin oli motor yang bocor di jalan tol?
ask_first_aid_solution,Kalau lampu rem truk ga nyala, apa yang harus diperiksa?
ask_first_aid_solution,Apa yang harus dilakukan kalau AC mobil bau apek pas dinyalain?
ask_first_aid_solution,Gimana cara ngecek kalau setir motor seret pas di tanjakan?
ask_first_aid_solution,Apa langkah pertama kalau ban motor kempes di tengah malam?
ask_first_aid_solution,Bagaimana cara cepat ngatasin wiper mobil yang macet pas hujan?
ask_first_aid_solution,Kalau mesin motor bunyi kasar, apa yang harus dilakukan dulu?
ask_first_aid_solution,Apa yang perlu dicek kalau lampu sein mobil ga kedip?
ask_first_aid_solution,Gimana cara ngatasin ban truk yang bocor perlahan di tol?
ask_first_aid_solution,Apa langkah awal kalau klakson motor cuma bunyi pelan?
ask_first_aid_solution,Bagaimana cara ngecek kalau oli mobil bocor dari tangki?
ask_first_aid_solution,Kalau setir mobil goyang, apa yang harus diperiksa dulu?
ask_first_aid_solution,Apa yang harus dilakukan kalau motor mogok pas di sawah?
ask_first_aid_solution,Gimana cara cepat ngatasin rem tangan mobil yang ga nahan?
ask_first_aid_solution,Apa langkah pertama kalau lampu depan truk mati sebelah?
ask_first_aid_solution,Bagaimana cara ngatasin rantai motor yang kendor di jalan?
ask_first_aid_solution,Kalau ban motor bocor kecil, apa yang harus dilakukan dulu?
ask_first_aid_solution,Apa yang perlu dicek kalau AC mobil ga dingin pas di kota?
ask_first_aid_solution,Gimana cara ngecek kalau radiator motor kehabisan air?
ask_first_aid_solution,Apa langkah awal kalau wiper motor ga jalan pas hujan?
ask_first_aid_solution,Bagaimana cara cepat ngatasin setir motor yang berat pas pelan?
ask_first_aid_solution,Kalau oli motor tumpah, apa yang harus diperiksa dulu?
ask_first_aid_solution,Apa yang harus dilakukan kalau lampu rem mobil ga nyala?
ask_first_aid_solution,Gimana cara ngatasin ban truk yang kempes di tengah desa?
ask_first_aid_solution,Apa langkah pertama kalau mesin truk overheat pas di tol?
ask_first_aid_solution,Bagaimana cara ngecek kalau klakson truk ga bunyi pas diperlukan?
ask_first_aid_solution,Kalau setir mobil seret, apa yang harus dilakukan dulu?
ask_first_aid_solution,Apa yang perlu dicek kalau lampu sein motor mati sebelah?
ask_first_aid_solution,Gimana cara cepat ngatasin motor yang susah nyala pas banjir?
ask_first_aid_solution,Apa langkah awal kalau ban motor bocor di tengah hutan?
ask_first_aid_solution,Bagaimana cara ngatasin rem cakram mobil yang bunyi aneh?
ask_first_aid_solution,Kalau oli mobil bocor, apa yang harus dilakukan dulu?
ask_first_aid_solution,Apa yang harus diperiksa kalau wiper mobil macet pas malam?
ask_first_aid_solution,Gimana cara ngecek kalau radiator motor bocor di jalan?
ask_first_aid_solution,Apa langkah pertama kalau lampu depan mobil redup sebelah?
ask_first_aid_solution,Bagaimana cara cepat ngatasin ban truk yang kempes di kota?
ask_first_aid_solution,Kalau mesin motor getar hebat, apa yang harus dilakukan dulu?
ask_first_aid_solution,Apa yang perlu dicek kalau setir motor goyang pas ngebut?
ask_first_aid_solution,Gimana cara ngatasin klakson mobil yang cuma bunyi pelan?
ask_first_aid_solution,Apa langkah awal kalau AC mobil ga nyala pas di tol?
ask_first_aid_solution,Bagaimana cara ngecek kalau oli motor tumpah di parkiran?
ask_first_aid_solution,Kalau ban motor kempes perlahan, apa yang harus diperiksa?
ask_first_aid_solution,Apa yang harus dilakukan kalau lampu rem truk ga kedip?
ask_first_aid_solution,Gimana cara cepat ngatasin wiper motor yang ga jalan?
ask_first_aid_solution,Apa langkah pertama kalau mesin truk bunyi aneh pas pelan?
ask_first_aid_solution,Bagaimana cara ngatasin setir mobil yang berat pas di tanjakan?
ask_first_aid_solution,Kalau radiator motor kehabisan air, apa yang harus dilakukan?
ask_first_aid_solution,Apa yang perlu dicek kalau ban truk bocor di tengah sawah?
ask_first_aid_solution,Gimana cara ngecek kalau lampu sein mobil mati sebelah?
ask_first_aid_solution,Apa langkah awal kalau motor mogok pas di tengah kota?
ask_first_aid_solution,Bagaimana cara cepat ngatasin oli mobil yang bocor di jalan?
ask_first_aid_solution,Kalau rem cakram motor licin, apa yang harus diperiksa dulu?
ask_first_aid_solution,Apa yang harus dilakukan kalau AC mobil bau apek pas malam?
ask_first_aid_solution,Gimana cara ngatasin lampu depan truk yang mati pas hujan?
ask_first_aid_solution,Apa langkah pertama kalau ban motor kempes di tengah tol?
ask_first_aid_solution,Bagaimana cara ngecek kalau setir motor seret pas di desa?
ask_first_aid_solution,Kalau wiper mobil cuma gerak pelan, apa yang harus dilakukan?
ask_first_aid_solution,Apa yang perlu dicek kalau mesin motor bunyi kasar pas pelan?
ask_first_aid_solution,Gimana cara cepat ngatasin ban truk yang bocor di hutan?
ask_first_aid_solution,Apa langkah awal kalau klakson motor ga bunyi pas diperlukan?
ask_first_aid_solution,Bagaimana cara ngatasin oli motor yang bocor di tengah kota?
ask_first_aid_solution,Kalau lampu rem mobil ga nyala, apa yang harus diperiksa?
ask_first_aid_solution,Apa yang harus dilakukan kalau setir mobil goyang pas di tol?
ask_first_aid_solution,Gimana cara ngecek kalau radiator motor kepanasan di jalan?
ask_first_aid_solution,Apa langkah pertama kalau ban mobil kempes di tengah malam?
ask_first_aid_solution,Bagaimana cara cepat ngatasin motor yang susah nyala pas hujan?
ask_first_aid_solution,Kalau wiper motor macet, apa yang harus dilakukan dulu?
ask_first_aid_solution,Apa yang perlu dicek kalau lampu sein truk ga nyala?
ask_first_aid_solution,Gimana cara ngatasin ban motor yang bocor di tengah sawah?
ask_first_aid_solution,Apa langkah awal kalau mesin truk overheat pas di kota?
ask_first_aid_solution,Bagaimana cara ngecek kalau oli mobil tumpah di jalan tol?
ask_first_aid_solution,Kalau setir motor goyang, apa yang harus diperiksa dulu?
ask_first_aid_solution,Apa yang harus dilakukan kalau AC mobil ga dingin pas di desa?
ask_first_aid_solution,Gimana cara cepat ngatasin lampu depan mobil yang redup?
ask_first_aid_solution,Apa langkah pertama kalau rem cakram motor bunyi berdecit?
ask_first_aid_solution,Bagaimana cara ngatasin ban truk yang kempes di tengah tol?
ask_first_aid_solution,Kalau klakson mobil ga bunyi, apa yang harus dilakukan dulu?
ask_first_aid_solution,Apa yang perlu dicek kalau wiper mobil ga jalan pas hujan?
ask_first_aid_solution,Gimana cara ngecek kalau oli motor bocor di parkiran?
ask_first_aid_solution,Apa langkah awal kalau mesin motor getar hebat pas di kota?
ask_first_aid_solution,Bagaimana cara cepat ngatasin setir mobil yang seret pas pelan?
ask_first_aid_solution,Kalau lampu rem truk ga kedip, apa yang harus diperiksa?
ask_first_aid_solution,Apa yang harus dilakukan kalau ban motor kempes di tengah hutan?
ask_first_aid_solution,Gimana cara ngatasin radiator motor yang bocor di jalan?
ask_first_aid_solution,Apa langkah pertama kalau AC mobil cuma keluar angin panas?
ask_first_aid_solution,Bagaimana cara ngecek kalau lampu sein motor mati sebelah?
ask_first_aid_solution,Kalau setir mobil berat, apa yang harus dilakukan dulu?
ask_first_aid_solution,Apa yang perlu dicek kalau oli mobil tumpah di sawah?
ask_first_aid_solution,Gimana cara cepat ngatasin motor yang mogok pas di tol?
ask_first_aid_solution,Apa langkah awal kalau ban truk bocor di tengah kota?
ask_first_aid_solution,Bagaimana cara ngatasin wiper motor yang cuma gerak pelan?
ask_first_aid_solution,Kalau mesin motor bunyi aneh, apa yang harus diperiksa?
ask_first_aid_solution,Apa yang harus dilakukan kalau lampu depan truk mati pas malam?
ask_first_aid_solution,Gimana cara ngecek kalau rem cakram mobil licin pas hujan?
ask_first_aid_solution,Apa langkah pertama kalau ban motor kempes di tengah desa?
ask_first_aid_solution,Bagaimana cara cepat ngatasin klakson motor yang ga bunyi?
ask_first_aid_solution,Kalau oli motor bocor, apa yang harus dilakukan dulu?
ask_first_aid_solution,Apa yang perlu dicek kalau setir motor goyang pas di tol?
ask_first_aid_solution,Gimana cara ngatasin AC mobil yang bau apek pas dinyalain?
ask_first_aid_solution,Apa langkah awal kalau ban truk kempes di tengah hutan?
ask_first_aid_solution,Bagaimana cara ngecek kalau radiator motor kehabisan air?
ask_first_aid_solution,Kalau lampu rem mobil ga nyala, apa yang harus dilakukan?
ask_first_aid_solution,Apa yang harus diperiksa kalau wiper mobil macet pas hujan?
ask_first_aid_solution,Gimana cara cepat ngatasin motor yang susah nyala pas malam?
ask_first_aid_solution,Apa langkah pertama kalau mesin truk getar hebat pas pelan?
ask_first_aid_solution,Bagaimana cara ngatasin ban motor yang bocor di tengah kota?
ask_first_aid_solution,Kalau setir mobil seret, apa yang harus diperiksa dulu?
ask_first_aid_solution,Apa yang perlu dicek kalau lampu sein truk ga kedip?
ask_first_aid_solution,Gimana cara ngecek kalau oli mobil bocor di jalan tol?
ask_first_aid_solution,Apa langkah awal kalau AC mobil ga dingin pas di tol?
ask_first_aid_solution,Bagaimana cara cepat ngatasin rem cakram motor yang ga pakem?
ask_first_aid_solution,Kalau ban truk kempes perlahan, apa yang harus dilakukan?
ask_first_aid_solution,Apa yang harus diperiksa kalau lampu depan mobil mati sebelah?
ask_first_aid_solution,Gimana cara ngatasin motor yang mogok pas di sawah?
ask_first_aid_solution,Apa langkah pertama kalau wiper motor ga jalan pas hujan?
ask_first_aid_solution,Bagaimana cara ngecek kalau oli motor tumpah di parkiran?
ask_first_aid_solution,Kalau setir motor berat, apa yang harus dilakukan dulu?
ask_first_aid_solution,Apa yang perlu dicek kalau ban motor kempes di tengah tol?
ask_first_aid_solution,Gimana cara cepat ngatasin klakson truk yang ga bunyi?
ask_first_aid_solution,Apa langkah awal kalau mesin mobil overheat pas di kota?
ask_first_aid_solution,Bagaimana cara ngatasin lampu rem motor yang ga nyala?
ask_first_aid_solution,Kalau radiator motor bocor, apa yang harus diperiksa dulu?
ask_first_aid_solution,Apa yang harus dilakukan kalau ban truk bocor di tengah desa?
ask_first_aid_solution,Gimana cara ngecek kalau setir mobil goyang pas ngebut?
ask_first_aid_solution,Apa langkah pertama kalau oli motor bocor di jalan?
ask_first_aid_solution,Bagaimana cara cepat ngatasin AC mobil yang cuma keluar angin?
ask_first_aid_solution,Kalau lampu sein mobil mati, apa yang harus dilakukan dulu?
ask_first_aid_solution,Apa yang perlu dicek kalau rem cakram mobil bunyi aneh?
ask_first_aid_solution,Gimana cara ngatasin ban motor yang kempes di tengah hutan?
ask_first_aid_solution,Apa langkah awal kalau wiper mobil cuma gerak pelan?
ask_first_aid_solution,Bagaimana cara ngecek kalau mesin motor bunyi kasar pas jalan?
ask_first_aid_solution,Kalau klakson motor ga bunyi, apa yang harus diperiksa?
ask_first_aid_solution,Apa yang harus dilakukan kalau ban truk kempes di tengah tol?
ask_first_aid_solution,Gimana cara cepat ngatasin setir motor yang seret pas pelan?
ask_first_aid_solution,Apa langkah pertama kalau oli mobil tumpah di sawah?
ask_first_aid_solution,Bagaimana cara ngatasin lampu depan truk yang redup sebelah?
ask_first_aid_solution,Kalau AC mobil bau apek, apa yang harus dilakukan dulu?
ask_first_aid_solution,Apa yang perlu dicek kalau radiator motor kepanasan di jalan?
ask_first_aid_solution,Gimana cara ngecek kalau ban motor bocor di tengah kota?
ask_first_aid_solution,Apa langkah awal kalau mesin truk susah nyala pas hujan?
ask_first_aid_solution,Bagaimana cara cepat ngatasin wiper motor yang macet pas malam?
ask_first_aid_solution,Kalau setir mobil goyang, apa yang harus diperiksa dulu?
ask_first_aid_solution,Apa yang harus dilakukan kalau lampu rem mobil ga kedip?
ask_first_aid_solution,Gimana cara ngatasin oli motor yang bocor di tengah tol?
ask_first_aid_solution,Apa langkah pertama kalau ban truk kempes di tengah hutan?
ask_first_aid_solution,Bagaimana cara ngecek kalau rem cakram motor licin pas hujan?
ask_first_aid_solution,Kalau lampu sein truk ga nyala, apa yang harus dilakukan?
ask_first_aid_solution,Apa yang perlu dicek kalau motor mogok pas di tanjakan?
ask_first_aid_solution,Gimana cara cepat ngatasin AC mobil yang ga dingin pas malam?
ask_first_aid_solution,Apa langkah awal kalau ban motor kempes di tengah desa?
ask_first_aid_solution,Bagaimana cara ngatasin setir motor yang berat pas di tol?
ask_first_aid_solution,Kalau oli mobil bocor, apa yang harus diperiksa dulu?
ask_first_aid_solution,Apa yang harus dilakukan kalau wiper mobil ga jalan pas hujan?
ask_first_aid_solution,Gimana cara ngecek kalau lampu depan motor mati sebelah?
ask_first_aid_solution,Apa langkah pertama kalau mesin truk getar hebat pas pelan?
ask_first_aid_solution,Bagaimana cara cepat ngatasin ban truk yang bocor di kota?
ask_first_aid_solution,Kalau klakson motor cuma bunyi pelan, apa yang harus dilakukan?
ask_first_aid_solution,Apa yang perlu dicek kalau radiator motor bocor di sawah?
ask_first_aid_solution,Gimana cara ngatasin setir mobil yang seret pas ngebut?
ask_first_aid_solution,Apa langkah awal kalau ban motor kempes di tengah hutan?
ask_first_aid_solution,Bagaimana cara ngecek kalau oli motor tumpah di jalan tol?
ask_first_aid_solution,Kalau lampu rem truk ga nyala, apa yang harus diperiksa?
ask_first_aid_solution,Apa yang harus dilakukan kalau AC mobil cuma keluar angin panas?
ask_first_aid_solution,Gimana cara cepat ngatasin motor yang susah nyala pas banjir?
ask_first_aid_solution,Apa langkah pertama kalau wiper motor macet pas hujan?
ask_first_aid_solution,Bagaimana cara ngatasin ban truk yang kempes di tengah desa?
ask_first_aid_solution,Kalau setir motor goyang, apa yang harus dilakukan dulu?
ask_first_aid_solution,Apa yang perlu dicek kalau lampu sein mobil ga nyala?
ask_first_aid_solution,Gimana cara ngecek kalau rem cakram mobil bunyi berdecit?
ask_first_aid_solution,Apa langkah awal kalau oli mobil bocor di parkiran?
ask_first_aid_solution,Bagaimana cara cepat ngatasin mesin motor yang bunyi aneh?
ask_first_aid_solution,Kalau ban motor bocor kecil, apa yang harus diperiksa?
ask_first_aid_solution,Apa yang harus dilakukan kalau klakson truk ga bunyi pas malam?
ask_first_aid_solution,Gimana cara ngatasin lampu depan mobil yang mati sebelah?
ask_first_aid_solution,Apa langkah pertama kalau radiator motor kehabisan air?
ask_first_aid_solution,Bagaimana cara ngecek kalau setir mobil berat pas di kota?
ask_first_aid_solution,Kalau wiper mobil cuma gerak pelan, apa yang harus dilakukan?
ask_first_aid_solution,Apa yang perlu dicek kalau ban truk kempes di tengah tol?
ask_first_aid_solution,Gimana cara cepat ngatasin motor yang mogok pas di hutan?
ask_first_aid_solution,Apa langkah awal kalau oli motor bocor di tengah sawah?
ask_first_aid_solution,Bagaimana cara ngatasin AC mobil yang bau apek pas di tol?
ask_first_aid_solution,Kalau lampu rem motor ga nyala, apa yang harus diperiksa?
ask_first_aid_solution,Apa yang harus dilakukan kalau ban motor kempes di tengah kota?
ask_first_aid_solution,Gimana cara ngecek kalau rem cakram motor licin pas malam?
ask_first_aid_solution,Apa langkah pertama kalau mesin truk overheat pas di desa?
ask_first_aid_solution,Bagaimana cara cepat ngatasin setir motor yang seret pas jalan?
ask_first_aid_solution,Kalau oli mobil tumpah, apa yang harus dilakukan dulu?
ask_first_aid_solution,Apa yang perlu dicek kalau lampu sein truk ga kedip?
ask_first_aid_solution,Gimana cara ngatasin wiper motor yang ga jalan pas hujan?
ask_first_aid_solution,Apa langkah awal kalau ban truk bocor di tengah hutan?
ask_first_aid_solution,Bagaimana cara ngecek kalau radiator motor bocor di tol?
ask_first_aid_solution,Kalau setir mobil goyang, apa yang harus diperiksa dulu?
ask_first_aid_solution,Apa yang harus dilakukan kalau klakson motor ga bunyi pas malam?
ask_first_aid_solution,Gimana cara cepat ngatasin ban motor yang kempes di sawah?
ask_first_aid_solution,Apa langkah pertama kalau AC mobil ga dingin pas di kota?
ask_first_aid_solution,Bagaimana cara ngatasin lampu depan truk yang redup sebelah?
ask_first_aid_solution,Kalau rem cakram mobil licin, apa yang harus dilakukan dulu?
ask_first_aid_solution,Apa yang perlu dicek kalau oli motor bocor di jalan tol?
ask_first_aid_solution,Gimana cara ngecek kalau setir motor berat pas di desa?
ask_first_aid_solution,Apa langkah awal kalau ban truk kempes di tengah kota?
ask_first_aid_solution,Bagaimana cara cepat ngatasin motor yang susah nyala pas hujan?
ask_first_aid_solution,Kalau wiper mobil macet, apa yang harus diperiksa dulu?
ask_first_aid_solution,Apa yang harus dilakukan kalau lampu rem truk ga nyala?
ask_first_aid_solution,Gimana cara ngatasin oli mobil yang tumpah di parkiran?
ask_first_aid_solution,Apa langkah pertama kalau mesin motor getar hebat pas pelan?
ask_first_aid_solution,Bagaimana cara ngecek kalau ban motor bocor di tengah tol?
ask_first_aid_solution,Kalau setir mobil seret, apa yang harus dilakukan dulu?
ask_first_aid_solution,Apa yang perlu dicek kalau radiator motor kehabisan air?
ask_first_aid_solution,Gimana cara cepat ngatasin klakson truk yang cuma bunyi pelan?
ask_first_aid_solution,Apa langkah awal kalau ban truk kempes di tengah desa?
ask_first_aid_solution,Bagaimana cara ngatasin lampu sein mobil yang ga kedip?
ask_first_aid_solution,Kalau wiper motor ga jalan, apa yang harus dilakukan dulu?
ask_first_aid_solution,Apa yang harus diperiksa kalau oli motor bocor di sawah?
ask_first_aid_solution,Gimana cara ngecek kalau mesin truk bunyi aneh pas jalan?
ask_first_aid_solution,Apa langkah pertama kalau ban motor kempes di tengah hutan?
ask_first_aid_solution,Bagaimana cara cepat ngatasin setir motor yang goyang pas ngebut?
ask_first_aid_solution,Kalau AC mobil bau apek, apa yang harus diperiksa dulu?
ask_first_aid_solution,Apa yang perlu dicek kalau lampu depan mobil mati sebelah?
ask_first_aid_solution,Gimana cara ngatasin rem cakram motor yang bunyi berdecit?
ask_first_aid_solution,Apa langkah awal kalau ban truk bocor di tengah tol?
ask_first_aid_solution,Bagaimana cara ngecek kalau oli mobil tumpah di jalan?
ask_first_aid_solution,Kalau mesin motor overheat, apa yang harus dilakukan dulu?
ask_first_aid_solution,Apa yang harus diperiksa kalau wiper mobil cuma gerak pelan?
ask_first_aid_solution,Gimana cara cepat ngatasin ban motor yang kempes di kota?
ask_first_aid_solution,Apa langkah pertama kalau klakson truk ga bunyi pas diperlukan?
ask_first_aid_solution,Bagaimana cara ngatasin setir mobil yang berat pas di desa?
ask_first_aid_solution,Kalau lampu rem motor ga nyala, apa yang harus dilakukan?
ask_first_aid_solution,Apa yang perlu dicek kalau radiator motor bocor di hutan?
ask_first_aid_solution,Gimana cara ngecek kalau ban truk kempes perlahan di tol?
ask_first_aid_solution,Apa langkah awal kalau oli motor bocor di tengah kota?
ask_first_aid_solution,Bagaimana cara cepat ngatasin AC mobil yang ga dingin pas malam?
ask_first_aid_solution,Kalau setir motor seret, apa yang harus diperiksa dulu?
ask_first_aid_solution,Apa yang harus dilakukan kalau lampu sein truk ga nyala?
ask_first_aid_solution,Gimana cara ngatasin wiper motor yang macet pas hujan?
ask_first_aid_solution,Apa langkah pertama kalau ban motor kempes di tengah sawah?
ask_first_aid_solution,Bagaimana cara ngecek kalau mesin truk getar hebat pas di kota?
ask_first_aid_solution,Kalau oli mobil tumpah, apa yang harus dilakukan dulu?
ask_first_aid_solution,Apa yang perlu dicek kalau rem cakram mobil licin pas hujan?
ask_first_aid_solution,Gimana cara cepat ngatasin ban truk yang bocor di desa?
ask_first_aid_solution,Apa langkah awal kalau lampu depan motor redup sebelah?
ask_first_aid_solution,Bagaimana cara ngatasin setir motor yang goyang pas di tol?
ask_first_aid_solution,Kalau AC mobil cuma keluar angin, apa yang harus diperiksa?
ask_first_aid_solution,Apa yang harus dilakukan kalau ban motor kempes di tengah hutan?
ask_first_aid_solution,Gimana cara ngecek kalau oli motor bocor di parkiran?
ask_first_aid_solution,Apa langkah pertama kalau wiper mobil ga jalan pas malam?
ask_first_aid_solution,Bagaimana cara cepat ngatasin mesin motor yang bunyi aneh pas pelan?
ask_first_aid_solution,Kalau klakson truk cuma bunyi pelan, apa yang harus dilakukan?
ask_first_aid_solution,Apa yang perlu dicek kalau radiator motor kepanasan di jalan?
ask_first_aid_solution,Gimana cara ngatasin ban truk yang kempes di tengah kota?
ask_first_aid_solution,Apa langkah awal kalau lampu rem mobil ga nyala pas diperlukan?
ask_first_aid_solution,Bagaimana cara ngecek kalau setir mobil seret pas di hutan?
ask_first_aid_solution,Kalau ban motor bocor kecil, apa yang harus dilakukan dulu?
ask_first_aid_solution,Apa yang harus diperiksa kalau oli mobil bocor di sawah?
ask_first_aid_solution,Gimana cara cepat ngatasin motor yang susah nyala pas di tol?
ask_first_aid_solution,Apa langkah pertama kalau AC mobil bau apek pas di kota?
ask_first_aid_solution,Bagaimana cara ngatasin wiper motor yang ga jalan pas hujan?
ask_first_aid_solution,Kalau lampu sein motor ga kedip, apa yang harus dilakukan?
ask_first_aid_solution,Apa yang perlu dicek kalau ban truk kempes di tengah desa?
ask_first_aid_solution,Gimana cara ngecek kalau rem cakram motor licin pas di kota?
ask_first_aid_solution,Apa langkah awal kalau mesin truk overheat pas di tol?
ask_first_aid_solution,Bagaimana cara cepat ngatasin setir motor yang berat pas pelan?
ask_first_aid_solution,Kalau oli motor tumpah, apa yang harus diperiksa dulu?
ask_first_aid_solution,Apa yang harus dilakukan kalau lampu depan truk mati sebelah?
ask_first_aid_solution,Gimana cara ngatasin ban motor yang kempes di tengah sawah?
ask_first_aid_solution,Apa langkah pertama kalau wiper mobil macet pas di hutan?
ask_first_aid_solution,Bagaimana cara ngecek kalau radiator motor bocor di tol?
ask_first_aid_solution,Kalau setir mobil goyang, apa yang harus dilakukan dulu?
ask_first_aid_solution,Apa yang perlu dicek kalau AC mobil ga dingin pas di desa?
ask_first_aid_solution,Gimana cara cepat ngatasin klakson motor yang ga bunyi?
ask_first_aid_solution,Apa langkah awal kalau ban truk bocor di tengah kota?
ask_first_aid_solution,Bagaimana cara ngatasin lampu rem motor yang ga nyala pas malam?
ask_first_aid_solution,Kalau oli mobil bocor, apa yang harus dilakukan dulu?
ask_first_aid_solution,Apa yang harus diperiksa kalau rem cakram mobil bunyi aneh?
ask_first_aid_solution,Gimana cara ngecek kalau ban motor kempes di tengah tol?
ask_first_aid_solution,Apa langkah pertama kalau mesin motor getar hebat pas di kota?
ask_first_aid_solution,Bagaimana cara cepat ngatasin setir motor yang seret pas hujan?
ask_first_aid_solution,Kalau wiper mobil cuma gerak pelan, apa yang harus diperiksa?
ask_first_aid_solution,Apa yang perlu dicek kalau lampu sein truk ga nyala?
ask_first_aid_solution,Gimana cara ngatasin ban truk yang kempes di tengah hutan?
ask_first_aid_solution,Apa langkah awal kalau oli motor bocor di tengah desa?
ask_first_aid_solution,Bagaimana cara ngecek kalau AC mobil bau apek pas di tol?
ask_first_aid_solution,Kalau lampu depan motor mati, apa yang harus dilakukan dulu?
ask_first_aid_solution,Apa yang harus diperiksa kalau radiator motor kehabisan air?
ask_first_aid_solution,Gimana cara cepat ngatasin ban motor yang bocor di kota?
ask_first_aid_solution,Apa langkah pertama kalau klakson truk ga bunyi pas di kota?
ask_first_aid_solution,Bagaimana cara ngatasin setir mobil yang berat pas di sawah?
ask_first_aid_solution,Kalau ban truk kempes perlahan, apa yang harus dilakukan?
ask_first_aid_solution,Apa yang perlu dicek kalau wiper motor ga jalan pas malam?
ask_first_aid_solution,Gimana cara ngecek kalau oli mobil tumpah di jalan tol?
ask_first_aid_solution,Apa langkah awal kalau mesin truk bunyi aneh?
ask_first_aid_solution,Bagaimana cara cepat ngatasin lampu rem truk yang ga nyala?
ask_first_aid_solution,Kalau setir motor seret, apa yang harus diperiksa dulu?
ask_first_aid_solution,Apa yang harus dilakukan kalau ban motor kempes di tengah hutan?
ask_first_aid_solution,"Saya sedang dalam perjalanan jauh dan ban mobil saya tiba-tiba bocor di jalan tol. Apa langkah pertama yang harus saya lakukan untuk menangani situasi ini dengan aman?"
ask_first_aid_solution,"Mesin mobil saya panas sekali setelah berkendara 30 menit, indikator suhu menunjukkan overheat. Apa yang harus segera saya lakukan agar mesin tidak rusak?"
ask_first_aid_solution,"Aki motor saya lemah, mesin hanya berdengung saat distarter. Apa yang bisa saya lakukan di tempat untuk menghidupkannya kembali?"
ask_first_aid_solution,"Rem mobil saya tiba-tiba terasa tidak pakem saat melaju di turunan. Bagaimana cara saya mengatasinya dengan cepat untuk tetap aman?"
ask_first_aid_solution,"Ada tetesan oli di lantai garasi setelah saya parkir mobil semalam. Apa langkah awal yang bisa saya ambil untuk memeriksa dan menangani kebocoran ini?"
ask_first_aid_solution,"Saya melihat asap tebal keluar dari kap mesin mobil saat berhenti di lampu merah. Apa yang harus saya lakukan pertama kali untuk menjaga keselamatan?"
ask_first_aid_solution,"Mesin motor saya mengeluarkan suara ketukan keras saat digas. Apa langkah pertama yang disarankan untuk memeriksa masalah ini?"
ask_first_aid_solution,"Lampu indikator check engine di dashboard mobil saya menyala tiba-tiba. Apa yang harus saya cek lebih dulu sebelum melanjutkan perjalanan?"
ask_first_aid_solution,"Mobil saya tidak mau menyala sama sekali, bahkan lampu dashboard mati. Apa yang bisa saya lakukan sebagai pertolongan pertama di lokasi?"
ask_first_aid_solution,"Transmisi mobil saya terasa berat dan tersendat saat pindah gigi. Apa yang sebaiknya saya lakukan untuk mengurangi risiko kerusakan?"
ask_first_aid_solution,"Sistem pendingin mobil saya bermasalah, suhu mesin naik drastis dalam waktu singkat. Apa langkah awal untuk mendinginkannya?"
ask_first_aid_solution,"Kemudi mobil saya terasa bergetar hebat saat kecepatan di atas 60 km/jam. Apa yang harus saya periksa terlebih dahulu untuk memastikannya aman?"
ask_first_aid_solution,"Suspensi motor saya terasa tidak stabil saat melewati polisi tidur. Bagaimana cara saya memeriksanya secara sederhana di tempat?"
ask_first_aid_solution,"Saat mengerem, rem mobil saya mengeluarkan bunyi decitan keras. Apa yang bisa saya lakukan untuk memastikan kondisi rem tetap aman sementara?"
ask_first_aid_solution,"Sistem kelistrikan mobil saya bermasalah, lampu depan mati total di malam hari. Apa yang harus saya cek pertama kali untuk mengatasinya?"
ask_first_aid_solution,"Ban motor saya kempes tiba-tiba di tengah hujan. Apa langkah awal yang paling aman untuk mengganti ban dalam kondisi seperti ini?"
ask_first_aid_solution,"Mesin mobil saya mati mendadak saat melaju di jalan raya. Apa yang harus saya lakukan segera setelah menepi untuk memeriksanya?"
ask_first_aid_solution,"Aki mobil saya sepertinya soak, lampu interior hanya redup saat kunci diputar. Apa solusi awal yang bisa saya coba sebelum memanggil bantuan?"
ask_first_aid_solution,"Rem motor saya terasa licin dan kurang responsif setelah melewati genangan air. Apa yang sebaiknya saya lakukan untuk memeriksanya?"
ask_first_aid_solution,"Saya mencium bau oli terbakar dari mesin mobil setelah perjalanan panjang. Apa langkah pertama yang harus saya ambil untuk mencegah kerusakan lebih lanjut?"
ask_first_aid_solution,"Asap putih tebal keluar dari knalpot mobil saya saat mesin dinyalakan. Apa yang harus saya lakukan untuk mengidentifikasi masalah ini?"
ask_first_aid_solution,"Mesin mobil saya bergetar tidak wajar saat idle di parkiran. Apa yang sebaiknya saya perhatikan terlebih dahulu?"
ask_first_aid_solution,"Lampu indikator oli menyala di dashboard saat saya sedang berkendara. Bagaimana cara saya memeriksa level oli dengan cepat?"
ask_first_aid_solution,"Starter mobil saya hanya mengeluarkan bunyi klik tanpa menyalakan mesin. Apa langkah awal yang bisa saya ambil untuk mengatasinya?"
ask_first_aid_solution,"Transmisi otomatis mobil saya tidak mau berpindah ke gigi lebih tinggi. Apa yang harus saya lakukan untuk menanganinya sementara?"
ask_first_aid_solution,"Saya melihat kebocoran cairan dari sistem pendingin mobil, radiator cepat kosong. Apa yang bisa saya lakukan untuk mencegah mesin overheat?"
ask_first_aid_solution,"Kemudi mobil saya terasa longgar saat berbelok di tikungan tajam. Apa yang harus saya periksa untuk memastikan kendaraan tetap stabil?"
ask_first_aid_solution,"Suspensi depan mobil saya terasa keras dan berderit saat melaju di jalan berlubang. Apa langkah awal untuk memeriksanya?"
ask_first_aid_solution,"Pedal rem mobil saya terasa lembek dan turun terlalu dalam saat diinjak. Bagaimana cara saya memeriksa sistem rem dengan aman?"
ask_first_aid_solution,"Sistem kelistrikan mobil saya bermasalah, sekring putus berulang kali. Apa yang sebaiknya saya cek pertama kali untuk mengatasinya?"
ask_first_aid_solution,"Ban mobil saya bocor perlahan setelah melewati jalan berbatu. Apa yang bisa saya lakukan untuk menambal kebocoran sementara?"
ask_first_aid_solution,"Mesin motor saya mengeluarkan suara berdengung aneh saat dipanaskan. Apa langkah pertama untuk mendiagnosis masalah ini?"
ask_first_aid_solution,"Indikator baterai menyala di dashboard mobil saya, sepertinya aki tidak mengisi daya. Apa yang bisa saya periksa di tempat?"
ask_first_aid_solution,"Rem motor saya terasa panas dan ada bau gosong setelah perjalanan jauh. Apa yang harus saya lakukan untuk mendinginkannya?"
ask_first_aid_solution,"Ada oli yang menetes dari mesin mobil saya setelah diparkir semalaman. Bagaimana cara saya menemukan sumber kebocorannya?"
ask_first_aid_solution,"Asap hitam keluar dari knalpot mobil saya saat menginjak gas dalam-dalam. Apa langkah awal untuk mengecek masalah ini?"
ask_first_aid_solution,"Mesin mobil saya terasa lelet dan kurang tenaga saat menanjak. Apa yang sebaiknya saya periksa pertama kali?"
ask_first_aid_solution,"Lampu indikator ABS menyala di dashboard saat saya berkendara. Bagaimana cara saya memeriksa sistem pengereman untuk memastikan keamanan?"
ask_first_aid_solution,"Mobil saya tidak mau menyala meskipun lampu dashboard masih hidup. Apa yang bisa saya coba sebagai langkah awal?"
ask_first_aid_solution,"Transmisi manual mobil saya sulit masuk ke gigi satu saat start. Apa yang harus saya lakukan untuk mengatasinya sementara?"
ask_first_aid_solution,"Sistem pendingin mobil saya mengeluarkan bunyi seperti air mendidih. Apa yang harus saya periksa untuk memastikan tidak ada masalah?"
ask_first_aid_solution,"Kemudi motor saya terasa berat saat berbelok di kecepatan rendah. Apa yang sebaiknya saya cek pertama kali?"
ask_first_aid_solution,"Suspensi belakang mobil saya terasa amblas saat membawa muatan berat. Bagaimana cara saya memeriksanya secara sederhana?"
ask_first_aid_solution,"Rem mobil saya mengeluarkan suara gesekan logam saat berhenti mendadak. Apa yang bisa saya lakukan untuk memeriksa kampas rem?"
ask_first_aid_solution,"Wiper mobil saya tiba-tiba berhenti berfungsi saat hujan deras. Apa yang harus saya periksa untuk mengatasi masalah kelistrikan ini?"
ask_first_aid_solution,"Ban motor saya bocor di sisi luar setelah terkena paku. Bagaimana langkah aman untuk mengganti ban di pinggir jalan?"
ask_first_aid_solution,"Mesin motor saya mati tiba-tiba saat melaju di kecepatan tinggi. Apa yang harus saya lakukan setelah menepi?"
ask_first_aid_solution,"Lampu interior mobil saya meredup dan mesin sulit distarter, sepertinya aki habis. Apa solusi awal yang bisa saya terapkan?"
ask_first_aid_solution,"Rem motor saya kurang pakem saat hujan deras. Apa yang sebaiknya saya periksa untuk memastikan keamanan berkendara?"
ask_first_aid_solution,"Saya mencium bau bensin menyengat dari mesin mobil setelah mengisi bahan bakar. Apa yang harus saya lakukan untuk mencegah risiko kebakaran?"
ask_first_aid_solution,"Asap biru keluar dari knalpot mobil saya saat mesin dipanaskan. Apa langkah awal yang bisa saya ambil untuk mengeceknya?"
ask_first_aid_solution,"Mesin mobil saya bergetar kuat saat berhenti di persimpangan. Apa yang sebaiknya saya perhatikan pertama kali?"
ask_first_aid_solution,"Lampu indikator tekanan ban menyala di dashboard saat saya berkendara. Bagaimana cara saya memeriksa tekanan ban dengan cepat?"
ask_first_aid_solution,"Starter mobil saya mengeluarkan suara berdecit tapi mesin tidak hidup. Apa yang bisa saya lakukan untuk mengatasinya di tempat?"
ask_first_aid_solution,"Transmisi otomatis mobil saya tersendat saat beralih ke gigi mundur. Apa langkah pertama yang harus saya ambil?"
ask_first_aid_solution,"Cairan radiator mobil saya habis dengan cepat, sepertinya ada kebocoran. Apa yang bisa saya lakukan untuk mencegah overheat?"
ask_first_aid_solution,"Kemudi mobil saya goyah saat melaju di jalan lurus. Apa yang harus saya periksa untuk memastikan stabilitas kendaraan?"
ask_first_aid_solution,"Suspensi depan motor saya terasa kaku setelah melewati jalan rusak. Bagaimana cara saya memeriksanya di lokasi?"
ask_first_aid_solution,"Pedal rem mobil saya terasa empuk dan tidak responsif. Apa langkah awal untuk memeriksa sistem pengereman?"
ask_first_aid_solution,"Sekring mobil saya putus berulang kali, lampu interior mati. Apa yang harus saya cek untuk menangani masalah kelistrikan ini?"
ask_first_aid_solution,"Ban mobil saya kehilangan tekanan angin perlahan setelah perjalanan jauh. Apa yang bisa saya lakukan untuk mengatasinya sementara?"
ask_first_aid_solution,"Mesin motor saya mengeluarkan suara mendesis saat digas perlahan. Apa langkah pertama untuk mendiagnosisnya?"
ask_first_aid_solution,"Indikator aki menyala di dashboard mobil saya setelah perjalanan malam. Apa yang sebaiknya saya periksa pertama kali?"
ask_first_aid_solution,"Rem motor saya panas sekali dan berbau setelah turunan panjang. Bagaimana cara saya mendinginkannya dengan aman?"
ask_first_aid_solution,"Saya menemukan tetesan oli di bawah mesin mobil setelah parkir di kantor. Apa yang harus saya lakukan untuk menemukan sumbernya?"
ask_first_aid_solution,"Asap hitam pekat keluar dari knalpot saat saya menstarter mobil. Apa langkah awal untuk memeriksanya?"
ask_first_aid_solution,"Mesin mobil saya terasa berat dan kurang responsif saat melaju di tanjakan. Apa yang bisa saya cek pertama kali?"
ask_first_aid_solution,"Lampu ABS di dashboard menyala setelah saya mengerem keras. Apa yang harus saya lakukan untuk memeriksa sistem rem?"
ask_first_aid_solution,"Mesin mobil saya tidak hidup meskipun lampu dashboard menyala normal. Apa solusi awal yang bisa saya coba?"
ask_first_aid_solution,"Gigi satu transmisi manual mobil saya sulit masuk saat pagi hari. Apa yang sebaiknya saya lakukan untuk mengatasinya?"
ask_first_aid_solution,"Sistem pendingin mobil saya mengeluarkan suara aneh seperti gelembung. Apa yang harus saya periksa untuk memastikannya normal?"
ask_first_aid_solution,"Kemudi motor saya terasa tidak seimbang setelah melewati banjir. Apa yang bisa saya cek pertama kali?"
ask_first_aid_solution,"Suspensi belakang mobil saya berbunyi keras saat membawa penumpang penuh. Bagaimana cara saya memeriksanya dengan sederhana?"
ask_first_aid_solution,"Rem mobil saya berdecit dan terasa licin saat mengerem perlahan. Apa yang harus saya lakukan untuk memeriksa kondisinya?"
ask_first_aid_solution,"Lampu sein mobil saya mati tiba-tiba di perjalanan malam. Apa yang sebaiknya saya cek untuk mengatasi masalah kelistrikan ini?"
ask_first_aid_solution,"Ban motor saya bocor kecil setelah terkena kerikil tajam. Apa langkah awal yang aman untuk menanganinya?"
ask_first_aid_solution,"Mesin motor saya mati mendadak saat melaju di lampu merah. Apa yang harus saya lakukan setelah menepi ke pinggir?"
ask_first_aid_solution,"Aki mobil saya lelet mengisi daya, starter lambat berputar. Apa yang bisa saya coba untuk menghidupkan mesin?"
ask_first_aid_solution,"Rem motor saya terasa longgar setelah berkendara di jalan basah. Apa yang sebaiknya saya periksa untuk keamanan?"
ask_first_aid_solution,"Bau bensin tercium kuat dari mesin mobil saya setelah parkir. Apa langkah pertama untuk mencegah bahaya?"
ask_first_aid_solution,"Asap biru tipis keluar dari knalpot mobil saat saya menginjak gas. Apa yang harus saya periksa pertama kali?"
ask_first_aid_solution,"Mesin mobil saya bergetar hebat saat kecepatan rendah. Apa yang sebaiknya saya lakukan untuk memeriksanya?"
ask_first_aid_solution,"Lampu tekanan ban di dashboard menyala saat saya melaju di jalan tol. Bagaimana cara saya memeriksa ban dengan cepat?"
ask_first_aid_solution,"Starter mobil saya berdengung tapi mesin tidak menyala. Apa yang bisa saya lakukan di lokasi untuk mengatasinya?"
ask_first_aid_solution,"Transmisi otomatis mobil saya terasa lambat saat beralih gigi. Apa langkah awal yang harus saya ambil?"
ask_first_aid_solution,"Radiator mobil saya bocor, air cepat habis setelah perjalanan singkat. Apa yang bisa saya lakukan untuk mendinginkan mesin?"
ask_first_aid_solution,"Kemudi mobil saya terasa berat saat parkir di tempat sempit. Apa yang harus saya periksa untuk memastikannya normal?"
ask_first_aid_solution,"Suspensi depan motor saya berbunyi saat melewati jalan berbatu. Bagaimana cara saya memeriksanya di tempat?"
ask_first_aid_solution,"Pedal rem mobil saya turun terlalu dalam saat berhenti di tanjakan. Apa yang bisa saya lakukan untuk memeriksa rem?"
ask_first_aid_solution,"Sistem kelistrikan mobil saya bermasalah, klakson mati tiba-tiba. Apa yang sebaiknya saya cek pertama kali?"
ask_first_aid_solution,"Ban mobil saya bocor halus setelah melindas paku di jalan. Apa yang bisa saya lakukan untuk menambalnya sementara?"
ask_first_aid_solution,"Mesin motor saya mengeluarkan suara seperti gesekan logam saat digas. Apa langkah pertama untuk memeriksanya?"
ask_first_aid_solution,"Aki mobil saya tampak lemah, indikator baterai menyala setelah parkir semalaman. Apa yang bisa saya cek di tempat?"
ask_first_aid_solution,"Rem motor saya berbau terbakar setelah melaju cepat di turunan. Apa yang harus saya lakukan untuk mendinginkannya?"
ask_first_aid_solution,"Oli menetes dari bawah mesin mobil saya setelah perjalanan jauh. Bagaimana cara saya memeriksa sumber kebocorannya?"
ask_first_aid_solution,"Asap hitam keluar dari knalpot saat mesin mobil saya idle. Apa langkah awal untuk mengecek masalah ini?"
ask_first_aid_solution,"Mesin mobil saya terasa lemah saat melaju di jalan datar. Apa yang sebaiknya saya periksa pertama kali?"
ask_first_aid_solution,"Lampu ABS menyala di dashboard setelah melewati genangan air. Apa yang harus saya lakukan untuk memeriksa rem?"
ask_first_aid_solution,"Mobil saya tidak bisa distarter meskipun lampu dashboard normal. Apa solusi awal yang bisa saya terapkan?"
ask_first_aid_solution,"Transmisi manual mobil saya terasa kaku saat pindah ke gigi dua. Apa yang harus saya lakukan untuk mengatasinya?"
ask_first_aid_solution,"Sistem pendingin mobil saya berbunyi seperti ada udara terperangkap. Apa yang sebaiknya saya periksa pertama kali?"
ask_first_aid_solution,"Kemudi motor saya goyang saat melaju di kecepatan tinggi. Apa yang bisa saya cek untuk memastikan keamanan?"
ask_first_aid_solution,"Suspensi belakang mobil saya terasa tidak stabil saat membawa barang berat. Bagaimana cara saya memeriksanya?"
ask_first_aid_solution,"Rem mobil saya mengeluarkan suara berisik saat mengerem di kecepatan rendah. Apa yang bisa saya lakukan untuk memeriksanya?"
ask_first_aid_solution,"Lampu belakang mobil saya mati tiba-tiba di malam hari. Apa yang harus saya cek untuk mengatasi masalah kelistrikan ini?"
ask_first_aid_solution,"Ban motor saya bocor setelah melindas kaca di jalan. Apa langkah awal yang aman untuk mengganti ban?"
ask_first_aid_solution,"Mesin motor saya mati saat melaju di jalanan macet. Apa yang harus saya lakukan setelah menepi?"
ask_first_aid_solution,"Aki mobil saya tampak habis, starter hanya berdengung pelan. Apa yang bisa saya coba untuk menghidupkan mesin?"
ask_first_aid_solution,"Rem motor saya terasa kurang pakem setelah melewati jalan berlumpur. Apa yang sebaiknya saya periksa?"
ask_first_aid_solution,"Bau bensin menyengat tercium dari mesin mobil saat saya membuka kap. Apa yang harus saya lakukan untuk mencegah risiko?"
ask_first_aid_solution,"Asap biru keluar dari knalpot mobil saya setelah perjalanan panjang. Apa langkah awal untuk memeriksanya?"
ask_first_aid_solution,"Mesin mobil saya bergetar saat melaju di kecepatan sedang. Apa yang sebaiknya saya cek pertama kali?"
ask_first_aid_solution,"Lampu tekanan ban menyala di dashboard setelah melaju di jalan berdebu. Bagaimana cara saya memeriksa tekanan ban?"
ask_first_aid_solution,"Starter mobil saya mengeluarkan suara kasar tapi mesin tidak hidup. Apa yang bisa saya lakukan untuk mengatasinya?"
ask_first_aid_solution,"Transmisi otomatis mobil saya tersendat saat melaju di tanjakan. Apa langkah pertama yang harus saya ambil?"
ask_first_aid_solution,"Sistem pendingin mobil saya bocor, air radiator habis dalam hitungan menit. Apa yang bisa saya lakukan untuk mencegah kerusakan?"
ask_first_aid_solution,"Kemudi mobil saya terasa tidak stabil saat melaju di jalan licin. Apa yang harus saya periksa untuk keamanan?"
ask_first_aid_solution,"Suspensi depan motor saya terasa berderit setelah melaju di jalan rusak. Bagaimana cara saya memeriksanya?"
ask_first_aid_solution,"Pedal rem mobil saya terasa empuk setelah mengerem mendadak. Apa yang bisa saya lakukan untuk memeriksa sistem rem?"
ask_first_aid_solution,"Sistem kelistrikan mobil saya bermasalah, radio mati tiba-tiba. Apa yang sebaiknya saya cek pertama kali?"
ask_first_aid_solution,"Ban mobil saya bocor perlahan setelah melindas sesuatu di jalan tol. Apa yang bisa saya lakukan untuk menanganinya sementara?"
ask_first_aid_solution,"Mesin motor saya mengeluarkan suara seperti ledakan kecil saat digas. Apa langkah pertama untuk memeriksanya?"
ask_first_aid_solution,"Aki mobil saya lemah, indikator baterai menyala saat mesin idle. Apa yang bisa saya periksa di lokasi?"
ask_first_aid_solution,"Rem motor saya panas dan berbau setelah melaju di jalan menurun. Bagaimana cara saya mendinginkannya dengan aman?"
ask_first_aid_solution,"Oli bocor dari mesin mobil saya setelah parkir di tempat kerja. Apa yang harus saya lakukan untuk menemukan sumbernya?"
ask_first_aid_solution,"Asap hitam keluar dari knalpot saat saya menghidupkan mobil di pagi hari. Apa langkah awal untuk mengeceknya?"
ask_first_aid_solution,"Mesin mobil saya terasa tersendat saat melaju di kecepatan rendah. Apa yang sebaiknya saya periksa pertama kali?"
ask_first_aid_solution,"Lampu ABS menyala di dashboard setelah melaju di jalan berlumpur. Apa yang harus saya lakukan untuk memeriksa rem?"
ask_first_aid_solution,"Mobil saya tidak mau menyala meskipun lampu interior masih hidup. Apa solusi awal yang bisa saya coba?"
ask_first_aid_solution,"Transmisi manual mobil saya sulit masuk gigi saat mesin dingin. Apa yang harus saya lakukan untuk mengatasinya?"
ask_first_aid_solution,"Sistem pendingin mobil saya mengeluarkan suara mendesis setelah perjalanan jauh. Apa yang sebaiknya saya periksa?"
ask_first_aid_solution,"Kemudi motor saya terasa goyah saat melaju di jalan berpasir. Apa yang bisa saya cek untuk memastikan stabilitas?"
ask_first_aid_solution,"Suspensi belakang mobil saya terasa kaku saat membawa muatan penuh. Bagaimana cara saya memeriksanya di tempat?"
ask_first_aid_solution,"Rem mobil saya berbunyi keras saat mengerem di kecepatan tinggi. Apa yang bisa saya lakukan untuk memeriksa kondisinya?"
ask_first_aid_solution,"Lampu depan mobil saya redup tiba-tiba di malam hari. Apa yang harus saya cek untuk mengatasi masalah kelistrikan ini?"
ask_first_aid_solution,"Ban motor saya bocor setelah melindas benda tajam di jalanan kota. Apa langkah awal yang aman untuk menggantinya?"
ask_first_aid_solution,"Mesin motor saya mati saat melaju di jalan basah. Apa yang harus saya lakukan setelah menepi ke pinggir jalan?"
ask_first_aid_solution,"Aki mobil saya tampak soak, starter hanya berputar lambat. Apa yang bisa saya coba untuk menghidupkan mesin?"
ask_first_aid_solution,"Rem motor saya terasa licin setelah melintasi genangan besar. Apa yang sebaiknya saya periksa untuk keamanan?"
ask_first_aid_solution,"Saya mencium bau bensin kuat dari mesin mobil setelah mengisi tangki penuh. Apa yang harus saya lakukan untuk mencegah bahaya?"
ask_first_aid_solution,"Asap biru keluar dari knalpot mobil saya saat melaju di jalan tol. Apa langkah awal untuk memeriksanya?"
ask_first_aid_solution,"Mesin mobil saya bergetar saat berhenti di lampu lalu lintas. Apa yang sebaiknya saya cek pertama kali?"
ask_first_aid_solution,"Lampu tekanan ban menyala di dashboard setelah melaju di jalan berkerikil. Bagaimana cara saya memeriksa ban?"
ask_first_aid_solution,"Starter mobil saya berdengung keras tapi mesin tidak hidup. Apa yang bisa saya lakukan untuk mengatasinya di tempat?"
ask_first_aid_solution,"Transmisi otomatis mobil saya terasa berat saat pindah ke gigi rendah. Apa langkah pertama yang harus saya ambil?"
ask_first_aid_solution,"Sistem pendingin mobil saya bocor, air radiator habis setelah 10 menit berkendara. Apa yang bisa saya lakukan untuk mencegah overheat?"
ask_first_aid_solution,"Kemudi mobil saya terasa bergetar saat melaju di kecepatan tinggi. Apa yang harus saya periksa untuk stabilitas?"
ask_first_aid_solution,"Suspensi depan motor saya terasa tidak nyaman setelah melaju di jalan berlubang. Bagaimana cara saya memeriksanya?"
ask_first_aid_solution,"Pedal rem mobil saya terasa longgar setelah mengerem di jalan licin. Apa yang bisa saya lakukan untuk memeriksa rem?"
ask_first_aid_solution,"Sistem kelistrikan mobil saya bermasalah, lampu hazard mati tiba-tiba. Apa yang sebaiknya saya cek pertama kali?"
ask_first_aid_solution,"Ban mobil saya bocor kecil setelah melindas pecahan kaca. Apa yang bisa saya lakukan untuk menambalnya sementara?"
ask_first_aid_solution,"Mesin motor saya mengeluarkan suara bising saat dipanaskan pagi hari. Apa langkah pertama untuk memeriksanya?"
ask_first_aid_solution,"Aki mobil saya lemah, indikator baterai menyala setelah melaju jauh. Apa yang bisa saya periksa di lokasi?"
ask_first_aid_solution,"Rem motor saya panas dan berbau gosong setelah melaju di jalan menurun panjang. Bagaimana cara saya mendinginkannya?"
ask_first_aid_solution,"Oli bocor dari mesin mobil saya setelah parkir di mall. Apa yang harus saya lakukan untuk menemukan sumber kebocorannya?"
ask_first_aid_solution,"Asap hitam keluar dari knalpot saat saya menyalakan mobil di garasi. Apa langkah awal untuk mengeceknya?"
ask_first_aid_solution,"Mesin mobil saya terasa kurang bertenaga saat melaju di jalan lurus. Apa yang sebaiknya saya periksa pertama kali?"
ask_first_aid_solution,"Lampu ABS menyala di dashboard setelah melintasi jalan berbatu. Apa yang harus saya lakukan untuk memeriksa sistem rem?"
ask_first_aid_solution,"Mobil saya tidak mau menyala meskipun lampu dashboard masih normal. Apa solusi awal yang bisa saya terapkan?"
ask_first_aid_solution,"Transmisi manual mobil saya sulit masuk gigi setelah parkir semalaman. Apa yang harus saya lakukan untuk mengatasinya?"
ask_first_aid_solution,"Sistem pendingin mobil saya mengeluarkan suara seperti air mengalir. Apa yang sebaiknya saya periksa pertama kali?"
ask_first_aid_solution,"Kemudi motor saya terasa berat setelah melaju di jalan berdebu. Apa yang bisa saya cek untuk memastikan stabilitas?"
ask_first_aid_solution,"Suspensi belakang mobil saya berbunyi saat melaju di jalan bergelombang. Bagaimana cara saya memeriksanya?"
ask_first_aid_solution,"Rem mobil saya mengeluarkan suara decitan saat mengerem di lampu merah. Apa yang bisa saya lakukan untuk memeriksanya?"
ask_first_aid_solution,"Lampu interior mobil saya mati tiba-tiba di malam hari. Apa yang harus saya cek untuk mengatasi masalah kelistrikan ini?"
ask_first_aid_solution,"Ban motor saya bocor setelah melindas paku di jalan desa. Apa langkah awal yang aman untuk menggantinya?"
ask_first_aid_solution,"Mesin motor saya mati saat melaju di jalan tol pagi hari. Apa yang harus saya lakukan setelah menepi?"
ask_first_aid_solution,"Aki mobil saya tampak habis, starter berputar sangat lambat. Apa yang bisa saya coba untuk menghidupkan mesin?"
ask_first_aid_solution,"Rem motor saya terasa kurang responsif setelah melintasi jalan basah. Apa yang sebaiknya saya periksa?"
ask_first_aid_solution,"Saya mencium bau bensin dari mesin mobil setelah perjalanan singkat. Apa yang harus saya lakukan untuk mencegah risiko?"
ask_first_aid_solution,"Asap biru keluar dari knalpot mobil saya saat melaju di kecepatan rendah. Apa langkah awal untuk memeriksanya?"
ask_first_aid_solution,"Mesin mobil saya bergetar saat melaju di jalan kota. Apa yang sebaiknya saya cek pertama kali?"
ask_first_aid_solution,"Lampu tekanan ban menyala di dashboard setelah melaju di jalan berpasir. Bagaimana cara saya memeriksa tekanan ban?"
ask_first_aid_solution,"Starter mobil saya mengeluarkan suara aneh tapi mesin tidak menyala. Apa yang bisa saya lakukan untuk mengatasinya?"
ask_first_aid_solution,"Transmisi otomatis mobil saya terasa tersendat saat melaju di jalan datar. Apa langkah pertama yang harus saya ambil?"
ask_first_aid_solution,"Sistem pendingin mobil saya bocor, air radiator cepat habis setelah start. Apa yang bisa saya lakukan untuk mencegah overheat?"
ask_first_aid_solution,"Kemudi mobil saya goyah saat melaju di kecepatan sedang. Apa yang harus saya periksa untuk memastikan keamanan?"
ask_first_aid_solution,"Suspensi depan motor saya terasa kaku setelah melintasi jalan berkerikil. Bagaimana cara saya memeriksanya?"
ask_first_aid_solution,"Pedal rem mobil saya terasa lembek setelah melaju di jalan basah. Apa yang bisa saya lakukan untuk memeriksa rem?"
ask_first_aid_solution,"Sistem kelistrikan mobil saya bermasalah, lampu rem mati tiba-tiba. Apa yang sebaiknya saya cek pertama kali?"
ask_first_aid_solution,"Ban mobil saya bocor perlahan setelah melintasi jalan berdebu. Apa yang bisa saya lakukan untuk menanganinya sementara?"
ask_first_aid_solution,"Mesin motor saya mengeluarkan suara berderit saat melaju perlahan. Apa langkah pertama untuk memeriksanya?"
ask_first_aid_solution,"Aki mobil saya lemah, indikator baterai menyala setelah melaju di malam hari. Apa yang bisa saya periksa di tempat?"
ask_first_aid_solution,"Rem motor saya panas dan berbau setelah melaju di jalan menurun tajam. Bagaimana cara saya mendinginkannya?"
ask_first_aid_solution,"Oli bocor dari mesin mobil saya setelah parkir di rumah teman. Apa yang harus saya lakukan untuk menemukan sumbernya?"
ask_first_aid_solution,"Asap hitam keluar dari knalpot saat saya menghidupkan mobil setelah lama parkir. Apa langkah awal untuk mengeceknya?"
ask_first_aid_solution,"Mesin mobil saya terasa lelet saat melaju di jalan menanjak. Apa yang sebaiknya saya periksa pertama kali?"
ask_first_aid_solution,"Lampu ABS menyala di dashboard setelah melintasi genangan dalam. Apa yang harus saya lakukan untuk memeriksa sistem rem?"
ask_first_aid_solution,"Mobil saya tidak mau menyala meskipun lampu dashboard hidup normal. Apa solusi awal yang bisa saya coba?"
ask_first_aid_solution,"Transmisi manual mobil saya sulit masuk gigi saat melaju di kemacetan. Apa yang harus saya lakukan untuk mengatasinya?"
ask_first_aid_solution,"Sistem pendingin mobil saya mengeluarkan suara bising setelah perjalanan jauh. Apa yang sebaiknya saya periksa?"
ask_first_aid_solution,"Kemudi motor saya terasa tidak stabil setelah melaju di jalan berlumpur. Apa yang bisa saya cek untuk memastikan keamanan?"
ask_first_aid_solution,"Suspensi belakang mobil saya terasa keras saat melaju di jalan rusak. Bagaimana cara saya memeriksanya?"
ask_first_aid_solution,"Rem mobil saya mengeluarkan suara gesekan saat mengerem di kecepatan rendah. Apa yang bisa saya lakukan untuk memeriksanya?"
ask_first_aid_solution,"Lampu sein mobil saya mati tiba-tiba saat hujan deras. Apa yang harus saya cek untuk mengatasi masalah kelistrikan ini?"
ask_first_aid_solution,"Ban motor saya bocor setelah melintasi jalan berbatu tajam. Apa langkah awal yang aman untuk menggantinya?"
ask_first_aid_solution,"Mesin motor saya mati saat melaju di jalanan ramai. Apa yang harus saya lakukan setelah menepi?"
ask_first_aid_solution,"Aki mobil saya tampak habis, starter hanya berdengung lemah. Apa yang bisa saya coba untuk menghidupkan mesin?"
ask_first_aid_solution,"Rem motor saya terasa longgar setelah melintasi jalan berair. Apa yang sebaiknya saya periksa untuk keamanan?"
ask_first_aid_solution,"Saya mencium bau bensin dari mesin mobil setelah parkir di tempat teduh. Apa yang harus saya lakukan untuk mencegah bahaya?"
ask_first_aid_solution,"Asap biru keluar dari knalpot mobil saya saat melaju di pagi hari. Apa langkah awal untuk memeriksanya?"
ask_first_aid_solution,"Mesin mobil saya bergetar saat melaju di kecepatan tinggi. Apa yang sebaiknya saya cek pertama kali?"
ask_first_aid_solution,"Lampu tekanan ban menyala di dashboard setelah melaju di jalan licin. Bagaimana cara saya memeriksa tekanan ban?"
ask_first_aid_solution,"Starter mobil saya mengeluarkan suara berdecit keras tapi mesin tidak hidup. Apa yang bisa saya lakukan untuk mengatasinya?"
ask_first_aid_solution,"Transmisi otomatis mobil saya terasa lamban saat pindah gigi di tanjakan. Apa langkah pertama yang harus saya ambil?"
ask_first_aid_solution,"Sistem pendingin mobil saya bocor, air radiator habis setelah melaju 15 menit. Apa yang bisa saya lakukan untuk mencegah overheat?"
ask_first_aid_solution,"Kemudi mobil saya terasa goyah saat melaju di jalan berpasir. Apa yang harus saya periksa untuk memastikan stabilitas?"
ask_first_aid_solution,"Suspensi depan motor saya berbunyi keras setelah melintasi jalan berlubang. Bagaimana cara saya memeriksanya?"
ask_first_aid_solution,"Pedal rem mobil saya terasa empuk setelah melaju di jalan basah. Apa yang bisa saya lakukan untuk memeriksa sistem rem?"
ask_first_aid_solution,"Sistem kelistrikan mobil saya bermasalah, lampu dashboard redup tiba-tiba. Apa yang sebaiknya saya cek pertama kali?"
ask_first_aid_solution,"Ban mobil saya bocor kecil setelah melintasi jalan berkerikil. Apa yang bisa saya lakukan untuk menanganinya sementara?"
ask_first_aid_solution,"Mesin motor saya mengeluarkan suara seperti gesekan saat melaju cepat. Apa langkah pertama untuk memeriksanya?"
ask_first_aid_solution,"Aki mobil saya lemah, indikator baterai menyala setelah parkir di tempat panas. Apa yang bisa saya periksa di lokasi?"
ask_first_aid_solution,"Rem motor saya panas dan berbau setelah melaju di jalan menurun curam. Bagaimana cara saya mendinginkannya?"
ask_first_aid_solution,"Oli bocor dari mesin mobil saya setelah parkir di pinggir jalan. Apa yang harus saya lakukan untuk menemukan sumbernya?"
ask_first_aid_solution,"Asap hitam keluar dari knalpot saat saya menyalakan mobil di malam hari. Apa langkah awal untuk mengeceknya?"
ask_first_aid_solution,"Mesin mobil saya terasa tersendat saat melaju di jalan datar. Apa yang sebaiknya saya periksa pertama kali?"
ask_first_aid_solution,"Lampu ABS menyala di dashboard setelah melintasi jalan berdebu. Apa yang harus saya lakukan untuk memeriksa sistem rem?"
ask_first_aid_solution,"Mobil saya tidak mau menyala meskipun lampu interior masih hidup. Apa solusi awal yang bisa saya coba?"
ask_first_aid_solution,"Transmisi manual mobil saya sulit masuk gigi saat melaju di pagi hari. Apa yang harus saya lakukan untuk mengatasinya?"
ask_first_aid_solution,"Sistem pendingin mobil saya mengeluarkan suara aneh setelah melaju jauh. Apa yang sebaiknya saya periksa?"
ask_first_aid_solution,"Kemudi motor saya terasa bergetar setelah melaju di jalan berbatu. Apa yang bisa saya cek untuk memastikan stabilitas?"
ask_first_aid_solution,"Suspensi belakang mobil saya terasa tidak nyaman saat membawa muatan berat. Bagaimana cara saya memeriksanya?"
ask_first_aid_solution,"Rem mobil saya mengeluarkan suara berisik saat mengerem di jalan licin. Apa yang bisa saya lakukan untuk memeriksanya?"
ask_first_aid_solution,"Lampu rem mobil saya mati tiba-tiba saat melaju malam. Apa yang harus saya cek untuk mengatasi masalah kelistrikan ini?"
ask_first_aid_solution,"Ban motor saya bocor setelah melintasi jalan berpasir tajam. Apa langkah awal yang aman untuk menggantinya?"
ask_first_aid_solution,"Mesin motor saya mati saat melaju di jalan ramai sore hari. Apa yang harus saya lakukan setelah menepi?"
ask_first_aid_solution,"Aki mobil saya tampak soak, starter hanya berbunyi pelan. Apa yang bisa saya coba untuk menghidupkan mesin?"
ask_first_aid_solution,"Rem motor saya terasa licin setelah melintasi jalan berlumpur. Apa yang sebaiknya saya periksa untuk keamanan?"
ask_first_aid_solution,"Saya mencium bau bensin dari mesin mobil setelah parkir di garasi. Apa yang harus saya lakukan untuk mencegah risiko?"
ask_first_aid_solution,"Asap biru keluar dari knalpot mobil saya saat melaju di jalan desa. Apa langkah awal untuk memeriksanya?"
ask_first_aid_solution,"Mesin mobil saya bergetar saat melaju di kecepatan rendah pagi hari. Apa yang sebaiknya saya cek pertama kali?"
ask_first_aid_solution,"Lampu tekanan ban menyala di dashboard setelah melaju di jalan berbatu. Bagaimana cara saya memeriksa tekanan ban?"
ask_first_aid_solution,"Starter mobil saya mengeluarkan suara kasar tapi mesin tidak menyala. Apa yang bisa saya lakukan untuk mengatasinya?"
ask_first_aid_solution,"Transmisi otomatis mobil saya terasa berat saat melaju di jalan lurus. Apa langkah pertama yang harus saya ambil?"
ask_first_aid_solution,"Sistem pendingin mobil saya bocor, air radiator habis setelah melaju singkat. Apa yang bisa saya lakukan untuk mencegah overheat?"
ask_first_aid_solution,"Kemudi mobil saya terasa tidak stabil saat melaju di jalan berdebu. Apa yang harus saya periksa untuk memastikan keamanan?"
ask_first_aid_solution,"Suspensi depan motor saya terasa berderit setelah melintasi jalan berpasir. Bagaimana cara saya memeriksanya?"
ask_first_aid_solution,"Pedal rem mobil saya terasa longgar setelah mengerem di jalan menurun. Apa yang bisa saya lakukan untuk memeriksa rem?"
ask_first_aid_solution,"Sistem kelistrikan mobil saya bermasalah, lampu sein mati tiba-tiba. Apa yang sebaiknya saya cek pertama kali?"
ask_first_aid_solution,"Ban mobil saya bocor kecil setelah melintasi jalan berlumpur. Apa yang bisa saya lakukan untuk menanganinya sementara?"
ask_first_aid_solution,"Mesin motor saya mengeluarkan suara berdengung saat melaju di kecepatan tinggi. Apa langkah pertama untuk memeriksanya?"
ask_first_aid_solution,"Aki mobil saya lemah, indikator baterai menyala setelah melaju di siang hari. Apa yang bisa saya periksa di tempat?"
ask_first_aid_solution,"Rem motor saya panas dan berbau setelah melaju di jalan menurun panjang. Bagaimana cara saya mendinginkannya?"
ask_first_aid_solution,"Oli bocor dari mesin mobil saya setelah parkir di tempat parkir umum. Apa yang harus saya lakukan untuk menemukan sumbernya?"
ask_first_aid_solution,"Asap hitam keluar dari knalpot saat saya menyalakan mobil setelah hujan. Apa langkah awal untuk mengeceknya?"
ask_first_aid_solution,"Mesin mobil saya terasa lelet saat melaju di jalan kota. Apa yang sebaiknya saya periksa pertama kali?"
ask_first_aid_solution,"Lampu ABS menyala di dashboard setelah melintasi jalan berair. Apa yang harus saya lakukan untuk memeriksa sistem rem?"
ask_first_aid_solution,"Mobil saya tidak mau menyala meskipun lampu dashboard masih menyala. Apa solusi awal yang bisa saya coba?"
ask_first_aid_solution,"Transmisi manual mobil saya sulit masuk gigi saat melaju di jalan tol. Apa yang harus saya lakukan untuk mengatasinya?"
ask_first_aid_solution,"Sistem pendingin mobil saya mengeluarkan suara mendesis setelah melaju di siang hari. Apa yang sebaiknya saya periksa?"
ask_first_aid_solution,"Kemudi motor saya terasa goyah setelah melaju di jalan berkerikil. Apa yang bisa saya cek untuk memastikan stabilitas?"
ask_first_aid_solution,"Suspensi belakang mobil saya terasa kaku saat melaju di jalan berlubang. Bagaimana cara saya memeriksanya?"
ask_first_aid_solution,"Rem mobil saya mengeluarkan suara decitan saat mengerem di jalan basah. Apa yang bisa saya lakukan untuk memeriksanya?"
ask_first_aid_solution,"Lampu interior mobil saya redup tiba-tiba saat melaju malam. Apa yang harus saya cek untuk mengatasi masalah kelistrikan ini?"
ask_first_aid_solution,"Ban motor saya bocor setelah melintasi jalan berdebu tajam. Apa langkah awal yang aman untuk menggantinya?"
ask_first_aid_solution,"Mesin motor saya mati saat melaju di jalanan ramai malam hari. Apa yang harus saya lakukan setelah menepi?"
ask_first_aid_solution,"Aki mobil saya tampak habis, starter berputar lambat sekali. Apa yang bisa saya coba untuk menghidupkan mesin?"
ask_first_aid_solution,"Rem motor saya terasa kurang pakem setelah melintasi jalan berpasir. Apa yang sebaiknya saya periksa untuk keamanan?"
ask_first_aid_solution,"Saya mencium bau bensin dari mesin mobil setelah parkir di tempat kerja. Apa yang harus saya lakukan untuk mencegah bahaya?"
ask_first_aid_solution,"Asap biru keluar dari knalpot mobil saya saat melaju di jalan lurus. Apa langkah awal untuk memeriksanya?"
ask_first_aid_solution,"Mesin mobil saya bergetar saat melaju di kecepatan sedang malam hari. Apa yang sebaiknya saya cek pertama kali?"
ask_first_aid_solution,"Lampu tekanan ban menyala di dashboard setelah melaju di jalan berlumpur. Bagaimana cara saya memeriksa tekanan ban?"
ask_first_aid_solution,"Starter mobil saya mengeluarkan suara berisik tapi mesin tidak hidup. Apa yang bisa saya lakukan untuk mengatasinya?"
ask_first_aid_solution,"Transmisi otomatis mobil saya terasa tersendat saat melaju di jalan menanjak. Apa langkah pertama yang harus saya ambil?"
ask_first_aid_solution,"Sistem pendingin mobil saya bocor, air radiator habis setelah melaju 20 menit. Apa yang bisa saya lakukan untuk mencegah overheat?"
ask_first_aid_solution,"Kemudi mobil saya terasa bergetar saat melaju di jalan berbatu. Apa yang harus saya periksa untuk memastikan stabilitas?"
ask_first_aid_solution,"Suspensi depan motor saya terasa tidak stabil setelah melintasi jalan berdebu. Bagaimana cara saya memeriksanya?"
ask_first_aid_solution,"Pedal rem mobil saya terasa empuk setelah mengerem di jalan menurun tajam. Apa yang bisa saya lakukan untuk memeriksa rem?"
ask_first_aid_solution,"Sistem kelistrikan mobil saya bermasalah, lampu hazard redup tiba-tiba. Apa yang sebaiknya saya cek pertama kali?"
ask_first_aid_solution,"Ban mobil saya bocor kecil setelah melintasi jalan berpasir. Apa yang bisa saya lakukan untuk menanganinya sementara?"
ask_first_aid_solution,"Mesin motor saya mengeluarkan suara seperti ketukan saat melaju perlahan. Apa langkah pertama untuk memeriksanya?"
ask_first_aid_solution,"Aki mobil saya lemah, indikator baterai menyala setelah melaju di jalan tol. Apa yang bisa saya periksa di tempat?"
ask_first_aid_solution,"Rem motor saya panas dan berbau setelah melaju di jalan menurun curam. Bagaimana cara saya mendinginkannya?"
ask_first_aid_solution,"Oli bocor dari mesin mobil saya setelah parkir di tempat teduh. Apa yang harus saya lakukan untuk menemukan sumbernya?"
ask_first_aid_solution,"Asap hitam keluar dari knalpot saat saya menyalakan mobil di pagi dingin. Apa langkah awal untuk mengeceknya?"
ask_first_aid_solution,"Mesin mobil saya terasa lelet saat melaju di jalan lurus malam hari. Apa yang sebaiknya saya periksa pertama kali?"
ask_first_aid_solution,"Lampu ABS menyala di dashboard setelah melintasi jalan berlumpur dalam. Apa yang harus saya lakukan untuk memeriksa sistem rem?"
ask_first_aid_solution,"Mobil saya tidak mau menyala meskipun lampu dashboard normal. Apa solusi awal yang bisa saya coba?"
ask_first_aid_solution,"Transmisi manual mobil saya sulit masuk gigi saat melaju di jalan kota. Apa yang harus saya lakukan untuk mengatasinya?"
ask_first_aid_solution,"Sistem pendingin mobil saya mengeluarkan suara bising setelah melaju di jalan tol. Apa yang sebaiknya saya periksa?"
ask_first_aid_solution,"Kemudi motor saya terasa berat setelah melaju di jalan berpasir. Apa yang bisa saya cek untuk memastikan stabilitas?"
ask_first_aid_solution,"Suspensi belakang mobil saya terasa keras saat melaju di jalan berbatu. Bagaimana cara saya memeriksanya?"
ask_first_aid_solution,"Rem mobil saya mengeluarkan suara gesekan saat mengerem di jalan basah. Apa yang bisa saya lakukan untuk memeriksanya?"
ask_first_aid_solution,"Lampu depan mobil saya mati tiba-tiba saat melaju di malam hujan. Apa yang harus saya cek untuk mengatasi masalah kelistrikan ini?"
ask_first_aid_solution,"Ban motor saya bocor setelah melintasi jalan berkerikil tajam. Apa langkah awal yang aman untuk menggantinya?"
ask_first_aid_solution,"Mesin motor saya mati saat melaju di jalanan macet malam hari. Apa yang harus saya lakukan setelah menepi?"
ask_first_aid_solution,"Aki mobil saya tampak habis, starter hanya berbunyi lemah sekali. Apa yang bisa saya coba untuk menghidupkan mesin?"
ask_first_aid_solution,"Rem motor saya terasa longgar setelah melintasi jalan berdebu. Apa yang sebaiknya saya periksa untuk keamanan?"
ask_first_aid_solution,"Saya mencium bau bensin dari mesin mobil setelah parkir di tempat panas. Apa yang harus saya lakukan untuk mencegah risiko?"
ask_first_aid_solution,"Asap biru keluar dari knalpot mobil saya saat melaju di jalan tol malam. Apa langkah awal untuk memeriksanya?"
ask_first_aid_solution,"Mesin mobil saya bergetar saat melaju di kecepatan tinggi pagi hari. Apa yang sebaiknya saya cek pertama kali?"
ask_first_aid_solution,"Lampu tekanan ban menyala di dashboard setelah melaju di jalan berpasir. Bagaimana cara saya memeriksa tekanan ban?"
ask_first_aid_solution,"Starter mobil saya mengeluarkan suara aneh tapi mesin tidak menyala. Apa yang bisa saya lakukan untuk mengatasinya?"
ask_first_aid_solution,"Transmisi otomatis mobil saya terasa lamban saat melaju di jalan datar. Apa langkah pertama yang harus saya ambil?"
ask_first_aid_solution,"Sistem pendingin mobil saya bocor, air radiator habis setelah melaju 25 menit. Apa yang bisa saya lakukan untuk mencegah overheat?"
ask_first_aid_solution,"Kemudi mobil saya terasa goyah saat melaju di jalan berlumpur. Apa yang harus saya periksa untuk memastikan stabilitas?"
ask_first_aid_solution,"Suspensi depan motor saya terasa kaku setelah melintasi jalan berbatu. Bagaimana cara saya memeriksanya?"
ask_first_aid_solution,"Pedal rem mobil saya terasa empuk setelah mengerem di jalan licin. Apa yang bisa saya lakukan untuk memeriksa sistem rem?"
ask_first_aid_solution,"Sistem kelistrikan mobil saya bermasalah, lampu rem redup tiba-tiba. Apa yang sebaiknya saya cek pertama kali?"
ask_first_aid_solution,"Ban mobil saya bocor kecil setelah melintasi jalan berdebu tajam. Apa yang bisa saya lakukan untuk menanganinya sementara?"
ask_first_aid_solution,"Mesin motor saya mengeluarkan suara berderit saat melaju di kecepatan rendah. Apa langkah pertama untuk memeriksanya?"
ask_first_aid_solution,"Aki mobil saya lemah, indikator baterai menyala setelah melaju di jalan kota. Apa yang bisa saya periksa di tempat?"
ask_first_aid_solution,"Rem motor saya panas dan berbau setelah melaju di jalan menurun tajam. Bagaimana cara saya mendinginkannya?"
ask_first_aid_solution,"Oli bocor dari mesin mobil saya setelah parkir di tempat parkir kantor. Apa yang harus saya lakukan untuk menemukan sumbernya?"
ask_first_aid_solution,"Asap hitam keluar dari knalpot saat saya menyalakan mobil di siang hari. Apa langkah awal untuk mengeceknya?"
ask_first_aid_solution,"Mesin mobil saya terasa lelet saat melaju di jalan tol malam. Apa yang sebaiknya saya periksa pertama kali?"
ask_first_aid_solution,"Lampu ABS menyala di dashboard setelah melintasi jalan berpasir. Apa yang harus saya lakukan untuk memeriksa sistem rem?"
ask_first_aid_solution,"Mobil saya tidak mau menyala meskipun lampu dashboard masih hidup. Apa solusi awal yang bisa saya coba?"
ask_first_aid_solution,"Transmisi manual mobil saya sulit masuk gigi saat melaju di jalan licin. Apa yang harus saya lakukan untuk mengatasinya?"
ask_first_aid_solution,"Sistem pendingin mobil saya mengeluarkan suara mendesis setelah melaju di jalan kota. Apa yang sebaiknya saya periksa?"
ask_first_aid_solution,"Kemudi motor saya terasa bergetar setelah melaju di jalan berlumpur. Apa yang bisa saya cek untuk memastikan stabilitas?"
ask_first_aid_solution,"Suspensi belakang mobil saya terasa tidak stabil saat melaju di jalan berbatu. Bagaimana cara saya memeriksanya?"
ask_first_aid_solution,"Rem mobil saya mengeluarkan suara berisik saat mengerem di jalan menurun. Apa yang bisa saya lakukan untuk memeriksanya?"
ask_first_aid_solution,"Lampu sein mobil saya redup tiba-tiba saat melaju malam. Apa yang harus saya cek untuk mengatasi masalah kelistrikan ini?"
ask_first_aid_solution,"Ban motor saya bocor setelah melintasi jalan berkerikil tajam. Apa langkah awal yang aman untuk menggantinya?"
ask_first_aid_solution,"Mesin motor saya mati saat melaju di jalanan ramai pagi hari. Apa yang harus saya lakukan setelah menepi?"
ask_first_aid_solution,"Aki mobil saya tampak soak, starter hanya berbunyi pelan sekali. Apa yang bisa saya coba untuk menghidupkan mesin?"
ask_first_aid_solution,"Rem motor saya terasa licin setelah melintasi jalan berdebu. Apa yang sebaiknya saya periksa untuk keamanan?"
ask_first_aid_solution,"Saya mencium bau bensin dari mesin mobil setelah parkir di tempat berangin. Apa yang harus saya lakukan untuk mencegah risiko?"
ask_first_aid_solution,"Asap biru keluar dari knalpot mobil saya saat melaju di jalan berbatu. Apa langkah awal untuk memeriksanya?"
ask_first_aid_solution,"Mesin mobil saya bergetar saat melaju di kecepatan rendah malam hari. Apa yang sebaiknya saya cek pertama kali?"
ask_first_aid_solution,"Lampu tekanan ban menyala di dashboard setelah melaju di jalan berkerikil. Bagaimana cara saya memeriksa tekanan ban?"
ask_first_aid_solution,"Starter mobil saya mengeluarkan suara kasar tapi mesin tidak hidup. Apa yang bisa saya lakukan untuk mengatasinya?"
ask_first_aid_solution,"Transmisi otomatis mobil saya terasa lamban saat melaju di jalan menanjak. Apa langkah pertama yang harus saya ambil?"
ask_first_aid_solution,"Sistem pendingin mobil saya bocor, air radiator habis setelah melaju 30 menit. Apa yang bisa saya lakukan untuk mencegah overheat?"
ask_first_aid_solution,"Kemudi mobil saya terasa goyah saat melaju di jalan berpasir. Apa yang harus saya periksa untuk memastikan stabilitas?"
ask_first_aid_solution,"Suspensi depan motor saya terasa berderit setelah melintasi jalan berlumpur. Bagaimana cara saya memeriksanya?"
ask_first_aid_solution,"Pedal rem mobil saya terasa longgar setelah mengerem di jalan basah. Apa yang bisa saya lakukan untuk memeriksa rem?"
ask_first_aid_solution,"Sistem kelistrikan mobil saya bermasalah, lampu dashboard mati tiba-tiba. Apa yang sebaiknya saya cek pertama kali?"
ask_first_aid_solution,"Ban mobil saya bocor kecil setelah melintasi jalan berbatu tajam. Apa yang bisa saya lakukan untuk menanganinya sementara?"
ask_first_aid_solution,"Mesin motor saya mengeluarkan suara bising saat melaju di kecepatan tinggi. Apa langkah pertama untuk memeriksanya?"
ask_first_aid_solution,"Aki mobil saya lemah, indikator baterai menyala setelah melaju di jalan licin. Apa yang bisa saya periksa di tempat?"
ask_first_aid_solution,"Rem motor saya panas dan berbau setelah melaju di jalan menurun panjang. Bagaimana cara saya mendinginkannya?"
ask_first_aid_solution,"Oli bocor dari mesin mobil saya setelah parkir di tempat parkir mall. Apa yang harus saya lakukan untuk menemukan sumbernya?"
ask_first_aid_solution,"Asap hitam keluar dari knalpot saat saya menyalakan mobil di malam dingin. Apa langkah awal untuk mengeceknya?"
ask_first_aid_solution,"Mesin mobil saya terasa lelet saat melaju di jalan datar pagi hari. Apa yang sebaiknya saya periksa pertama kali?"
ask_first_aid_solution,"Lampu ABS menyala di dashboard setelah melintasi jalan berdebu. Apa yang harus saya lakukan untuk memeriksa sistem rem?"
ask_first_aid_solution,"Mobil saya tidak mau menyala meskipun lampu interior masih menyala. Apa solusi awal yang bisa saya coba?"
ask_first_aid_solution,"Transmisi manual mobil saya sulit masuk gigi saat melaju di jalan berlumpur. Apa yang harus saya lakukan untuk mengatasinya?"
ask_first_aid_solution,"Sistem pendingin mobil saya mengeluarkan suara aneh setelah melaju di jalan licin. Apa yang sebaiknya saya periksa?"
ask_first_aid_solution,"Kemudi motor saya terasa bergetar setelah melaju di jalan berpasir. Apa yang bisa saya cek untuk memastikan stabilitas?"
ask_first_aid_solution,"Suspensi belakang mobil saya terasa tidak nyaman saat melaju di jalan berkerikil. Bagaimana cara saya memeriksanya?"
ask_first_aid_solution,"Rem mobil saya mengeluarkan suara gesekan saat mengerem di jalan menurun tajam. Apa yang bisa saya lakukan untuk memeriksanya?"
ask_first_aid_solution,"Lampu rem mobil saya redup tiba-tiba saat melaju malam. Apa yang harus saya cek untuk mengatasi masalah kelistrikan ini?"
ask_first_aid_solution,"Ban motor saya bocor setelah melintasi jalan berlumpur tajam. Apa langkah awal yang aman untuk menggantinya?"
ask_first_aid_solution,"Mesin motor saya mati saat melaju di jalanan ramai siang hari. Apa yang harus saya lakukan setelah menepi?"
ask_first_aid_solution,"Aki mobil saya tampak habis, starter hanya berbunyi lemah. Apa yang bisa saya coba untuk menghidupkan mesin?"
ask_first_aid_solution,"Rem motor saya terasa licin setelah melintasi jalan berbatu. Apa yang sebaiknya saya periksa untuk keamanan?"
ask_first_aid_solution,"Saya mencium bau bensin dari mesin mobil setelah parkir di tempat berdebu. Apa yang harus saya lakukan untuk mencegah risiko?"
ask_first_aid_solution,"Asap biru keluar dari knalpot mobil saya saat melaju di jalan kota malam. Apa langkah awal untuk memeriksanya?"
ask_first_aid_solution,"Mesin mobil saya bergetar saat melaju di kecepatan tinggi malam hari. Apa yang sebaiknya saya cek pertama kali?"
ask_first_aid_solution,"Lampu tekanan ban menyala di dashboard setelah melaju di jalan berlumpur. Bagaimana cara saya memeriksa tekanan ban?"
ask_first_aid_solution,"Starter mobil saya mengeluarkan suara berisik tapi mesin tidak hidup. Apa yang bisa saya lakukan untuk mengatasinya?"
ask_first_aid_solution,"Transmisi otomatis mobil saya terasa lamban saat melaju di jalan lurus malam. Apa langkah pertama yang harus saya ambil?"
ask_first_aid_solution,"Sistem pendingin mobil saya bocor, air radiator habis setelah melaju 35 menit. Apa yang bisa saya lakukan untuk mencegah overheat?"
ask_first_aid_solution,"Kemudi mobil saya terasa goyah saat melaju di jalan berkerikil. Apa yang harus saya periksa untuk memastikan stabilitas?"
ask_first_aid_solution,"Suspensi depan motor saya terasa kaku setelah melintasi jalan berpasir. Bagaimana cara saya memeriksanya?"
ask_first_aid_solution,"Pedal rem mobil saya terasa empuk setelah mengerem di jalan berbatu. Apa yang bisa saya lakukan untuk memeriksa sistem rem?"
ask_first_aid_solution,"Sistem kelistrikan mobil saya bermasalah, lampu sein redup tiba-tiba. Apa yang sebaiknya saya cek pertama kali?"
ask_first_aid_solution,"Ban mobil saya bocor kecil setelah melintasi jalan berlumpur tajam. Apa yang bisa saya lakukan untuk menanganinya sementara?"
ask_first_aid_solution,"Mesin motor saya mengeluarkan suara berdengung saat melaju di kecepatan rendah. Apa langkah pertama untuk memeriksanya?"
ask_first_aid_solution,"Aki mobil saya lemah, indikator baterai menyala setelah melaju di jalan berpasir. Apa yang bisa saya periksa di tempat?"
ask_first_aid_solution,"Rem motor saya panas dan berbau setelah melaju di jalan menurun curam. Bagaimana cara saya mendinginkannya?"
ask_first_aid_solution,"Oli bocor dari mesin mobil saya setelah parkir di tempat parkir rumah. Apa yang harus saya lakukan untuk menemukan sumbernya?"
ask_first_aid_solution,"Asap hitam keluar dari knalpot saat saya menyalakan mobil di pagi hujan. Apa langkah awal untuk mengeceknya?"
ask_first_aid_solution,"Mesin mobil saya terasa lelet saat melaju di jalan datar siang hari. Apa yang sebaiknya saya periksa pertama kali?"
ask_first_aid_solution,"Lampu ABS menyala di dashboard setelah melintasi jalan berkerikil. Apa yang harus saya lakukan untuk memeriksa sistem rem?"
ask_first_aid_solution,"Mobil saya tidak mau menyala meskipun lampu dashboard masih normal. Apa solusi awal yang bisa saya coba?"
ask_first_aid_solution,"Transmisi manual mobil saya sulit masuk gigi saat melaju di jalan berbatu. Apa yang harus saya lakukan untuk mengatasinya?"
ask_first_aid_solution,"Sistem pendingin mobil saya mengeluarkan suara bising setelah melaju di jalan berlumpur. Apa yang sebaiknya saya periksa?"
ask_first_aid_solution,"Kemudi motor saya terasa bergetar setelah melaju di jalan berdebu. Apa yang bisa saya cek untuk memastikan stabilitas?"
ask_first_aid_solution,"Suspensi belakang mobil saya terasa tidak stabil saat melaju di jalan berpasir. Bagaimana cara saya memeriksanya?"
ask_first_aid_solution,"Rem mobil saya mengeluarkan suara gesekan saat mengerem di jalan licin. Apa yang bisa saya lakukan untuk memeriksanya?"
ask_first_aid_solution,"Lampu depan mobil saya redup tiba-tiba saat melaju di malam berangin. Apa yang harus saya cek untuk mengatasi masalah kelistrikan ini?"
ask_first_aid_solution,"Ban motor saya bocor setelah melintasi jalan berbatu tajam. Apa langkah awal yang aman untuk menggantinya?"
ask_first_aid_solution,"Mesin motor saya mati saat melaju di jalanan ramai malam hari. Apa yang harus saya lakukan setelah menepi?"
ask_first_aid_solution,"Aki mobil saya tampak habis, starter hanya berbunyi pelan. Apa yang bisa saya coba untuk menghidupkan mesin?"
ask_first_aid_solution,"Rem motor saya terasa licin setelah melintasi jalan berkerikil. Apa yang sebaiknya saya periksa untuk keamanan?"
ask_first_aid_solution,"Saya mencium bau bensin dari mesin mobil setelah parkir di tempat berlumpur. Apa yang harus saya lakukan untuk mencegah risiko?"
ask_first_aid_solution,"Asap biru keluar dari knalpot mobil saya saat melaju di jalan berpasir. Apa langkah awal untuk memeriksanya?"
ask_first_aid_solution,"Mesin mobil saya bergetar saat melaju di kecepatan rendah siang hari. Apa yang sebaiknya saya cek pertama kali?"
ask_first_aid_solution,"Lampu tekanan ban menyala di dashboard setelah melaju di jalan berbatu. Bagaimana cara saya memeriksa tekanan ban?"
ask_first_aid_solution,"Starter mobil saya mengeluarkan suara aneh tapi mesin tidak hidup. Apa yang bisa saya lakukan untuk mengatasinya?"
ask_first_aid_solution,"Transmisi otomatis mobil saya terasa lamban saat melaju di jalan lurus siang hari. Apa langkah pertama yang harus saya ambil?"
ask_first_aid_solution,"Sistem pendingin mobil saya bocor, air radiator habis setelah melaju 40 menit. Apa yang bisa saya lakukan untuk mencegah overheat?"
ask_first_aid_solution,"Kemudi mobil saya terasa goyah saat melaju di jalan berlumpur. Apa yang harus saya periksa untuk memastikan stabilitas?"
ask_first_aid_solution,"Suspensi depan motor saya terasa berderit setelah melintasi jalan berkerikil. Bagaimana cara saya memeriksanya?"
ask_first_aid_solution,"Pedal rem mobil saya terasa longgar setelah mengerem di jalan berpasir. Apa yang bisa saya lakukan untuk memeriksa rem?"
ask_first_aid_solution,"Sistem kelistrikan mobil saya bermasalah, lampu rem mati tiba-tiba. Apa yang sebaiknya saya cek pertama kali?"
ask_first_aid_solution,"Ban mobil saya bocor kecil setelah melintasi jalan berbatu tajam. Apa yang bisa saya lakukan untuk menanganinya sementara?"
ask_first_aid_solution,"Mesin motor saya mengeluarkan suara bising saat melaju di kecepatan rendah malam hari. Apa langkah pertama untuk memeriksanya?"
ask_first_aid_solution,"Aki mobil saya lemah, indikator baterai menyala setelah melaju di jalan berkerikil. Apa yang bisa saya periksa di tempat?"
ask_first_aid_solution,"Rem motor saya panas dan berbau setelah melaju di jalan menurun tajam malam hari. Bagaimana cara saya mendinginkannya?"
ask_first_aid_solution,"Oli bocor dari mesin mobil saya setelah parkir di tempat parkir berdebu. Apa yang harus saya lakukan untuk menemukan sumbernya?"
ask_first_aid_solution,"Asap hitam keluar dari knalpot saat saya menyalakan mobil di pagi berangin. Apa langkah awal untuk mengeceknya?"
ask_first_aid_solution,"Mesin mobil saya terasa lelet saat melaju di jalan datar malam hari. Apa yang sebaiknya saya periksa pertama kali?"
ask_first_aid_solution,"Lampu ABS menyala di dashboard setelah melintasi jalan berpasir tajam. Apa yang harus saya lakukan untuk memeriksa sistem rem?"
ask_first_aid_solution,"Mobil saya tidak mau menyala meskipun lampu dashboard masih hidup. Apa solusi awal yang bisa saya coba?"
ask_first_aid_solution,"Transmisi manual mobil saya sulit masuk gigi saat melaju di jalan berkerikil. Apa yang harus saya lakukan untuk mengatasinya?"
ask_first_aid_solution,"Sistem pendingin mobil saya mengeluarkan suara mendesis setelah melaju di jalan berbatu. Apa yang sebaiknya saya periksa?"
ask_first_aid_solution,"Kemudi motor saya terasa bergetar setelah melaju di jalan berlumpur tajam. Apa yang bisa saya cek untuk memastikan stabilitas?"
ask_first_aid_solution,"Suspensi belakang mobil saya terasa kaku saat melaju di jalan berpasir. Bagaimana cara saya memeriksanya?"
ask_first_aid_solution,"Rem mobil saya mengeluarkan suara decitan saat mengerem di jalan berkerikil. Apa yang bisa saya lakukan untuk memeriksanya?"
ask_first_aid_solution,"Lampu interior mobil saya mati tiba-tiba saat melaju di malam hujan. Apa yang harus saya cek untuk mengatasi masalah kelistrikan ini?"
ask_first_aid_solution,"Ban motor saya bocor setelah melintasi jalan berbatu tajam malam hari. Apa langkah awal yang aman untuk menggantinya?"
ask_first_aid_solution,"Mesin motor saya mati saat melaju di jalanan ramai malam hari. Apa yang harus saya lakukan setelah menepi?"
ask_first_aid_solution,"Aki mobil saya tampak soak, starter hanya berbunyi lemah sekali. Apa yang bisa saya coba untuk menghidupkan mesin?"
ask_first_aid_solution,"Rem motor saya terasa licin setelah melintasi jalan berpasir tajam. Apa yang sebaiknya saya periksa untuk keamanan?"
ask_first_aid_solution,"Saya mencium bau bensin dari mesin mobil setelah parkir di tempat berkerikil. Apa yang harus saya lakukan untuk mencegah risiko?"
ask_first_aid_solution,"Asap biru keluar dari knalpot mobil saya saat melaju di jalan berlumpur malam. Apa langkah awal untuk memeriksanya?"
ask_first_aid_solution,"Mesin mobil saya bergetar saat melaju di kecepatan tinggi siang hari. Apa yang sebaiknya saya cek pertama kali?"
ask_first_aid_solution,"Lampu tekanan ban menyala di dashboard setelah melaju di jalan berbatu tajam. Bagaimana cara saya memeriksa tekanan ban?"
ask_first_aid_solution,"Starter mobil saya mengeluarkan suara berisik tapi mesin tidak hidup. Apa yang bisa saya lakukan untuk mengatasinya?"
ask_first_aid_solution,"Transmisi otomatis mobil saya terasa lamban saat melaju di jalan lurus malam hari. Apa langkah pertama yang harus saya ambil?"
ask_first_aid_solution,"Sistem pendingin mobil saya bocor, air radiator habis setelah melaju 45 menit. Apa yang bisa saya lakukan untuk mencegah overheat?"
ask_first_aid_solution,"Kemudi mobil saya terasa goyah saat melaju di jalan berkerikil tajam. Apa yang harus saya periksa untuk memastikan stabilitas?"
ask_first_aid_solution,"Suspensi depan motor saya terasa kaku setelah melintasi jalan berbatu tajam. Bagaimana cara saya memeriksanya?"
ask_first_aid_solution,"Pedal rem mobil saya terasa empuk setelah mengerem di jalan berpasir tajam. Apa yang bisa saya lakukan untuk memeriksa rem?"
ask_first_aid_solution,"Sistem kelistrikan mobil saya bermasalah, lampu dashboard redup tiba-tiba. Apa yang sebaiknya saya cek pertama kali?"
ask_first_aid_solution,"Ban mobil saya bocor kecil setelah melintasi jalan berkerikil tajam. Apa yang bisa saya lakukan untuk menanganinya sementara?"
ask_first_aid_solution,"Mesin motor saya mengeluarkan suara berdengung saat melaju di kecepatan tinggi malam hari. Apa langkah pertama untuk memeriksanya?"
ask_first_aid_solution,"Aki mobil saya lemah, indikator baterai menyala setelah melaju di jalan berbatu tajam. Apa yang bisa saya periksa di tempat?"
ask_first_aid_solution,"Rem motor saya panas dan berbau setelah melaju di jalan menurun curam siang hari. Bagaimana cara saya mendinginkannya?"
ask_first_aid_solution,"Oli bocor dari mesin mobil saya setelah parkir di tempat parkir berpasir. Apa yang harus saya lakukan untuk menemukan sumbernya?"
ask_first_aid_solution,"Asap hitam keluar dari knalpot saat saya menyalakan mobil di pagi hujan. Apa langkah awal untuk mengeceknya?"
ask_first_aid_solution,"Mesin mobil saya terasa lelet saat melaju di jalan datar malam hari. Apa yang sebaiknya saya periksa pertama kali?"
ask_first_aid_solution,"Lampu ABS menyala di dashboard setelah melintasi jalan berkerikil tajam. Apa yang harus saya lakukan untuk memeriksa sistem rem?"
ask_first_aid_solution,"Mobil saya tidak mau menyala meskipun lampu dashboard masih hidup. Apa solusi awal yang bisa saya coba?"
ask_first_aid_solution,"Transmisi manual mobil saya sulit masuk gigi saat melaju di jalan berpasir tajam. Apa yang harus saya lakukan untuk mengatasinya?"
ask_first_aid_solution,"Sistem pendingin mobil saya mengeluarkan suara aneh setelah melaju di jalan berbatu tajam. Apa yang sebaiknya saya periksa?"
ask_first_aid_solution,"Kemudi motor saya terasa bergetar setelah melaju di jalan berkerikil tajam. Apa yang bisa saya cek untuk memastikan stabilitas?"
ask_first_aid_solution,"Suspensi belakang mobil saya terasa tidak stabil saat melaju di jalan berbatu tajam. Bagaimana cara saya memeriksanya?"
ask_first_aid_solution,"Rem mobil saya mengeluarkan suara gesekan saat mengerem di jalan berpasir tajam. Apa yang bisa saya lakukan untuk memeriksanya?"
ask_first_aid_solution,"Lampu rem mobil saya mati tiba-tiba saat melaju malam hujan. Apa yang harus saya cek untuk mengatasi masalah kelistrikan ini?"
ask_first_aid_solution,"Ban motor saya bocor setelah melintasi jalan berkerikil tajam siang hari. Apa langkah awal yang aman untuk menggantinya?"
ask_first_aid_solution,"Mesin motor saya mati saat melaju di jalanan ramai siang hari. Apa yang harus saya lakukan setelah menepi?"
ask_first_aid_solution,"Aki mobil saya tampak habis, starter hanya berbunyi lemah sekali. Apa yang bisa saya coba untuk menghidupkan mesin?"
ask_first_aid_solution,"Rem motor saya terasa licin setelah melintasi jalan berbatu tajam. Apa yang sebaiknya saya periksa untuk keamanan?"
ask_first_aid_solution,"Saya mencium bau bensin dari mesin mobil setelah parkir di tempat berkerikil tajam. Apa yang harus saya lakukan untuk mencegah risiko?"
ask_first_aid_solution,"Asap biru keluar dari knalpot mobil saya saat melaju di jalan berbatu tajam malam. Apa langkah awal untuk memeriksanya?"
ask_first_aid_solution,"Mesin mobil saya bergetar saat melaju di kecepatan rendah malam hari. Apa yang sebaiknya saya cek pertama kali?"
ask_first_aid_solution,"Lampu tekanan ban menyala di dashboard setelah melaju di jalan berkerikil tajam. Bagaimana cara saya memeriksa tekanan ban?"
ask_first_aid_solution,"Starter mobil saya mengeluarkan suara berisik tapi mesin tidak hidup. Apa yang bisa saya lakukan untuk mengatasinya?"
ask_first_aid_solution,"Transmisi otomatis mobil saya terasa lamban saat melaju di jalan lurus siang hari. Apa langkah pertama yang harus saya ambil?"
ask_first_aid_solution,"Sistem pendingin mobil saya bocor, air radiator habis setelah melaju 50 menit. Apa yang bisa saya lakukan untuk mencegah overheat?"
ask_first_aid_solution,"Kemudi mobil saya terasa goyah saat melaju di jalan berbatu tajam. Apa yang harus saya periksa untuk memastikan stabilitas?"
ask_first_aid_solution,"Suspensi depan motor saya terasa berderit setelah melintasi jalan berpasir tajam. Bagaimana cara saya memeriksanya?"
ask_first_aid_solution,"Pedal rem mobil saya terasa longgar setelah mengerem di jalan berkerikil tajam. Apa yang bisa saya lakukan untuk memeriksa rem?"
ask_first_aid_solution,"Sistem kelistrikan mobil saya bermasalah, lampu sein mati tiba-tiba. Apa yang sebaiknya saya cek pertama kali?"
ask_first_aid_solution,"Ban mobil saya bocor kecil setelah melintasi jalan berbatu tajam malam hari. Apa yang bisa saya lakukan untuk menanganinya sementara?"
ask_first_aid_solution,"Mesin motor saya mengeluarkan suara berdengung saat melaju di kecepatan rendah siang hari. Apa langkah pertama untuk memeriksanya?"
ask_first_aid_solution,"Aki mobil saya lemah, indikator baterai menyala setelah melaju di jalan berpasir tajam. Apa yang bisa saya periksa di tempat?"
ask_first_aid_solution,"Rem motor saya panas dan berbau setelah melaju di jalan menurun tajam malam hari. Bagaimana cara saya mendinginkannya?"
ask_first_aid_solution,"Oli bocor dari mesin mobil saya setelah parkir di tempat parkir berkerikil tajam. Apa yang harus saya lakukan untuk menemukan sumbernya?"
ask_first_aid_solution,"Asap hitam keluar dari knalpot saat saya menyalakan mobil di pagi berangin. Apa langkah awal untuk mengeceknya?"
ask_first_aid_solution,"Mesin mobil saya terasa lelet saat melaju di jalan datar siang hari. Apa yang sebaiknya saya periksa pertama kali?"
ask_first_aid_solution,"Lampu ABS menyala di dashboard setelah melintasi jalan berbatu tajam malam hari. Apa yang harus saya lakukan untuk memeriksa sistem rem?"
ask_first_aid_solution,"Mobil saya tidak mau menyala meskipun lampu dashboard masih normal. Apa solusi awal yang bisa saya coba?"
ask_first_aid_solution,"Transmisi manual mobil saya sulit masuk gigi saat melaju di jalan berkerikil tajam. Apa yang harus saya lakukan untuk mengatasinya?"
ask_first_aid_solution,"Sistem pendingin mobil saya mengeluarkan suara mendesis setelah melaju di jalan berpasir tajam. Apa yang sebaiknya saya periksa?"
ask_first_aid_solution,"Kemudi motor saya terasa bergetar setelah melaju di jalan berbatu tajam malam hari. Apa yang bisa saya cek untuk memastikan stabilitas?"
ask_first_aid_solution,"Suspensi belakang mobil saya terasa kaku saat melaju di jalan berkerikil tajam. Bagaimana cara saya memeriksanya?"
ask_first_aid_solution,"Rem mobil saya mengeluarkan suara gesekan saat mengerem di jalan berbatu tajam. Apa yang bisa saya lakukan untuk memeriksanya?"
ask_first_aid_solution,"Lampu depan mobil saya mati tiba-tiba saat melaju di malam berangin hujan. Apa yang harus saya cek untuk mengatasi masalah kelistrikan ini?"
ask_first_aid_solution,"Ban motor saya bocor setelah melintasi jalan berpasir tajam malam hari. Apa langkah awal yang aman untuk menggantinya?"
ask_first_aid_solution,"Mesin motor saya mati saat melaju di jalanan ramai siang hari. Apa yang harus saya lakukan setelah menepi?"
ask_first_aid_solution,"Aki mobil saya tampak soak, starter hanya berbunyi pelan sekali. Apa yang bisa saya coba untuk menghidupkan mesin?"
ask_first_aid_solution,"Rem motor saya terasa licin setelah melintasi jalan berkerikil tajam malam hari. Apa yang sebaiknya saya periksa untuk keamanan?"
ask_first_aid_solution,"Saya mencium bau bensin dari mesin mobil setelah parkir di tempat berbatu tajam. Apa yang harus saya lakukan untuk mencegah risiko?"
ask_first_aid_solution,"Asap biru keluar dari knalpot mobil saya saat melaju di jalan berkerikil tajam malam hari. Apa langkah awal untuk memeriksanya?"
ask_first_aid_solution,"Mesin mobil saya bergetar saat melaju di kecepatan tinggi malam hari. Apa yang sebaiknya saya cek pertama kali?"
ask_first_aid_solution,"Lampu tekanan ban menyala di dashboard setelah melaju di jalan berpasir tajam malam hari. Bagaimana cara saya memeriksa tekanan ban?"
ask_first_aid_solution,"Starter mobil saya mengeluarkan suara aneh tapi mesin tidak hidup. Apa yang bisa saya lakukan untuk mengatasinya?"
ask_first_aid_solution,"Transmisi otomatis mobil saya terasa lamban saat melaju di jalan lurus malam hari. Apa langkah pertama yang harus saya ambil?"
ask_first_aid_solution,"Sistem pendingin mobil saya bocor, air radiator habis setelah melaju 55 menit. Apa yang bisa saya lakukan untuk mencegah overheat?"
ask_first_aid_solution,"Kemudi mobil saya terasa goyah saat melaju di jalan berbatu tajam malam hari. Apa yang harus saya periksa untuk memastikan stabilitas?"
ask_first_aid_solution,"Suspensi depan motor saya terasa kaku setelah melintasi jalan berkerikil tajam malam hari. Bagaimana cara saya memeriksanya?"
ask_first_aid_solution,"Pedal rem mobil saya terasa empuk setelah mengerem di jalan berbatu tajam malam hari. Apa yang bisa saya lakukan untuk memeriksa rem?"
ask_first_aid_solution,"Sistem kelistrikan mobil saya bermasalah, lampu rem redup tiba-tiba malam hari. Apa yang sebaiknya saya cek pertama kali?"
ask_first_aid_solution,"Ban mobil saya bocor kecil setelah melintasi jalan berpasir tajam malam hari. Apa yang bisa saya lakukan untuk menanganinya sementara?"
ask_first_aid_solution,"Mesin motor saya mengeluarkan suara berdengung saat melaju di kecepatan tinggi siang hari. Apa langkah pertama untuk memeriksanya?"
ask_first_aid_solution,"Aki mobil saya lemah, indikator baterai menyala setelah melaju di jalan berkerikil tajam malam hari. Apa yang bisa saya periksa di tempat?"
ask_first_aid_solution,"Rem motor saya panas dan berbau setelah melaju di jalan menurun tajam siang hari. Bagaimana cara saya mendinginkannya?"
ask_first_aid_solution,"Oli bocor dari mesin mobil saya setelah parkir di tempat parkir berbatu tajam malam hari. Apa yang harus saya lakukan untuk menemukan sumbernya?"
ask_first_aid_solution,"Asap hitam keluar dari knalpot saat saya menyalakan mobil di pagi berangin hujan. Apa langkah awal untuk mengeceknya?"
ask_first_aid_solution,"Mesin mobil saya terasa lelet saat melaju di jalan datar siang hari. Apa yang sebaiknya saya periksa pertama kali?"
ask_first_aid_solution,"Lampu ABS menyala di dashboard setelah melintasi jalan berpasir tajam malam hari. Apa yang harus saya lakukan untuk memeriksa sistem rem?"
ask_first_aid_solution,"Mobil saya tidak mau menyala meskipun lampu dashboard masih hidup malam hari. Apa solusi awal yang bisa saya coba?"
ask_first_aid_solution,"Transmisi manual mobil saya sulit masuk gigi saat melaju di jalan berbatu tajam malam hari. Apa yang harus saya lakukan untuk mengatasinya?"
ask_first_aid_solution,"Sistem pendingin mobil saya mengeluarkan suara mendesis setelah melaju di jalan berkerikil tajam malam hari. Apa yang sebaiknya saya periksa?"
ask_first_aid_solution,"Kemudi motor saya terasa bergetar setelah melaju di jalan berpasir tajam malam hari. Apa yang bisa saya cek untuk memastikan stabilitas?"
ask_first_aid_solution,"Suspensi belakang mobil saya terasa tidak stabil saat melaju di jalan berkerikil tajam malam hari. Bagaimana cara saya memeriksanya?"
ask_first_aid_solution,"Rem mobil saya mengeluarkan suara gesekan saat mengerem di jalan berbatu tajam malam hari. Apa yang bisa saya lakukan untuk memeriksanya?"
ask_first_aid_solution,"Lampu sein mobil saya mati tiba-tiba saat melaju malam hujan deras. Apa yang harus saya cek untuk mengatasi masalah kelistrikan ini?"
ask_first_aid_solution,"Ban motor saya bocor setelah melintasi jalan berbatu tajam siang hari. Apa langkah awal yang aman untuk menggantinya?"
ask_first_aid_solution,"Mesin motor saya mati saat melaju di jalanan ramai malam hari. Apa yang harus saya lakukan setelah menepi?"
ask_first_aid_solution,"Aki mobil saya tampak habis, starter hanya berbunyi lemah sekali malam hari. Apa yang bisa saya coba untuk menghidupkan mesin?"
ask_first_aid_solution,"Rem motor saya terasa licin setelah melintasi jalan berkerikil tajam siang hari. Apa yang sebaiknya saya periksa untuk keamanan?"
ask_first_aid_solution,"Saya mencium bau bensin dari mesin mobil setelah parkir di tempat berpasir tajam malam hari. Apa yang harus saya lakukan untuk mencegah risiko?"
ask_first_aid_solution,"Asap biru keluar dari knalpot mobil saya saat melaju di jalan berbatu tajam siang hari. Apa langkah awal untuk memeriksanya?"
ask_first_aid_solution,"Mesin mobil saya bergetar saat melaju di kecepatan rendah siang hari. Apa yang sebaiknya saya cek pertama kali?"
ask_first_aid_solution,"Lampu tekanan ban menyala di dashboard setelah melaju di jalan berkerikil tajam siang hari. Bagaimana cara saya memeriksa tekanan ban?"
ask_first_aid_solution,"Starter mobil saya mengeluarkan suara berisik tapi mesin tidak hidup malam hari. Apa yang bisa saya lakukan untuk mengatasinya?"
ask_first_aid_solution,"Transmisi otomatis mobil saya terasa lamban saat melaju di jalan lurus siang hari. Apa langkah pertama yang harus saya ambil?"
ask_first_aid_solution,"Sistem pendingin mobil saya bocor, air radiator habis setelah melaju 60 menit. Apa yang bisa saya lakukan untuk mencegah overheat?"
ask_first_aid_solution,"Kemudi mobil saya terasa goyah saat melaju di jalan berpasir tajam siang hari. Apa yang harus saya periksa untuk memastikan stabilitas?"
ask_first_aid_solution,"Suspensi depan motor saya terasa kaku setelah melintasi jalan berbatu tajam siang hari. Bagaimana cara saya memeriksanya?"
ask_first_aid_solution,"Pedal rem mobil saya terasa empuk setelah mengerem di jalan berkerikil tajam siang hari. Apa yang bisa saya lakukan untuk memeriksa rem?"
ask_first_aid_solution,"Sistem kelistrikan mobil saya bermasalah, lampu dashboard mati tiba-tiba siang hari. Apa yang sebaiknya saya cek pertama kali?"
ask_first_aid_solution,"Ban mobil saya bocor kecil setelah melintasi jalan berbatu tajam siang hari. Apa yang bisa saya lakukan untuk menanganinya sementara?"
ask_first_aid_solution,"Mesin motor saya mengeluarkan suara berdengung saat melaju di kecepatan tinggi malam hari. Apa langkah pertama untuk memeriksanya?"
ask_first_aid_solution,"Aki mobil saya lemah, indikator baterai menyala setelah melaju di jalan berpasir tajam siang hari. Apa yang bisa saya periksa di tempat?"
ask_first_aid_solution,"Rem motor saya panas dan berbau setelah melaju di jalan menurun tajam malam hari. Bagaimana cara saya mendinginkannya?"
ask_first_aid_solution,"Oli bocor dari mesin mobil saya setelah parkir di tempat parkir berkerikil tajam siang hari. Apa yang harus saya lakukan untuk menemukan sumbernya?"
ask_first_aid_solution,"Asap hitam keluar dari knalpot saat saya menyalakan mobil di pagi hujan deras. Apa langkah awal untuk mengeceknya?"
ask_first_aid_solution,"Mesin mobil saya terasa lelet saat melaju di jalan datar malam hari. Apa yang sebaiknya saya periksa pertama kali?"
ask_first_aid_solution,"Lampu ABS menyala di dashboard setelah melintasi jalan berbatu tajam siang hari. Apa yang harus saya lakukan untuk memeriksa sistem rem?"
ask_first_aid_solution,"Mobil saya tidak mau menyala meskipun lampu dashboard masih normal siang hari. Apa solusi awal yang bisa saya coba?"
ask_first_aid_solution,"Transmisi manual mobil saya sulit masuk gigi saat melaju di jalan berkerikil tajam siang hari. Apa yang harus saya lakukan untuk mengatasinya?"
ask_first_aid_solution,"Sistem pendingin mobil saya mengeluarkan suara aneh setelah melaju di jalan berpasir tajam siang hari. Apa yang sebaiknya saya periksa?"
ask_first_aid_solution,"Kemudi motor saya terasa bergetar setelah melaju di jalan berbatu tajam siang hari. Apa yang bisa saya cek untuk memastikan stabilitas?"
ask_first_aid_solution,"Suspensi belakang mobil saya terasa tidak stabil saat melaju di jalan berkerikil tajam siang hari. Bagaimana cara saya memeriksanya?"
ask_first_aid_solution,"Rem mobil saya mengeluarkan suara gesekan saat mengerem di jalan berpasir tajam siang hari. Apa yang bisa saya lakukan untuk memeriksanya?"
ask_first_aid_solution,"Lampu rem mobil saya mati tiba-tiba saat melaju malam hujan deras. Apa yang harus saya cek untuk mengatasi masalah kelistrikan ini?"
ask_first_aid_solution,"Ban motor saya bocor setelah melintasi jalan berkerikil tajam malam hari. Apa langkah awal yang aman untuk menggantinya?"
ask_first_aid_solution,"Mesin motor saya mati saat melaju di jalanan ramai siang hari. Apa yang harus saya lakukan setelah menepi?"
ask_first_aid_solution,"Aki mobil saya tampak habis, starter hanya berbunyi lemah sekali siang hari. Apa yang bisa saya coba untuk menghidupkan mesin?"
ask_first_aid_solution,"Rem motor saya terasa licin setelah melintasi jalan berbatu tajam siang hari. Apa yang sebaiknya saya periksa untuk keamanan?"
ask_first_aid_solution,"Saya mencium bau bensin dari mesin mobil setelah parkir di tempat berkerikil tajam siang hari. Apa yang harus saya lakukan untuk mencegah risiko?"
ask_first_aid_solution,"Asap biru keluar dari knalpot mobil saya saat melaju di jalan berpasir tajam siang hari. Apa langkah awal untuk memeriksanya?"
ask_first_aid_solution,"Mesin mobil saya bergetar saat melaju di kecepatan tinggi siang hari. Apa yang sebaiknya saya cek pertama kali?"
ask_first_aid_solution,"Lampu tekanan ban menyala di dashboard setelah melaju di jalan berbatu tajam malam hari. Bagaimana cara saya memeriksa tekanan ban?"
ask_first_aid_solution,"Starter mobil saya mengeluarkan suara berisik tapi mesin tidak hidup siang hari. Apa yang bisa saya lakukan untuk mengatasinya?"
ask_first_aid_solution,"Transmisi otomatis mobil saya terasa lamban saat melaju di jalan lurus malam hari. Apa langkah pertama yang harus saya ambil?"
ask_first_aid_solution,"Sistem pendingin mobil saya bocor, air radiator habis setelah melaju 65 menit. Apa yang bisa saya lakukan untuk mencegah overheat?"
ask_first_aid_solution,"Kemudi mobil saya terasa goyah saat melaju di jalan berkerikil tajam siang hari. Apa yang harus saya periksa untuk memastikan stabilitas?"
ask_first_aid_solution,"Suspensi depan motor saya terasa kaku setelah melintasi jalan berpasir tajam siang hari. Bagaimana cara saya memeriksanya?"
ask_first_aid_solution,"Pedal rem mobil saya terasa empuk setelah mengerem di jalan berbatu tajam siang hari. Apa yang bisa saya lakukan untuk memeriksa rem?"
ask_first_aid_solution,"Sistem kelistrikan mobil saya bermasalah, lampu sein redup tiba-tiba siang hari. Apa yang sebaiknya saya cek pertama kali?"
ask_first_aid_solution,"Ban mobil saya bocor kecil setelah melintasi jalan berkerikil tajam siang hari. Apa yang bisa saya lakukan untuk menanganinya sementara?"
ask_first_aid_solution,"Mesin motor saya mengeluarkan suara berdengung saat melaju di kecepatan rendah malam hari. Apa langkah pertama untuk memeriksanya?"
ask_first_aid_solution,"Aki mobil saya lemah, indikator baterai menyala setelah melaju di jalan berbatu tajam siang hari. Apa yang bisa saya periksa di tempat?"
ask_first_aid_solution,"Rem motor saya panas dan berbau setelah melaju di jalan menurun tajam siang hari. Bagaimana cara saya mendinginkannya?"
ask_first_aid_solution,"Oli bocor dari mesin mobil saya setelah parkir di tempat parkir berpasir tajam siang hari. Apa yang harus saya lakukan untuk menemukan sumbernya?"
ask_first_aid_solution,"Asap hitam keluar dari knalpot saat saya menyalakan mobil di pagi hujan deras. Apa langkah awal untuk mengeceknya?"
ask_first_aid_solution,"Mesin mobil saya terasa lelet saat melaju di jalan datar siang hari. Apa yang sebaiknya saya periksa pertama kali?"
ask_first_aid_solution,"Lampu ABS menyala di dashboard setelah melintasi jalan berkerikil tajam siang hari. Apa yang harus saya lakukan untuk memeriksa sistem rem?"
ask_first_aid_solution,"Mobil saya tidak mau menyala meskipun lampu dashboard masih normal malam hari. Apa solusi awal yang bisa saya coba?"
ask_first_aid_solution,"Transmisi manual mobil saya sulit masuk gigi saat melaju di jalan berpasir tajam siang hari. Apa yang harus saya lakukan untuk mengatasinya?"
ask_first_aid_solution,"Sistem pendingin mobil saya mengeluarkan suara mendesis setelah melaju di jalan berbatu tajam siang hari. Apa yang sebaiknya saya periksa?"
ask_first_aid_solution,"Kemudi motor saya terasa bergetar setelah melaju di jalan berkerikil tajam siang hari. Apa yang bisa saya cek untuk memastikan stabilitas?"
ask_first_aid_solution,"Suspensi belakang mobil saya terasa tidak stabil saat melaju di jalan berpasir tajam siang hari. Bagaimana cara saya memeriksanya?"
ask_first_aid_solution,"Rem mobil saya mengeluarkan suara gesekan saat mengerem di jalan berkerikil tajam siang hari. Apa yang bisa saya lakukan untuk memeriksanya?"
ask_first_aid_solution,"Lampu depan mobil saya mati tiba-tiba saat melaju malam hujan deras. Apa yang harus saya cek untuk mengatasi masalah kelistrikan ini?"
ask_first_aid_solution,"Ban motor saya bocor setelah melintasi jalan berbatu tajam malam hari. Apa langkah awal yang aman untuk menggantinya?"
ask_first_aid_solution,"Mesin motor saya mati saat melaju di jalanan ramai malam hari. Apa yang harus saya lakukan setelah menepi?"
ask_first_aid_solution,"Aki mobil saya tampak soak, starter hanya berbunyi pelan sekali malam hari. Apa yang bisa saya coba untuk menghidupkan mesin?"
ask_first_aid_solution,"Rem motor saya terasa licin setelah melintasi jalan berpasir tajam malam hari. Apa yang sebaiknya saya periksa untuk keamanan?"
ask_first_aid_solution,"Saya mencium bau bensin dari mesin mobil setelah parkir di tempat berbatu tajam malam hari. Apa yang harus saya lakukan untuk mencegah risiko?"
ask_first_aid_solution,"Asap biru keluar dari knalpot mobil saya saat melaju di jalan berkerikil tajam siang hari. Apa langkah awal untuk memeriksanya?"
ask_first_aid_solution,"Mesin mobil saya bergetar saat melaju di kecepatan rendah siang hari. Apa yang sebaiknya saya cek pertama kali?"
ask_first_aid_solution,"Lampu tekanan ban menyala di dashboard setelah melaju di jalan berpasir tajam siang hari. Bagaimana cara saya memeriksa tekanan ban?"
ask_first_aid_solution,"Starter mobil saya mengeluarkan suara berisik tapi mesin tidak hidup malam hari. Apa yang bisa saya lakukan untuk mengatasinya?"
ask_first_aid_solution,"Transmisi otomatis mobil saya terasa lamban saat melaju di jalan lurus siang hari. Apa langkah pertama yang harus saya ambil?"
ask_first_aid_solution,"Sistem pendingin mobil saya bocor, air radiator habis setelah melaju 70 menit. Apa yang bisa saya lakukan untuk mencegah overheat?"
ask_first_aid_solution,"Kemudi mobil saya terasa goyah saat melaju di jalan berbatu tajam siang hari. Apa yang harus saya periksa untuk memastikan stabilitas?"
ask_first_aid_solution,"Suspensi depan motor saya terasa kaku setelah melintasi jalan berkerikil tajam siang hari. Bagaimana cara saya memeriksanya?"
ask_first_aid_solution,"Pedal rem mobil saya terasa empuk setelah mengerem di jalan berpasir tajam siang hari. Apa yang bisa saya lakukan untuk memeriksa rem?"
ask_first_aid_solution,"Sistem kelistrikan mobil saya bermasalah, lampu rem redup tiba-tiba siang hari. Apa yang sebaiknya saya cek pertama kali?"
ask_first_aid_solution,"Ban mobil saya bocor kecil setelah melintasi jalan berbatu tajam malam hari. Apa yang bisa saya lakukan untuk menanganinya sementara?"
ask_first_aid_solution,"Mesin motor saya mengeluarkan suara berdengung saat melaju di kecepatan tinggi siang hari. Apa langkah pertama untuk memeriksanya?"
ask_first_aid_solution,"Aki mobil saya lemah, indikator baterai menyala setelah melaju di jalan berkerikil tajam siang hari. Apa yang bisa saya periksa di tempat?"
ask_first_aid_solution,"Rem motor saya panas dan berbau setelah melaju di jalan menurun tajam siang hari. Bagaimana cara saya mendinginkannya?"
ask_first_aid_solution,"Oli bocor dari mesin mobil saya setelah parkir di tempat parkir berpasir tajam malam hari. Apa yang harus saya lakukan untuk menemukan sumbernya?"
ask_first_aid_solution,"Asap hitam keluar dari knalpot saat saya menyalakan mobil di pagi hujan deras. Apa langkah awal untuk mengeceknya?"
ask_first_aid_solution,"Mesin mobil saya terasa lelet saat melaju di jalan datar malam hari. Apa yang sebaiknya saya periksa pertama kali?"
ask_first_aid_solution,"Lampu ABS menyala di dashboard setelah melintasi jalan berbatu tajam malam hari. Apa yang harus saya lakukan untuk memeriksa sistem rem?"
ask_first_aid_solution,"Mobil saya tidak mau menyala meskipun lampu dashboard masih normal siang hari. Apa solusi awal yang bisa saya coba?"
ask_first_aid_solution,"Transmisi manual mobil saya sulit masuk gigi saat melaju di jalan berkerikil tajam malam hari. Apa yang harus saya lakukan untuk mengatasinya?"
ask_first_aid_solution,"Sistem pendingin mobil saya mengeluarkan suara aneh setelah melaju di jalan berpasir tajam malam hari. Apa yang sebaiknya saya periksa?"
ask_first_aid_solution,"Kemudi motor saya terasa bergetar setelah melaju di jalan berbatu tajam malam hari. Apa yang bisa saya cek untuk memastikan stabilitas?"
ask_first_aid_solution,"Suspensi belakang mobil saya terasa tidak stabil saat melaju di jalan berkerikil tajam malam hari. Bagaimana cara saya memeriksanya?"
ask_first_aid_solution,"Rem mobil saya mengeluarkan suara gesekan saat mengerem di jalan berpasir tajam malam hari. Apa yang bisa saya lakukan untuk memeriksanya?"
ask_first_aid_solution,"Lampu sein mobil saya mati tiba-tiba saat melaju malam hujan deras. Apa yang harus saya cek untuk mengatasi masalah kelistrikan ini?"
ask_first_aid_solution,"Ban motor saya bocor setelah melintasi jalan berkerikil tajam siang hari. Apa langkah awal yang aman untuk menggantinya?"
ask_first_aid_solution,"Mesin motor saya mati saat melaju di jalanan ramai siang hari. Apa yang harus saya lakukan setelah menepi?"
ask_first_aid_solution,"Aki mobil saya tampak habis, starter hanya berbunyi lemah sekali malam hari. Apa yang bisa saya coba untuk menghidupkan mesin?"
ask_first_aid_solution,"Rem motor saya terasa licin setelah melintasi jalan berbatu tajam malam hari. Apa yang sebaiknya saya periksa untuk keamanan?"
ask_first_aid_solution,"Saya mencium bau bensin dari mesin mobil setelah parkir di tempat berkerikil tajam malam hari. Apa yang harus saya lakukan untuk mencegah risiko?"
ask_first_aid_solution,"Asap biru keluar dari knalpot mobil saya saat melaju di jalan berpasir tajam malam hari. Apa langkah awal untuk memeriksanya?"
ask_first_aid_solution,"Mesin mobil saya bergetar saat melaju di kecepatan tinggi siang hari. Apa yang sebaiknya saya cek pertama kali?"
ask_first_aid_solution,"Lampu tekanan ban menyala di dashboard setelah melaju di jalan berbatu tajam siang hari. Bagaimana cara saya memeriksa tekanan ban?"
ask_first_aid_solution,"Starter mobil saya mengeluarkan suara berisik tapi mesin tidak hidup siang hari. Apa yang bisa saya lakukan untuk mengatasinya?"
ask_first_aid_solution,"Transmisi otomatis mobil saya terasa lamban saat melaju di jalan lurus malam hari. Apa langkah pertama yang harus saya ambil?"
ask_first_aid_solution,"Sistem pendingin mobil saya bocor, air radiator habis setelah melaju 75 menit. Apa yang bisa saya lakukan untuk mencegah overheat?"
ask_first_aid_solution,"Kemudi mobil saya terasa goyah saat melaju di jalan berkerikil tajam malam hari. Apa yang harus saya periksa untuk memastikan stabilitas?"
ask_first_aid_solution,"Suspensi depan motor saya terasa kaku setelah melintasi jalan berpasir tajam malam hari. Bagaimana cara saya memeriksanya?"
ask_first_aid_solution,"Pedal rem mobil saya terasa empuk setelah mengerem di jalan berbatu tajam malam hari. Apa yang bisa saya lakukan untuk memeriksa rem?"
ask_first_aid_solution,"Sistem kelistrikan mobil saya bermasalah, lampu dashboard redup tiba-tiba malam hari. Apa yang sebaiknya saya cek pertama kali?"
ask_first_aid_solution,"Ban mobil saya bocor kecil setelah melintasi jalan berkerikil tajam malam hari. Apa yang bisa saya lakukan untuk menanganinya sementara?"
ask_first_aid_solution,"Mesin motor saya mengeluarkan suara berdengung saat melaju di kecepatan rendah siang hari. Apa langkah pertama untuk memeriksanya?"
ask_first_aid_solution,"Aki mobil saya lemah, indikator baterai menyala setelah melaju di jalan berpasir tajam malam hari. Apa yang bisa saya periksa di tempat?"
ask_first_aid_solution,"Rem motor saya panas dan berbau setelah melaju di jalan menurun tajam malam hari. Bagaimana cara saya mendinginkannya?"
ask_first_aid_solution,"Oli bocor dari mesin mobil saya setelah parkir di tempat parkir berbatu tajam siang hari. Apa yang harus saya lakukan untuk menemukan sumbernya?"
ask_first_aid_solution,"Asap hitam keluar dari knalpot saat saya menyalakan mobil di pagi hujan deras. Apa langkah awal untuk mengeceknya?"
ask_first_aid_solution,"Mesin mobil saya terasa lelet saat melaju di jalan datar siang hari. Apa yang sebaiknya saya periksa pertama kali?"
ask_first_aid_solution,"Lampu ABS menyala di dashboard setelah melintasi jalan berkerikil tajam malam hari. Apa yang harus saya lakukan untuk memeriksa sistem rem?"
ask_first_aid_solution,"Mobil saya tidak mau menyala meskipun lampu dashboard masih normal malam hari. Apa solusi awal yang bisa saya coba?"
ask_first_aid_solution,"Transmisi manual mobil saya sulit masuk gigi saat melaju di jalan berpasir tajam malam hari. Apa yang harus saya lakukan untuk mengatasinya?"
ask_first_aid_solution,"Sistem pendingin mobil saya mengeluarkan suara mendesis setelah melaju di jalan berbatu tajam malam hari. Apa yang sebaiknya saya periksa?"
ask_first_aid_solution,"Kemudi motor saya terasa bergetar setelah melaju di jalan berkerikil tajam malam hari. Apa yang bisa saya cek untuk memastikan stabilitas?"
ask_first_aid_solution,"Suspensi belakang mobil saya terasa tidak stabil saat melaju di jalan berpasir tajam malam hari. Bagaimana cara saya memeriksanya?"
ask_first_aid_solution,"Rem mobil saya mengeluarkan suara gesekan saat mengerem di jalan berkerikil tajam malam hari. Apa yang bisa saya lakukan untuk memeriksanya?"
ask_first_aid_solution,"Lampu rem mobil saya mati tiba-tiba saat melaju malam hujan deras. Apa yang harus saya cek untuk mengatasi masalah kelistrikan ini?"
ask_first_aid_solution,"Ban motor saya bocor setelah melintasi jalan berbatu tajam siang hari. Apa langkah awal yang aman untuk menggantinya?"
ask_first_aid_solution,"Mesin motor saya mati saat melaju di jalanan ramai malam hari. Apa yang harus saya lakukan setelah menepi?"
ask_first_aid_solution,"Aki mobil saya tampak soak, starter hanya berbunyi pelan sekali siang hari. Apa yang bisa saya coba untuk menghidupkan mesin?"
ask_first_aid_solution,"Rem motor saya terasa licin setelah melintasi jalan berpasir tajam siang hari. Apa yang sebaiknya saya periksa untuk keamanan?"
ask_first_aid_solution,"Saya mencium bau bensin dari mesin mobil setelah parkir di tempat berkerikil tajam siang hari. Apa yang harus saya lakukan untuk mencegah risiko?"
ask_first_aid_solution,"Asap biru keluar dari knalpot mobil saya saat melaju di jalan berkerikil tajam malam hari. Apa langkah awal untuk memeriksanya?"
ask_first_aid_solution,"Mesin mobil saya bergetar saat melaju di kecepatan tinggi malam hari. Apa yang sebaiknya saya cek pertama kali?"
ask_first_aid_solution,"Lampu tekanan ban menyala di dashboard setelah melaju di jalan berpasir tajam malam hari. Bagaimana cara saya memeriksa tekanan ban?"
ask_first_aid_solution,"Starter mobil saya mengeluarkan suara berisik tapi mesin tidak hidup siang hari. Apa yang bisa saya lakukan untuk mengatasinya?"
ask_first_aid_solution,"Transmisi otomatis mobil saya terasa lamban saat melaju di jalan lurus siang hari. Apa langkah pertama yang harus saya ambil?"
ask_first_aid_solution,"Sistem pendingin mobil saya bocor, air radiator habis setelah melaju 80 menit. Apa yang bisa saya lakukan untuk mencegah overheat?" 
ask_first_aid_solution,"Ban motor aku kempes di jalan, apa yang harus kulakuin cepet?"
ask_first_aid_solution,"Mesin mobilku panas banget, gimana cara ngatasinnya sekarang?"
ask_first_aid_solution,"Aki trukku lelet, apa solusi cepetnya bro?"
ask_first_aid_solution,"Rem motor gue blong tiba-tiba, tolong kasih saran apa yang dilakukan!"
ask_first_aid_solution,"Oli mobilku netes di parkiran, apa yang perlu dicek dulu?"
ask_first_aid_solution,"Asap keluar dari kap mesin, apa langkah awalnya?"
ask_first_aid_solution,"Motor bikin suara aneh krek-krek, gimana ngatasinya?"
ask_first_aid_solution,"Mobilku mogok di tengah hujan, apa yang bisa kulakuin?"
ask_first_aid_solution,"Ban trukku bocor di tol, apa solusi daruratnya?"
ask_first_aid_solution,"Mesin motor kepanasan sampe mati, apa yang harus dibuka?"
ask_first_aid_solution,"Aki mobilku drop pas di lampu merah, apa cara nyalainnya?"
ask_first_aid_solution,"Rem trukku ga pakem, gimana biar aman sementara?"
ask_first_aid_solution,"Oli motorku bocor di jalanan, apa yang harus ditutup?"
ask_first_aid_solution,"Kap mobil ngebul putih, apa yang kudu dilakuin cepet?"
ask_first_aid_solution,"Suara glodak-glodak dari kolong motor, apa yang dicek?"
ask_first_aid_solution,"Ban mobilku kempes pas di rumah, gimana nanganinya?"
ask_first_aid_solution,"Mesin trukku bergetar hebat, apa solusi awalnya?"
ask_first_aid_solution,"Aki motor ga kuat starter, apa yang bisa dicoba?"
ask_first_aid_solution,"Rem mobilku bunyi cetak-cetak, apa yang harus diperiksa?"
ask_first_aid_solution,"Oli truk netes banyak, apa langkah pertamanya?"
ask_first_aid_solution,"Asap hitam keluar dari knalpot motor, apa yang kulakuin?"
ask_first_aid_solution,"Mobil bikin suara ngorok pas jalan, gimana ngatasinya?"
ask_first_aid_solution,"Ban motor bocor kecil, apa yang bisa dilakuin di sini?"
ask_first_aid_solution,"Mesin mobilku mati mendadak, apa yang kudu dicek?"
ask_first_aid_solution,"Aki trukku lemah banget, gimana biar bisa jalan dulu?"
ask_first_aid_solution,"Rem motor ga ngerem sama sekali, apa solusi cepet?"
ask_first_aid_solution,"Oli mobil bocor di garasi, apa yang harus kuliat?"
ask_first_aid_solution,"Asap tebel dari mesin truk, apa yang harus dimatiin?"
ask_first_aid_solution,"Suara aneh dari ban mobil, apa yang perlu dicek?"
ask_first_aid_solution,"Motorku mogok di pinggir sawah, apa yang bisa kulakuin?"
ask_first_aid_solution,"Ban trukku gembos pas di bukit, gimana cara ngatasinya?"
ask_first_aid_solution,"Mesin mobil panas sampe bau gosong, apa langkah awalnya?"
ask_first_aid_solution,"Aki motorku mati total, apa solusi daruratnya?"
ask_first_aid_solution,"Rem truk bunyi kenceng, apa yang harus diperbaiki dulu?"
ask_first_aid_solution,"Oli motor netes pas parkir, apa yang kudu dicek?"
ask_first_aid_solution,"Asap keluar dari bawah mobil, apa yang harus kulakuin?"
ask_first_aid_solution,"Suara berisik dari mesin truk, gimana cara nguranginya?"
ask_first_aid_solution,"Ban mobilku bocor di kampung, apa yang bisa dicoba?"
ask_first_aid_solution,"Mesin motorku ngadat di jalan, apa solusi cepetnya?"
ask_first_aid_solution,"Aki mobil ga nyala pas pagi, gimana cara hidupinnya?"
ask_first_aid_solution,"Rem motorku lengket, apa yang harus dilepas?"
ask_first_aid_solution,"Oli trukku habis tiba-tiba, apa yang kudu ditambah?"
ask_first_aid_solution,"Asap biru dari knalpot mobil, apa langkah pertamanya?"
ask_first_aid_solution,"Suara ketok-ketok dari mesin motor, apa yang dicek?"
ask_first_aid_solution,"Ban trukku kempes di pasar, gimana cara nanganinya?"
ask_first_aid_solution,"Mesin mobilku overheat di macet, apa yang harus dimatiin?"
ask_first_aid_solution,"Aki motor lelet banget, apa yang bisa kulakuin sekarang?"
ask_first_aid_solution,"Rem trukku ga respons, apa solusi sementaranya?"
ask_first_aid_solution,"Oli mobilku tumpah di jalan, apa yang harus dibersihin?"
ask_first_aid_solution,"Asap putih tebel dari truk, apa yang kudu dicek?"
ask_first_aid_solution,"Motor bikin suara gede pas gas, gimana ngatasinya?"
ask_first_aid_solution,"Ban mobilku gembos di tengah hutan, apa yang kulakuin?"
ask_first_aid_solution,"Mesin truk mati pas nanjak, apa yang bisa dicoba?"
ask_first_aid_solution,"Aki mobilku ngedrop di parkiran, gimana nyalainnya?"
ask_first_aid_solution,"Rem motor bunyi kriet-kriet, apa yang harus dilupasi?"
ask_first_aid_solution,"Oli motorku bocor parah, apa yang kudu ditutup cepet?"
ask_first_aid_solution,"Asap hitam dari mesin mobil, apa solusi awalnya?"
ask_first_aid_solution,"Suara aneh dari kolong truk, apa yang perlu diliat?"
ask_first_aid_solution,"Ban motorku kempes pas di pom bensin, apa yang kulakuin?"
ask_first_aid_solution,"Mesin mobil panas banget di tol, apa yang harus dikurangin?"
ask_first_aid_solution,"Aki trukku mati di malam hari, apa cara daruratnya?"
ask_first_aid_solution,"Rem mobil ga pakem pas turunan, gimana biar aman?"
ask_first_aid_solution,"Oli motor netes di trotoar, apa yang kudu dicek dulu?"
ask_first_aid_solution,"Asap keluar dari kap truk, apa yang harus dimatiin?"
ask_first_aid_solution,"Suara berderit dari ban motor, apa yang perlu diperiksa?"
ask_first_aid_solution,"Mobilku mogok di tengah kota, apa solusi cepetnya?"
ask_first_aid_solution,"Ban truk bocor pas di gudang, gimana cara nanganinya?"
ask_first_aid_solution,"Mesin motorku kepanasan sampe bau, apa yang kudu dibuka?"
ask_first_aid_solution,"Aki mobil lemah pas di perjalanan, apa yang bisa dicoba?"
ask_first_aid_solution,"Rem trukku bunyi aneh, apa yang harus dicek?"
ask_first_aid_solution,"Oli mobilku habis di jalan, apa yang harus ditambahin?"
ask_first_aid_solution,"Asap tebel dari knalpot motor, apa langkah awalnya?"
ask_first_aid_solution,"Suara ngiung-ngiung dari mesin mobil, gimana ngatasinya?"
ask_first_aid_solution,"Ban motorku bocor di desa, apa yang bisa kulakuin?"
ask_first_aid_solution,"Mesin trukku mati mendadak, apa yang kudu dicek?"
ask_first_aid_solution,"Aki motor ga kuat nyala, apa solusi cepetnya?"
ask_first_aid_solution,"Rem mobilku lengket di parkiran, apa yang harus dilepas?"
ask_first_aid_solution,"Oli truk bocor di lapangan, apa yang kudu ditutup?"
ask_first_aid_solution,"Asap putih dari mesin motor, apa yang harus dimatiin?"
ask_first_aid_solution,"Suara ketak-ketak dari ban truk, apa yang dicek?"
ask_first_aid_solution,"Ban mobilku kempes pas di kantor, gimana cara nanganinya?"
ask_first_aid_solution,"Mesin motor overheat di siang hari, apa yang kudu dilakuin?"
ask_first_aid_solution,"Aki trukku drop pas di terminal, apa cara nyalainnya?"
ask_first_aid_solution,"Rem motor ga ngerem di tanjakan, apa solusi daruratnya?"
ask_first_aid_solution,"Oli mobil netes di bawah pohon, apa yang harus dicek?"
ask_first_aid_solution,"Asap hitam dari kap truk, apa yang kudu diperiksa?"
ask_first_aid_solution,"Suara aneh dari mesin motor pas hujan, gimana ngatasinya?"
ask_first_aid_solution,"Ban trukku bocor di pinggir kali, apa yang bisa kulakuin?"
ask_first_aid_solution,"Mesin mobilku panas di parkiran mall, apa yang dimatiin?"
ask_first_aid_solution,"Aki motor mati pas di pasar, apa solusi cepetnya?"
ask_first_aid_solution,"Rem trukku ga pakem di jalan basah, gimana biar aman?"
ask_first_aid_solution,"Oli motorku tumpah di garasi, apa yang harus dibersihin?"
ask_first_aid_solution,"Asap keluar dari bawah truk, apa langkah pertamanya?"
ask_first_aid_solution,"Suara berisik dari ban mobil, apa yang perlu dicek?"
ask_first_aid_solution,"Motor mogok pas di lampu merah, apa yang kudu kulakuin?"
ask_first_aid_solution,"Ban mobilku gembos di tengah malam, gimana nanganinya?"
ask_first_aid_solution,"Mesin trukku bergetar pas langsam, apa solusi awalnya?"
ask_first_aid_solution,"Aki mobil ga nyala di pagi hari, apa yang bisa dicoba?"
ask_first_aid_solution,"Rem motor bunyi pas dipake, apa yang harus diperiksa?"
ask_first_aid_solution,"Oli truk netes di jalanan, apa yang kudu ditutup?"
ask_first_aid_solution,"Asap tebel dari knalpot mobil, apa yang harus dimatiin?"
ask_first_aid_solution,"Suara aneh dari mesin truk pas cepet, gimana ngatasinya?"
ask_first_aid_solution,"Ban motor bocor di pinggir sawah, apa solusi cepetnya?"
ask_first_aid_solution,"Mesin mobilku mati di perempatan, apa yang kudu dicek?"
ask_first_aid_solution,"Aki truk lemah pas di gudang, apa cara nyalainnya?"
ask_first_aid_solution,"Rem mobil ga respons pas hujan, apa yang harus dilakuin?"
ask_first_aid_solution,"Oli motor bocor pas di pom bensin, apa yang dicek?"
ask_first_aid_solution,"Asap putih dari kap motor, apa yang kudu dimatiin?"
ask_first_aid_solution,"Suara gede dari kolong mobil, apa yang perlu diliat?"
ask_first_aid_solution,"Ban trukku kempes di tol malam, gimana cara nanganinya?"
ask_first_aid_solution,"Mesin motor panas banget pas macet, apa yang harus dikurangin?"
ask_first_aid_solution,"Aki mobil mati di jalan raya, apa solusi daruratnya?"
ask_first_aid_solution,"Rem truk bunyi kenceng pas turunan, apa yang dicek?"
ask_first_aid_solution,"Oli mobilku netes di trotoar, apa yang kudu dibersihin?"
ask_first_aid_solution,"Asap hitam dari mesin truk, apa langkah awalnya?"
ask_first_aid_solution,"Suara ngorok dari ban motor, apa yang perlu diperiksa?"
ask_first_aid_solution,"Mobil mogok di pinggir pantai, apa yang bisa kulakuin?"
ask_first_aid_solution,"Ban motorku bocor pas di bukit, apa solusi cepetnya?"
ask_first_aid_solution,"Mesin trukku mati di lampu merah, apa yang kudu dicek?"
ask_first_aid_solution,"Aki mobil lelet pas siang, apa cara nyalainnya?"
ask_first_aid_solution,"Rem motor ga pakem di jalan licin, apa yang harus dilakuin?"
ask_first_aid_solution,"Oli truk bocor di parkiran, apa yang kudu ditutup?"
ask_first_aid_solution,"Asap tebel dari kap mobil, apa yang harus dimatiin?"
ask_first_aid_solution,"Suara aneh dari mesin motor pas pelan, gimana ngatasinya?"
ask_first_aid_solution,"Ban truk gembos di tengah hutan, apa yang bisa kulakuin?"
ask_first_aid_solution,"Mesin mobilku overheat pas hujan, apa yang kudu dilakuin?"
ask_first_aid_solution,"Aki motor drop di jalan kampung, apa solusi daruratnya?"
ask_first_aid_solution,"Rem truk lengket pas pagi, apa yang harus dilepas?"
ask_first_aid_solution,"Oli mobil tumpah di garasi, apa yang harus dicek?"
ask_first_aid_solution,"Asap putih dari knalpot truk, apa langkah pertamanya?"
ask_first_aid_solution,"Suara berderit dari kolong motor, apa yang perlu diliat?"
ask_first_aid_solution,"Ban mobilku bocor di pasar malam, gimana cara nanganinya?"
ask_first_aid_solution,"Mesin motor mati pas di tanjakan, apa yang kudu dicek?"
ask_first_aid_solution,"Aki truk ga nyala pas malam, apa cara hidupinnya?"
ask_first_aid_solution,"Rem mobil bunyi pas ngerem, apa yang harus diperiksa?"
ask_first_aid_solution,"Oli motor netes di jalan raya, apa yang kudu ditutup?"
ask_first_aid_solution,"Asap hitam dari kap truk, apa yang harus dimatiin?"
ask_first_aid_solution,"Suara ketok dari ban mobil, apa yang perlu dicek?"
ask_first_aid_solution,"Motor mogok di tengah macet, apa solusi cepetnya?"
ask_first_aid_solution,"Ban trukku kempes di pinggir waduk, gimana nanganinya?"
ask_first_aid_solution,"Mesin mobil panas banget pas parkir, apa yang kudu dikurangin?"
ask_first_aid_solution,"Aki motor mati di parkiran mall, apa yang bisa dicoba?"
ask_first_aid_solution,"Rem truk ga respons di jalan tol, apa solusi daruratnya?"
ask_first_aid_solution,"Oli mobil bocor pas di lampu merah, apa yang dicek?"
ask_first_aid_solution,"Asap tebel dari mesin motor, apa yang harus dimatiin?"
ask_first_aid_solution,"Suara aneh dari kolong truk pas pelan, gimana ngatasinya?"
ask_first_aid_solution,"Ban motor gembos di tengah kota, apa yang bisa kulakuin?"
ask_first_aid_solution,"Mesin trukku overheat di siang hari, apa yang kudu dilakuin?"
ask_first_aid_solution,"Aki mobil drop pas di terminal, apa cara nyalainnya?"
ask_first_aid_solution,"Rem motor bunyi kriet pas dipake, apa yang harus dilepas?"
ask_first_aid_solution,"Oli truk netes di bawah pohon, apa yang kudu ditutup?"
ask_first_aid_solution,"Asap putih dari kap mobil, apa langkah pertamanya?"
ask_first_aid_solution,"Suara ngiung dari mesin motor, apa yang perlu dicek?"
ask_first_aid_solution,"Ban mobilku bocor di jalan kampung, gimana cara nanganinya?"
ask_first_aid_solution,"Mesin motor mati pas hujan lelet, apa yang kudu dicek?"
ask_first_aid_solution,"Aki truk lemah di pagi hari, apa solusi cepetnya?"
ask_first_aid_solution,"Rem mobil ga pakem pas nanjak, apa yang harus dilakuin?"
ask_first_aid_solution,"Oli motor bocor di trotoar, apa yang kudu dibersihin?"
ask_first_aid_solution,"Asap hitam dari knalpot truk, apa yang harus dimatiin?"
ask_first_aid_solution,"Suara gede dari ban mobil, apa yang perlu diperiksa?"
ask_first_aid_solution,"Truk mogok di tengah sawah, apa yang bisa kulakuin?"
ask_first_aid_solution,"Ban motorku kempes pas di pasar, gimana nanganinya?"
ask_first_aid_solution,"Mesin mobil panas di jalan tol, apa yang kudu dikurangin?"
ask_first_aid_solution,"Aki motor mati pas malam, apa solusi daruratnya?"
ask_first_aid_solution,"Rem truk bunyi pas ngerem, apa yang harus dicek?"
ask_first_aid_solution,"Oli mobil netes di parkiran kantor, apa yang kudu ditutup?"
ask_first_aid_solution,"Asap tebel dari kap truk, apa yang harus dimatiin?"
ask_first_aid_solution,"Suara aneh dari mesin motor pas cepet, gimana ngatasinya?"
ask_first_aid_solution,"Ban truk bocor di pinggir sungai, apa yang bisa kulakuin?"
ask_first_aid_solution,"Mesin motor overheat pas di lampu merah, apa yang kudu dilakuin?"
ask_first_aid_solution,"Aki mobil drop di jalan desa, apa cara nyalainnya?"
ask_first_aid_solution,"Rem motor ga respons pas turunan, apa solusi cepetnya?"
ask_first_aid_solution,"Oli truk bocor di jalan raya, apa yang kudu dicek?"
ask_first_aid_solution,"Asap putih dari mesin mobil, apa yang harus dimatiin?"
ask_first_aid_solution,"Suara ketak dari kolong truk, apa yang perlu diliat?"
ask_first_aid_solution,"Ban mobilku gembos di tengah hujan, gimana cara nanganinya?"
ask_first_aid_solution,"Mesin truk mati pas di perempatan, apa yang kudu dicek?"
ask_first_aid_solution,"Aki motor lelet pas pagi, apa solusi daruratnya?"
ask_first_aid_solution,"Rem mobil lengket pas parkir, apa yang harus dilepas?"
ask_first_aid_solution,"Oli motor netes di garasi rumah, apa yang kudu ditutup?"
ask_first_aid_solution,"Asap hitam dari kap truk, apa langkah pertamanya?"
ask_first_aid_solution,"Suara berisik dari ban motor, apa yang perlu dicek?"
ask_first_aid_solution,"Mobil mogok di pinggir tol, apa yang bisa kulakuin?"
ask_first_aid_solution,"Ban trukku kempes pas di terminal, gimana nanganinya?"
ask_first_aid_solution,"Mesin mobil panas banget pas malam, apa yang kudu dikurangin?"
ask_first_aid_solution,"Aki truk mati di jalan kota, apa cara nyalainnya?"
ask_first_aid_solution,"Rem motor bunyi pas hujan, apa yang harus diperiksa?"
ask_first_aid_solution,"Oli mobil bocor di bawah pohon, apa yang kudu dibersihin?"
ask_first_aid_solution,"Asap tebel dari knalpot truk, apa yang harus dimatiin?"
ask_first_aid_solution,"Suara aneh dari mesin mobil pas langsam, gimana ngatasinya?"
ask_first_aid_solution,"Ban motor bocor di tengah macet, apa solusi cepetnya?"
ask_first_aid_solution,"Mesin truk overheat pas di gudang, apa yang kudu dilakuin?"
ask_first_aid_solution,"Aki mobil lemah pas di pom bensin, apa cara hidupinnya?"
ask_first_aid_solution,"Rem truk ga pakem pas hujan, apa yang harus dilakuin?"
ask_first_aid_solution,"Oli motor netes di jalan kampung, apa yang kudu ditutup?"
ask_first_aid_solution,"Asap putih dari kap motor, apa yang harus dimatiin?"
ask_first_aid_solution,"Suara ngorok dari kolong truk, apa yang perlu dicek?"
ask_first_aid_solution,"Ban mobilku kempes di pinggir pantai, gimana cara nanganinya?"
ask_first_aid_solution,"Mesin motor mati pas di tanjakan curam, apa yang kudu dicek?"
ask_first_aid_solution,"Aki truk drop pas siang, apa solusi daruratnya?"
ask_first_aid_solution,"Rem mobil ga respons pas di bukit, apa yang harus dilakuin?"
ask_first_aid_solution,"Oli truk bocor di trotoar, apa yang kudu dibersihin?"
ask_first_aid_solution,"Asap hitam dari mesin motor, apa yang harus dimatiin?"
ask_first_aid_solution,"Suara gede dari ban truk, apa yang perlu diperiksa?"
ask_first_aid_solution,"Mobil mogok di tengah hutan, apa solusi cepetnya?"
ask_first_aid_solution,"Ban motorku gembos pas di desa, gimana nanganinya?"
ask_first_aid_solution,"Mesin truk panas banget pas macet, apa yang kudu dikurangin?"
ask_first_aid_solution,"Aki mobil mati pas di pasar malam, apa cara nyalainnya?"
ask_first_aid_solution,"Rem motor bunyi kenceng pas cepet, apa yang harus dicek?"
ask_first_aid_solution,"Oli mobil netes di jalan tol, apa yang kudu ditutup?"
ask_first_aid_solution,"Asap tebel dari kap truk, apa langkah pertamanya?"
ask_first_aid_solution,"Suara aneh dari mesin motor pas hujan deras, gimana ngatasinya?"
ask_first_aid_solution,"Ban truk bocor di pinggir waduk, apa yang bisa kulakuin?"
ask_first_aid_solution,"Mesin mobil overheat pas di terminal, apa yang kudu dilakuin?"
ask_first_aid_solution,"Aki motor lelet pas di jalan raya, apa solusi cepetnya?"
ask_first_aid_solution,"Rem truk ga ngerem pas turunan, apa yang harus dilakuin?"
ask_first_aid_solution,"Oli motor bocor di parkiran pasar, apa yang kudu dicek?"
ask_first_aid_solution,"Asap putih dari knalpot mobil, apa yang harus dimatiin?"
ask_first_aid_solution,"Suara ketok dari kolong truk, apa yang perlu diliat?"
ask_first_aid_solution,"Ban mobilku kempes pas di kantor malam, gimana cara nanganinya?"
ask_first_aid_solution,"Mesin motor mati pas di lampu merah panjang, apa yang kudu dicek?"
ask_first_aid_solution,"Aki truk mati pas di jalan desa, apa cara hidupinnya?"
ask_first_aid_solution,"Rem mobil lengket pas hujan, apa yang harus dilepas?"
ask_first_aid_solution,"Oli truk netes di garasi kantor, apa yang kudu ditutup?"
ask_first_aid_solution,"Asap hitam dari kap motor, apa yang harus dimatiin?"
ask_first_aid_solution,"Suara berisik dari ban truk, apa yang perlu dicek?"
ask_first_aid_solution,"Motor mogok di pinggir tol malam, apa solusi cepetnya?"
ask_first_aid_solution,"Ban mobilku bocor pas di pasar pagi, gimana nanganinya?"
ask_first_aid_solution,"Mesin truk panas banget pas di jalan raya, apa yang kudu dikurangin?"
ask_first_aid_solution,"Aki motor drop pas di terminal bis, apa cara nyalainnya?"
ask_first_aid_solution,"Rem truk bunyi pas di tanjakan, apa yang harus diperiksa?"
ask_first_aid_solution,"Oli mobil bocor di jalan kampung, apa yang kudu dibersihin?"
ask_first_aid_solution,"Asap tebel dari knalpot motor, apa langkah pertamanya?"
ask_first_aid_solution,"Suara aneh dari mesin truk pas pelan, gimana ngatasinya?"
ask_first_aid_solution,"Ban motor kempes di tengah hujan, apa yang bisa kulakuin?"
ask_first_aid_solution,"Mesin mobil mati pas di perempatan ramai, apa yang kudu dicek?"
ask_first_aid_solution,"Aki truk lemah pas di parkiran malam, apa solusi cepetnya?"
ask_first_aid_solution,"Rem motor ga pakem pas di jalan basah, apa yang harus dilakuin?"
ask_first_aid_solution,"Oli motor netes di bawah pohon, apa yang kudu ditutup?"
ask_first_aid_solution,"Asap putih dari kap truk, apa yang harus dimatiin?"
ask_first_aid_solution,"Suara ngorok dari ban mobil, apa yang perlu diperiksa?"
ask_first_aid_solution,"Mobil mogok di pinggir sawah malam, apa solusi cepetnya?"
ask_first_aid_solution,"Ban trukku gembos pas di pasar malam, gimana nanganinya?"
ask_first_aid_solution,"Mesin motor panas banget pas di tanjakan, apa yang kudu dikurangin?"
ask_first_aid_solution,"Aki mobil mati pas di jalan tol malam, apa cara nyalainnya?"
ask_first_aid_solution,"Rem truk ga respons pas di jalan licin, apa yang harus dilakuin?"
ask_first_aid_solution,"Oli truk bocor di pinggir jalan, apa yang kudu dicek?"
ask_first_aid_solution,"Asap hitam dari mesin mobil, apa yang harus dimatiin?"
ask_first_aid_solution,"Suara gede dari kolong motor, apa yang perlu diliat?"
ask_first_aid_solution,"Ban mobilku bocor pas di desa terpencil, gimana cara nanganinya?"
ask_first_aid_solution,"Mesin truk overheat pas di lampu merah, apa yang kudu dilakuin?"
ask_first_aid_solution,"Aki motor lelet pas di jalan kota, apa solusi daruratnya?"
ask_first_aid_solution,"Rem mobil bunyi kenceng pas ngerem, apa yang harus dicek?"
ask_first_aid_solution,"Oli motor netes di trotoar malam, apa yang kudu ditutup?"
ask_first_aid_solution,"Asap tebel dari kap motor, apa yang harus dimatiin?"
ask_first_aid_solution,"Suara aneh dari ban truk, apa yang perlu diperiksa?"
ask_first_aid_solution,"Motor mogok di tengah hutan malam, apa yang bisa kulakuin?"
ask_first_aid_solution,"Ban mobilku kempes pas di pom bensin tutup, gimana nanganinya?"
ask_first_aid_solution,"Mesin truk mati pas di jalan tol, apa yang kudu dicek?"
ask_first_aid_solution,"Aki mobil drop pas di parkiran kosong, apa cara nyalainnya?"
ask_first_aid_solution,"Rem motor ga ngerem pas hujan, apa solusi cepetnya?"
ask_first_aid_solution,"Oli truk bocor di jalan desa, apa yang kudu dibersihin?"
ask_first_aid_solution,"Asap putih dari knalpot motor, apa yang harus dimatiin?"
ask_first_aid_solution,"Suara ketok dari mesin truk, apa yang perlu dicek?"
ask_first_aid_solution,"Ban motor bocor pas di jalan licin, apa yang bisa kulakuin?"
ask_first_aid_solution,"Mesin mobil panas banget pas di bukit, apa yang kudu dikurangin?"
ask_first_aid_solution,"Aki truk mati pas di terminal malam, apa solusi daruratnya?"
ask_first_aid_solution,"Rem mobil ga pakem pas di tanjakan, apa yang harus dilakuin?"
ask_first_aid_solution,"Oli motor netes di parkiran mall, apa yang kudu ditutup?"
ask_first_aid_solution,"Asap hitam dari kap truk, apa langkah pertamanya?"
ask_first_aid_solution,"Suara berisik dari ban mobil, apa yang perlu diliat?"
ask_first_aid_solution,"Truk mogok di pinggir pantai, apa solusi cepetnya?"
ask_first_aid_solution,"Ban motorku gembos pas di kampung, gimana nanganinya?"
ask_first_aid_solution,"Mesin truk overheat pas di pasar, apa yang kudu dilakuin?"
ask_first_aid_solution,"Aki mobil lelet pas di jalan raya malam, apa cara nyalainnya?"
ask_first_aid_solution,"Rem truk bunyi pas di jalan basah, apa yang harus diperiksa?"
ask_first_aid_solution,"Oli mobil bocor di trotoar kota, apa yang kudu dibersihin?"
ask_first_aid_solution,"Asap tebel dari knalpot truk, apa yang harus dimatiin?"
ask_first_aid_solution,"Suara aneh dari mesin motor pas langsam, gimana ngatasinya?"
ask_first_aid_solution,"Ban truk kempes di tengah hujan, apa yang bisa kulakuin?"
ask_first_aid_solution,"Mesin mobil mati pas di lampu merah malam, apa yang kudu dicek?"
ask_first_aid_solution,"Aki motor drop pas di jalan desa, apa solusi cepetnya?"
ask_first_aid_solution,"Rem mobil ga respons pas di jalan tol malam, apa yang harus dilakuin?"
ask_first_aid_solution,"Oli truk netes di bawah pohon, apa yang kudu ditutup?"
ask_first_aid_solution,"Asap putih dari kap motor, apa yang harus dimatiin?"
ask_first_aid_solution,"Suara ngorok dari kolong truk, apa yang perlu dicek?"
ask_first_aid_solution,"Ban mobilku bocor pas di pasar siang, gimana cara nanganinya?"
ask_first_aid_solution,"Mesin motor overheat pas di jalan kampung, apa yang kudu dilakuin?"
ask_first_aid_solution,"Aki truk lemah pas di jalan kota, apa cara nyalainnya?"
ask_first_aid_solution,"Rem motor bunyi kenceng pas turunan, apa yang harus dicek?"
ask_first_aid_solution,"Oli mobil netes di garasi malam, apa yang kudu dibersihin?"
ask_first_aid_solution,"Asap hitam dari mesin truk, apa yang harus dimatiin?"
ask_first_aid_solution,"Suara gede dari ban motor, apa yang perlu diperiksa?"
ask_first_aid_solution,"Mobil mogok di tengah sawah malam, apa solusi cepetnya?"
ask_first_aid_solution,"Ban trukku gembos pas di tol pagi, gimana nanganinya?"
ask_first_aid_solution,"Mesin truk panas banget pas di terminal, apa yang kudu dikurangin?"
ask_first_aid_solution,"Aki mobil mati pas di parkiran pasar, apa cara hidupinnya?"
ask_first_aid_solution,"Rem truk ga pakem pas di jalan licin, apa yang harus dilakuin?"
ask_first_aid_solution,"Oli motor bocor di jalan tol malam, apa yang kudu ditutup?"
ask_first_aid_solution,"Asap tebel dari kap mobil, apa langkah pertamanya?"
ask_first_aid_solution,"Suara aneh dari mesin truk pas cepet, gimana ngatasinya?"
ask_first_aid_solution,"Ban motor kempes pas di bukit malam, apa yang bisa kulakuin?"
ask_first_aid_solution,"Mesin mobil mati pas di perempatan sibuk, apa yang kudu dicek?"
ask_first_aid_solution,"Aki truk drop pas di jalan raya malam, apa solusi daruratnya?"
ask_first_aid_solution,"Rem mobil ga ngerem pas hujan deras, apa yang harus dilakuin?"
ask_first_aid_solution,"Oli truk netes di trotoar pagi, apa yang kudu dibersihin?"
ask_first_aid_solution,"Asap putih dari knalpot motor, apa yang harus dimatiin?"
ask_first_aid_solution,"Suara ketok dari ban truk, apa yang perlu dicek?"
ask_first_aid_solution,"Motor mogok di pinggir waduk, apa solusi cepetnya?"
ask_first_aid_solution,"Ban mobilku bocor pas di jalan desa malam, gimana nanganinya?"
ask_first_aid_solution,"Mesin truk overheat pas di lampu merah pagi, apa yang kudu dilakuin?"
ask_first_aid_solution,"Aki motor lelet pas di parkiran kosong, apa cara nyalainnya?"
ask_first_aid_solution,"Rem truk bunyi pas di tanjakan curam, apa yang harus diperiksa?"
ask_first_aid_solution,"Oli mobil netes di bawah pohon malam, apa yang kudu ditutup?"
ask_first_aid_solution,"Asap hitam dari kap truk, apa yang harus dimatiin?"
ask_first_aid_solution,"Suara berisik dari mesin motor pas pelan, gimana ngatasinya?"
ask_first_aid_solution,"Ban truk kempes pas di pasar pagi, apa yang bisa kulakuin?"
ask_first_aid_solution,"Mesin mobil panas banget pas di jalan kota, apa yang kudu dikurangin?"
ask_first_aid_solution,"Aki truk mati pas di jalan tol malam, apa solusi cepetnya?"
ask_first_aid_solution,"Rem motor ga pakem pas di jalan basah malam, apa yang harus dilakuin?"
ask_first_aid_solution,"Oli motor bocor di trotoar siang, apa yang kudu dibersihin?"
ask_first_aid_solution,"Asap tebel dari knalpot truk, apa yang harus dimatiin?"
ask_first_aid_solution,"Suara aneh dari ban mobil pas cepet, apa yang perlu dicek?"
ask_first_aid_solution,"Mobil mogok di pinggir pantai malam, apa solusi cepetnya?"
ask_first_aid_solution,"Ban motorku gembos pas di jalan raya pagi, gimana nanganinya?"
ask_first_aid_solution,"Mesin truk mati pas di perempatan malam, apa yang kudu dicek?"
ask_first_aid_solution,"Aki mobil drop pas di terminal pagi, apa cara nyalainnya?"
ask_first_aid_solution,"Rem truk ga respons pas di jalan tol hujan, apa yang harus dilakuin?"
ask_first_aid_solution,"Oli truk netes di garasi pagi, apa yang kudu ditutup?"
ask_first_aid_solution,"Asap putih dari kap motor, apa langkah pertamanya?"
ask_first_aid_solution,"Suara ngorok dari kolong truk, apa yang perlu diperiksa?"
ask_first_aid_solution,"Ban mobilku bocor pas di bukit malam, gimana cara nanganinya?"
ask_first_aid_solution,"Mesin motor overheat pas di jalan desa, apa yang kudu dilakuin?"
ask_first_aid_solution,"Aki truk lemah pas di parkiran siang, apa solusi daruratnya?"
ask_first_aid_solution,"Rem mobil bunyi kenceng pas di tanjakan, apa yang harus dicek?"
ask_first_aid_solution,"Oli motor netes di jalan kampung malam, apa yang kudu dibersihin?"
ask_first_aid_solution,"Asap hitam dari mesin truk, apa yang harus dimatiin?"
ask_first_aid_solution,"Suara gede dari ban motor, apa yang perlu diliat?"
ask_first_aid_solution,"Truk mogok di tengah hutan pagi, apa solusi cepetnya?"
ask_first_aid_solution,"Ban motorku kempes pas di tol malam, gimana nanganinya?"
ask_first_aid_solution,"Mesin mobil panas banget pas di lampu merah siang, apa yang kudu dikurangin?"
ask_first_aid_solution,"Aki mobil mati pas di jalan desa pagi, apa cara nyalainnya?"
ask_first_aid_solution,"Rem truk ga pakem pas di jalan basah siang, apa yang harus dilakuin?"
ask_first_aid_solution,"Oli truk bocor di trotoar malam, apa yang kudu ditutup?"
ask_first_aid_solution,"Asap tebel dari kap mobil, apa yang harus dimatiin?"
ask_first_aid_solution,"Suara aneh dari mesin motor pas cepet malam, gimana ngatasinya?"
ask_first_aid_solution,"Ban truk gembos pas di jalan kota pagi, apa yang bisa kulakuin?"
ask_first_aid_solution,"Mesin truk mati pas di tanjakan siang, apa yang kudu dicek?"
ask_first_aid_solution,"Aki motor drop pas di jalan tol pagi, apa solusi daruratnya?"
ask_first_aid_solution,"Rem mobil ga respons pas di bukit malam, apa yang harus dilakuin?"
ask_first_aid_solution,"Oli motor netes di garasi siang, apa yang kudu dibersihin?"
ask_first_aid_solution,"Asap putih dari knalpot truk, apa yang harus dimatiin?"
ask_first_aid_solution,"Suara ketok dari ban mobil, apa yang perlu diperiksa?"
ask_first_aid_solution,"Motor mogok di pinggir sawah siang, apa solusi cepetnya?"
ask_first_aid_solution,"Ban mobilku bocor pas di jalan raya malam, gimana nanganinya?"
ask_first_aid_solution,"Mesin motor overheat pas di terminal pagi, apa yang kudu dilakuin?"
ask_first_aid_solution,"Aki truk lelet pas di jalan desa malam, apa cara nyalainnya?"
ask_first_aid_solution,"Rem truk bunyi pas di jalan licin malam, apa yang harus dicek?"
ask_first_aid_solution,"Oli mobil bocor di trotoar siang, apa yang kudu ditutup?"
ask_first_aid_solution,"Asap hitam dari kap motor, apa langkah pertamanya?"
ask_first_aid_solution,"Suara berisik dari kolong truk, apa yang perlu diliat?"
ask_first_aid_solution,"Mobil mogok di tengah kota malam, apa solusi cepetnya?"
ask_first_aid_solution,"Ban motorku gembos pas di pasar siang, gimana nanganinya?"
ask_first_aid_solution,"Mesin truk panas banget pas di jalan tol pagi, apa yang kudu dikurangin?"
ask_first_aid_solution,"Aki mobil mati pas di parkiran mall malam, apa cara hidupinnya?"
ask_first_aid_solution,"Rem motor ga pakem pas di tanjakan malam, apa yang harus dilakuin?"
ask_first_aid_solution,"Oli truk netes di jalan kampung siang, apa yang kudu dibersihin?"
ask_first_aid_solution,"Asap tebel dari knalpot mobil, apa yang harus dimatiin?"
ask_first_aid_solution,"Suara aneh dari ban truk pas pelan, apa yang perlu dicek?"
ask_first_aid_solution,"Truk mogok di pinggir waduk malam, apa solusi cepetnya?"
ask_first_aid_solution,"Ban mobilku kempes pas di desa siang, gimana cara nanganinya?"
ask_first_aid_solution,"Mesin motor mati pas di lampu merah malam, apa yang kudu dicek?"
ask_first_aid_solution,"Aki truk drop pas di jalan raya siang, apa solusi daruratnya?"
ask_first_aid_solution,"Rem mobil ga ngerem pas di jalan basah malam, apa yang harus dilakuin?"
ask_first_aid_solution,"Oli motor bocor di trotoar pagi, apa yang kudu ditutup?"
ask_first_aid_solution,"Asap putih dari kap truk, apa yang harus dimatiin?"
ask_first_aid_solution,"Suara ngorok dari mesin motor, apa yang perlu diperiksa?"
ask_first_aid_solution,"Mobil mogok di pinggir pantai siang, apa solusi cepetnya?"
ask_first_aid_solution,"Ban trukku bocor pas di tol siang, gimana nanganinya?"
ask_first_aid_solution,"Mesin truk overheat pas di perempatan pagi, apa yang kudu dilakuin?"
ask_first_aid_solution,"Aki motor lemah pas di jalan kota malam, apa cara nyalainnya?"
ask_first_aid_solution,"Rem truk ga respons pas di jalan licin siang, apa yang harus dilakuin?"
ask_first_aid_solution,"Oli mobil netes di garasi pagi, apa yang kudu dibersihin?"
ask_first_aid_solution,"Asap hitam dari knalpot motor, apa yang harus dimatiin?"
ask_first_aid_solution,"Suara gede dari kolong truk, apa yang perlu dicek?"
ask_first_aid_solution,"Ban motorku kempes pas di bukit siang, gimana cara nanganinya?"
ask_first_aid_solution,"Mesin mobil panas banget pas di jalan desa malam, apa yang kudu dikurangin?"
ask_first_aid_solution,"Aki truk mati pas di terminal siang, apa solusi daruratnya?"
ask_first_aid_solution,"Rem motor bunyi kenceng pas di jalan tol pagi, apa yang harus diperiksa?"
ask_first_aid_solution,"Oli truk bocor di trotoar malam, apa yang kudu ditutup?"
ask_first_aid_solution,"Asap tebel dari kap motor, apa langkah pertamanya?"
ask_first_aid_solution,"Suara aneh dari ban mobil pas cepet, apa yang perlu diliat?"
ask_first_aid_solution,"Truk mogok di tengah hutan malam, apa solusi cepetnya?"
ask_first_aid_solution,"Ban mobilku gembos pas di pasar malam, gimana nanganinya?"
ask_first_aid_solution,"Mesin motor mati pas di tanjakan malam, apa yang kudu dicek?"
ask_first_aid_solution,"Aki mobil drop pas di jalan raya pagi, apa cara nyalainnya?"
ask_first_aid_solution,"Rem truk ga pakem pas di jalan basah malam, apa yang harus dilakuin?"
ask_first_aid_solution,"Oli motor netes di jalan tol siang, apa yang kudu dibersihin?"
ask_first_aid_solution,"Asap putih dari knalpot truk, apa yang harus dimatiin?"
ask_first_aid_solution,"Suara ketok dari mesin mobil, apa yang perlu diperiksa?"
ask_first_aid_solution,"Motor mogok di pinggir sawah malam, apa solusi cepetnya?"
ask_first_aid_solution,"Ban trukku kempes pas di desa siang, gimana cara nanganinya?"
ask_first_aid_solution,"Mesin truk overheat pas di lampu merah malam, apa yang kudu dilakuin?"
ask_first_aid_solution,"Aki motor lelet pas di parkiran pagi, apa solusi daruratnya?"
ask_first_aid_solution,"Rem mobil ga respons pas di tanjakan siang, apa yang harus dilakuin?"
ask_first_aid_solution,"Oli truk bocor di garasi malam, apa yang kudu ditutup?"
ask_first_aid_solution,"Asap hitam dari kap motor, apa yang harus dimatiin?"
ask_first_aid_solution,"Suara berisik dari ban truk, apa yang perlu dicek?"
ask_first_aid_solution,"Mobil mogok di tengah kota siang, apa solusi cepetnya?"
ask_first_aid_solution,"Ban motorku bocor pas di jalan raya malam, gimana nanganinya?"
ask_first_aid_solution,"Mesin mobil panas banget pas di terminal malam, apa yang kudu dikurangin?"
ask_first_aid_solution,"Aki truk mati pas di jalan desa siang, apa cara nyalainnya?"
ask_first_aid_solution,"Rem truk bunyi pas di jalan licin pagi, apa yang harus diperiksa?"
ask_first_aid_solution,"Oli motor netes di trotoar malam, apa yang kudu dibersihin?"
ask_first_aid_solution,"Asap tebel dari knalpot mobil, apa yang harus dimatiin?"
ask_first_aid_solution,"Suara aneh dari mesin truk pas pelan, gimana ngatasinya?"
ask_first_aid_solution,"Ban mobilku kempes pas di bukit pagi, apa yang bisa kulakuin?"
ask_first_aid_solution,"Mesin motor mati pas di lampu merah siang, apa yang kudu dicek?"
ask_first_aid_solution,"Aki mobil drop pas di parkiran malam, apa solusi daruratnya?"
ask_first_aid_solution,"Rem motor ga ngerem pas di jalan basah siang, apa yang harus dilakuin?"
ask_first_aid_solution,"Oli truk bocor di jalan tol pagi, apa yang kudu ditutup?"
ask_first_aid_solution,"Asap putih dari kap truk, apa langkah pertamanya?"
ask_first_aid_solution,"Suara ngorok dari kolong motor, apa yang perlu diperiksa?"
ask_first_aid_solution,"Truk mogok di pinggir pantai malam, apa solusi cepetnya?"
ask_first_aid_solution,"Ban motorku gembos pas di desa malam, gimana nanganinya?"
ask_first_aid_solution,"Mesin truk overheat pas di perempatan siang, apa yang kudu dilakuin?"
ask_first_aid_solution,"Aki motor lemah pas di jalan kota pagi, apa cara nyalainnya?"
ask_first_aid_solution,"Rem truk ga respons pas di jalan basah malam, apa yang harus dilakuin?"
ask_first_aid_solution,"Oli mobil netes di garasi siang, apa yang kudu dibersihin?"
ask_first_aid_solution,"Asap hitam dari knalpot truk, apa yang harus dimatiin?"
ask_first_aid_solution,"Suara gede dari ban mobil, apa yang perlu dicek?"
ask_first_aid_solution,"Mobil mogok di tengah hutan siang, apa solusi cepetnya?"
ask_first_aid_solution,"Ban trukku kempes pas di pasar siang, gimana cara nanganinya?"
ask_first_aid_solution,"Mesin motor panas banget pas di jalan tol malam, apa yang kudu dikurangin?"
ask_first_aid_solution,"Aki truk mati pas di terminal pagi, apa solusi daruratnya?"
ask_first_aid_solution,"Rem motor bunyi kenceng pas di tanjakan siang, apa yang harus diperiksa?"
ask_first_aid_solution,"Oli motor netes di jalan desa malam, apa yang kudu ditutup?"
ask_first_aid_solution,"Asap tebel dari kap motor, apa yang harus dimatiin?"
ask_first_aid_solution,"Suara aneh dari ban truk pas cepet, apa yang perlu diliat?"
ask_first_aid_solution,"Truk mogok di pinggir waduk siang, apa solusi cepetnya?"
ask_first_aid_solution,"Ban mobilku bocor pas di jalan kota malam, gimana nanganinya?"
ask_first_aid_solution,"Mesin truk mati pas di lampu merah siang, apa yang kudu dicek?"
ask_first_aid_solution,"Aki motor drop pas di parkiran malam, apa cara nyalainnya?"
ask_first_aid_solution,"Rem truk ga pakem pas di jalan licin siang, apa yang harus dilakuin?"
ask_first_aid_solution,"Oli truk bocor di trotoar pagi, apa yang kudu dibersihin?"
ask_first_aid_solution,"Asap putih dari knalpot mobil, apa yang harus dimatiin?"
ask_first_aid_solution,"Suara ketok dari mesin truk, apa yang perlu diperiksa?"
ask_first_aid_solution,"Motor mogok di tengah sawah siang, apa solusi cepetnya?"
ask_first_aid_solution,"Ban motorku kempes pas di bukit malam, gimana cara nanganinya?"
ask_first_aid_solution,"Mesin mobil overheat pas di terminal siang, apa yang kudu dilakuin?"
ask_first_aid_solution,"Aki truk lelet pas di jalan raya malam, apa solusi daruratnya?"
ask_first_aid_solution,"Rem mobil ga respons pas di jalan basah siang, apa yang harus dilakuin?"
ask_first_aid_solution,"Oli motor netes di garasi malam, apa yang kudu ditutup?"
ask_first_aid_solution,"Asap hitam dari kap truk, apa langkah pertamanya?"
ask_first_aid_solution,"Suara berisik dari ban motor, apa yang perlu dicek?"
ask_first_aid_solution,"Mobil mogok di pinggir pantai siang, apa solusi cepetnya?"
ask_first_aid_solution,"Ban trukku gembos pas di desa malam, gimana nanganinya?"
ask_first_aid_solution,"Mesin truk panas banget pas di jalan kota siang, apa yang kudu dikurangin?"
ask_first_aid_solution,"Aki mobil mati pas di parkiran pagi, apa cara nyalainnya?"
ask_first_aid_solution,"Rem motor bunyi pas di jalan licin malam, apa yang harus diperiksa?"
ask_first_aid_solution,"Oli truk netes di jalan tol malam, apa yang kudu dibersihin?"
ask_first_aid_solution,"Asap tebel dari knalpot motor, apa yang harus dimatiin?"
ask_first_aid_solution,"Suara aneh dari mesin mobil pas pelan, gimana ngatasinya?"
ask_first_aid_solution,"Ban motor bocor pas di jalan raya siang, apa yang bisa kulakuin?"
ask_first_aid_solution,"Mesin motor mati pas di tanjakan siang, apa yang kudu dicek?"
ask_first_aid_solution,"Aki truk drop pas di terminal malam, apa solusi cepetnya?"
ask_first_aid_solution,"Rem truk ga ngerem pas di jalan basah siang, apa yang harus dilakuin?"
ask_first_aid_solution,"Oli mobil bocor di trotoar malam, apa yang kudu ditutup?"
ask_first_aid_solution,"Asap putih dari kap motor, apa yang harus dimatiin?"
ask_first_aid_solution,"Suara ngorok dari kolong truk, apa yang perlu diliat?"
ask_first_aid_solution,"Mobil mogok di tengah hutan malam, apa solusi cepetnya?"
ask_first_aid_solution,"Ban mobilku kempes pas di pasar siang, gimana cara nanganinya?"
ask_first_aid_solution,"Mesin truk overheat pas di lampu merah malam, apa yang kudu dilakuin?"
ask_first_aid_solution,"Aki motor lemah pas di jalan desa siang, apa cara nyalainnya?"
ask_first_aid_solution,"Rem motor ga pakem pas di jalan tol malam, apa yang harus dilakuin?"
ask_first_aid_solution,"Oli truk netes di garasi siang, apa yang kudu dibersihin?"
ask_first_aid_solution,"Asap hitam dari knalpot mobil, apa yang harus dimatiin?"
ask_first_aid_solution,"Suara gede dari ban truk, apa yang perlu diperiksa?"
ask_first_aid_solution,"Truk mogok di pinggir waduk malam, apa solusi cepetnya?"
ask_first_aid_solution,"Ban motorku gembos pas di jalan kota siang, gimana nanganinya?"
ask_first_aid_solution,"Mesin mobil panas banget pas di terminal malam, apa yang kudu dikurangin?"
ask_first_aid_solution,"Aki truk mati pas di jalan raya pagi, apa solusi daruratnya?"
ask_first_aid_solution,"Rem truk bunyi pas di tanjakan malam, apa yang harus dicek?"
ask_first_aid_solution,"Oli motor bocor di trotoar siang, apa yang kudu ditutup?"
ask_first_aid_solution,"Asap tebel dari kap truk, apa langkah pertamanya?"
ask_first_aid_solution,"Suara aneh dari ban mobil pas pelan, apa yang perlu diliat?"
ask_first_aid_solution,"Mobil mogok di tengah sawah malam, apa solusi cepetnya?"
ask_first_aid_solution,"Ban trukku kempes pas di desa siang, gimana cara nanganinya?"
ask_first_aid_solution,"Mesin motor mati pas di lampu merah siang, apa yang kudu dicek?"
ask_first_aid_solution,"Aki mobil drop pas di parkiran malam, apa cara nyalainnya?"
ask_first_aid_solution,"Rem motor ga respons pas di jalan basah malam, apa yang harus dilakuin?"
ask_first_aid_solution,"Oli truk netes di jalan tol pagi, apa yang kudu dibersihin?"
ask_first_aid_solution,"Asap putih dari knalpot motor, apa yang harus dimatiin?"
ask_first_aid_solution,"Suara ketok dari mesin truk, apa yang perlu diperiksa?"
ask_first_aid_solution,"Motor mogok di pinggir pantai siang, apa solusi cepetnya?"
ask_first_aid_solution,"Ban mobilku bocor pas di jalan raya malam, gimana nanganinya?"
ask_first_aid_solution,"Mesin truk overheat pas di terminal siang, apa yang kudu dilakuin?"
ask_first_aid_solution,"Aki motor lelet pas di jalan desa malam, apa solusi daruratnya?"
ask_first_aid_solution,"Rem truk ga pakem pas di jalan licin malam, apa yang harus dilakuin?"
ask_first_aid_solution,"Oli mobil bocor di trotoar pagi, apa yang kudu ditutup?"
ask_first_aid_solution,"Asap hitam dari kap motor, apa yang harus dimatiin?"
ask_first_aid_solution,"Suara berisik dari ban truk, apa yang perlu dicek?"
ask_first_aid_solution,"Truk mogok di tengah hutan siang, apa solusi cepetnya?"
ask_first_aid_solution,"Ban motorku kempes pas di pasar malam, gimana cara nanganinya?"
ask_first_aid_solution,"Mesin mobil panas banget pas di jalan tol siang, apa yang kudu dikurangin?"
ask_first_aid_solution,"Aki truk mati pas di parkiran pagi, apa cara nyalainnya?"
ask_first_aid_solution,"Rem motor bunyi pas di tanjakan malam, apa yang harus diperiksa?"
ask_first_aid_solution,"Oli truk netes di garasi malam, apa yang kudu dibersihin?"
ask_first_aid_solution,"Asap tebel dari knalpot mobil, apa yang harus dimatiin?"
ask_first_aid_solution,"Suara aneh dari mesin motor pas pelan, gimana ngatasinya?"
ask_first_aid_solution,"Ban truk gembos pas di jalan raya siang, apa yang bisa kulakuin?"
ask_first_aid_solution,"Mesin motor mati pas di lampu merah malam, apa yang kudu dicek?"
ask_first_aid_solution,"Aki mobil drop pas di terminal siang, apa solusi daruratnya?"
ask_first_aid_solution,"Rem truk ga respons pas di jalan basah siang, apa yang harus dilakuin?"
ask_first_aid_solution,"Oli motor bocor di trotoar malam, apa yang kudu ditutup?"
ask_first_aid_solution,"Asap putih dari kap truk, apa langkah pertamanya?"
ask_first_aid_solution,"Suara ngorok dari kolong motor, apa yang perlu diliat?"
ask_first_aid_solution,"Mobil mogok di pinggir waduk malam, apa solusi cepetnya?"
ask_first_aid_solution,"Ban mobilku kempes pas di desa siang, gimana cara nanganinya?"
ask_first_aid_solution,"Mesin truk overheat pas di jalan kota malam, apa yang kudu dilakuin?"
ask_first_aid_solution,"Aki motor lemah pas di jalan tol pagi, apa cara nyalainnya?"
ask_first_aid_solution,"Rem motor ga pakem pas di jalan licin malam, apa yang harus dilakuin?"
ask_first_aid_solution,"Oli truk netes di jalan desa siang, apa yang kudu dibersihin?"
ask_first_aid_solution,"Asap hitam dari knalpot motor, apa yang harus dimatiin?"
ask_first_aid_solution,"Suara gede dari ban truk, apa yang perlu diperiksa?"
ask_first_aid_solution,"Truk mogok di tengah sawah siang, apa solusi cepetnya?"
ask_first_aid_solution,"Ban motorku bocor pas di jalan kota malam, gimana nanganinya?"
ask_first_aid_solution,"Mesin mobil panas banget pas di lampu merah siang, apa yang kudu dikurangin?"
ask_first_aid_solution,"Aki truk mati pas di parkiran malam, apa solusi daruratnya?"
ask_first_aid_solution,"Rem truk bunyi pas di jalan tol malam, apa yang harus dicek?"
ask_first_aid_solution,"Oli motor bocor di garasi pagi, apa yang kudu ditutup?"
ask_first_aid_solution,"Asap tebel dari kap motor, apa yang harus dimatiin?"
ask_first_aid_solution,"Suara aneh dari ban mobil pas cepet, apa yang perlu diliat?"
ask_first_aid_solution,"Mobil mogok di pinggir pantai malam, apa solusi cepetnya?"
ask_first_aid_solution,"Ban trukku gembos pas di desa siang, gimana cara nanganinya?"
ask_first_aid_solution,"Mesin motor mati pas di tanjakan siang, apa yang kudu dicek?"
ask_first_aid_solution,"Aki mobil drop pas di jalan raya malam, apa cara nyalainnya?"
ask_first_aid_solution,"Rem motor ga respons pas di jalan basah siang, apa yang harus dilakuin?"
ask_first_aid_solution,"Oli truk netes di trotoar malam, apa yang kudu dibersihin?"
ask_first_aid_solution,"Asap putih dari knalpot truk, apa yang harus dimatiin?"
ask_first_aid_solution,"Suara ketok dari mesin motor, apa yang perlu diperiksa?"
ask_first_aid_solution,"Motor mogok di tengah hutan malam, apa solusi cepetnya?"
ask_first_aid_solution,"Ban mobilku kempes pas di pasar siang, gimana cara nanganinya?"
ask_first_aid_solution,"Mesin truk overheat pas di terminal malam, apa yang kudu dilakuin?"
ask_first_aid_solution,"Aki motor lelet pas di jalan desa siang, apa solusi daruratnya?"
ask_first_aid_solution,"Rem truk ga pakem pas di jalan licin siang, apa yang harus dilakuin?"
ask_first_aid_solution,"Oli motor bocor di trotoar pagi, apa yang kudu ditutup?"
ask_first_aid_solution,"Asap hitam dari kap truk, apa langkah pertamanya?"
ask_first_aid_solution,"Suara berisik dari ban motor, apa yang perlu dicek?"
ask_first_aid_solution,"Truk mogok di pinggir waduk siang, apa solusi cepetnya?"
ask_first_aid_solution,"Ban motorku gembos pas di jalan raya malam, gimana nanganinya?"
ask_first_aid_solution,"Mesin mobil panas banget pas di lampu merah malam, apa yang kudu dikurangin?"
ask_first_aid_solution,"Aki truk mati pas di parkiran pagi, apa cara nyalainnya?"
ask_first_aid_solution,"Rem motor bunyi pas di tanjakan siang, apa yang harus diperiksa?"
ask_first_aid_solution,"Oli truk netes di jalan tol malam, apa yang kudu dibersihin?"
ask_first_aid_solution,"Asap tebel dari knalpot motor, apa yang harus dimatiin?"
ask_first_aid_solution,"Suara aneh dari mesin truk pas cepet, gimana ngatasinya?"
ask_first_aid_solution,"Ban mobilku bocor pas di desa malam, apa yang bisa kulakuin?"
ask_first_aid_solution,"Mesin motor mati pas di lampu merah siang, apa yang kudu dicek?"
ask_first_aid_solution,"Aki mobil drop pas di terminal malam, apa solusi daruratnya?"
ask_first_aid_solution,"Rem truk ga respons pas di jalan basah malam, apa yang harus dilakuin?"
ask_first_aid_solution,"Oli motor netes di garasi siang, apa yang kudu ditutup?"
ask_first_aid_solution,"Asap putih dari kap truk, apa yang harus dimatiin?"
ask_first_aid_solution,"Suara ngorok dari kolong motor, apa yang perlu diliat?"
ask_first_aid_solution,"Mobil mogok di tengah sawah malam, apa solusi cepetnya?"
ask_first_aid_solution,"Ban trukku kempes pas di jalan kota siang, gimana cara nanganinya?"
ask_first_aid_solution,"Mesin truk overheat pas di perempatan malam, apa yang kudu dilakuin?"
ask_first_aid_solution,"Aki motor lemah pas di jalan tol malam, apa cara nyalainnya?"
ask_first_aid_solution,"Rem motor ga pakem pas di jalan licin siang, apa yang harus dilakuin?"
ask_first_aid_solution,"Oli truk bocor di trotoar pagi, apa yang kudu dibersihin?"
ask_first_aid_solution,"Asap hitam dari knalpot mobil, apa yang harus dimatiin?"
ask_first_aid_solution,"Suara gede dari ban truk, apa yang perlu diperiksa?"
ask_first_aid_solution,"Truk mogok di pinggir pantai siang, apa solusi cepetnya?"
ask_first_aid_solution,"Ban motorku bocor pas di pasar malam, gimana nanganinya?"
ask_first_aid_solution,"Mesin mobil panas banget pas di jalan raya siang, apa yang kudu dikurangin?"
ask_first_aid_solution,"Aki truk mati pas di parkiran malam, apa solusi daruratnya?"
ask_first_aid_solution,"Rem truk bunyi pas di tanjakan siang, apa yang harus dicek?"
ask_first_aid_solution,"Oli motor netes di jalan desa siang, apa yang kudu ditutup?"
ask_first_aid_solution,"Asap tebel dari kap motor, apa langkah pertamanya?"
ask_first_aid_solution,"Suara aneh dari ban mobil pas pelan, apa yang perlu diliat?"
ask_first_aid_solution,"Mobil mogok di tengah hutan siang, apa solusi cepetnya?"
ask_first_aid_solution,"Ban trukku gembos pas di desa malam, gimana cara nanganinya?"
ask_first_aid_solution,"Mesin motor mati pas di tanjakan malam, apa yang kudu dicek?"
ask_first_aid_solution,"Aki mobil drop pas di jalan tol siang, apa cara nyalainnya?"
ask_first_aid_solution,"Rem motor ga respons pas di jalan basah malam, apa yang harus dilakuin?"
ask_first_aid_solution,"Oli truk netes di trotoar siang, apa yang kudu dibersihin?"
ask_first_aid_solution,"Asap putih dari knalpot truk, apa yang harus dimatiin?"
ask_first_aid_solution,"Suara ketok dari mesin motor, apa yang perlu diperiksa?"
ask_first_aid_solution,"Motor mogok di pinggir waduk malam, apa solusi cepetnya?"
ask_first_aid_solution,"Ban mobilku kempes pas di jalan raya siang, gimana cara nanganinya?"
ask_first_aid_solution,"Mesin truk overheat pas di lampu merah siang, apa yang kudu dilakuin?"
ask_first_aid_solution,"Aki motor lelet pas di jalan desa malam, apa solusi daruratnya?"
ask_first_aid_solution,"Rem truk ga pakem pas di jalan licin malam, apa yang harus dilakuin?"
ask_first_aid_solution,"Oli motor bocor di trotoar pagi, apa yang kudu ditutup?"
ask_first_aid_solution,"Asap hitam dari kap truk, apa yang harus dimatiin?"
ask_first_aid_solution,"Suara berisik dari ban motor, apa yang perlu dicek?"
ask_first_aid_solution,"Truk mogok di tengah sawah malam, apa solusi cepetnya?"
ask_first_aid_solution,"Ban motorku gembos pas di jalan kota siang, gimana nanganinya?"
ask_first_aid_solution,"Mesin mobil panas banget pas di terminal malam, apa yang kudu dikurangin?"
ask_first_aid_solution,"Aki truk mati pas di parkiran pagi, apa cara nyalainnya?"
ask_first_aid_solution,"Rem motor bunyi pas di tanjakan malam, apa yang harus diperiksa?"
ask_first_aid_solution,"Oli truk netes di jalan tol siang, apa yang kudu dibersihin?"
ask_first_aid_solution,"Asap tebel dari knalpot motor, apa yang harus dimatiin?"
ask_first_aid_solution,"Suara aneh dari mesin truk pas pelan, gimana ngatasinya?"
ask_first_aid_solution,"Ban mobilku bocor pas di desa siang, apa yang bisa kulakuin?"
ask_first_aid_solution,"Mesin motor mati pas di lampu merah malam, apa yang kudu dicek?"
ask_first_aid_solution,"Aki mobil drop pas di jalan raya siang, apa solusi daruratnya?"
ask_first_aid_solution,"Rem truk ga respons pas di jalan basah siang, apa yang harus dilakuin?"
ask_first_aid_solution,"Oli motor netes di garasi malam, apa yang kudu ditutup?"
ask_first_aid_solution,"Asap putih dari kap truk, apa langkah pertamanya?"
ask_first_aid_solution,"Suara ngorok dari kolong motor, apa yang perlu diliat?"
ask_first_aid_solution,"Mobil mogok di pinggir pantai malam, apa solusi cepetnya?"
ask_first_aid_solution,"Ban trukku kempes pas di jalan kota malam, gimana cara nanganinya?"
ask_first_aid_solution,"Mesin truk overheat pas di perempatan siang, apa yang kudu dilakuin?"
ask_first_aid_solution,"Aki motor lemah pas di jalan tol pagi, apa cara nyalainnya?"
ask_first_aid_solution,"Rem motor ga pakem pas di jalan licin malam, apa yang harus dilakuin?"
ask_first_aid_solution,"Oli truk bocor di trotoar siang, apa yang kudu dibersihin?"
ask_first_aid_solution,"Asap hitam dari knalpot mobil, apa yang harus dimatiin?"
ask_first_aid_solution,"Suara gede dari ban truk, apa yang perlu diperiksa?"
ask_first_aid_solution,"Truk mogok di tengah hutan siang, apa solusi cepetnya?"
ask_first_aid_solution,"Ban motorku bocor pas di pasar siang, gimana nanganinya?"
ask_first_aid_solution,"Mesin mobil panas banget pas di jalan raya malam, apa yang kudu dikurangin?"
ask_first_aid_solution,"Aki truk mati pas di parkiran malam, apa solusi daruratnya?"
ask_first_aid_solution,"Rem truk bunyi pas di tanjakan siang, apa yang harus dicek?"
ask_first_aid_solution,"Oli motor netes di jalan desa malam, apa yang kudu ditutup?"
ask_first_aid_solution,"Asap tebel dari kap motor, apa yang harus dimatiin?"
ask_first_aid_solution,"Suara aneh dari ban mobil pas cepet, apa yang perlu diliat?"
ask_first_aid_solution,"Mobil mogok di pinggir waduk siang, apa solusi cepetnya?"
ask_first_aid_solution,"Ban trukku gembos pas di jalan tol malam, gimana cara nanganinya?"
ask_first_aid_solution,"Mesin motor mati pas di tanjakan siang, apa yang kudu dicek?"
ask_first_aid_solution,"Aki mobil drop pas di terminal pagi, apa cara nyalainnya?"
ask_first_aid_solution,"Rem motor ga respons pas di jalan basah malam, apa yang harus dilakuin?"
ask_first_aid_solution,"Oli truk netes di trotoar siang, apa yang kudu dibersihin?"
ask_first_aid_solution,"Asap putih dari knalpot truk, apa yang harus dimatiin?"
ask_first_aid_solution,"Suara ketok dari mesin motor, apa yang perlu diperiksa?"
ask_first_aid_solution,"Motor mogok di tengah sawah siang, apa solusi cepetnya?"
ask_first_aid_solution,"Ban mobilku kempes pas di jalan raya malam, gimana cara nanganinya?"
ask_first_aid_solution,"Mesin truk overheat pas di lampu merah malam, apa yang kudu dilakuin?"
ask_first_aid_solution,"Aki motor lelet pas di jalan desa siang, apa solusi daruratnya?"
ask_first_aid_solution,"Rem truk ga pakem pas di jalan licin siang, apa yang harus dilakuin?"
ask_first_aid_solution,"Oli motor bocor di trotoar pagi, apa yang kudu ditutup?"
ask_first_aid_solution,"Asap hitam dari kap truk, apa langkah pertamanya?"
ask_first_aid_solution,"Suara berisik dari ban motor, apa yang perlu dicek?"
ask_first_aid_solution,"Truk mogok di pinggir pantai malam, apa solusi cepetnya?"
ask_first_aid_solution,"Ban motorku gembos pas di jalan kota malam, gimana nanganinya?"
ask_first_aid_solution,"Mesin mobil panas banget pas di terminal siang, apa yang kudu dikurangin?"
ask_first_aid_solution,"Aki truk mati pas di parkiran pagi, apa cara nyalainnya?"
ask_first_aid_solution,"Rem motor bunyi pas di tanjakan malam, apa yang harus diperiksa?"
ask_first_aid_solution,"Oli truk netes di jalan tol siang, apa yang kudu dibersihin?"
ask_first_aid_solution,"Asap tebel dari knalpot motor, apa yang harus dimatiin?"
ask_first_aid_solution,"Suara aneh dari mesin truk pas pelan, gimana ngatasinya?"
ask_first_aid_solution,"Ban mobilku bocor pas di desa siang, apa yang bisa kulakuin?"
ask_first_aid_solution,"Mesin motor mati pas di lampu merah siang, apa yang kudu dicek?"
ask_first_aid_solution,"Aki mobil drop pas di jalan raya malam, apa solusi daruratnya?"
ask_first_aid_solution,"Rem truk ga respons pas di jalan basah siang, apa yang harus dilakuin?"
ask_first_aid_solution,"Oli motor netes di garasi malam, apa yang kudu ditutup?"
ask_first_aid_solution,"Asap putih dari kap truk, apa yang harus dimatiin?"
ask_first_aid_solution,"Suara ngorok dari kolong motor, apa yang perlu diliat?"
ask_first_aid_solution,"Mobil mogok di tengah hutan malam, apa solusi cepetnya?"
ask_first_aid_solution,"Ban trukku kempes pas di jalan kota siang, gimana cara nanganinya?"
ask_first_aid_solution,"Mesin truk overheat pas di perempatan malam, apa yang kudu dilakuin?"
ask_first_aid_solution,"Aki motor lemah pas di jalan tol pagi, apa cara nyalainnya?"
ask_first_aid_solution,"Rem motor ga pakem pas di jalan licin malam, apa yang harus dilakuin?"
ask_first_aid_solution,"Oli truk bocor di trotoar siang, apa yang kudu dibersihin?"
ask_first_aid_solution,"Asap hitam dari knalpot mobil, apa yang harus dimatiin?"
ask_first_aid_solution,"Suara gede dari ban truk, apa yang perlu diperiksa?"
ask_first_aid_solution,"Truk mogok di pinggir waduk siang, apa solusi cepetnya?"
ask_first_aid_solution,"Ban motorku bocor pas di pasar malam, gimana nanganinya?"
ask_first_aid_solution,"Mesin mobil panas banget pas di jalan raya siang, apa yang kudu dikurangin?"
ask_first_aid_solution,"Aki truk mati pas di parkiran malam, apa solusi daruratnya?"
ask_first_aid_solution,"Rem truk bunyi pas di tanjakan siang, apa yang harus dicek?"
ask_first_aid_solution,"Oli motor netes di jalan desa siang, apa yang kudu ditutup?"
ask_first_aid_solution,"Asap tebel dari kap motor, apa yang harus dimatiin?"
ask_first_aid_solution,"Suara aneh dari ban mobil pas cepet, apa yang perlu diliat?"
ask_first_aid_solution,"Mobil mogok di pinggir pantai siang, apa solusi cepetnya?"
ask_first_aid_solution,"Ban trukku gembos pas di jalan tol malam, gimana cara nanganinya?"
ask_first_aid_solution,"Mesin motor mati pas di tanjakan siang, apa yang kudu dicek?"
ask_first_aid_solution,"Aki mobil drop pas di terminal pagi, apa cara nyalainnya?"
ask_first_aid_solution,"Rem motor ga respons pas di jalan basah malam, apa yang harus dilakuin?"
ask_first_aid_solution,"Oli truk netes di trotoar siang, apa yang kudu dibersihin?"
ask_first_aid_solution,"Asap putih dari knalpot truk, apa yang harus dimatiin?"
ask_first_aid_solution,"Suara ketok dari mesin motor, apa yang perlu diperiksa?"
ask_first_aid_solution,"Motor mogok di tengah sawah malam, apa solusi cepetnya?"
ask_first_aid_solution,"Ban mobilku kempes pas di jalan raya siang, gimana cara nanganinya?"
ask_first_aid_solution,"Mesin truk overheat pas di lampu merah malam, apa yang kudu dilakuin?"
ask_first_aid_solution,"Aki motor lelet pas di jalan desa siang, apa solusi daruratnya?"
ask_first_aid_solution,"Rem truk ga pakem pas di jalan licin siang, apa yang harus dilakuin?"
ask_first_aid_solution,"Oli motor bocor di trotoar pagi, apa yang kudu ditutup?"
ask_first_aid_solution,"Asap hitam dari kap truk, apa langkah pertamanya?"
ask_first_aid_solution,"Suara berisik dari ban motor, apa yang perlu dicek?"
ask_first_aid_solution,"Truk mogok di pinggir pantai malam, apa solusi cepetnya?"
ask_first_aid_solution,"Ban motorku gembos pas di jalan kota malam, gimana nanganinya?"
ask_first_aid_solution,"Mesin mobil panas banget pas di terminal siang, apa yang kudu dikurangin?"
ask_first_aid_solution,"Aki truk mati pas di parkiran pagi, apa cara nyalainnya?"
ask_first_aid_solution,"Rem motor bunyi pas di tanjakan malam, apa yang harus diperiksa?"
ask_first_aid_solution,"Oli truk netes di jalan tol siang, apa yang kudu dibersihin?"
ask_first_aid_solution,"Asap tebel dari knalpot motor, apa yang harus dimatiin?"
ask_first_aid_solution,"Suara aneh dari mesin truk pas pelan, gimana ngatasinya?"
ask_first_aid_solution,"Ban mobilku bocor pas di desa siang, apa yang bisa kulakuin?"
ask_first_aid_solution,"Mesin motor mati pas di lampu merah siang, apa yang kudu dicek?"
ask_first_aid_solution,"Aki mobil drop pas di jalan raya malam, apa solusi daruratnya?"
ask_first_aid_solution,"Rem truk ga respons pas di jalan basah siang, apa yang harus dilakuin?"
ask_first_aid_solution,"Oli motor netes di garasi malam, apa yang kudu ditutup?"
ask_first_aid_solution,"Asap putih dari kap truk, apa yang harus dimatiin?"
ask_first_aid_solution,"Suara ngorok dari kolong motor, apa yang perlu diliat?"
ask_first_aid_solution,"Mobil mogok di tengah hutan siang, apa solusi cepetnya?"
ask_first_aid_solution,"Ban trukku kempes pas di jalan kota malam, gimana cara nanganinya?"
ask_first_aid_solution,"Mesin truk overheat pas di perempatan siang, apa yang kudu dilakuin?"
ask_first_aid_solution,"Aki motor lemah pas di jalan tol pagi, apa cara nyalainnya?"
ask_first_aid_solution,"Rem motor ga pakem pas di jalan licin malam, apa yang harus dilakuin?"
ask_first_aid_solution,"Oli truk bocor di trotoar siang, apa yang kudu dibersihin?"
ask_first_aid_solution,"Asap hitam dari knalpot mobil, apa yang harus dimatiin?"
ask_first_aid_solution,"Suara gede dari ban truk, apa yang perlu diperiksa?"
ask_first_aid_solution,"Truk mogok di pinggir waduk malam, apa solusi cepetnya?"
ask_first_aid_solution,"Ban motorku bocor pas di pasar siang, gimana nanganinya?"
ask_first_aid_solution,"Mesin mobil panas banget pas di jalan raya malam, apa yang kudu dikurangin?"
ask_first_aid_solution,"Aki truk mati pas di parkiran malam, apa solusi daruratnya?"
ask_first_aid_solution,"Rem truk bunyi pas di tanjakan siang, apa yang harus dicek?"
ask_first_aid_solution,"Oli motor netes di jalan desa siang, apa yang kudu ditutup?"
ask_first_aid_solution,"Asap tebel dari kap motor, apa yang harus dimatiin?"
ask_first_aid_solution,"Suara aneh dari ban mobil pas cepet, apa yang perlu diliat?"
ask_first_aid_solution,"Mobil mogok di pinggir pantai siang, apa solusi cepetnya?"
ask_first_aid_solution,"Ban trukku gembos pas di jalan tol malam, gimana cara nanganinya?"
ask_first_aid_solution,"Mesin motor mati pas di tanjakan siang, apa yang kudu dicek?"
ask_first_aid_solution,"Aki mobil drop pas di terminal pagi, apa cara nyalainnya?"
ask_first_aid_solution,"Rem motor ga respons pas di jalan basah malam, apa yang harus dilakuin?"
ask_first_aid_solution,"Oli truk netes di trotoar siang, apa yang kudu dibersihin?"
ask_first_aid_solution,"Asap putih dari knalpot truk, apa yang harus dimatiin?"
ask_first_aid_solution,"Suara ketok dari mesin motor, apa yang perlu diperiksa?"
ask_first_aid_solution,"Motor mogok di tengah sawah siang, apa solusi cepetnya?"
ask_first_aid_solution,"Ban mobilku kempes pas di jalan raya malam, gimana cara nanganinya?"
ask_first_aid_solution,"Mesin truk overheat pas di lampu merah malam, apa yang kudu dilakuin?"
ask_first_aid_solution,"Aki motor lelet pas di jalan desa siang, apa solusi daruratnya?"
ask_first_aid_solution,"Rem truk ga pakem pas di jalan licin siang, apa yang harus dilakuin?"
ask_first_aid_solution,"Oli motor bocor di trotoar pagi, apa yang kudu ditutup?"
ask_first_aid_solution,"Asap hitam dari kap truk, apa langkah pertamanya?"
ask_first_aid_solution,"Suara berisik dari ban motor, apa yang perlu dicek?"
ask_first_aid_solution,"Truk mogok di pinggir pantai malam, apa solusi cepetnya?"
ask_first_aid_solution,"Ban motorku gembos pas di jalan kota malam, gimana nanganinya?"
ask_first_aid_solution,"Mesin mobil panas banget pas di terminal siang, apa yang kudu dikurangin?"
ask_first_aid_solution,"Aki truk mati pas di parkiran pagi, apa cara nyalainnya?"
ask_first_aid_solution,"Rem motor bunyi pas di tanjakan malam, apa yang harus diperiksa?"
ask_first_aid_solution,"Oli truk netes di jalan tol siang, apa yang kudu dibersihin?"
ask_first_aid_solution,"Asap tebel dari knalpot motor, apa yang harus dimatiin?"
ask_first_aid_solution,"Suara aneh dari mesin truk pas pelan, gimana ngatasinya?"
ask_first_aid_solution,"Ban mobilku bocor pas di desa siang, apa yang bisa kulakuin?"
ask_first_aid_solution,"Mesin motor mati pas di lampu merah siang, apa yang kudu dicek?"
ask_first_aid_solution,"Aki mobil drop pas di jalan raya malam, apa solusi daruratnya?"
ask_first_aid_solution,"Rem truk ga respons pas di jalan basah siang, apa yang harus dilakuin?"
ask_first_aid_solution,"Oli motor netes di garasi malam, apa yang kudu ditutup?"
ask_first_aid_solution,"Asap putih dari kap truk, apa yang harus dimatiin?"
ask_first_aid_solution,"Suara ngorok dari kolong motor, apa yang perlu diliat?"
ask_first_aid_solution,"Mobil mogok di tengah hutan siang, apa solusi cepetnya?"
ask_first_aid_solution,"Ban trukku kempes pas di jalan kota malam, gimana cara nanganinya?"
ask_first_aid_solution,"Mesin truk overheat pas di perempatan siang, apa yang kudu dilakuin?"
ask_first_aid_solution,"Aki motor lemah pas di jalan tol pagi, apa cara nyalainnya?"
ask_first_aid_solution,"Rem motor ga pakem pas di jalan licin malam, apa yang harus dilakuin?"
ask_first_aid_solution,"Oli truk bocor di trotoar siang, apa yang kudu dibersihin?"
ask_first_aid_solution,"Asap hitam dari knalpot mobil, apa yang harus dimatiin?"
ask_first_aid_solution,"Suara gede dari ban truk, apa yang perlu diperiksa?"
ask_first_aid_solution,"Truk mogok di pinggir waduk siang, apa solusi cepetnya?"
ask_first_aid_solution,"Ban motorku bocor pas di pasar malam, gimana nanganinya?"
ask_first_aid_solution,"Mesin mobil panas banget pas di jalan raya siang, apa yang kudu dikurangin?"
ask_first_aid_solution,"Aki truk mati pas di parkiran malam, apa solusi daruratnya?"
ask_first_aid_solution,"Rem truk bunyi pas di tanjakan siang, apa yang harus dicek?"
ask_first_aid_solution,"Oli motor netes di jalan desa siang, apa yang kudu ditutup?"
ask_first_aid_solution,"Asap tebel dari kap motor, apa yang harus dimatiin?"
ask_first_aid_solution,"Suara aneh dari ban mobil pas cepet, apa yang perlu diliat?"
ask_first_aid_solution,"Mobil mogok di pinggir pantai siang, apa solusi cepetnya?"
ask_first_aid_solution,"Ban trukku gembos pas di jalan tol malam, gimana cara nanganinya?"
ask_first_aid_solution,"Mesin motor mati pas di tanjakan siang, apa yang kudu dicek?"
ask_first_aid_solution,"Aki mobil drop pas di terminal pagi, apa cara nyalainnya?"
ask_first_aid_solution,"Rem motor ga respons pas di jalan basah malam, apa yang harus dilakuin?"
ask_first_aid_solution,"Oli truk netes di trotoar siang, apa yang kudu dibersihin?"
ask_first_aid_solution,"Asap putih dari knalpot truk, apa yang harus dimatiin?"
ask_first_aid_solution,"Suara ketok dari mesin motor, apa yang perlu diperiksa?"
ask_first_aid_solution,"Motor mogok di tengah sawah siang, apa solusi cepetnya?"
ask_first_aid_solution,"Ban mobilku kempes pas di jalan raya malam, gimana cara nanganinya?"
ask_first_aid_solution,"Mesin truk overheat pas di lampu merah malam, apa yang kudu dilakuin?"
ask_first_aid_solution,"Aki motor lelet pas di jalan desa siang, apa solusi daruratnya?"
ask_first_aid_solution,"Rem truk ga pakem pas di jalan licin siang, apa yang harus dilakuin?"
ask_first_aid_solution,"Oli motor bocor di trotoar pagi, apa yang kudu ditutup?"
ask_first_aid_solution,"Asap hitam dari kap truk, apa langkah pertamanya?"
ask_first_aid_solution,"Suara berisik dari ban motor, apa yang perlu dicek?"
ask_first_aid_solution,"Truk mogok di pinggir pantai malam, apa solusi cepetnya?"
ask_first_aid_solution,"Ban motorku gembos pas di jalan kota malam, gimana nanganinya?"
ask_first_aid_solution,"Mesin mobil panas banget pas di terminal siang, apa yang kudu dikurangin?"
ask_first_aid_solution,"Aki truk mati pas di parkiran pagi, apa cara nyalainnya?"
ask_first_aid_solution,"Rem motor bunyi pas di tanjakan malam, apa yang harus diperiksa?"
ask_first_aid_solution,"Oli truk netes di jalan tol siang, apa yang kudu dibersihin?"
ask_first_aid_solution,"Asap tebel dari knalpot motor, apa yang harus dimatiin?"
ask_first_aid_solution,"Suara aneh dari mesin truk pas pelan, gimana ngatasinya?"
ask_first_aid_solution,"Ban mobilku bocor pas di desa siang, apa yang bisa kulakuin?"
ask_first_aid_solution,"Mesin motor mati pas di lampu merah siang, apa yang kudu dicek?"
ask_first_aid_solution,"Aki mobil drop pas di jalan raya malam, apa solusi daruratnya?"
ask_first_aid_solution,"Rem truk ga respons pas di jalan basah siang, apa yang harus dilakuin?"
ask_first_aid_solution,"Oli motor netes di garasi malam, apa yang kudu ditutup?"
ask_first_aid_solution,"Asap putih dari kap truk, apa yang harus dimatiin?"
ask_first_aid_solution,"Suara ngorok dari kolong motor, apa yang perlu diliat?"
ask_first_aid_solution,"Mobil mogok di tengah hutan siang, apa solusi cepetnya?"
ask_first_aid_solution,"Ban trukku kempes pas di jalan kota malam, gimana cara nanganinya?"
ask_first_aid_solution,"Mesin truk overheat pas di perempatan siang, apa yang kudu dilakuin?"
ask_first_aid_solution,"Aki motor lemah pas di jalan tol pagi, apa cara nyalainnya?"
ask_first_aid_solution,"Rem motor ga pakem pas di jalan licin malam, apa yang harus dilakuin?"
ask_first_aid_solution,"Oli truk bocor di trotoar siang, apa yang kudu dibersihin?"
ask_first_aid_solution,"Asap hitam dari knalpot mobil, apa yang harus dimatiin?"
ask_first_aid_solution,"Suara gede dari ban truk, apa yang perlu diperiksa?"
ask_first_aid_solution,"Truk mogok di pinggir waduk siang, apa solusi cepetnya?"
ask_first_aid_solution,"Ban motorku bocor pas di pasar malam, gimana nanganinya?"
ask_first_aid_solution,"Mesin mobil panas banget pas di jalan raya siang, apa yang kudu dikurangin?"
ask_first_aid_solution,"Aki truk mati pas di parkiran malam, apa solusi daruratnya?"
ask_first_aid_solution,"Rem truk bunyi pas di tanjakan siang, apa yang harus dicek?"
ask_first_aid_solution,"Oli motor netes di jalan desa siang, apa yang kudu ditutup?"
ask_first_aid_solution,"Asap tebel dari kap motor, apa yang harus dimatiin?"
ask_first_aid_solution,"Suara aneh dari ban mobil pas cepet, apa yang perlu diliat?"
ask_first_aid_solution,"Mobil mogok di pinggir pantai siang, apa solusi cepetnya?"
ask_first_aid_solution,"Ban trukku gembos pas di jalan tol malam, gimana cara nanganinya?"
ask_first_aid_solution,"Mesin motor mati pas di tanjakan siang, apa yang kudu dicek?"
ask_first_aid_solution,"Aki mobil drop pas di terminal pagi, apa cara nyalainnya?"
ask_first_aid_solution,"Rem motor ga respons pas di jalan basah malam, apa yang harus dilakuin?"
ask_first_aid_solution,"Oli truk netes di trotoar siang, apa yang kudu dibersihin?"
ask_first_aid_solution,"Asap putih dari knalpot truk, apa yang harus dimatiin?"
ask_first_aid_solution,"Suara ketok dari mesin motor, apa yang perlu diperiksa?"
ask_first_aid_solution,"Motor mogok di tengah sawah siang, apa solusi cepetnya?"
ask_first_aid_solution,"Ban mobilku kempes pas di jalan raya malam, gimana cara nanganinya?"
ask_first_aid_solution,"Mesin truk overheat pas di lampu merah malam, apa yang kudu dilakuin?"
ask_first_aid_solution,"Aki motor lelet pas di jalan desa siang, apa solusi daruratnya?"
ask_first_aid_solution,"Rem truk ga pakem pas di jalan licin siang, apa yang harus dilakuin?"
ask_first_aid_solution,"Oli motor bocor di trotoar pagi, apa yang kudu ditutup?"
ask_first_aid_solution,"Asap hitam dari kap truk, apa langkah pertamanya?"
ask_first_aid_solution,"Suara berisik dari ban motor, apa yang perlu dicek?"
ask_first_aid_solution,"Truk mogok di pinggir pantai malam, apa solusi cepetnya?"
ask_first_aid_solution,"Ban motorku gembos pas di jalan kota malam, gimana nanganinya?"
ask_first_aid_solution,"Mesin mobil panas banget pas di terminal siang, apa yang kudu dikurangin?"
ask_first_aid_solution,"Aki truk mati pas di parkiran pagi, apa cara nyalainnya?"
ask_first_aid_solution,"Rem motor bunyi pas di tanjakan malam, apa yang harus diperiksa?"
ask_first_aid_solution,"Oli truk netes di jalan tol siang, apa yang kudu dibersihin?"
ask_first_aid_solution,"Asap tebel dari knalpot motor, apa yang harus dimatiin?"
ask_first_aid_solution,"Suara aneh dari mesin truk pas pelan, gimana ngatasinya?"
ask_first_aid_solution,"Ban mobilku bocor pas di desa siang, apa yang bisa kulakuin?"
ask_first_aid_solution,"Mesin motor mati pas di lampu merah siang, apa yang kudu dicek?"
ask_first_aid_solution,"Aki mobil drop pas di jalan raya malam, apa solusi daruratnya?"
ask_first_aid_solution,"Rem truk ga respons pas di jalan basah siang, apa yang harus dilakuin?"
ask_first_aid_solution,"Oli motor netes di garasi malam, apa yang kudu ditutup?"
ask_first_aid_solution,"Asap putih dari kap truk, apa yang harus dimatiin?"
ask_first_aid_solution,"Suara ngorok dari kolong motor, apa yang perlu diliat?"
ask_first_aid_solution,"Mobil mogok di tengah hutan siang, apa solusi cepetnya?"
ask_first_aid_solution,"Ban trukku kempes pas di jalan kota malam, gimana cara nanganinya?"
ask_first_aid_solution,"Mesin truk overheat pas di perempatan siang, apa yang kudu dilakuin?"
ask_first_aid_solution,"Aki motor lemah pas di jalan tol pagi, apa cara nyalainnya?"
ask_first_aid_solution,"Rem motor ga pakem pas di jalan licin malam, apa yang harus dilakuin?"
ask_first_aid_solution,"Oli truk bocor di trotoar siang, apa yang kudu dibersihin?"
ask_first_aid_solution,"Asap hitam dari knalpot mobil, apa yang harus dimatiin?"
ask_first_aid_solution,"Suara gede dari ban truk, apa yang perlu diperiksa?"
ask_first_aid_solution,"Truk mogok di pinggir waduk siang, apa solusi cepetnya?"
ask_first_aid_solution,"Ban motorku bocor pas di pasar malam, gimana nanganinya?"
ask_first_aid_solution,"Mesin mobil panas banget pas di jalan raya siang, apa yang kudu dikurangin?"
ask_first_aid_solution,"Aki truk mati pas di parkiran malam, apa solusi daruratnya?"
ask_first_aid_solution,"Rem truk bunyi pas di tanjakan siang, apa yang harus dicek?"
ask_first_aid_solution,"Oli motor netes di jalan desa siang, apa yang kudu ditutup?"
ask_first_aid_solution,"Asap tebel dari kap motor, apa yang harus dimatiin?"
ask_first_aid_solution,"Suara aneh dari ban mobil pas cepet, apa yang perlu diliat?"
ask_first_aid_solution,"Mobil mogok di pinggir pantai siang, apa solusi cepetnya?"
ask_first_aid_solution,"Ban trukku gembos pas di jalan tol malam, gimana cara nanganinya?"
ask_first_aid_solution,"Mesin motor mati pas di tanjakan siang, apa yang kudu dicek?"
ask_first_aid_solution,"Aki mobil drop pas di terminal pagi, apa cara nyalainnya?"
ask_first_aid_solution,"Rem motor ga respons pas di jalan basah malam, apa yang harus dilakuin?"
ask_first_aid_solution,"Oli truk netes di trotoar siang, apa yang kudu dibersihin?"
ask_first_aid_solution,"Asap putih dari knalpot truk, apa yang harus dimatiin?"
ask_first_aid_solution,"Suara ketok dari mesin motor, apa yang perlu diperiksa?"
ask_first_aid_solution,"Motor mogok di tengah sawah siang, apa solusi cepetnya?"
ask_first_aid_solution,"Ban mobilku kempes pas di jalan raya malam, gimana cara nanganinya?"
ask_first_aid_solution,"Mesin truk overheat pas di lampu merah malam, apa yang kudu dilakuin?"
ask_first_aid_solution,"Aki motor lelet pas di jalan desa siang, apa solusi daruratnya?"
ask_first_aid_solution,"Rem truk ga pakem pas di jalan licin siang, apa yang harus dilakuin?"
ask_first_aid_solution,"Oli motor bocor di trotoar pagi, apa yang kudu ditutup?"
ask_first_aid_solution,"Asap hitam dari kap truk, apa langkah pertamanya?"
ask_first_aid_solution,"Suara berisik dari ban motor, apa yang perlu dicek?"
ask_first_aid_solution,"Truk mogok di pinggir pantai malam, apa solusi cepetnya?"
ask_first_aid_solution,"Ban motorku gembos pas di jalan kota malam, gimana nanganinya?"
ask_first_aid_solution,"Mesin mobil panas banget pas di terminal siang, apa yang kudu dikurangin?"
ask_first_aid_solution,"Aki truk mati pas di parkiran pagi, apa cara nyalainnya?"
ask_first_aid_solution,"Rem motor bunyi pas di tanjakan malam, apa yang harus diperiksa?"
ask_first_aid_solution,"Oli truk netes di jalan tol siang, apa yang kudu dibersihin?"
ask_first_aid_solution,"Asap tebel dari knalpot motor, apa yang harus dimatiin?"
ask_first_aid_solution,"Suara aneh dari mesin truk pas pelan, gimana ngatasinya?"
ask_first_aid_solution,"Ban mobilku bocor pas di desa siang, apa yang bisa kulakuin?"
ask_first_aid_solution,"Mesin motor mati pas di lampu merah siang, apa yang kudu dicek?"
ask_first_aid_solution,"Aki mobil drop pas di jalan raya malam, apa solusi daruratnya?"
ask_first_aid_solution,"Rem truk ga respons pas di jalan basah siang, apa yang harus dilakuin?"
ask_first_aid_solution,"Oli motor netes di garasi malam, apa yang kudu ditutup?"
ask_first_aid_solution,"Asap putih dari kap truk, apa yang harus dimatiin?"
ask_first_aid_solution,"Suara ngorok dari kolong motor, apa yang perlu diliat?"
ask_first_aid_solution,"Mobil mogok di tengah hutan siang, apa solusi cepetnya?"
ask_first_aid_solution,"Ban trukku kempes pas di jalan kota malam, gimana cara nanganinya?"
ask_first_aid_solution,"Mesin truk overheat pas di perempatan siang, apa yang kudu dilakuin?"
ask_first_aid_solution,"Aki motor lemah pas di jalan tol pagi, apa cara nyalainnya?"
ask_first_aid_solution,"Rem motor ga pakem pas di jalan licin malam, apa yang harus dilakuin?"
ask_first_aid_solution,"Oli truk bocor di trotoar siang, apa yang kudu dibersihin?"
ask_first_aid_solution,"Asap hitam dari knalpot mobil, apa yang harus dimatiin?"
ask_first_aid_solution,"Suara gede dari ban truk, apa yang perlu diperiksa?"
ask_first_aid_solution,"Truk mogok di pinggir waduk siang, apa solusi cepetnya?"
ask_first_aid_solution,"Ban motorku bocor pas di pasar malam, gimana nanganinya?"
ask_first_aid_solution,"Mesin mobil panas banget pas di jalan raya siang, apa yang kudu dikurangin?"
ask_first_aid_solution,"Aki truk mati pas di parkiran malam, apa solusi daruratnya?"
ask_first_aid_solution,"Rem truk bunyi pas di tanjakan siang, apa yang harus dicek?"
ask_first_aid_solution,"Oli motor netes di jalan desa siang, apa yang kudu ditutup?"
ask_first_aid_solution,"Asap tebel dari kap motor, apa yang harus dimatiin?"
ask_first_aid_solution,"Suara aneh dari ban mobil pas cepet, apa yang perlu diliat?"
ask_first_aid_solution,"Mobil mogok di pinggir pantai siang, apa solusi cepetnya?"
ask_first_aid_solution,"Ban trukku gembos pas di jalan tol malam, gimana cara nanganinya?"
ask_first_aid_solution,"Mesin motor mati pas di tanjakan siang, apa yang kudu dicek?"
ask_first_aid_solution,"Aki mobil drop pas di terminal pagi, apa cara nyalainnya?"
ask_first_aid_solution,"Rem motor ga respons pas di jalan basah malam, apa yang harus dilakuin?"
ask_first_aid_solution,"Oli truk netes di trotoar siang, apa yang kudu dibersihin?"
ask_first_aid_solution,"Asap putih dari knalpot truk, apa yang harus dimatiin?"
ask_first_aid_solution,"Suara ketok dari mesin motor, apa yang perlu diperiksa?"
ask_first_aid_solution,"Motor mogok di tengah sawah siang, apa solusi cepetnya?"
ask_first_aid_solution,"Ban mobilku kempes pas di jalan raya malam, gimana cara nanganinya?"
ask_first_aid_solution,"Mesin truk overheat pas di lampu merah malam, apa yang kudu dilakuin?"
ask_first_aid_solution,"Aki motor lelet pas di jalan desa siang, apa solusi daruratnya?"
ask_first_aid_solution,"Rem truk ga pakem pas di jalan licin siang, apa yang harus dilakuin?"
ask_first_aid_solution,"Oli motor bocor di trotoar pagi, apa yang kudu ditutup?"
ask_first_aid_solution,"Asap hitam dari kap truk, apa langkah pertamanya?"
ask_first_aid_solution,"Suara berisik dari ban motor, apa yang perlu dicek?"
ask_first_aid_solution,"Truk mogok di pinggir pantai malam, apa solusi cepetnya?"
ask_first_aid_solution,"Ban motorku gembos pas di jalan kota malam, gimana nanganinya?"
ask_first_aid_solution,"Mesin mobil panas banget pas di terminal siang, apa yang kudu dikurangin?"
ask_first_aid_solution,"Aki truk mati pas di parkiran pagi, apa cara nyalainnya?"
ask_first_aid_solution,"Rem motor bunyi pas di tanjakan malam, apa yang harus diperiksa?"
ask_first_aid_solution,"Oli truk netes di jalan tol siang, apa yang kudu dibersihin?"
ask_first_aid_solution,"Asap tebel dari knalpot motor, apa yang harus dimatiin?"
ask_first_aid_solution,"Suara aneh dari mesin truk pas pelan, gimana ngatasinya?"
ask_first_aid_solution,"Ban mobilku bocor pas di desa siang, apa yang bisa kulakuin?"
ask_first_aid_solution,"Mesin motor mati pas di lampu merah siang, apa yang kudu dicek?"
ask_first_aid_solution,"Aki mobil drop pas di jalan raya malam, apa solusi daruratnya?"
ask_first_aid_solution,"Rem truk ga respons pas di jalan basah siang, apa yang harus dilakuin?"
ask_first_aid_solution,"Oli motor netes di garasi malam, apa yang kudu ditutup?"
ask_first_aid_solution,"Asap putih dari kap truk, apa yang harus dimatiin?"
ask_first_aid_solution,"Suara ngorok dari kolong motor, apa yang perlu diliat?"
ask_first_aid_solution,"Mobil mogok di tengah hutan siang, apa solusi cepetnya?"
ask_first_aid_solution,"Ban trukku kempes pas di jalan kota malam, gimana cara nanganinya?"
ask_first_aid_solution,"Mesin truk overheat pas di perempatan siang, apa yang kudu dilakuin?"
ask_first_aid_solution,"Aki motor lemah pas di jalan tol pagi, apa cara nyalainnya?"
ask_first_aid_solution,"Rem motor ga pakem pas di jalan licin malam, apa yang harus dilakuin?"
ask_first_aid_solution,"Oli truk bocor di trotoar siang, apa yang kudu dibersihin?"
ask_first_aid_solution,"Asap hitam dari knalpot mobil, apa yang harus dimatiin?"
ask_first_aid_solution,"Suara gede dari ban truk, apa yang perlu diperiksa?"
ask_first_aid_solution,"Truk mogok di pinggir waduk siang, apa solusi cepetnya?"
ask_first_aid_solution,"Ban motorku bocor pas di pasar malam, gimana nanganinya?"
ask_first_aid_solution,"Mesin mobil panas banget pas di jalan raya siang, apa yang kudu dikurangin?"
ask_first_aid_solution,"Aki truk mati pas di parkiran malam, apa solusi daruratnya?"
ask_first_aid_solution,"Rem truk bunyi pas di tanjakan siang, apa yang harus dicek?"
ask_first_aid_solution,"Oli motor netes di jalan desa siang, apa yang kudu ditutup?"
ask_first_aid_solution,"Asap tebel dari kap motor, apa yang harus dimatiin?"
ask_first_aid_solution,"Suara aneh dari ban mobil pas cepet, apa yang perlu diliat?"
ask_first_aid_solution,"Mobil mogok di pinggir pantai siang, apa solusi cepetnya?"
ask_first_aid_solution,"Ban trukku gembos pas di jalan tol malam, gimana cara nanganinya?"
ask_first_aid_solution,"Mesin motor mati pas di tanjakan siang, apa yang kudu dicek?"
ask_first_aid_solution,"Aki mobil drop pas di terminal pagi, apa cara nyalainnya?"
ask_first_aid_solution,"Rem motor ga respons pas di jalan basah malam, apa yang harus dilakuin?"
ask_first_aid_solution,"Oli truk netes di trotoar siang, apa yang kudu dibersihin?"
ask_first_aid_solution,"Asap putih dari knalpot truk, apa yang harus dimatiin?"
ask_first_aid_solution,"Suara ketok dari mesin motor, apa yang perlu diperiksa?"
ask_first_aid_solution,"Motor mogok di tengah sawah siang, apa solusi cepetnya?"
ask_first_aid_solution,"Ban mobilku kempes pas di jalan raya malam, gimana cara nanganinya?"
ask_first_aid_solution,"Mesin truk overheat pas di lampu merah malam, apa yang kudu dilakuin?"
ask_first_aid_solution,"Aki motor lelet pas di jalan desa siang, apa solusi daruratnya?"
ask_first_aid_solution,"Rem truk ga pakem pas di jalan licin siang, apa yang harus dilakuin?"
ask_first_aid_solution,"Oli motor bocor di trotoar pagi, apa yang kudu ditutup?"
ask_first_aid_solution,"Asap hitam dari kap truk, apa langkah pertamanya?"
ask_first_aid_solution,"Suara berisik dari ban motor, apa yang perlu dicek?"
ask_first_aid_solution,"Truk mogok di pinggir pantai malam, apa solusi cepetnya?"
ask_first_aid_solution,"Ban motorku gembos pas di jalan kota malam, gimana nanganinya?"
ask_first_aid_solution,"Mesin mobil panas banget pas di terminal siang, apa yang kudu dikurangin?"
ask_first_aid_solution,"Aki truk mati pas di parkiran pagi, apa cara nyalainnya?"
ask_first_aid_solution,"Rem motor bunyi pas di tanjakan malam, apa yang harus diperiksa?"
ask_first_aid_solution,"Oli truk netes di jalan tol siang, apa yang kudu dibersihin?"
ask_first_aid_solution,"Asap tebel dari knalpot motor, apa yang harus dimatiin?"
ask_first_aid_solution,"Suara aneh dari mesin truk pas pelan, gimana ngatasinya?"
ask_first_aid_solution,"Ban mobilku bocor pas di desa siang, apa yang bisa kulakuin?"
ask_first_aid_solution,"Mesin motor mati pas di lampu merah siang, apa yang kudu dicek?"
ask_first_aid_solution,"Aki mobil drop pas di jalan raya malam, apa solusi daruratnya?"
ask_first_aid_solution,"Rem truk ga respons pas di jalan basah siang, apa yang harus dilakuin?"
ask_first_aid_solution,"Oli motor netes di garasi malam, apa yang kudu ditutup?"    
ask_first_aid_solution,"Bro, ban motor gue kempes di tengah jalan, gimana cara cepet ngatasinnya?"
ask_first_aid_solution,"Gawat nih, mesin mobil gue panas banget, apa yang harus gue lakuin dulu?"
ask_first_aid_solution,"Aki motor gue lemes abis, ada cara ga ya buat nyalain sementara?"
ask_first_aid_solution,"Rem motor gue blong tiba-tiba, solusi daruratnya apa dong?"
ask_first_aid_solution,"Oli mobil gue bocor parah, gimana cara ngeceknya biar ga tambah jelek?"
ask_first_aid_solution,"Asap keluar dari kap mobil, apa yang harus gue tutup dulu biar aman?"
ask_first_aid_solution,"Motor gue bunyi kletek-kletek, apa yang bisa gue sentuh buat cek cepet?"
ask_first_aid_solution,"Lampu mobil gue mati sebelah, ada cara ga buat nyala lagi bentar?"
ask_first_aid_solution,"Bensin motor gue abis di dalem hutan, apa yang bisa gue lakuin sekarang?"
ask_first_aid_solution,"Kopling mobil gue keras banget, gimana cara bikin enteng dikit?"
ask_first_aid_solution,"Ban belakang motor gue goyang, apa yang harus gue kencengin dulu?"
ask_first_aid_solution,"Radiator mobil gue bocor, apa yang bisa gue tambahin sementara?"
ask_first_aid_solution,"Stang motor gue oleng, cara benerin cepetnya gimana ya?"
ask_first_aid_solution,"Mesin motor gue mati mendadak, apa yang gue cek duluan bro?"
ask_first_aid_solution,"Knalpot mobil gue ngebul putih, apa yang harus gue stop dulu?"
ask_first_aid_solution,"Gearbox motor gue macet, cara ngatasinnya cepet apa?"
ask_first_aid_solution,"Dashboard mobil gue nyala semua, langkah awalnya apa nih?"
ask_first_aid_solution,"Spion motor gue lelet nutup, gimana cara benerinnya bentar?"
ask_first_aid_solution,"AC mobil gue ga dingin, apa yang bisa gue setel dulu?"
ask_first_aid_solution,"Rantai motor gue kendor, cara ngencenginnya cepet apa ya?"
ask_first_aid_solution,"Klakson mobil gue ga bunyi, apa yang gue pencet biar nyala?"
ask_first_aid_solution,"Wiper mobil gue macet pas hujan, solusi daruratnya apa?"
ask_first_aid_solution,"Jok motor gue basah kena hujan, cara keringin cepet gimana?"
ask_first_aid_solution,"Tank mobil gue bau bensin, apa yang harus gue cium dulu?"
ask_first_aid_solution,"Velg motor gue baret, cara nutupinnya sementara apa?"
ask_first_aid_solution,"Selamat pagi para suhu. Indikator temperatur mesin Avanza saya tiba-tiba menyala merah di tengah perjalanan. Langkah darurat apa yang harus saya ambil?"
ask_first_aid_solution,"Agan-agan, butuh bantuan. Mobil saya baru saja mogok di jalan menanjak dan tidak bisa distarter sama sekali. Apa yang harus saya periksa pertama kali?"
ask_first_aid_solution,"Mohon pencerahannya, master. Tiba-tiba keluar asap putih tebal dari knalpot saat mobil sedang langsam. Apa yang sebaiknya saya lakukan sekarang?"
ask_first_aid_solution,"Saya sedang di jalan tol, tiba-tiba ban depan kiri terasa goyang dan seperti kehilangan angin. Tindakan pertama yang paling aman untuk dilakukan apa ya?"
ask_first_aid_solution,"Help! Rem mobil saya mendadak terasa blong saat mendekati lampu merah. Bagaimana cara menghentikan kendaraan dengan aman?"
ask_first_aid_solution,"Siang, Om. Saya menemukan ada tetesan oli di bawah mesin mobil saya pagi ini. Apakah ada yang bisa saya lakukan untuk penanganan sementara?"
ask_first_aid_solution,"Tiba-tiba terdengar suara 'kletak-kletak' yang sangat keras dari bagian mesin saat mobil berjalan. Sebaiknya saya menepi dan melakukan apa?"
ask_first_aid_solution,"Lampu indikator aki di dashboard menyala terus. Starter juga terasa berat. Apa solusi sementara agar saya bisa sampai ke bengkel terdekat?"
ask_first_aid_solution,"Saat melewati genangan air yang cukup tinggi, mesin mobil saya mati mendadak. Mohon petunjuk pertolongan pertamanya."
ask_first_aid_solution,"Transmisi matic mobil saya terasa 'jedug' keras saat perpindahan dari P ke D. Apa yang bisa saya coba lakukan untuk mengatasinya?"
ask_first_aid_solution,"Permisi, mau tanya. Setir mobil saya tiba-tiba menjadi sangat berat. Apa yang harus saya cek untuk kondisi darurat ini?"
ask_first_aid_solution,"Bau sangit seperti karet terbakar masuk ke dalam kabin. Saya sudah menepi, langkah selanjutnya apa ya?"
ask_first_aid_solution,"Selamat malam. Tercium bau bensin yang sangat menyengat di sekitar mobil. Bagaimana penanganan darurat yang aman untuk kasus ini?"
ask_first_aid_solution,"Mobil saya bergetar hebat saat kecepatan mencapai 80 km/jam. Apakah ada yang bisa saya periksa sendiri di pinggir jalan?"
ask_first_aid_solution,"Setelah parkir, saya lihat ada genangan air berwarna hijau di bawah radiator. Tolong berikan langkah-langkah pertolongan pertamanya."
ask_first_aid_solution,"Rem tangan mobil saya sepertinya macet, tidak bisa dilepaskan. Bagaimana cara mengatasinya sementara waktu?"
ask_first_aid_solution,"AC mobil tiba-tiba hanya mengeluarkan angin panas, padahal setelan sudah paling dingin. Apa yang bisa saya lakukan?"
ask_first_aid_solution,"Wiper mobil macet total saat hujan deras di jalan tol. Mohon saran cepat untuk visibilitas."
ask_first_aid_solution,"Pintu mobil saya tidak bisa dikunci menggunakan remote maupun manual. Apa ada trik darurat untuk mengamankan mobil?"
ask_first_aid_solution,"Motor saya Vario 150, tiba-tiba mati total saat lampu merah, semua kelistrikan mati. Apa yang harus saya cek duluan?"
ask_first_aid_solution,"Master, kopling mobil manual saya terasa los, pedalnya ringan sekali dan tidak bisa pindah gigi. Solusi daruratnya bagaimana?"
ask_first_aid_solution,"Ada suara mendesing kencang dari area v-belt mesin. Sebaiknya saya matikan mesin atau bagaimana?"
ask_first_aid_solution,"Kaca spion elektrik saya tidak mau melipat. Ada cara manual untuk menanganinya?"
ask_first_aid_solution,"Saat ingin menyalakan mobil, kunci kontak saya macet dan tidak bisa diputar. Apa yang harus saya lakukan?"
ask_first_aid_solution,"Mobil saya terperosok di lumpur, ban berputar di tempat. Bagaimana teknik mengeluarkan mobil yang benar?"
ask_first_aid_solution,"Lampu depan mobil saya mati sebelah, padahal baru diganti. Apa yang bisa saya periksa dari sekringnya?"
ask_first_aid_solution,"Air aki mobil saya terlihat di bawah level 'low'. Apakah aman jika saya tambahkan air biasa untuk sementara?"
ask_first_aid_solution,"Suara klakson mobil saya tiba-tiba menjadi sangat pelan/serek. Apa yang bisa saya lakukan untuk memperbaikinya sementara?"
ask_first_aid_solution,"Power window di sisi pengemudi macet dalam keadaan terbuka. Bagaimana cara menutupnya secara darurat?"
ask_first_aid_solution,"Saya tidak sengaja mengisi bensin dengan oktan yang lebih rendah dari rekomendasi pabrikan. Apa tindakan preventif yang harus saya lakukan?"
ask_first_aid_solution,"Indikator check engine menyala kuning. Apakah saya boleh melanjutkan perjalanan jauh?"
ask_first_aid_solution,"Terdengar suara 'gluduk-gluduk' dari kolong mobil saat melewati polisi tidur. Apa yang perlu saya periksa?"
ask_first_aid_solution,"Ban serep saya ternyata juga kempes. Adakah solusi darurat untuk menambal ban bocor di tempat?"
ask_first_aid_solution,"Asap hitam pekat keluar dari knalpot motor 2-tak saya. Bagaimana cara mengatasinya di tempat?"
ask_first_aid_solution,"Handle pintu mobil bagian dalam patah. Bagaimana cara membuka pintu dari dalam?"
ask_first_aid_solution,"Mobil saya mogok dan harus diderek. Bagaimana prosedur derek yang aman untuk mobil matic?"
ask_first_aid_solution,"Tali kipas (fan belt) mobil saya putus di jalan. Apa yang harus segera saya lakukan?"
ask_first_aid_solution,"Knalpot motor saya bocor dan suaranya menjadi sangat bising. Adakah cara meredamnya untuk sementara?"
ask_first_aid_solution,"Lampu sein saya berkedip sangat cepat setelah ganti bohlam. Apa yang perlu disetel?"
ask_first_aid_solution,"Suhu, mohon bantuannya. Mobil saya matic, terjebak di posisi P dan tidak bisa digeser tuas transmisinya. Bagaimana cara menetralkannya?"
ask_first_aid_solution,"Saat hujan, ada rembesan air dari plafon mobil. Bagaimana cara menghentikannya sementara?"
ask_first_aid_solution,"Indikator oli di dashboard berkedip-kedip. Saya sudah menepi, apa yang harus saya cek?"
ask_first_aid_solution,"Permisi, pedal gas mobil saya terasa 'ngelos' atau tidak mau kembali ke posisi semula. Tindakan daruratnya apa ya?"
ask_first_aid_solution,"Baut roda saya ada yang patah satu. Apakah masih aman untuk melanjutkan perjalanan pelan ke bengkel?"
ask_first_aid_solution,"Saat mengisi bensin, tutup tangki tidak bisa dibuka. Adakah cara darurat untuk membukanya?"
ask_first_aid_solution,"Alarm mobil saya berbunyi terus menerus dan tidak bisa dimatikan dengan remote. Bagaimana cara menonaktifkannya?"
ask_first_aid_solution,"Suhu mesin normal, tapi hembusan udara dari ventilasi AC terasa sangat panas. Apa yang harus diperiksa?"
ask_first_aid_solution,"Rantai motor saya kendor dan berisik sekali. Bagaimana cara mengencangkannya di jalan?"
ask_first_aid_solution,"Setelah cuci mobil, ada embun di dalam lampu depan. Bagaimana cara menghilangkannya?"
ask_first_aid_solution,"Lampu rem saya mati semua. Bagaimana cara memeriksa sekring atau saklarnya?"
ask_first_aid_solution,"Mohon infonya, kap mesin mobil saya tidak bisa ditutup rapat. Apa yang perlu disetel?"
ask_first_aid_solution,"Posisi sedang di basement parkiran, aki mobil tekor. Bagaimana cara jumper aki yang benar dan aman?"
ask_first_aid_solution,"Pedal rem saya harus diinjak sangat dalam baru terasa mengerem. Pertolongan pertamanya bagaimana?"
ask_first_aid_solution,"Tiba-tiba ada getaran pada pedal kopling saat diinjak. Apa yang harus saya lakukan?"
ask_first_aid_solution,"Lampu kabin menyala terus meskipun semua pintu sudah tertutup rapat. Bagaimana cara mematikannya?"
ask_first_aid_solution,"Mohon bantuannya, master. Oli power steering saya sepertinya bocor, terlihat ada rembesan di selangnya. Apa yang bisa dilakukan?"
ask_first_aid_solution,"Head unit mobil saya tiba-tiba mati total, tidak ada display sama sekali. Apa yang harus dicek?"
ask_first_aid_solution,"Saya baru saja mengalami serempetan dan bemper sedikit penyok. Bagaimana cara mengembalikannya ke posisi semula untuk sementara?"
ask_first_aid_solution,"Karet wiper saya sobek di tengah hujan. Adakah trik agar sapuannya tetap bersih?"
ask_first_aid_solution,"Saat mundur, sensor parkir saya tidak berbunyi sama sekali. Bagaimana cara memeriksa koneksinya?"
ask_first_aid_solution,"Gas motor saya terasa berat dan seret. Apa yang bisa saya lumasi di bagian stang?"
ask_first_aid_solution,"Vanbelt AC saya mengeluarkan bunyi berdecit yang sangat mengganggu. Apakah bisa disemprot sesuatu untuk menghilangkannya sementara?"
ask_first_aid_solution,"Saya mencium bau telur busuk dari knalpot. Apa yang harus saya lakukan?"
ask_first_aid_solution,"Setelah melewati jalan berlubang, setir mobil saya terasa sedikit miring/tidak lurus. Apa yang perlu saya periksa?"
ask_first_aid_solution,"Sokbreker belakang motor saya terasa amblas. Adakah setelan yang bisa saya coba ubah?"
ask_first_aid_solution,"Air di tabung reservoir radiator cepat sekali habis tapi tidak ada bocor yang terlihat. Apa yang harus saya periksa dulu?"
ask_first_aid_solution,"Lampu hazard saya tidak mau mati, terus berkedip. Bagaimana cara menghentikannya?"
ask_first_aid_solution,"Kunci mobil saya tertinggal di dalam, sementara semua pintu terkunci. Adakah cara membukanya tanpa merusak?"
ask_first_aid_solution,"Terdengar suara 'nging' saat setir diputar patah. Sebaiknya saya bagaimana?"
ask_first_aid_solution,"Tutup radiator saya sepertinya rusak, air muncrat saat mesin panas. Bagaimana cara menanganinya dengan aman?"
ask_first_aid_solution,"Tiba-tiba tarikan motor matic saya terasa berat dan tidak bertenaga. Apa yang bisa saya cek di pinggir jalan?"
ask_first_aid_solution,"Saya menabrak trotoar dan velg mobil peyang sedikit. Apakah ada penanganan darurat yang bisa dilakukan?"
ask_first_aid_solution,"Selang rem motor saya sepertinya bocor, ada rembesan minyak. Pertolongan pertamanya seperti apa?"
ask_first_aid_solution,"Lampu speedometer saya mati, jadi tidak terlihat kecepatan di malam hari. Cek bagian mana ya?"
ask_first_aid_solution,"Jok mobil saya tidak bisa digeser maju-mundur, relnya seperti macet. Bagaimana cara memperbaikinya?"
ask_first_aid_solution,"Master, mobil saya tidak mau hidup setelah tidak dipakai seminggu. Kelistrikan ada tapi starter 'cetek-cetek'. Apa yang harus dilakukan?"
ask_first_aid_solution,"Saya baru ganti aki tapi indikator aki tetap menyala. Apa yang perlu diperiksa?"
ask_first_aid_solution,"Saat mobil diam, setir digerakkan sedikit ada bunyi 'kletak'. Apa yang perlu saya waspadai?"
ask_first_aid_solution,"Kaca film mobil saya menggelembung dan mengganggu pandangan. Bagaimana cara merapikannya sementara?"
ask_first_aid_solution,"Kampas rem motor saya sepertinya habis, terdengar bunyi gesekan besi. Apa yang harus saya lakukan agar aman sampai bengkel?"
ask_first_aid_solution,"Tutup pentil ban saya hilang, apakah ada pengaruhnya? Perlu ditangani segerakah?"
ask_first_aid_solution,"Air wiper saya tidak mau keluar, padahal tabung penuh. Motornya tidak terdengar bunyi. Cek apanya dulu ya?"
ask_first_aid_solution,"Antena radio mobil saya patah. Bagaimana cara mengatasinya agar tetap bisa menangkap sinyal?"
ask_first_aid_solution,"Shift knob mobil matic saya oblak. Bagaimana cara mengencangkannya?"
ask_first_aid_solution,"Agan-agan, mobil saya mengeluarkan asap biru tipis saat pertama kali dinyalakan di pagi hari. Perlu diapakan?"
ask_first_aid_solution,"Terdengar suara gemuruh dari bagian roda depan saat kecepatan tinggi. Sebaiknya saya kurangi kecepatan dan cek apa?"
ask_first_aid_solution,"Baut pembuangan oli saya sepertinya rembes. Bagaimana cara mengencangkannya darurat?"
ask_first_aid_solution,"Lampu mundur mobil saya hanya menyala sebelah. Bagaimana cara mengatasinya?"
ask_first_aid_solution,"Setelah isi angin nitrogen, tekanan ban malah terasa sangat keras. Apa yang harus saya lakukan?"
ask_first_aid_solution,"Glove box atau laci mobil tidak bisa ditutup. Ada yang bisa saya perbaiki sendiri?"
ask_first_aid_solution,"Spion tengah saya terasa kendor dan selalu berubah posisi. Bagaimana cara mengencangkannya?"
ask_first_aid_solution,"Karpet dasar mobil saya basah setelah hujan. Bagaimana cara mencari sumber bocornya?"
ask_first_aid_solution,"Defogger kaca belakang tidak berfungsi, embun tidak mau hilang. Apa yang perlu saya periksa?"
ask_first_aid_solution,"Sabuk pengaman saya macet, tidak mau ditarik. Solusi sementaranya bagaimana?"
ask_first_aid_solution,"Motor saya tiba-tiba oleng saat berbelok. Apa yang harus saya periksa pada bagian kemudi atau ban?"
ask_first_aid_solution,"Saya baru saja menabrak kucing, sebaiknya apa yang saya periksa di kolong mobil?"
ask_first_aid_solution,"Bagasi mobil saya tidak bisa dibuka dengan tuas dari dalam. Adakah cara lain untuk membukanya?"
ask_first_aid_solution,"Indikator bensin saya sepertinya error, jarumnya tidak bergerak. Bagaimana cara memperkirakan sisa bensin?"
ask_first_aid_solution,"Kompresor AC bunyi kasar sekali saat AC dinyalakan. Sebaiknya AC tetap dinyalakan atau dimatikan?"
ask_first_aid_solution,"Mohon infonya, bagaimana cara reset ECU mobil secara manual setelah ganti aki?"
ask_first_aid_solution,"Saat direm, setir terasa bergetar. Apa tindakan pertama yang bisa saya lakukan?"
ask_first_aid_solution,"Mesin mobil diesel saya masuk angin. Bagaimana cara membuang anginnya?"
ask_first_aid_solution,"Footstep motor saya bengkok setelah jatuh. Bagaimana cara meluruskannya kembali di tempat?"
ask_first_aid_solution,"Lampu jauh (high beam) saya tidak mau menyala. Apa yang harus saya periksa terlebih dahulu?"
ask_first_aid_solution,"Saya melihat ada sarang tikus di ruang mesin. Apa yang harus saya lakukan untuk membersihkannya dengan aman?"
ask_first_aid_solution,"Warna oli mesin saya sudah sangat hitam pekat, padahal belum waktunya ganti. Perlu tindakan apa?"
ask_first_aid_solution,"Handel gas motor matic saya tidak mau kembali (melintir terus). Bagaimana cara menanganinya darurat di jalan?"
ask_first_aid_solution,"Permisi, ban mobil saya benjol di bagian samping. Apakah ini berbahaya dan apa yang harus saya lakukan segera?"
ask_first_aid_solution,"Tuas untuk merebahkan kursi (reclining) macet. Bagaimana cara memperbaikinya?"
ask_first_aid_solution,"Saat mesin dingin, terdengar suara 'cit..cit..cit' dari area mesin. Apa yang bisa saya periksa?"
ask_first_aid_solution,"Mobil saya mogok di tengah banjir setinggi betis. Apa langkah-langkah yang harus saya ambil agar kerusakan tidak parah?"
ask_first_aid_solution,"Karet boot as roda saya sobek dan gemuknya keluar. Apa yang bisa saya lakukan untuk penanganan sementara?"
ask_first_aid_solution,"Knalpot mobil saya bocor di bagian leher. Adakah cara menambalnya sementara agar suara tidak bising?"
ask_first_aid_solution,"Setelah ganti bohlam lampu rem, sekarang malah indikator ABS yang menyala. Apa yang perlu saya reset?"
ask_first_aid_solution,"Saya salah memasukkan jenis oli transmisi. Apa yang harus saya lakukan secepatnya?"
ask_first_aid_solution,"Master, di knalpot saya keluar air saat mesin dipanaskan. Perlu tindakan apa?"
ask_first_aid_solution,"CD player di mobil saya macet, CD tidak mau keluar. Bagaimana cara mengeluarkannya paksa?"
ask_first_aid_solution,"Tutup tangki bensin saya hilang. Bagaimana cara menutupnya sementara agar aman?"
ask_first_aid_solution,"Suhu, mobil saya tidak bisa distarter tapi lampu-lampu menyala terang. Apa yang harus saya coba?"
ask_first_aid_solution,"Bagaimana cara membersihkan jamur di kaca mobil yang sudah parah?"
ask_first_aid_solution,"Motor saya terasa 'ngebuang' ke kiri. Bagaimana cara memeriksanya?"
ask_first_aid_solution,"Saat AC nyala, putaran mesin (RPM) jadi sangat rendah dan getar. Apa yang bisa saya setel?"
ask_first_aid_solution,"Saya dengar suara air gemericik dari area dashboard. Pertolongan pertamanya apa?"
ask_first_aid_solution,"Busi motor saya basah karena bensin. Bagaimana cara membersihkannya di tempat?"
ask_first_aid_solution,"Velg mobil saya baret karena trotoar. Bagaimana cara menyamarkannya sementara?"
ask_first_aid_solution,"Saat memutar kunci, hanya terdengar suara 'ngiiing' tapi mesin tidak berputar. Apa yang harus saya lakukan?"
ask_first_aid_solution,"Lampu interior mobil tidak mau mati saat dikunci. Bagaimana cara mengatasinya?"
ask_first_aid_solution,"Tali kopling motor saya putus di jalan. Adakah cara mengakali agar bisa jalan ke bengkel?"
ask_first_aid_solution,"Setelah terjemur panas, dashboard mobil saya menjadi lengket. Bagaimana cara membersihkannya?"
ask_first_aid_solution,"Cat mobil saya terkena getah pohon dan tidak bisa hilang. Bagaimana cara membersihkannya dengan aman?"
ask_first_aid_solution,"Terdengar bunyi 'jeduk' saat transmisi matic berpindah. Apa yang bisa saya lakukan untuk mengurangi efeknya?"
ask_first_aid_solution,"Bagaimana cara mengganti sekring audio yang putus?"
ask_first_aid_solution,"Aki motor saya baru, tapi starter elektrik tidak kuat, hanya bunyi 'cetek'. Bagaimana cara memeriksanya?"
ask_first_aid_solution,"Suhu, kap mesin mobil saya bergetar hebat saat kecepatan tinggi. Apa yang perlu saya kencangkan?"
ask_first_aid_solution,"Bodi motor saya baret dalam. Bagaimana cara menyamarkannya dengan compound?"
ask_first_aid_solution,"Posisi sedang di tanjakan, mobil manual saya mundur saat setengah kopling. Apa yang harus saya lakukan?"
ask_first_aid_solution,"Tekanan angin ban saya terlalu tinggi menurut indikator TPMS. Bagaimana cara menguranginya dengan benar?"
ask_first_aid_solution,"Koil motor saya terasa sangat panas saat dipegang. Apakah ini normal atau perlu tindakan?"
ask_first_aid_solution,"Sun visor mobil saya kendor dan tidak mau diam di posisinya. Bagaimana cara memperbaikinya?"
ask_first_aid_solution,"Bumper mobil saya renggang dengan bodi. Bagaimana cara merapatkannya kembali?"
ask_first_aid_solution,"Master, saya butuh pencerahan. Asap knalpot saya berbau sangit seperti oli terbakar. Apa langkah awal yang harus saya lakukan?"
ask_first_aid_solution,"Panel pintu (doortrim) saya bergetar dan menimbulkan bunyi. Bagaimana cara mengencangkannya?"
ask_first_aid_solution,"Saya tidak sengaja menumpahkan minuman manis di tuas transmisi. Apa yang harus saya lakukan untuk membersihkannya?"
ask_first_aid_solution,"Lampu plat nomor saya mati. Bagaimana cara mengganti bohlamnya?"
ask_first_aid_solution,"Air radiator saya keruh dan berwarna coklat. Apa tindakan pertama yang harus dilakukan?"
ask_first_aid_solution,"Saat belok patah, ada bunyi 'krek krek krek' dari roda depan. Apa yang perlu diperiksa?"
ask_first_aid_solution,"Saya kehilangan kunci mobil satu-satunya. Apa yang harus saya lakukan?"
ask_first_aid_solution,"Rem cakram motor saya macet, roda seret untuk berputar. Bagaimana cara melepaskannya?"
ask_first_aid_solution,"Indikator airbag di dashboard menyala terus. Apakah ada yang bisa saya reset?"
ask_first_aid_solution,"Saya baru saja melewati banjir, apa saja yang perlu saya periksa pada mobil saya sekarang?"
ask_first_aid_solution,"Tutup oli mesin saya retak. Bagaimana cara menambalnya sementara?"
ask_first_aid_solution,"Mohon bantuannya, bagaimana cara membersihkan kerak di terminal aki?"
ask_first_aid_solution,"Mesin mobil saya terasa 'ngelitik' saat akselerasi. Apa yang bisa saya lakukan sebagai pertolongan pertama?"
ask_first_aid_solution,"Kick starter motor saya macet/keras. Bagaimana cara melancarkannya?"
ask_first_aid_solution,"List karet kaca mobil saya getas dan sobek. Bagaimana cara menambalnya agar air tidak masuk?"
ask_first_aid_solution,"Warna minyak rem saya sudah keruh. Apa yang harus saya lakukan?"
ask_first_aid_solution,"Agan-agan, mobil saya mengeluarkan bunyi mendecit saat direm pelan. Perlu diapakan?"
ask_first_aid_solution,"Saat kunci dicabut, setir mobil terkunci dan tidak bisa digerakkan. Bagaimana cara membukanya?"
ask_first_aid_solution,"Mesin overheat di tengah kemacetan parah. Apa saja langkah-langkah darurat yang harus saya lakukan?"
ask_first_aid_solution,"Ban mobil saya kempes dan tidak ada kunci roda. Adakah cara alternatif membuka baut roda?"
ask_first_aid_solution,"Tiba-tiba, semua jarum di panel instrumen saya jatuh ke nol saat mobil berjalan. Apa yang harus saya periksa?"
ask_first_aid_solution,"Suara mesin mobil saya jadi lebih kasar dari biasanya. Apa yang bisa saya cek untuk sementara?"
ask_first_aid_solution,"Saya salah isi air radiator dengan air biasa, padahal seharusnya pakai coolant. Apa yang harus saya lakukan?"
ask_first_aid_solution,"Pedal kopling saya bergetar saat mulai mengangkat pedal. Apa yang perlu saya waspadai?"
ask_first_aid_solution,"Terdengar suara siulan dari turbo saat gas diinjak. Perlukah saya khawatir dan apa yang harus dicek?"
ask_first_aid_solution,"Lampu DRL (Daytime Running Light) saya mati sebelah. Bagaimana cara memperbaikinya?"
ask_first_aid_solution,"Bagaimana cara paling efektif menghilangkan bau rokok di dalam kabin mobil?"
ask_first_aid_solution,"Suspensi mobil saya terasa terlalu keras (jedak-jeduk). Adakah yang bisa disetel?"
ask_first_aid_solution,"Saat hujan deras, rem mobil terasa kurang pakem. Bagaimana cara mengeringkannya saat berkendara?"
ask_first_aid_solution,"Baut roda saya terlalu kencang dan tidak bisa dibuka. Adakah triknya?"
ask_first_aid_solution,"Lampu mundur saya menyala terus meskipun tuas transmisi di posisi netral. Bagaimana cara mengatasinya?"
ask_first_aid_solution,"Oli gardan mobil saya sepertinya rembes. Apa tindakan darurat yang bisa saya lakukan?"
ask_first_aid_solution,"Handle rem motor saya terasa keras. Apa yang perlu dilumasi?"
ask_first_aid_solution,"Bagaimana cara memasang kembali door trim yang lepas?"
ask_first_aid_solution,"Terjadi korsleting ringan dan sekring utama putus. Apa yang harus saya lakukan sebelum menggantinya?"
ask_first_aid_solution,"Suhu, bagaimana cara mengetahui apakah v-belt mobil perlu diganti atau hanya perlu dikencangkan?"
ask_first_aid_solution,"Kaca mobil saya terkena percikan las. Bagaimana cara menghilangkannya?"
ask_first_aid_solution,"Tuas sein tidak mau kembali otomatis setelah berbelok. Apa yang bisa saya perbaiki?"
ask_first_aid_solution,"Mobil saya tidak bisa distarter setelah alarm berbunyi. Bagaimana cara mereset sistem immobilizer?"
ask_first_aid_solution,"Saya menemukan kabel yang terkelupas di ruang mesin. Bagaimana cara mengisolasinya dengan aman untuk sementara?"
ask_first_aid_solution,"Pompa bensin (fuel pump) saya bunyi mendengung lebih keras dari biasanya. Apa tindakan preventif yang harus saya lakukan?"
ask_first_aid_solution,"Setelah ganti ban, mobil terasa narik ke satu sisi. Apa yang perlu saya cek?"
ask_first_aid_solution,"Bagaimana cara membersihkan throttle body motor injeksi secara darurat?"
ask_first_aid_solution,"Cat di atap mobil saya mulai kusam dan muncul bercak-bercak. Bagaimana cara merawatnya agar tidak menyebar?"
ask_first_aid_solution,"Tutup radiator saya hilang. Bisakah saya ganti dengan tutup merek lain untuk sementara?"
ask_first_aid_solution,"Suhu, mohon infonya. Bagaimana cara kerja dongkrak buaya yang benar dan aman?"
ask_first_aid_solution,"Indikator P/S (Power Steering) menyala. Apa yang harus saya periksa?"
ask_first_aid_solution,"Tercium bau gosong dari dalam kabin setelah menggunakan pemantik api mobil. Apa yang perlu saya periksa?"
ask_first_aid_solution,"Mobil saya bergetar saat pengereman di kecepatan tinggi. Apa yang harus saya lakukan?"
ask_first_aid_solution,"Bagaimana cara mengetahui level oli transmisi matic yang benar?"
ask_first_aid_solution,"Stang motor saya terasa goyang. Apa yang perlu saya kencangkan?"
ask_first_aid_solution,"Klakson saya mati total. Bagaimana cara memeriksa relay-nya?"
ask_first_aid_solution,"Jendela mobil saya berdecit saat dinaik-turunkan. Apa yang bisa saya semprotkan pada relnya?"
ask_first_aid_solution,"Saya akan meninggalkan mobil untuk waktu yang lama (lebih dari sebulan). Apa saja yang perlu saya persiapkan?"
ask_first_aid_solution,"Master, mobil saya tidak kuat menanjak sama sekali. Apa yang harus saya periksa di awal?"
ask_first_aid_solution,"Bagaimana cara menggunakan APAR (Alat Pemadam Api Ringan) di mobil jika terjadi kebakaran kecil di mesin?"
ask_first_aid_solution,"Lampu foglamp saya kemasukan air. Bagaimana cara mengeringkannya?"
ask_first_aid_solution,"Saya ingin mengganti ban sendiri, bagaimana urutan mengendurkan dan mengencangkan baut roda yang benar?"
ask_first_aid_solution,"Saat mobil diam dan mesin menyala, ada getaran yang terasa sampai ke setir. Apa yang bisa saya cek?"
ask_first_aid_solution,"Rem parkir elektrik saya tidak mau aktif/non-aktif. Adakah prosedur reset manualnya?"
ask_first_aid_solution,"Saya tidak sengaja menyenggol motor dan catnya menempel di bodi mobil saya. Bagaimana cara membersihkannya?"
ask_first_aid_solution,"Air pembuangan AC menetes ke dalam kabin. Bagaimana cara membersihkan salurannya?"
ask_first_aid_solution,"Mohon bantuannya, bagaimana cara membuka kap mesin yang macet? Tuas ditarik tapi tidak membuka."
ask_first_aid_solution,"Timing belt saya mengeluarkan bunyi berdecit. Apa pertolongan pertamanya?"
ask_first_aid_solution,"Bagaimana cara memeriksa kondisi shockbreaker dengan menekannya secara manual?"
ask_first_aid_solution,"Soket lighter di mobil saya mati. Bagaimana cara memeriksa sekringnya?"
ask_first_aid_solution,"Saya dengar ada suara 'tek tek tek' dari mesin saat idle. Apa yang harus saya lakukan?"
ask_first_aid_solution,"Pagi suhu, mobil saya Grand Livina, ada rembesan oli dari paking tutup klep. Penanganan sementaranya bagaimana ya?"
ask_first_aid_solution,"Agan-agan, motor NMAX saya gasnya tiba-tiba nyangkut di putaran tinggi. Apa yang harus saya lakukan pertama kali di jalan?"
ask_first_aid_solution,"Baru saja terjadi, indikator oli menyala kedip-kedip di dashboard Innova saya. Mohon petunjuk langkah apa yang harus diambil."
ask_first_aid_solution,"Posisi saya sedang touring, rem belakang motor saya tiba-tiba tidak pakem. Bagaimana cara setel daruratnya?"
ask_first_aid_solution,"Help, suhu. Mobil CR-V saya tiba-tiba mati saat melibas genangan, dan sekarang tidak mau hidup. Apa yang harus saya cek dulu?"
ask_first_aid_solution,"Tercium bau kabel gosong dari area sekring di bawah setir. Tindakan pengamanan pertama yang harus saya lakukan apa?"
ask_first_aid_solution,"Mohon pencerahannya, master. Kopling motor saya slip, tenaga mesin tidak tersalur sempurna. Apa yang bisa saya lakukan sementara?"
ask_first_aid_solution,"Dari bawah mobil Xpander saya, ada tetesan air bening banyak sekali padahal AC mati. Apa yang harus saya periksa?"
ask_first_aid_solution,"Lampu ABS dan lampu handrem menyala bersamaan. Apakah mobil masih aman untuk dikendarai pelan?"
ask_first_aid_solution,"Saat jalan pelan dan berbelok, terdengar bunyi 'duk duk duk' dari roda. Saya harus menepi dan memeriksa apa?"
ask_first_aid_solution,"Selamat malam, suhu. Rantai motor saya tiba-tiba putus di jalan. Bagaimana cara menyambungnya kembali untuk darurat?"
ask_first_aid_solution,"Pedal rem mobil Pajero saya amblas setelah melewati jalanan rusak. Mohon petunjuk pertolongan pertamanya."
ask_first_aid_solution,"Mobil Fortuner saya tidak bisa di-starter, hanya ada bunyi 'klik' kencang dari ruang mesin. Solusi awalnya bagaimana?"
ask_first_aid_solution,"Kipas radiator saya sepertinya mati, karena suhu mesin cepat sekali naik saat macet. Apa yang harus saya lakukan?"
ask_first_aid_solution,"Master, bagaimana prosedur yang benar untuk melakukan 'engine brake' pada mobil transmisi matic di turunan panjang?"
ask_first_aid_solution,"Lampu check engine motor PCX saya menyala. Adakah cara untuk membaca kode kedipannya secara manual?"
ask_first_aid_solution,"Terdengar suara ngorok dari intake manifold saat akselerasi. Langkah pengecekan awal seperti apa?"
ask_first_aid_solution,"Saya menemukan ada robekan pada selang radiator bagian atas. Bagaimana cara menambalnya untuk sementara?"
ask_first_aid_solution,"Kunci remote mobil saya jatuh ke air. Apa yang harus saya lakukan agar tidak rusak permanen?"
ask_first_aid_solution,"Suhu, mobil saya terjebak di parkiran sempit dan aki soak. Apakah aman melakukan jumper aki dengan posisi mobil berdekatan?"
ask_first_aid_solution,"Agan-agan, saat hujan kaca depan bagian dalam mobil saya berembun parah. Bagaimana cara menghilangkannya dengan cepat?"
ask_first_aid_solution,"Setelah ganti velg, setir mobil saya jadi bergetar. Apakah ada yang bisa saya lakukan selain balancing?"
ask_first_aid_solution,"Minyak rem di tabung reservoir berkurang drastis. Apa yang harus saya periksa pertama kali untuk mencari bocornya?"
ask_first_aid_solution,"Karet support shockbreaker saya sepertinya pecah, ada bunyi 'gluduk' saat setir dibelokkan. Apa tindakan daruratnya?"
ask_first_aid_solution,"Tuas transmisi mobil manual saya terasa sangat keras dan sulit digerakkan. Apa yang bisa saya coba lakukan?"
ask_first_aid_solution,"Mohon pencerahannya, knalpot motor saya mengeluarkan asap hitam dan busi cepat mati. Apa yang perlu disetel?"
ask_first_aid_solution,"Pintu geser (sliding door) mobil saya seret dan tidak lancar. Apa yang perlu saya lumasi?"
ask_first_aid_solution,"Indikator suhu di motor Aerox saya tiba-tiba full bar. Apa yang harus saya lakukan segera?"
ask_first_aid_solution,"Saya menabrak lubang dengan keras, sekarang mobil terasa miring. Apa yang harus saya periksa di bagian suspensi?"
ask_first_aid_solution,"Bagaimana cara aman untuk memeriksa level oli mesin saat mesin masih dalam kondisi panas?"
ask_first_aid_solution,"Lampu jauh saya menyala terus dan tidak bisa dimatikan. Bagaimana cara mengatasinya darurat?"
ask_first_aid_solution,"Saya mencium bau amis di dalam kabin, sepertinya dari air radiator yang bocor. Langkah penanganannya bagaimana?"
ask_first_aid_solution,"Master, mobil saya tidak bisa digas, pedal gas diinjak tapi RPM tidak naik. Apa yang harus saya periksa?"
ask_first_aid_solution,"Terjadi kebocoran pada selang power steering. Apakah boleh saya tambahkan oli power steering merek lain untuk sementara?"
ask_first_aid_solution,"Rem tangan mobil saya terlalu tinggi, sudah ditarik maksimal tapi mobil masih bisa jalan. Bagaimana cara menyetelnya?"
ask_first_aid_solution,"Tolong, ban motor tubeless saya tertusuk paku besar. Apakah lebih baik dicabut atau dibiarkan saja sampai ke tukang tambal ban?"
ask_first_aid_solution,"Saat mesin menyala, terdengar suara gesekan dari area kopling. Apa yang harus saya lakukan?"
ask_first_aid_solution,"Lampu proyektor mobil saya sinarnya menjadi tidak fokus. Adakah yang bisa saya setel sendiri?"
ask_first_aid_solution,"Suhu, bagaimana cara mengetahui apakah oli mesin mobil saya tercampur air?"
ask_first_aid_solution,"Karet engine mounting saya sepertinya sudah rusak, getaran mesin sangat terasa di kabin. Apa ada solusi sementaranya?"
ask_first_aid_solution,"Saya ingin membuka busi mobil, tapi tidak punya kunci busi. Adakah alat alternatif yang bisa digunakan?"
ask_first_aid_solution,"Agan-agan, bagaimana cara menghilangkan noda aspal yang menempel di bodi mobil bagian bawah?"
ask_first_aid_solution,"Wiper belakang mobil saya macet, tidak mau bergerak. Bagaimana cara memeriksa motor atau sekringnya?"
ask_first_aid_solution,"Tiba-tiba, tarikan mesin terasa sangat berat seolah ada yang menahan. Langkah pertama pengecekannya apa?"
ask_first_aid_solution,"Donat atau karet gantungan knalpot saya putus. Bagaimana cara mengikatnya sementara agar knalpot tidak jatuh?"
ask_first_aid_solution,"Saya kesulitan memasukkan gigi mundur pada mobil manual saya. Apa yang bisa saya coba?"
ask_first_aid_solution,"Headrest kursi mobil saya macet, tidak bisa dinaik-turunkan. Bagaimana cara memperbaikinya?"
ask_first_aid_solution,"Master, saya sedang di pedalaman, busi motor saya mati total. Adakah cara membersihkan atau memperbaikinya untuk sementara?"
ask_first_aid_solution,"Velg racing mobil saya retak rambut setelah menghantam lubang. Apa yang harus saya lakukan untuk mencegah retaknya menjalar?"
ask_first_aid_solution,"Saya baru saja membeli mobil bekas, bagaimana cara memeriksa apakah mobil pernah terendam banjir?"
ask_first_aid_solution,"Suhu, tabung knalpot saya penyok karena terbentur. Apakah berpengaruh pada performa dan bagaimana cara mengatasinya?"
ask_first_aid_solution,"Mohon bantuannya, bagaimana cara aman membersihkan ruang mesin mobil yang sangat kotor dan berdebu?"
ask_first_aid_solution,"Tercium bau seperti kopling gosong saat di tanjakan. Apa yang harus saya lakukan untuk mendinginkannya?"
ask_first_aid_solution,"Agan-agan, injector motor saya sepertinya tersumbat. Adakah cara membersihkannya tanpa harus ke bengkel?"
ask_first_aid_solution,"Lampu rem tambahan (third brake light) saya mati. Bagaimana cara mengakses dan mengganti bohlamnya?"
ask_first_aid_solution,"Setelah parkir di bawah pohon, mobil saya penuh dengan kotoran burung. Bagaimana cara membersihkannya yang benar agar tidak merusak cat?"
ask_first_aid_solution,"Final gear motor matic saya mengeluarkan suara kasar. Apa yang perlu saya periksa atau tambahkan?"
ask_first_aid_solution,"Bagaimana cara membedakan suara kerusakan pada CV joint (as kopel) dengan kerusakan laher roda?"
ask_first_aid_solution,"Saya ingin melakukan engine flush sendiri. Mohon petunjuk langkah-langkah yang aman dan benar."
ask_first_aid_solution,"Pagi suhu, mobil diesel saya susah hidup di pagi hari. Apa langkah pertama yang harus saya cek, busi pemanas atau yang lain?"
ask_first_aid_solution,"Setelah mengganti aki, jam dan setelan audio di mobil saya ter-reset. Bagaimana cara menyetelnya kembali?"
ask_first_aid_solution,"Tutup dop velg mobil saya hilang satu. Adakah solusi alternatif agar tidak terlihat aneh?"
ask_first_aid_solution,"Motor saya jatuh dan stangnya bengkok. Bagaimana cara meluruskannya kembali secara darurat?"
ask_first_aid_solution,"Saya menemukan ada oli di dalam filter udara mobil saya. Apa tindakan pertama yang harus saya lakukan?"
ask_first_aid_solution,"Tombol start/stop engine mobil saya tidak merespon. Apa yang harus saya coba lakukan?"
ask_first_aid_solution,"Mohon infonya, bagaimana cara menguras tangki bensin motor yang kemasukan air?"
ask_first_aid_solution,"Master, mobil saya mogok di perlintasan kereta api. Bagaimana cara evakuasi darurat yang paling cepat?"
ask_first_aid_solution,"min mobilku mogok. diapain ya enaknya?"
ask_first_aid_solution,"pagi min, indikator suhu nyala merah. mobil sy berasap. hrs gmn?"
ask_first_aid_solution,"gan ban sy bocor di tol. langkah prtama apa ya?"
ask_first_aid_solution,"rem sy mendadak blong. cara berhentiin mobilnya gmn ya?"
ask_first_aid_solution,"bos, ada oli netes di bawah msin. bs diakalin sementara ga?"
ask_first_aid_solution,"ada suara kletak kletak dari mesin, sy matiin aja atau gmn?"
ask_first_aid_solution,"min aki sy soak kayanya, starter ga ngangkat. solusinya?"
ask_first_aid_solution,"mobil abis nerobos banjir trs mati. cek apanya dulu ya?"
ask_first_aid_solution,"matic sy jedug pas pindah gigi. diapain ya min?"
ask_first_aid_solution,"stir nya tba2 berat bgt. hrs cek apa?"
ask_first_aid_solution,"min, bau angus masuk ke kabin. sy hrs gmn skrg?"
ask_first_aid_solution,"kok bau bensin ya di mobil? aman ga nih?"
ask_first_aid_solution,"gan mobil geter bgt klo kenceng. diapain ya?"
ask_first_aid_solution,"ada air ijo netes dari bawah. itu diapain ya min?"
ask_first_aid_solution,"rem tangan sy macet ga mau turun. ada triknya ga?"
ask_first_aid_solution,"ac mobil kok panas ya? pdhl udh full. diapain?"
ask_first_aid_solution,"wipernya mati pas ujan. gmn ya biar aman?"
ask_first_aid_solution,"bro, pintu mobil ga bisa dikunci. solusinya?"
ask_first_aid_solution,"motor saya mati total, listrik ga ada. cek apanya?"
ask_first_aid_solution,"koplingnya ngelos min. ga bisa masuk gigi. daruratnya gmn?"
ask_first_aid_solution,"min ada suara ngiiiing dari mesin. diapain?"
ask_first_aid_solution,"kunci mobil macet ga bisa diputer. tolong solusinya."
ask_first_aid_solution,"mbl sy kejebak lumpur. gmn cara kluarinnya?"
ask_first_aid_solution,"lampu depan mati sebelah. cek sekringnya gmn?"
ask_first_aid_solution,"air aki kurang, diisi air biasa dulu boleh ga?"
ask_first_aid_solution,"klaksonnya serek min. diapain biar bener lg?"
ask_first_aid_solution,"power window macet kebuka. cara nutupnya paksa gmn?"
ask_first_aid_solution,"salah isi bensin oktannya lebih rendah. hrs diapain mblnya?"
ask_first_aid_solution,"cek enjin nyala. boleh jalan jauh ga?"
ask_first_aid_solution,"ada bunyi gluduk2 di kolong. cek apa ya?"
ask_first_aid_solution,"ban serep jg kempes. ada cara nambal sndiri ga?"
ask_first_aid_solution,"asap knalpot item bgt. diapain ya min?"
ask_first_aid_solution,"handle pintu dalem patah. gmn cara bukanya?"
ask_first_aid_solution,"klo mobil matic mogok, dereknya gmn yg bener?"
ask_first_aid_solution,"fan belt putus di jalan. harus ngapain skrg?"
ask_first_aid_solution,"knalpot motor bocor, brisik bgt. ngakalinnya gmn?"
ask_first_aid_solution,"lampu sein kedipnya cepet bgt. setelnya gmn?"
ask_first_aid_solution,"mobil matic ga bisa pindah dari P. cara netralinnya gmn?"
ask_first_aid_solution,"ada air netes dari plafon pas ujan. solusinya?"
ask_first_aid_solution,"min indikator oli kedip2. cek apanya?"
ask_first_aid_solution,"pedal gas nya nyangkut. diapain ya?"
ask_first_aid_solution,"baut roda patah satu. msh aman jalan pelan ga?"
ask_first_aid_solution,"tutup tangki bensin gamau kebuka. cara bukanya gmn?"
ask_first_aid_solution,"alarm bunyi trs ga bisa mati. gmn cara matiinnya?"
ask_first_aid_solution,"min, mesin ga panas tp ac nya panas. knp ya?"
ask_first_aid_solution,"rante motor kendor. cara kencenginnya gmn?"
ask_first_aid_solution,"ada embun di dalem lampu. ilanginnya gmn?"
ask_first_aid_solution,"lampu rem mati smua. cek sikringnya gmn?"
ask_first_aid_solution,"kap mesin ga bisa nutup rapet. diapain ya?"
ask_first_aid_solution,"aki tekor di basement. cara jumper yg bener gmn?"
ask_first_aid_solution,"rem nya dalem bgt baru gigit. pertolongan pertamanya apa?"
ask_first_aid_solution,"pedal kopling geter pas diinjek. hrs diapain?"
ask_first_aid_solution,"lampu kabin nyala trs. matiinnya gmn?"
ask_first_aid_solution,"oli power steering bocor min. daruratnya gmn?"
ask_first_aid_solution,"head unit mati total. cek apanya dulu?"
ask_first_aid_solution,"bemper mobil penyok dikit. cara benerin smentara gmn?"
ask_first_aid_solution,"karet wiper sobek. ada triknya ga biar bersih?"
ask_first_aid_solution,"sensor parkir ga bunyi. cek apanya ya?"
ask_first_aid_solution,"gas motor seret. apa yg perlu dilumasin?"
ask_first_aid_solution,"vanbelt ac bunyi cit cit. disemprot apa ya biar ilang?"
ask_first_aid_solution,"knalpot bau telor busuk. hrs diapain?"
ask_first_aid_solution,"abis kena lubang, stir jd miring. cek apaan ya?"
ask_first_aid_solution,"sokbreker blakang amblas. bs disetel ga?"
ask_first_aid_solution,"air radiator di tabung cadangan cpt abis. cek apa dulu?"
ask_first_aid_solution,"lampu hazard nyala trs ga mau mati. gmn cara stopnya?"
ask_first_aid_solution,"kunci ketinggalan di dalem. cara buka tanpa rusak gmn?"
ask_first_aid_solution,"kalo setir dibelokin mentok bunyi nging. diapain ya?"
ask_first_aid_solution,"air muncrat dari tutup radiator. nanganinnya gmn yg aman?"
ask_first_aid_solution,"tarikan motor matic jd berat. bs dicek apa di jalan?"
ask_first_aid_solution,"velg mobil peyang. ada penanganan daruratnya ga?"
ask_first_aid_solution,"selang rem motor bocor. pertolongan pertamanya gmn?"
ask_first_aid_solution,"lampu spidometer mati. cek apanya ya?"
ask_first_aid_solution,"jok mobil macet ga bisa maju mundur. benerinnya gmn?"
ask_first_aid_solution,"mobil ga mau idup, cm bunyi cetek2. diapain min?"
ask_first_aid_solution,"baru ganti aki tp kok lampu indikatornya msh nyala. cek apa lg?"
ask_first_aid_solution,"stir digerakin dikit bunyi kletak. hrs gmn?"
ask_first_aid_solution,"kaca film gelembung. ngerapihinnya sementara gmn?"
ask_first_aid_solution,"kampas rem motor abis, bunyi besi gesekan. gmn biar aman smpe bengkel?"
ask_first_aid_solution,"tutup pentil ilang. ngaruh ga? hrs diapain?"
ask_first_aid_solution,"air wiper ga kluar, pdhl penuh. cek apanya?"
ask_first_aid_solution,"antena radio patah. biar dpt sinyal lg gmn?"
ask_first_aid_solution,"knop transmisi matic oblak. ngencenginnya gmn?"
ask_first_aid_solution,"gan, mobil keluar asep biru tipis pas pagi. perlu diapain?"
ask_first_aid_solution,"ada suara gemuruh dari roda depan pas ngebut. cek apa ya?"
ask_first_aid_solution,"baut oli rembes. cara ngencengin darurat gmn?"
ask_first_aid_solution,"lampu mundur nyala sebelah. benerinnya gmn?"
ask_first_aid_solution,"abis isi nitrogen ban jd keras bgt. gmn ya?"
ask_first_aid_solution,"laci mobil ga bisa ditutup. benerinnya gmn?"
ask_first_aid_solution,"spion tengah kendor. ngencenginnya gmn?"
ask_first_aid_solution,"karpet mobil basah abis ujan. nyari bocornya gmn?"
ask_first_aid_solution,"pemanas kaca blakang ga fungsi. cek apaan?"
ask_first_aid_solution,"seatbelt macet gabisa ditarik. solusinya?"
ask_first_aid_solution,"motor goyang pas belok. cek apanya ya?"
ask_first_aid_solution,"min abis nabrak kucing. apa yg perlu dicek di kolong?"
ask_first_aid_solution,"bagasi ga bisa dibuka dari dalem. ada cara laen?"
ask_first_aid_solution,"indikator bensin error. kira2 sisa bensin gmn?"
ask_first_aid_solution,"kompresor ac bunyi kasar. ac nya dimatiin aja atau gmn?"
ask_first_aid_solution,"cara reset ecu manual gmn ya abis ganti aki?"
ask_first_aid_solution,"klo ngerem stir geter. langkah pertamanya apa?"
ask_first_aid_solution,"mesin diesel masuk angin. cara buang anginnya gmn?"
ask_first_aid_solution,"footstep motor bengkok. lurusinnya gmn?"
ask_first_aid_solution,"lampu jauhnya ga nyala. cek apanya dulu?"
ask_first_aid_solution,"ada sarang tikus di mesin. bersihinnya gmn yg aman?"
ask_first_aid_solution,"oli mesin item bgt. perlu diapain?"
ask_first_aid_solution,"gas motor matic nyangkut. daruratnya gmn?"
ask_first_aid_solution,"ban mobil benjol. bahaya ga? hrs lgsg diapain?"
ask_first_aid_solution,"tuas kursi macet. benerinnya gmn?"
ask_first_aid_solution,"mesin dingin bunyi cit cit cit. cek apa ya?"
ask_first_aid_solution,"mobil mogok di banjir. hrs diapain biar ga parah?"
ask_first_aid_solution,"boot as roda sobek. diakalin sementara gmn?"
ask_first_aid_solution,"knalpot mobil bocor suaranya berisik. nambalnya gmn?"
ask_first_aid_solution,"abis ganti bohlam rem, indikator abs nyala. diapain?"
ask_first_aid_solution,"salah masukin oli transmisi. hrs diapain cpt?"
ask_first_aid_solution,"knalpot kluar air pas pagi. normal ga? perlu diapain?"
ask_first_aid_solution,"cd di mobil macet ga mau kluar. ngeluarinnya gmn?"
ask_first_aid_solution,"tutup tangki bensin ilang. nutupnya pke apa ya?"
ask_first_aid_solution,"mobil ga mau stater tp lampu nyala. diapain ya?"
ask_first_aid_solution,"cara ilangin jamur kaca gmn?"
ask_first_aid_solution,"motor sy rasanya miring ke kiri. cek apanya?"
ask_first_aid_solution,"pas ac nyala rpm drop. setelannya gmn?"
ask_first_aid_solution,"denger suara air di dashboard. diapain ya?"
ask_first_aid_solution,"busi motor basah. bersihinnya gmn?"
ask_first_aid_solution,"velg baret kena trotoar. nyamarinnya gmn?"
ask_first_aid_solution,"kunci kontak cm bunyi nging, mesin ga muter. diapain?"
ask_first_aid_solution,"lampu dalem mbl ga mau mati. solusinya?"
ask_first_aid_solution,"tali kopling motor putus. bisa diakalin ga?"
ask_first_aid_solution,"dashboard lengket abis kejemur. bersihinnya pake apa?"
ask_first_aid_solution,"cat kena getah pohon. cara ilanginnya gmn?"
ask_first_aid_solution,"matic bunyi jeduk pas pindah gigi. nguranginnya gmn?"
ask_first_aid_solution,"ganti sekring audio gmn caranya?"
ask_first_aid_solution,"aki motor baru tp stater lemah. cek apalagi?"
ask_first_aid_solution,"kap mesin geter pas kenceng. apanya yg dikencengin?"
ask_first_aid_solution,"bodi motor baret. cara ilanginnya gmn?"
ask_first_aid_solution,"mobil mundur di tanjakan pas stengah kopling. hrs gmn?"
ask_first_aid_solution,"tekenan ban ketinggian. nguranginnya gmn?"
ask_first_aid_solution,"koil motor panas bgt. normal ga?"
ask_first_aid_solution,"sun visor kendor. benerinnya gmn?"
ask_first_aid_solution,"bemper mobil renggang. cara ngerapetinnya gmn?"
ask_first_aid_solution,"min, knalpot bau oli kebakar. langkah awalnya apa?"
ask_first_aid_solution,"doortrim geter, berisik. ngencenginnya gmn?"
ask_first_aid_solution,"abis numpahin kopi di tuas matic. bersihinnya gmn?"
ask_first_aid_solution,"lampu plat nomer mati. ganti bolamnya gmn?"
ask_first_aid_solution,"air radiator coklat. tindakan pertamanya apa?"
ask_first_aid_solution,"pas belok bunyi krek krek. cek apa ya?"
ask_first_aid_solution,"kunci mobil ilang satu2nya. hrs gmn?"
ask_first_aid_solution,"rem cakram macet, roda seret. cara lepasinnya gmn?"
ask_first_aid_solution,"indikator airbag nyala trs. bs direset ga?"
ask_first_aid_solution,"min abis lewat banjir. apa aja yg perlu dicek skrg?"
ask_first_aid_solution,"tutup oli mesin retak. nambal smentara gmn?"
ask_first_aid_solution,"cara bersihin kerak di kepala aki gmn?"
ask_first_aid_solution,"mesin ngelitik pas digas. pertolongan pertamanya apa?"
ask_first_aid_solution,"kick starter motor keras. ngelancarinnya gmn?"
ask_first_aid_solution,"karet kaca sobek. nambalnya gmn biar air ga masuk?"
ask_first_aid_solution,"minyak rem warnanya butek. hrs diapain?"
ask_first_aid_solution,"mobil bunyi cit cit pas ngerem. diapain ya?"
ask_first_aid_solution,"setir kekunci pas kunci dicabut. cara bukanya gmn?"
ask_first_aid_solution,"mesin overheat pas macet. langkah daruratnya apa aja?"
ask_first_aid_solution,"ban kempes tp ga ada kunci roda. cara buka bautnya gmn?"
ask_first_aid_solution,"jarum spido dll mati semua pas jalan. cek apa ya?"
ask_first_aid_solution,"suara mesin jd kasar. cek apa ya sementara?"
ask_first_aid_solution,"salah isi radiator pake air biasa. hrs diapain?"
ask_first_aid_solution,"pedal kopling geter pas dilepas. hrs gmn?"
ask_first_aid_solution,"ada suara siul dari turbo. perlu khawatir ga?"
ask_first_aid_solution,"lampu DRL mati sebelah. benerinnya gmn?"
ask_first_aid_solution,"cara efektif ilangin bau rokok di mobil gmn?"
ask_first_aid_solution,"suspensi keras bgt. ada yg bs disetel ga?"
ask_first_aid_solution,"rem kurang pakem pas ujan. ngeringinnya gmn?"
ask_first_aid_solution,"baut roda kekencengan. ada trik bukanya ga?"
ask_first_aid_solution,"lampu mundur nyala trs. benerinnya gmn?"
ask_first_aid_solution,"oli gardan rembes. tindakan daruratnya apa?"
ask_first_aid_solution,"handle rem motor keras. yg dilumasin apanya?"
ask_first_aid_solution,"cara masang lg doortrim yg copot gmn?"
ask_first_aid_solution,"ada korslet, sekring utama putus. sblm ganti hrs gmn?"
ask_first_aid_solution,"gan, vbelt perlu ganti atau kencengin aja? cara taunya gmn?"
ask_first_aid_solution,"kaca kena percikan las. ilanginnya gmn?"
ask_first_aid_solution,"tuas sein ga balik otomatis. diapain ya?"
ask_first_aid_solution,"mobil ga mau stater abis alarm bunyi. resetnya gmn?"
ask_first_aid_solution,"ada kabel kelupas di mesin. ngisolasinya gmn?"
ask_first_aid_solution,"fuel pump bunyinya kenceng. hrs diapain?"
ask_first_aid_solution,"abis ganti ban mobil jd narik ke kiri. cek apanya?"
ask_first_aid_solution,"cara bersihin throttle body motor darurat gmn?"
ask_first_aid_solution,"cat atap mobil kusam. ngerawatnya gmn?"
ask_first_aid_solution,"tutup radiator ilang. pake merek laen dl boleh ga?"
ask_first_aid_solution,"cara pake dongkrak yg bener gmn?"
ask_first_aid_solution,"indikator power steering nyala. cek apa ya?"
ask_first_aid_solution,"bau gosong abis pake pemantik rokok. cek apa?"
ask_first_aid_solution,"mobil geter pas ngerem kenceng. hrs gmn?"
ask_first_aid_solution,"cara cek level oli matic gmn?"
ask_first_aid_solution,"stang motor goyang. apanya yg dikencengin?"
ask_first_aid_solution,"klakson mati. cek relaynya gmn?"
ask_first_aid_solution,"kaca jendela bunyi pas naik turun. disemprot apa?"
ask_first_aid_solution,"mau ninggalin mobil sebulan. siapin apa aja?"
ask_first_aid_solution,"min mobil ga kuat nanjak. cek apanya dulu?"
ask_first_aid_solution,"cara pake apar di mobil gmn klo mesin kebakar?"
ask_first_aid_solution,"foglamp kemasukan air. ngeringinnya gmn?"
ask_first_aid_solution,"mau ganti ban, urutan buka bautnya gmn?"
ask_first_aid_solution,"mesin nyala geter sampe stir. cek apa ya?"
ask_first_aid_solution,"rem parkir elektrik macet. ada reset manualnya ga?"
ask_first_aid_solution,"cat mobil kena cat motor. bersihinnya gmn?"
ask_first_aid_solution,"air ac netes ke dalem. bersihin salurannya gmn?"
ask_first_aid_solution,"kap mesin macet ga bisa dibuka. solusinya?"
ask_first_aid_solution,"timing belt bunyi decit. pertolongan pertamanya apa?"
ask_first_aid_solution,"cara cek shockbreaker manual gmn?"
ask_first_aid_solution,"colokan lighter mati. cek sekring gmn?"
ask_first_aid_solution,"mesin bunyi tek tek tek pas diem. hrs gmn?"
ask_first_aid_solution,"min, mbl grand livina, oli netes dari paking klep. sementara diapain?"
ask_first_aid_solution,"gan nmax saya gasnya nyangkut. hrs gmn di jalan?"
ask_first_aid_solution,"indikator oli innova kedip2. langkahnya apa?"
ask_first_aid_solution,"lagi turing, rem blakang motor ga pakem. setelnya gmn?"
ask_first_aid_solution,"crv mati abis lewat genangan. cek apa dulu?"
ask_first_aid_solution,"bau kabel gosong dari bawah setir. pengamanannya gmn?"
ask_first_aid_solution,"kopling motor selip. diakalin sementara gmn?"
ask_first_aid_solution,"bawah xpander netes air banyak, ac mati. cek apa?"
ask_first_aid_solution,"lampu abs sama handrem nyala bareng. msh aman jalan ga?"
ask_first_aid_solution,"pas belok pelan bunyi duk duk. cek apa ya?"
ask_first_aid_solution,"min, rante motor putus. cara nyambungnya darurat gmn?"
ask_first_aid_solution,"pedal rem pajero amblas. pertolongan pertamanya gmn?"
ask_first_aid_solution,"fortuner cm bunyi klik pas distater. solusinya?"
ask_first_aid_solution,"kipas radiator mati, suhu cpt naik. hrs gmn?"
ask_first_aid_solution,"cara engine brake mobil matic gmn?"
ask_first_aid_solution,"check engine pcx nyala. baca kedipannya gmn?"
ask_first_aid_solution,"suara ngorok dari mesin pas digas. cek apanya?"
ask_first_aid_solution,"selang radiator atas robek. nambalnya sementara gmn?"
ask_first_aid_solution,"kunci remote jatoh ke air. hrs diapain?"
ask_first_aid_solution,"aki soak di parkiran sempit. jumper nya gmn?"
ask_first_aid_solution,"kaca depan ngembun parah pas ujan. ilanginnya gmn?"
ask_first_aid_solution,"abis ganti velg stir geter. diapain selain balancing?"
ask_first_aid_solution,"minyak rem kurang banyak. cari bocornya gmn?"
ask_first_aid_solution,"karet support shock pecah. daruratnya gmn?"
ask_first_aid_solution,"tuas gigi manual keras bgt. diapain ya?"
ask_first_aid_solution,"knalpot motor asepnya item, busi cpt mati. diapain?"
ask_first_aid_solution,"pintu geser mobil seret. yg dilumasin apanya?"
ask_first_aid_solution,"indikator suhu aerox mentok kanan. lgsg diapain?"
ask_first_aid_solution,"abis hajar lubang mobil jd miring. cek apanya?"
ask_first_aid_solution,"cara cek oli mesin pas msh panas gmn?"
ask_first_aid_solution,"lampu jauh nyala trs. matiin darurat gmn?"
ask_first_aid_solution,"bau amis di kabin, kayanya air radiator. diapain?"
ask_first_aid_solution,"mobil ga bisa digas, rpm ga naik. cek apa?"
ask_first_aid_solution,"selang power steering bocor. boleh tambah oli beda merek?"
ask_first_aid_solution,"rem tangan ketinggian. cara nyetelnya gmn?"
ask_first_aid_solution,"ban tubeless ketusuk paku. cabut atau biarin aja?"
ask_first_aid_solution,"ada suara gesekan dari kopling. hrs diapain?"
ask_first_aid_solution,"lampu proyektor sinarnya aneh. bs disetel sendiri?"
ask_first_aid_solution,"cara tau oli kecampur air gmn?"
ask_first_aid_solution,"engine mounting rusak, geter bgt. solusi smentara?"
ask_first_aid_solution,"mau buka busi tp ga ada kuncinya. pake apa ya?"
ask_first_aid_solution,"cara ilangin noda aspal di bodi gmn?"
ask_first_aid_solution,"wiper blakang macet. cek motor/sekringnya gmn?"
ask_first_aid_solution,"tarikan mesin berat bgt. cek apanya dulu?"
ask_first_aid_solution,"gantungan knalpot putus. ngiketnya pake apa?"
ask_first_aid_solution,"susah masuk gigi mundur. coba diapain ya?"
ask_first_aid_solution,"headrest macet. benerinnya gmn?"
ask_first_aid_solution,"min, busi motor mati total di jalan. bisa dibersihin/diakalin ga?"
ask_first_aid_solution,"velg mobil retak. biar ga nambah parah diapain?"
ask_first_aid_solution,"gan, cara cek mobil bekas banjir gmn ya?"
ask_first_aid_solution,"knalpot penyok. benerinnya gmn?"
ask_first_aid_solution,"mau bersihin ruang mesin yg kotor bgt. caranya gmn?"
ask_first_aid_solution,"bau kopling gosong di tanjakan. ngademinnya gmn?"
ask_first_aid_solution,"injektor motor mampet. bs dibersihin sendiri?"
ask_first_aid_solution,"lampu rem atas mati. ganti bohlamnya gmn?"
ask_first_aid_solution,"mobil kena kotoran burung, bersihinnya gmn biar cat aman?"
ask_first_aid_solution,"gardan matic bunyi kasar. cek/tambah apa ya?"
ask_first_aid_solution,"bedain suara as kopel rusak sama laher gmn?"
ask_first_aid_solution,"mau engine flush sendiri. langkahnya gmn?"
ask_first_aid_solution,"mobil diesel susah idup pagi2. cek apanya dulu?"
ask_first_aid_solution,"abis ganti aki, jam sama radio kereset. setelnya gmn?"
ask_first_aid_solution,"dop velg ilang. diakalin pake apa ya?"
ask_first_aid_solution,"stang motor bengkok abis jatoh. lurusinnya gmn?"
ask_first_aid_solution,"ada oli di filter udara. hrs diapain?"
ask_first_aid_solution,"tombol start stop ga respon. coba diapain?"
ask_first_aid_solution,"gan, cara kuras tangki bensin motor yg kemasukan air gmn?"
ask_first_aid_solution,"mobil mogok di rel kereta. cara evakuasi plg cepet gmn?"
