ask_possible_cause,Apa yang menyebabkan mesin mobil saya sulit dihidupkan?
ask_possible_cause,Kenapa motor saya susah nyala pas pagi?
ask_possible_cause,Apa penyebab mobil saya getar pas jalan pelan?
ask_possible_cause,Mengapa ban motor saya cepat habis?
ask_possible_cause,Apa yang bikin rem mobil saya bunyi berdecit?
ask_possible_cause,Kenapa AC mobil saya ga dingin sama sekali?
ask_possible_cause,Apa penyebab lampu depan motor saya redup?
ask_possible_cause,Mengapa mobil saya boros bensin akhir-akhir ini?
ask_possible_cause,Kenapa mesin motor saya overheat pas macet?
ask_possible_cause,Apa yang menyebabkan setir mobil saya berat?
ask_possible_cause,Kenapa mobil saya tarik ke kiri pas ngerem?
ask_possible_cause,Apa penyebab motor saya bunyi ketuk-ketuk dari mesin?
ask_possible_cause,Mengapa knalpot mobil saya keluar asap putih?
ask_possible_cause,Kenapa lampu dashboard mobil saya nyala terus?
ask_possible_cause,Apa yang bikin motor saya susah masuk gigi?
ask_possible_cause,Kenapa ban mobil saya kempes terus padahal baru diisi?
ask_possible_cause,Apa penyebab mobil saya bunyi gluduk dari kolong?
ask_possible_cause,Mengapa motor saya goyang pas ngebut?
ask_possible_cause,Kenapa mesin mobil saya mati mendadak pas jalan?
ask_possible_cause,Apa yang menyebabkan AC mobil saya bau apek?
ask_possible_cause,Kenapa motor saya bunyi aneh dari rem?
ask_possible_cause,Apa penyebab lampu sein mobil saya ga nyala?
ask_possible_cause,Mengapa mobil saya susah pindah gigi?
ask_possible_cause,Kenapa mesin motor saya bunyi ngorok pas idle?
ask_possible_cause,Apa yang bikin ban motor saya licin di jalan basah?
ask_possible_cause,Kenapa mobil saya getar hebat pas ngebut di tol?
ask_possible_cause,Apa penyebab motor saya boros oli?
ask_possible_cause,Mengapa lampu rem mobil saya ga nyala?
ask_possible_cause,Kenapa mesin mobil saya bunyi tik-tik pas start?
ask_possible_cause,Apa yang menyebabkan motor saya susah distarter?
ask_possible_cause,Kenapa mobil saya tarik ke kanan pas jalan lurus?
ask_possible_cause,Apa penyebab ban mobil saya aus sebelah?
ask_possible_cause,Mengapa motor saya bunyi kletak dari rantai?
ask_possible_cause,Kenapa AC mobil saya dingin cuma sebentar?
ask_possible_cause,Apa yang bikin mesin motor saya bunyi kasar?
ask_possible_cause,Kenapa mobil saya bunyi kretek pas belok?
ask_possible_cause,Apa penyebab lampu dashboard motor saya nyala tanda check engine?
ask_possible_cause,Mengapa motor saya bunyi ngiung dari mesin?
ask_possible_cause,Kenapa ban mobil saya bunyi decit pas jalan pelan?
ask_possible_cause,Apa yang menyebabkan mobil saya susah nyala pas hujan?
ask_possible_cause,Kenapa motor saya bunyi klotok dari knalpot?
ask_possible_cause,Apa penyebab rem motor saya blong pas di tanjakan?
ask_possible_cause,Mengapa mesin mobil saya bunyi kletuk pas digas?
ask_possible_cause,Kenapa lampu depan mobil saya mati sebelah?
ask_possible_cause,Apa yang bikin motor saya bunyi aneh dari shockbreaker?
ask_possible_cause,Kenapa mobil saya bunyi berisik dari ban?
ask_possible_cause,Apa penyebab motor saya bunyi krek dari rem?
ask_possible_cause,Mengapa AC mobil saya ga nyala sama sekali?
ask_possible_cause,Kenapa mesin motor saya bunyi ketek-ketek pas jalan?
ask_possible_cause,Apa yang menyebabkan mobil saya bunyi gluduk pas lewat polisi tidur?
ask_possible_cause,Kenapa motor saya susah nyala pas mesin dingin?
ask_possible_cause,Apa penyebab ban motor saya bunyi kletuk pas jalan?
ask_possible_cause,Mengapa mobil saya bunyi aneh dari mesin pas start?
ask_possible_cause,Kenapa lampu dashboard mobil saya nyala tanda oli?
ask_possible_cause,Apa yang bikin motor saya bunyi ngorok dari karburator?
ask_possible_cause,Kenapa mobil saya bunyi krek dari suspensi?
ask_possible_cause,Apa penyebab mesin motor saya bunyi klak-klak?
ask_possible_cause,Mengapa ban mobil saya bunyi decit pas belok?
ask_possible_cause,Kenapa AC mobil saya bunyi berisik pas nyala?
ask_possible_cause,Apa yang menyebabkan motor saya bunyi aneh dari knalpot?
ask_possible_cause,Kenapa mobil saya bunyi kletuk dari roda?
ask_possible_cause,Apa penyebab lampu sein motor saya ga nyala sebelah?
ask_possible_cause,Mengapa mesin mobil saya bunyi ngorok pas jalan pelan?
ask_possible_cause,Kenapa ban motor saya bunyi krek pas jalan pelan?
ask_possible_cause,Apa yang bikin mobil saya bunyi aneh dari dashboard?
ask_possible_cause,Kenapa motor saya bunyi klotok dari mesin pas digas?
ask_possible_cause,Apa penyebab rem mobil saya bunyi gesekan pas pelan?
ask_possible_cause,Mengapa lampu rem motor saya ga nyala?
ask_possible_cause,Kenapa mesin mobil saya bunyi krek pas langsam?
ask_possible_cause,Apa yang menyebabkan motor saya bunyi ngiung dari roda?
ask_possible_cause,Kenapa mobil saya bunyi gluduk dari ban pas jalan?
ask_possible_cause,Apa penyebab ban motor saya bunyi decit pas hujan?
ask_possible_cause,Mengapa AC mobil saya bunyi klik-klik pas nyala?
ask_possible_cause,Kenapa lampu dashboard motor saya nyala tanda aki?
ask_possible_cause,Apa yang bikin mesin motor saya bunyi ketuk pas jalan?
ask_possible_cause,Kenapa mobil saya bunyi kletuk dari mesin pas nanjak?
ask_possible_cause,Apa penyebab motor saya bunyi aneh dari rem pas jalan?
ask_possible_cause,Mengapa ban mobil saya bunyi krek pas jalan pelan?
ask_possible_cause,Kenapa mesin motor saya bunyi ngorok pas hujan?
ask_possible_cause,Apa yang menyebabkan mobil saya bunyi aneh dari knalpot?
ask_possible_cause,Kenapa lampu depan motor saya bunyi tik-tik pas nyala?
ask_possible_cause,Apa penyebab rem motor saya bunyi krek pas hujan?
ask_possible_cause,Mengapa AC mobil saya bunyi berderit pas jalan?
ask_possible_cause,Kenapa mesin mobil saya bunyi klotok pas jalan pelan?
ask_possible_cause,Apa yang bikin motor saya bunyi aneh dari rantai?
ask_possible_cause,Kenapa mobil saya bunyi krek dari roda pas belok?
ask_possible_cause,Apa penyebab ban motor saya bunyi kletuk pas nanjak?
ask_possible_cause,Mengapa lampu dashboard mobil saya nyala tanda rem?
ask_possible_cause,Kenapa mesin motor saya bunyi ngiung pas jalan pelan?
ask_possible_cause,Apa yang menyebabkan mobil saya bunyi aneh dari suspensi?
ask_possible_cause,Mengapa ban mobil saya bunyi decit pas jalan jauh?
ask_possible_cause,Kenapa motor saya bunyi krek dari knalpot?
ask_possible_cause,Apa yang bikin AC mobil saya bunyi pas mati?
ask_possible_cause,Kenapa lampu rem motor saya bunyi tik pas ditekan?
ask_possible_cause,Apa penyebab mesin mobil saya bunyi kletuk pas start?
ask_possible_cause,Mengapa motor saya bunyi aneh dari rem pas pelan?
ask_possible_cause,Kenapa ban motor saya bunyi krek pas jalan?
ask_possible_cause,Apa yang menyebabkan mobil saya bunyi gluduk dari mesin?
ask_possible_cause,Kenapa lampu dashboard motor saya nyala tanda suhu?
ask_possible_cause,Apa penyebab mesin motor saya bunyi ngorok?
ask_possible_cause,Mengapa mobil saya bunyi krek dari ban pas jalan?
ask_possible_cause,Kenapa rem motor saya bunyi gesekan pas jalan?
ask_possible_cause,Apa yang bikin AC mobil saya bunyi berisik pas jalan?
ask_possible_cause,Kenapa lampu depan mobil saya bunyi tik pas nyala?
ask_possible_cause,Apa penyebab motor saya bunyi aneh dari shock?
ask_possible_cause,Mengapa mobil saya bunyi kletuk dari roda pas jalan?
ask_possible_cause,Kenapa ban motor saya bunyi decit pas pelan?
ask_possible_cause,Apa yang menyebabkan mesin mobil saya bunyi klotok pas jalan?
ask_possible_cause,Kenapa lampu rem motor saya ga nyala pas ditekan?
ask_possible_cause,Apa penyebab motor saya bunyi ngiung dari mesin?
ask_possible_cause,Mengapa mobil saya bunyi aneh dari dashboard pas jalan?
ask_possible_cause,Kenapa ban mobil saya bunyi krek pas hujan?
ask_possible_cause,Apa yang bikin AC mobil saya bunyi klik pas jalan?
ask_possible_cause,Kenapa mesin motor saya bunyi krek pas digas?
ask_possible_cause,Apa penyebab lampu dashboard mobil saya nyala tanda pintu?
ask_possible_cause,Mengapa motor saya bunyi aneh dari rem pas hujan?
ask_possible_cause,Kenapa ban motor saya bunyi kletuk pas jalan pelan?
ask_possible_cause,Apa yang menyebabkan mobil saya bunyi gluduk dari suspensi?
ask_possible_cause,Kenapa lampu depan motor saya bunyi tik pas hujan?
ask_possible_cause,Apa penyebab mesin mobil saya bunyi ngorok pas jalan?
ask_possible_cause,Mengapa ban mobil saya bunyi decit pas jalan pelan?
ask_possible_cause,Kenapa rem motor saya bunyi krek pas jalan jauh?
ask_possible_cause,Apa yang bikin AC mobil saya bunyi berderit pas nyala?
ask_possible_cause,Kenapa lampu dashboard motor saya nyala tanda check engine?
ask_possible_cause,Apa penyebab mesin motor saya bunyi ketuk pas jalan pelan?
ask_possible_cause,Mengapa mobil saya bunyi kletuk dari mesin pas jalan?
ask_possible_cause,Kenapa ban motor saya bunyi krek pas hujan?
ask_possible_cause,Apa yang menyebabkan motor saya bunyi aneh dari knalpot pas jalan?
ask_possible_cause,Kenapa lampu rem mobil saya bunyi tik pas ditekan?
ask_possible_cause,Apa penyebab mesin mobil saya bunyi klotok pas jalan pelan?
ask_possible_cause,Mengapa ban mobil saya bunyi decit pas jalan jauh?
ask_possible_cause,Kenapa rem motor saya bunyi gesekan pas pelan?
ask_possible_cause,Apa yang bikin AC mobil saya bunyi pas jalan?
ask_possible_cause,Kenapa lampu dashboard motor saya nyala tanda oli?
ask_possible_cause,Apa penyebab mesin motor saya bunyi ngiung pas jalan?
ask_possible_cause,Mengapa mobil saya bunyi aneh dari suspensi pas jalan?
ask_possible_cause,Kenapa ban motor saya bunyi kletuk pas jalan jauh?
ask_possible_cause,Apa yang menyebabkan motor saya bunyi krek dari rem pas jalan?
ask_possible_cause,Kenapa lampu depan mobil saya bunyi tik pas jalan?
ask_possible_cause,Apa penyebab mesin mobil saya bunyi krek pas jalan pelan?
ask_possible_cause,Mengapa ban mobil saya bunyi krek pas jalan?
ask_possible_cause,Kenapa rem motor saya bunyi krek pas jalan jauh?
ask_possible_cause,Apa yang bikin AC mobil saya bunyi berisik pas jalan jauh?
ask_possible_cause,Kenapa lampu dashboard motor saya nyala tanda aki?
ask_possible_cause,Apa penyebab mesin motor saya bunyi ketuk pas jalan jauh?
ask_possible_cause,Mengapa mobil saya bunyi kletuk dari roda pas jalan?
ask_possible_cause,Kenapa ban motor saya bunyi decit pas jalan?
ask_possible_cause,Apa yang menyebabkan motor saya bunyi aneh dari shock pas jalan?
ask_possible_cause,Kenapa lampu rem mobil saya ga nyala pas jalan?
ask_possible_cause,Apa penyebab mesin mobil saya bunyi ngorok pas jalan pelan?
ask_possible_cause,Mengapa ban mobil saya bunyi krek pas jalan pelan?
ask_possible_cause,Kenapa rem motor saya bunyi gesekan pas jalan jauh?
ask_possible_cause,Apa yang bikin AC mobil saya bunyi pas jalan jauh?
ask_possible_cause,Kenapa lampu dashboard motor saya nyala tanda suhu?
ask_possible_cause,Apa penyebab mesin motor saya bunyi ngiung pas jalan pelan?
ask_possible_cause,Mengapa mobil saya bunyi aneh dari dashboard pas jalan?
ask_possible_cause,Kenapa ban motor saya bunyi kletuk pas jalan?
ask_possible_cause,Apa yang menyebabkan motor saya bunyi krek dari rem pas jalan jauh?
ask_possible_cause,Kenapa lampu depan mobil saya bunyi tik pas jalan pelan?
ask_possible_cause,Apa penyebab mesin mobil saya bunyi krek pas jalan?
ask_possible_cause,Mengapa ban mobil saya bunyi decit pas jalan pelan?
ask_possible_cause,Kenapa rem motor saya bunyi krek pas jalan pelan?
ask_possible_cause,Apa yang bikin AC mobil saya bunyi berisik pas jalan?
ask_possible_cause,Kenapa lampu dashboard motor saya nyala tanda check engine?
ask_possible_cause,Apa penyebab mesin motor saya bunyi ketuk pas jalan?
ask_possible_cause,Mengapa mobil saya bunyi kletuk dari mesin pas jalan pelan?
ask_possible_cause,Kenapa ban motor saya bunyi krek pas jalan jauh?
ask_possible_cause,Apa yang menyebabkan motor saya bunyi aneh dari knalpot pas jalan pelan?
ask_possible_cause,Kenapa lampu rem mobil saya bunyi tik pas jalan?
ask_possible_cause,Apa penyebab mesin mobil saya bunyi klotok pas jalan?
ask_possible_cause,Mengapa ban mobil saya bunyi decit pas jalan?
ask_possible_cause,Kenapa rem motor saya bunyi gesekan pas jalan?
ask_possible_cause,Apa yang bikin AC mobil saya bunyi pas jalan pelan?
ask_possible_cause,Kenapa lampu dashboard motor saya nyala tanda oli?
ask_possible_cause,Apa penyebab mesin motor saya bunyi ngiung pas jalan jauh?
ask_possible_cause,Mengapa mobil saya bunyi aneh dari suspensi pas jalan pelan?
ask_possible_cause,Kenapa ban motor saya bunyi kletuk pas jalan pelan?
ask_possible_cause,Apa yang menyebabkan motor saya bunyi krek dari rem pas jalan pelan?
ask_possible_cause,Kenapa lampu depan mobil saya bunyi tik pas jalan jauh?
ask_possible_cause,Apa penyebab mesin mobil saya bunyi krek pas jalan pelan?
ask_possible_cause,Mengapa ban mobil saya bunyi krek pas jalan pelan?
ask_possible_cause,Kenapa rem motor saya bunyi krek pas jalan?
ask_possible_cause,Apa yang bikin AC mobil saya bunyi berisik pas jalan pelan?
ask_possible_cause,Kenapa lampu dashboard motor saya nyala tanda aki?
ask_possible_cause,Apa penyebab mesin motor saya bunyi ketuk pas jalan pelan?
ask_possible_cause,Mengapa mobil saya bunyi kletuk dari roda pas jalan pelan?
ask_possible_cause,Kenapa ban motor saya bunyi decit pas jalan pelan?
ask_possible_cause,Apa yang menyebabkan motor saya bunyi aneh dari shock pas jalan pelan?
ask_possible_cause,Kenapa lampu rem mobil saya ga nyala pas jalan pelan?
ask_possible_cause,Apa penyebab mesin mobil saya bunyi ngorok pas jalan?
ask_possible_cause,Mengapa ban mobil saya bunyi krek pas jalan?
ask_possible_cause,Kenapa rem motor saya bunyi gesekan pas jalan pelan?
ask_possible_cause,Apa yang bikin AC mobil saya bunyi pas jalan pelan?
ask_possible_cause,Kenapa lampu dashboard motor saya nyala tanda suhu?
ask_possible_cause,Apa penyebab mesin motor saya bunyi ngiung pas jalan?
ask_possible_cause,Mengapa mobil saya bunyi aneh dari dashboard pas jalan pelan?
ask_possible_cause,Kenapa ban motor saya bunyi kletuk pas jalan pelan?
ask_possible_cause,Apa yang menyebabkan motor saya bunyi krek dari rem pas jalan?
ask_possible_cause,Kenapa lampu depan mobil saya bunyi tik pas jalan pelan?
ask_possible_cause,Apa penyebab mesin mobil saya bunyi krek pas jalan pelan?
ask_possible_cause,Mengapa ban mobil saya bunyi decit pas jalan?
ask_possible_cause,Kenapa rem motor saya bunyi krek pas jalan pelan?
ask_possible_cause,Apa yang bikin AC mobil saya bunyi berisik pas jalan?
ask_possible_cause,Kenapa lampu dashboard motor saya nyala tanda check engine?
ask_possible_cause,Apa penyebab mesin motor saya bunyi ketuk pas jalan pelan?
ask_possible_cause,Mengapa mobil saya bunyi kletuk dari mesin pas jalan?
ask_possible_cause,Kenapa ban motor saya bunyi krek pas jalan?
ask_possible_cause,Apa yang menyebabkan motor saya bunyi aneh dari knalpot pas jalan?
ask_possible_cause,Kenapa lampu rem mobil saya bunyi tik pas jalan pelan?
ask_possible_cause,Apa penyebab mesin mobil saya bunyi klotok pas jalan pelan?
ask_possible_cause,Mengapa ban mobil saya bunyi decit pas jalan pelan?
ask_possible_cause,Kenapa rem motor saya bunyi gesekan pas jalan pelan?
ask_possible_cause,Apa yang bikin AC mobil saya bunyi pas jalan?
ask_possible_cause,Kenapa lampu dashboard motor saya nyala tanda oli?
ask_possible_cause,Apa penyebab mesin motor saya bunyi ngiung pas jalan pelan?
ask_possible_cause,Mengapa mobil saya bunyi aneh dari suspensi pas jalan?
ask_possible_cause,Kenapa ban motor saya bunyi kletuk pas jalan?
ask_possible_cause,Apa yang menyebabkan motor saya bunyi krek dari rem pas jalan pelan?
ask_possible_cause,Kenapa lampu depan mobil saya bunyi tik pas jalan?
ask_possible_cause,Apa penyebab mesin mobil saya bunyi krek pas jalan?
ask_possible_cause,Mengapa ban mobil saya bunyi krek pas jalan pelan?
ask_possible_cause,Kenapa rem motor saya bunyi krek pas jalan pelan?
ask_possible_cause,Apa yang bikin AC mobil saya bunyi berisik pas jalan pelan?
ask_possible_cause,Kenapa lampu dashboard motor saya nyala tanda aki?
ask_possible_cause,Apa penyebab mesin motor saya bunyi ketuk pas jalan?
ask_possible_cause,Mengapa mobil saya bunyi kletuk dari roda pas jalan?
ask_possible_cause,Kenapa ban motor saya bunyi decit pas jalan?
ask_possible_cause,Apa yang menyebabkan motor saya bunyi aneh dari shock pas jalan?
ask_possible_cause,Kenapa lampu rem mobil saya ga nyala pas jalan?
ask_possible_cause,Apa penyebab mesin mobil saya bunyi ngorok pas jalan pelan?
ask_possible_cause,Mengapa ban mobil saya bunyi krek pas jalan pelan?
ask_possible_cause,Kenapa rem motor saya bunyi gesekan pas jalan?
ask_possible_cause,Apa yang bikin AC mobil saya bunyi pas jalan jauh?
ask_possible_cause,Kenapa lampu dashboard motor saya nyala tanda suhu?
ask_possible_cause,Apa penyebab mesin motor saya bunyi ngiung pas jalan jauh?
ask_possible_cause,Mengapa mobil saya bunyi aneh dari dashboard pas jalan pelan?
ask_possible_cause,Kenapa ban motor saya bunyi kletuk pas jalan jauh?
ask_possible_cause,Apa yang menyebabkan motor saya bunyi krek dari rem pas jalan jauh?
ask_possible_cause,Kenapa lampu depan mobil saya bunyi tik pas jalan jauh?
ask_possible_cause,Apa penyebab mesin mobil saya bunyi krek pas jalan jauh?
ask_possible_cause,Mengapa ban mobil saya bunyi decit pas jalan jauh?
ask_possible_cause,Kenapa rem motor saya bunyi krek pas jalan jauh?
ask_possible_cause,Apa yang bikin AC mobil saya bunyi berisik pas jalan jauh?
ask_possible_cause,Kenapa lampu dashboard motor saya nyala tanda check engine?
ask_possible_cause,Apa penyebab mesin motor saya bunyi ketuk pas jalan jauh?
ask_possible_cause,Mengapa mobil saya bunyi kletuk dari mesin pas jalan jauh?
ask_possible_cause,Kenapa ban motor saya bunyi krek pas jalan jauh?
ask_possible_cause,Apa yang menyebabkan motor saya bunyi aneh dari knalpot pas jalan jauh?
ask_possible_cause,Kenapa lampu rem mobil saya bunyi tik pas jalan jauh?
ask_possible_cause,Apa penyebab mesin mobil saya bunyi klotok pas jalan jauh?
ask_possible_cause,Mengapa ban mobil saya bunyi decit pas jalan pelan?
ask_possible_cause,Kenapa rem motor saya bunyi gesekan pas jalan jauh?
ask_possible_cause,Apa yang bikin AC mobil saya bunyi pas jalan pelan?
ask_possible_cause,Kenapa lampu dashboard motor saya nyala tanda oli?
ask_possible_cause,Apa penyebab mesin motor saya bunyi ngiung pas jalan pelan?
ask_possible_cause,Mengapa mobil saya bunyi aneh dari suspensi pas jalan jauh?
ask_possible_cause,Kenapa ban motor saya bunyi kletuk pas jalan pelan?
ask_possible_cause,Apa yang menyebabkan motor saya bunyi krek dari rem pas jalan?
ask_possible_cause,Kenapa lampu depan mobil saya bunyi tik pas jalan pelan?
ask_possible_cause,Apa penyebab mesin mobil saya bunyi krek pas jalan pelan?
ask_possible_cause,Mengapa ban mobil saya bunyi krek pas jalan jauh?
ask_possible_cause,Kenapa rem motor saya bunyi krek pas jalan pelan?
ask_possible_cause,Apa yang bikin AC mobil saya bunyi berisik pas jalan pelan?
ask_possible_cause,Kenapa lampu dashboard motor saya nyala tanda aki?
ask_possible_cause,Apa penyebab mesin motor saya bunyi ketuk pas jalan pelan?
ask_possible_cause,Mengapa mobil saya bunyi kletuk dari roda pas jalan jauh?
ask_possible_cause,Kenapa ban motor saya bunyi decit pas jalan jauh?
ask_possible_cause,Apa yang menyebabkan motor saya bunyi aneh dari shock pas jalan jauh?
ask_possible_cause,Kenapa lampu rem mobil saya ga nyala pas jalan jauh?
ask_possible_cause,Apa penyebab mesin mobil saya bunyi ngorok pas jalan jauh?
ask_possible_cause,Mengapa ban mobil saya bunyi krek pas jalan pelan?
ask_possible_cause,Kenapa rem motor saya bunyi gesekan pas jalan pelan?
ask_possible_cause,Apa yang bikin AC mobil saya bunyi pas jalan jauh?
ask_possible_cause,Kenapa lampu dashboard motor saya nyala tanda suhu?
ask_possible_cause,Apa penyebab mesin motor saya bunyi ngiung pas jalan jauh?
ask_possible_cause,Mengapa mobil saya bunyi aneh dari dashboard pas jalan jauh?
ask_possible_cause,Kenapa ban motor saya bunyi kletuk pas jalan jauh?
ask_possible_cause,Apa yang menyebabkan motor saya bunyi krek dari rem pas jalan pelan?
ask_possible_cause,Kenapa lampu depan mobil saya bunyi tik pas jalan jauh?
ask_possible_cause,Apa penyebab mesin mobil saya bunyi krek pas jalan jauh?
ask_possible_cause,Mengapa ban mobil saya bunyi decit pas jalan pelan?
ask_possible_cause,Kenapa rem motor saya bunyi krek pas jalan jauh?
ask_possible_cause,Apa yang bikin AC mobil saya bunyi berisik pas jalan jauh?
ask_possible_cause,Kenapa lampu dashboard motor saya nyala tanda check engine?
ask_possible_cause,Apa penyebab mesin motor saya bunyi ketuk pas jalan jauh?
ask_possible_cause,Mengapa mobil saya bunyi kletuk dari mesin pas jalan pelan?
ask_possible_cause,Kenapa ban motor saya bunyi krek pas jalan pelan?
ask_possible_cause,Apa yang menyebabkan motor saya bunyi aneh dari knalpot pas jalan pelan?
ask_possible_cause,Kenapa lampu rem mobil saya bunyi tik pas jalan pelan?
ask_possible_cause,Apa penyebab mesin mobil saya bunyi klotok pas jalan pelan?
ask_possible_cause,Mengapa ban mobil saya bunyi decit pas jalan jauh?
ask_possible_cause,Kenapa rem motor saya bunyi gesekan pas jalan jauh?
ask_possible_cause,Apa yang bikin AC mobil saya bunyi pas jalan pelan?
ask_possible_cause,Kenapa lampu dashboard motor saya nyala tanda oli?
ask_possible_cause,Apa penyebab mesin motor saya bunyi ngiung pas jalan pelan?
ask_possible_cause,Mengapa mobil saya bunyi aneh dari suspensi pas jalan pelan?
ask_possible_cause,Kenapa ban motor saya bunyi kletuk pas jalan pelan?
ask_possible_cause,Apa yang menyebabkan motor saya bunyi krek dari rem pas jalan jauh?
ask_possible_cause,Kenapa lampu depan mobil saya bunyi tik pas jalan pelan?
ask_possible_cause,Apa penyebab mesin mobil saya bunyi krek pas jalan pelan?
ask_possible_cause,Mengapa ban mobil saya bunyi krek pas jalan pelan?
ask_possible_cause,Kenapa rem motor saya bunyi krek pas jalan pelan?
ask_possible_cause,Apa yang bikin AC mobil saya bunyi berisik pas jalan pelan?
ask_possible_cause,Kenapa lampu dashboard motor saya nyala tanda aki?
ask_possible_cause,Apa penyebab mesin motor saya bunyi ketuk pas jalan pelan?
ask_possible_cause,Mengapa mobil saya bunyi kletuk dari roda pas jalan pelan?
ask_possible_cause,Kenapa ban motor saya bunyi decit pas jalan pelan?
ask_possible_cause,Apa yang menyebabkan motor saya bunyi aneh dari shock pas jalan pelan?
ask_possible_cause,Kenapa lampu rem mobil saya ga nyala pas jalan pelan?
ask_possible_cause,Apa penyebab mesin mobil saya bunyi ngorok pas jalan pelan?
ask_possible_cause,Mengapa ban mobil saya bunyi krek pas jalan jauh?
ask_possible_cause,Kenapa rem motor saya bunyi gesekan pas jalan pelan?
ask_possible_cause,Apa yang bikin AC mobil saya bunyi pas jalan jauh?
ask_possible_cause,Kenapa lampu dashboard motor saya nyala tanda suhu?
ask_possible_cause,Apa penyebab mesin motor saya bunyi ngiung pas jalan pelan?
ask_possible_cause,Mengapa mobil saya bunyi aneh dari dashboard pas jalan pelan?
ask_possible_cause,Kenapa ban motor saya bunyi kletuk pas jalan jauh?
ask_possible_cause,Apa yang menyebabkan motor saya bunyi krek dari rem pas jalan pelan?
ask_possible_cause,Kenapa lampu depan mobil saya bunyi tik pas jalan jauh?
ask_possible_cause,Apa penyebab mesin mobil saya bunyi krek pas jalan pelan?
ask_possible_cause,Mengapa ban mobil saya bunyi decit pas jalan jauh?
ask_possible_cause,Kenapa rem motor saya bunyi krek pas jalan jauh?
ask_possible_cause,Apa yang bikin AC mobil saya bunyi berisik pas jalan jauh?
ask_possible_cause,Kenapa lampu dashboard motor saya nyala tanda check engine?
ask_possible_cause,Apa penyebab mesin motor saya bunyi ketuk pas jalan jauh?
ask_possible_cause,Mengapa mobil saya bunyi kletuk dari mesin pas jalan jauh?
ask_possible_cause,Kenapa ban motor saya bunyi krek pas jalan jauh?
ask_possible_cause,Apa yang menyebabkan motor saya bunyi aneh dari knalpot pas jalan jauh?
ask_possible_cause,Kenapa lampu rem mobil saya bunyi tik pas jalan jauh?
ask_possible_cause,Apa penyebab mesin mobil saya bunyi klotok pas jalan jauh?
ask_possible_cause,Mengapa ban mobil saya bunyi decit pas jalan pelan?
ask_possible_cause,Kenapa rem motor saya bunyi gesekan pas jalan pelan?
ask_possible_cause,Apa yang bikin AC mobil saya bunyi pas jalan pelan?
ask_possible_cause,Kenapa lampu dashboard motor saya nyala tanda oli?
ask_possible_cause,Apa penyebab mesin motor saya bunyi ngiung pas jalan jauh?
ask_possible_cause,Mengapa mobil saya bunyi aneh dari suspensi pas jalan jauh?
ask_possible_cause,Kenapa ban motor saya bunyi kletuk pas jalan pelan?
ask_possible_cause,Apa yang menyebabkan motor saya bunyi krek dari rem pas jalan jauh?
ask_possible_cause,Kenapa lampu depan mobil saya bunyi tik pas jalan pelan?
ask_possible_cause,Apa penyebab mesin mobil saya bunyi krek pas jalan jauh?
ask_possible_cause,Mengapa ban mobil saya bunyi krek pas jalan pelan?
ask_possible_cause,Kenapa rem motor saya bunyi krek pas jalan pelan?
ask_possible_cause,Apa yang bikin AC mobil saya bunyi berisik pas jalan pelan?
ask_possible_cause,Kenapa lampu dashboard motor saya nyala tanda aki?
ask_possible_cause,Apa penyebab mesin motor saya bunyi ketuk pas jalan pelan?
ask_possible_cause,Mengapa mobil saya bunyi kletuk dari roda pas jalan jauh?
ask_possible_cause,Kenapa ban motor saya bunyi decit pas jalan jauh?
ask_possible_cause,Apa yang menyebabkan motor saya bunyi aneh dari shock pas jalan pelan?
ask_possible_cause,Kenapa lampu rem mobil saya ga nyala pas jalan jauh?
ask_possible_cause,Apa penyebab mesin mobil saya bunyi ngorok pas jalan pelan?
ask_possible_cause,Mengapa ban mobil saya bunyi krek pas jalan jauh?
ask_possible_cause,Kenapa rem motor saya bunyi gesekan pas jalan jauh?
ask_possible_cause,Apa yang bikin AC mobil saya bunyi pas jalan jauh?
ask_possible_cause,Kenapa lampu dashboard motor saya nyala tanda suhu?
ask_possible_cause,Apa penyebab mesin motor saya bunyi ngiung pas jalan pelan?
ask_possible_cause,Mengapa mobil saya bunyi aneh dari dashboard pas jalan jauh?
ask_possible_cause,Kenapa ban motor saya bunyi kletuk pas jalan jauh?
ask_possible_cause,Apa yang menyebabkan motor saya bunyi krek dari rem pas jalan pelan?
ask_possible_cause,Kenapa lampu depan mobil saya bunyi tik pas jalan jauh?
ask_possible_cause,Apa penyebab mesin mobil saya bunyi krek pas jalan pelan?
ask_possible_cause,Mengapa ban mobil saya bunyi decit pas jalan pelan?
ask_possible_cause,Kenapa rem motor saya bunyi krek pas jalan jauh?
ask_possible_cause,Apa yang bikin AC mobil saya bunyi berisik pas jalan jauh?
ask_possible_cause,Kenapa lampu dashboard motor saya nyala tanda check engine?
ask_possible_cause,Apa penyebab mesin motor saya bunyi ketuk pas jalan jauh?
ask_possible_cause,Mengapa mobil saya bunyi kletuk dari mesin pas jalan pelan?
ask_possible_cause,Kenapa ban motor saya bunyi krek pas jalan pelan?
ask_possible_cause,Apa yang menyebabkan motor saya bunyi aneh dari knalpot pas jalan pelan?
ask_possible_cause,Kenapa lampu rem mobil saya bunyi tik pas jalan pelan?
ask_possible_cause,Apa penyebab mesin mobil saya bunyi klotok pas jalan pelan?
ask_possible_cause,Mengapa ban mobil saya bunyi decit pas jalan jauh?
ask_possible_cause,Kenapa rem motor saya bunyi gesekan pas jalan pelan?
ask_possible_cause,Apa yang bikin AC mobil saya bunyi pas jalan pelan?
ask_possible_cause,Kenapa lampu dashboard motor saya nyala tanda oli?
ask_possible_cause,Apa penyebab mesin motor saya bunyi ngiung pas jalan jauh?
ask_possible_cause,Mengapa mobil saya bunyi aneh dari suspensi pas jalan pelan?
ask_possible_cause,Kenapa ban motor saya bunyi kletuk pas jalan pelan?
ask_possible_cause,Apa yang menyebabkan motor saya bunyi krek dari rem pas jalan jauh?
ask_possible_cause,Kenapa lampu depan mobil saya bunyi tik pas jalan pelan?
ask_possible_cause,Apa penyebab mesin mobil saya bunyi krek pas jalan jauh?
ask_possible_cause,Mengapa ban mobil saya bunyi krek pas jalan pelan?
ask_possible_cause,Kenapa rem motor saya bunyi krek pas jalan pelan?
ask_possible_cause,Apa yang bikin AC mobil saya bunyi berisik pas jalan pelan?
ask_possible_cause,Kenapa lampu dashboard motor saya nyala tanda aki?
ask_possible_cause,Apa penyebab mesin motor saya bunyi ketuk pas jalan pelan?
ask_possible_cause,Mengapa mobil saya bunyi kletuk dari roda pas jalan pelan?
ask_possible_cause,Kenapa ban motor saya bunyi decit pas jalan pelan?
ask_possible_cause,Apa yang menyebabkan motor saya bunyi aneh dari shock pas jalan jauh?
ask_possible_cause,Kenapa lampu rem mobil saya ga nyala pas jalan pelan?
ask_possible_cause,Apa penyebab mesin mobil saya bunyi ngorok pas jalan jauh?
ask_possible_cause,Mengapa ban mobil saya bunyi krek pas jalan pelan?
ask_possible_cause,Kenapa rem motor saya bunyi gesekan pas jalan jauh?
ask_possible_cause,Apa yang bikin AC mobil saya bunyi pas jalan pelan?
ask_possible_cause,Kenapa lampu dashboard motor saya nyala tanda suhu?
ask_possible_cause,Apa penyebab mesin motor saya bunyi ngiung pas jalan pelan?
ask_possible_cause,Mengapa mobil saya bunyi aneh dari dashboard pas jalan pelan?
ask_possible_cause,Kenapa ban motor saya bunyi kletuk pas jalan jauh?
ask_possible_cause,Apa yang menyebabkan motor saya bunyi krek dari rem pas jalan pelan?
ask_possible_cause,Kenapa lampu depan mobil saya bunyi tik pas jalan jauh?
ask_possible_cause,Apa penyebab mesin mobil saya bunyi krek pas jalan pelan?
ask_possible_cause,Mengapa ban mobil saya bunyi decit pas jalan jauh?
ask_possible_cause,Kenapa rem motor saya bunyi krek pas jalan pelan?
ask_possible_cause,Apa yang bikin AC mobil saya bunyi berisik pas jalan jauh?
ask_possible_cause,Kenapa lampu dashboard motor saya nyala tanda check engine?
ask_possible_cause,Apa penyebab mesin motor saya bunyi ketuk pas jalan jauh?
ask_possible_cause,Mengapa mobil saya bunyi kletuk dari mesin pas jalan jauh?
ask_possible_cause,Kenapa ban motor saya bunyi krek pas jalan jauh?
ask_possible_cause,Apa yang menyebabkan motor saya bunyi aneh dari knalpot pas jalan jauh?
ask_possible_cause,Kenapa lampu rem mobil saya bunyi tik pas jalan jauh?
ask_possible_cause,Apa penyebab mesin mobil saya bunyi klotok pas jalan pelan?
ask_possible_cause,Mengapa ban mobil saya bunyi decit pas jalan pelan?
ask_possible_cause,Kenapa rem motor saya bunyi gesekan pas jalan pelan?
ask_possible_cause,Apa yang bikin AC mobil saya bunyi pas jalan jauh?
ask_possible_cause,Kenapa lampu dashboard motor saya nyala tanda oli?
ask_possible_cause,Apa penyebab mesin motor saya bunyi ngiung pas jalan pelan?
ask_possible_cause,Mengapa mobil saya bunyi aneh dari suspensi pas jalan jauh?
ask_possible_cause,Kenapa ban motor saya bunyi kletuk pas jalan pelan?
ask_possible_cause,Apa yang menyebabkan motor saya bunyi krek dari rem pas jalan jauh?
ask_possible_cause,Kenapa lampu depan mobil saya bunyi tik pas jalan pelan?
ask_possible_cause,Apa penyebab mesin mobil saya bunyi krek pas jalan jauh?
ask_possible_cause,Mengapa ban mobil saya bunyi krek pas jalan jauh?
ask_possible_cause,Kenapa rem motor saya bunyi krek pas jalan jauh?
ask_possible_cause,Apa yang bikin AC mobil saya bunyi berisik pas jalan pelan?
ask_possible_cause,Kenapa lampu dashboard motor saya nyala tanda aki?
ask_possible_cause,Apa penyebab mesin motor saya bunyi ketuk pas jalan jauh?
ask_possible_cause,Mengapa mobil saya bunyi kletuk dari roda pas jalan jauh?
ask_possible_cause,Kenapa ban motor saya bunyi decit pas jalan pelan?
ask_possible_cause,Apa yang menyebabkan motor saya bunyi aneh dari shock pas jalan pelan?
ask_possible_cause,Kenapa lampu rem mobil saya ga nyala pas jalan jauh?
ask_possible_cause,Apa penyebab mesin mobil saya bunyi ngorok pas jalan pelan?
ask_possible_cause,Mengapa ban mobil saya bunyi krek pas jalan pelan?
ask_possible_cause,Kenapa rem motor saya bunyi gesekan pas jalan pelan?
ask_possible_cause,Apa yang bikin AC mobil saya bunyi pas jalan pelan?
ask_possible_cause,Kenapa lampu dashboard motor saya nyala tanda suhu?
ask_possible_cause,Apa penyebab mesin motor saya bunyi ngiung pas jalan jauh?
ask_possible_cause,Mengapa mobil saya bunyi aneh dari dashboard pas jalan jauh?
ask_possible_cause,Kenapa ban motor saya bunyi kletuk pas jalan pelan?
ask_possible_cause,Apa yang menyebabkan motor saya bunyi krek dari rem pas jalan pelan?
ask_possible_cause,Kenapa lampu depan mobil saya bunyi tik pas jalan pelan?
ask_possible_cause,Apa penyebab mesin mobil saya bunyi krek pas jalan pelan?
ask_possible_cause,Mengapa ban mobil saya bunyi decit pas jalan pelan?
ask_possible_cause,Kenapa rem motor saya bunyi krek pas jalan pelan?
ask_possible_cause,Apa yang bikin AC mobil saya bunyi berisik pas jalan jauh?
ask_possible_cause,Kenapa lampu dashboard motor saya nyala tanda check engine?
ask_possible_cause,Apa penyebab mesin motor saya bunyi ketuk pas jalan pelan?
ask_possible_cause,Mengapa mobil saya bunyi kletuk dari mesin pas jalan pelan?
ask_possible_cause,Kenapa ban motor saya bunyi krek pas jalan jauh?
ask_possible_cause,Apa yang menyebabkan motor saya bunyi aneh dari knalpot pas jalan pelan?
ask_possible_cause,Kenapa lampu rem mobil saya bunyi tik pas jalan pelan?
ask_possible_cause,Apa penyebab mesin mobil saya bunyi klotok pas jalan jauh?
ask_possible_cause,Mengapa ban mobil saya bunyi decit pas jalan jauh?
ask_possible_cause,Kenapa rem motor saya bunyi gesekan pas jalan jauh?
ask_possible_cause,Apa yang bikin AC mobil saya bunyi pas jalan pelan?
ask_possible_cause,Kenapa lampu dashboard motor saya nyala tanda oli?
ask_possible_cause,Apa penyebab mesin motor saya bunyi ngiung pas jalan pelan?
ask_possible_cause,Mengapa mobil saya bunyi aneh dari suspensi pas jalan pelan?
ask_possible_cause,Kenapa ban motor saya bunyi kletuk pas jalan jauh?
ask_possible_cause,Apa yang menyebabkan motor saya bunyi krek dari rem pas jalan pelan?
ask_possible_cause,Kenapa lampu depan mobil saya bunyi tik pas jalan jauh?
ask_possible_cause,Apa penyebab mesin mobil saya bunyi krek pas jalan pelan?
ask_possible_cause,Mengapa ban mobil saya bunyi krek pas jalan jauh?
ask_possible_cause,Kenapa rem motor saya bunyi krek pas jalan jauh?
ask_possible_cause,Apa yang bikin AC mobil saya bunyi berisik pas jalan pelan?
ask_possible_cause,Kenapa lampu dashboard motor saya nyala tanda aki?
ask_possible_cause,Apa penyebab mesin motor saya bunyi ketuk pas jalan jauh?
ask_possible_cause,Mengapa mobil saya bunyi kletuk dari roda pas jalan pelan?
ask_possible_cause,Kenapa ban motor saya bunyi decit pas jalan jauh?
ask_possible_cause,Apa yang menyebabkan motor saya bunyi aneh dari shock pas jalan jauh?
ask_possible_cause,Kenapa lampu rem mobil saya ga nyala pas jalan pelan?
ask_possible_cause,Apa penyebab mesin mobil saya bunyi ngorok pas jalan jauh?
ask_possible_cause,Mengapa ban mobil saya bunyi krek pas jalan pelan?
ask_possible_cause,Kenapa rem motor saya bunyi gesekan pas jalan pelan?
ask_possible_cause,Apa yang bikin AC mobil saya bunyi pas jalan jauh?
ask_possible_cause,Kenapa lampu dashboard motor saya nyala tanda suhu?
ask_possible_cause,Apa penyebab mesin motor saya bunyi ngiung pas jalan pelan?
ask_possible_cause,Mengapa mobil saya bunyi aneh dari dashboard pas jalan pelan?
ask_possible_cause,Kenapa ban motor saya bunyi kletuk pas jalan pelan?
ask_possible_cause,Apa yang menyebabkan motor saya bunyi krek dari rem pas jalan jauh?
ask_possible_cause,Kenapa lampu depan mobil saya bunyi tik pas jalan pelan?
ask_possible_cause,Apa penyebab mesin mobil saya bunyi krek pas jalan jauh?
ask_possible_cause,Mengapa ban mobil saya bunyi decit pas jalan pelan?
ask_possible_cause,Kenapa rem motor saya bunyi krek pas jalan pelan?
ask_possible_cause,Apa yang bikin AC mobil saya bunyi berisik pas jalan jauh?
ask_possible_cause,Kenapa lampu dashboard motor saya nyala tanda check engine?
ask_possible_cause,Apa penyebab mesin motor saya bunyi ketuk pas jalan pelan?
ask_possible_cause,Mengapa mobil saya bunyi kletuk dari mesin pas jalan jauh?
ask_possible_cause,Kenapa ban motor saya bunyi krek pas jalan pelan?
ask_possible_cause,Apa yang menyebabkan motor saya bunyi aneh dari knalpot pas jalan jauh?
ask_possible_cause,Kenapa lampu rem mobil saya bunyi tik pas jalan jauh?
ask_possible_cause,Apa penyebab mesin mobil saya bunyi klotok pas jalan pelan?
ask_possible_cause,Mengapa ban mobil saya bunyi decit pas jalan pelan?
ask_possible_cause,Kenapa rem motor saya bunyi gesekan pas jalan jauh?
ask_possible_cause,Apa yang bikin AC mobil saya bunyi pas jalan pelan?
ask_possible_cause,Kenapa lampu dashboard motor saya nyala tanda oli?
ask_possible_cause,Apa penyebab mesin motor saya bunyi ngiung pas jalan jauh?
ask_possible_cause,Mengapa mobil saya bunyi aneh dari suspensi pas jalan jauh?
ask_possible_cause,Kenapa ban motor saya bunyi kletuk pas jalan jauh?
ask_possible_cause,Apa yang menyebabkan motor saya bunyi krek dari rem pas jalan pelan?
ask_possible_cause,Kenapa lampu depan mobil saya bunyi tik pas jalan jauh?
ask_possible_cause,Apa penyebab mesin mobil saya bunyi krek pas jalan pelan?
ask_possible_cause,Mengapa ban mobil saya bunyi krek pas jalan pelan?
ask_possible_cause,Kenapa rem motor saya bunyi krek pas jalan jauh?
ask_possible_cause,Apa yang bikin AC mobil saya bunyi berisik pas jalan pelan?
ask_possible_cause,Kenapa lampu dashboard motor saya nyala tanda aki?
ask_possible_cause,Apa penyebab mesin motor saya bunyi ketuk pas jalan jauh?
ask_possible_cause,Mengapa mobil saya bunyi kletuk dari roda pas jalan jauh?
ask_possible_cause,Kenapa ban motor saya bunyi decit pas jalan pelan?
ask_possible_cause,Apa yang menyebabkan motor saya bunyi aneh dari shock pas jalan pelan?
ask_possible_cause,Kenapa lampu rem mobil saya ga nyala pas jalan jauh?
ask_possible_cause,Apa penyebab mesin mobil saya bunyi ngorok pas jalan pelan?
ask_possible_cause,Mengapa ban mobil saya bunyi krek pas jalan jauh?
ask_possible_cause,Kenapa rem motor saya bunyi gesekan pas jalan pelan?
ask_possible_cause,Apa yang bikin AC mobil saya bunyi pas jalan pelan?
ask_possible_cause,Kenapa lampu dashboard motor saya nyala tanda suhu?
ask_possible_cause,Apa penyebab mesin motor saya bunyi ngiung pas jalan jauh?
ask_possible_cause,Mengapa mobil saya bunyi aneh dari dashboard pas jalan jauh?
ask_possible_cause,Kenapa ban motor saya bunyi kletuk pas jalan pelan?
ask_possible_cause,Apa yang menyebabkan motor saya bunyi krek dari rem pas jalan jauh?
ask_possible_cause,Kenapa lampu depan mobil saya bunyi tik pas jalan pelan?
ask_possible_cause,Apa penyebab mesin mobil saya bunyi krek pas jalan jauh?
ask_possible_cause,Mengapa ban mobil saya bunyi decit pas jalan jauh?
ask_possible_cause,Kenapa rem motor saya bunyi krek pas jalan pelan?
ask_possible_cause,Apa yang bikin AC mobil saya bunyi berisik pas jalan jauh?
ask_possible_cause,Kenapa lampu dashboard motor saya nyala tanda check engine?
ask_possible_cause,Apa penyebab mesin motor saya bunyi ketuk pas jalan pelan?
ask_possible_cause,Mengapa mobil saya bunyi kletuk dari mesin pas jalan pelan?
ask_possible_cause,Kenapa ban motor saya bunyi krek pas jalan jauh?
ask_possible_cause,Apa yang menyebabkan motor saya bunyi aneh dari knalpot pas jalan pelan?
ask_possible_cause,Kenapa lampu rem mobil saya bunyi tik pas jalan jauh?
ask_possible_cause,Apa penyebab mesin mobil saya bunyi klotok pas jalan jauh?
ask_possible_cause,Mengapa ban mobil saya bunyi decit pas jalan pelan?
ask_possible_cause,Kenapa rem motor saya bunyi gesekan pas jalan jauh?
ask_possible_cause,Apa yang bikin AC mobil saya bunyi pas jalan jauh?
ask_possible_cause,Kenapa lampu dashboard motor saya nyala tanda oli?
ask_possible_cause,Apa penyebab mesin motor saya bunyi ngiung pas jalan pelan?
ask_possible_cause,Mengapa mobil saya bunyi aneh dari suspensi pas jalan pelan?
ask_possible_cause,Kenapa ban motor saya bunyi kletuk pas jalan jauh?
ask_possible_cause,Apa yang menyebabkan motor saya bunyi krek dari rem pas jalan pelan?
ask_possible_cause,Kenapa lampu depan mobil saya bunyi tik pas jalan jauh?
ask_possible_cause,Apa penyebab mesin mobil saya bunyi krek pas jalan pelan?
ask_possible_cause,Mengapa ban mobil saya bunyi krek pas jalan jauh?
ask_possible_cause,Kenapa rem motor saya bunyi krek pas jalan jauh?
ask_possible_cause,Apa yang bikin AC mobil saya bunyi berisik pas jalan pelan?
ask_possible_cause,Kenapa lampu dashboard motor saya nyala tanda aki?
ask_possible_cause,Apa penyebab mesin motor saya bunyi ketuk pas jalan jauh?
ask_possible_cause,Mengapa mobil saya bunyi kletuk dari roda pas jalan pelan?
ask_possible_cause,Kenapa ban motor saya bunyi decit pas jalan jauh?
ask_possible_cause,Apa yang menyebabkan motor saya bunyi aneh dari shock pas jalan jauh?
ask_possible_cause,Kenapa lampu rem mobil saya ga nyala pas jalan pelan?
ask_possible_cause,Apa penyebab mesin mobil saya bunyi ngorok pas jalan jauh?
ask_possible_cause,Mengapa ban mobil saya bunyi krek pas jalan pelan?
ask_possible_cause,Kenapa rem motor saya bunyi gesekan pas jalan jauh?
ask_possible_cause,Apa yang bikin AC mobil saya bunyi pas jalan pelan?
ask_possible_cause,Kenapa lampu dashboard motor saya nyala tanda suhu?
ask_possible_cause,Apa penyebab mesin motor saya bunyi ngiung pas jalan pelan?
ask_possible_cause,Mengapa mobil saya bunyi aneh dari dashboard pas jalan pelan?
ask_possible_cause,Kenapa ban motor saya bunyi kletuk pas jalan jauh?
ask_possible_cause,Apa yang menyebabkan motor saya bunyi krek dari rem pas jalan jauh?
ask_possible_cause,Kenapa lampu depan mobil saya bunyi tik pas jalan pelan?
ask_possible_cause,Apa penyebab mesin mobil saya bunyi krek pas jalan jauh?
ask_possible_cause,Mengapa ban mobil saya bunyi decit pas jalan pelan?
ask_possible_cause,Kenapa rem motor saya bunyi krek pas jalan pelan?
ask_possible_cause,Apa yang bikin AC mobil saya bunyi berisik pas jalan jauh?
ask_possible_cause,Kenapa lampu dashboard motor saya nyala tanda check engine?
ask_possible_cause,Apa penyebab mesin motor saya bunyi ketuk pas jalan jauh?
ask_possible_cause,Mengapa mobil saya bunyi kletuk dari mesin pas jalan pelan?
ask_possible_cause,Kenapa ban motor saya bunyi krek pas jalan pelan?
ask_possible_cause,Apa yang menyebabkan motor saya bunyi aneh dari knalpot pas jalan jauh?
ask_possible_cause,Kenapa lampu rem mobil saya bunyi tik pas jalan pelan?
ask_possible_cause,Apa penyebab mesin mobil saya bunyi klotok pas jalan pelan?
ask_possible_cause,Mengapa ban mobil saya bunyi decit pas jalan jauh?
ask_possible_cause,Kenapa rem motor saya bunyi gesekan pas jalan pelan?
ask_possible_cause,Apa yang bikin AC mobil saya bunyi pas jalan pelan?
ask_possible_cause,Kenapa lampu dashboard motor saya nyala tanda oli?
ask_possible_cause,Apa penyebab mesin motor saya bunyi ngiung pas jalan jauh?
ask_possible_cause,Mengapa mobil saya bunyi aneh dari suspensi pas jalan jauh?
ask_possible_cause,Kenapa ban motor saya bunyi kletuk pas jalan pelan?
ask_possible_cause,Apa yang menyebabkan motor saya bunyi krek dari rem pas jalan pelan?
ask_possible_cause,Kenapa lampu depan mobil saya bunyi tik pas jalan jauh?
ask_possible_cause,Apa penyebab mesin mobil saya bunyi krek pas jalan pelan?
ask_possible_cause,Mengapa ban mobil saya bunyi krek pas jalan pelan?
ask_possible_cause,Kenapa rem motor saya bunyi krek pas jalan jauh?
ask_possible_cause,Apa yang bikin AC mobil saya bunyi berisik pas jalan pelan?
ask_possible_cause,Kenapa lampu dashboard motor saya nyala tanda aki?
ask_possible_cause,Apa penyebab mesin motor saya bunyi ketuk pas jalan pelan?
ask_possible_cause,Mengapa mobil saya bunyi kletuk dari roda pas jalan jauh?
ask_possible_cause,Kenapa ban motor saya bunyi decit pas jalan pelan?
ask_possible_cause,Apa yang menyebabkan motor saya bunyi aneh dari shock pas jalan pelan?
ask_possible_cause,Kenapa lampu rem mobil saya ga nyala pas jalan jauh?
ask_possible_cause,Apa penyebab mesin mobil saya bunyi ngorok pas jalan pelan?
ask_possible_cause,Mengapa ban mobil saya bunyi krek pas jalan jauh?
ask_possible_cause,Kenapa rem motor saya bunyi gesekan pas jalan pelan?
ask_possible_cause,Apa yang bikin AC mobil saya bunyi pas jalan jauh?
ask_possible_cause,Kenapa lampu dashboard motor saya nyala tanda suhu?
ask_possible_cause,Apa penyebab mesin motor saya bunyi ngiung pas jalan jauh?
ask_possible_cause,Mengapa mobil saya bunyi aneh dari dashboard pas jalan pelan?
ask_possible_cause,Kenapa ban motor saya bunyi kletuk pas jalan jauh?
ask_possible_cause,Apa yang menyebabkan motor saya bunyi krek dari rem pas jalan pelan?
ask_possible_cause,Kenapa lampu depan mobil saya bunyi tik pas jalan pelan?
ask_possible_cause,Apa penyebab mesin mobil saya bunyi krek pas jalan jauh?
ask_possible_cause,Mengapa ban mobil saya bunyi decit pas jalan pelan?
ask_possible_cause,Kenapa rem motor saya bunyi krek pas jalan jauh?
ask_possible_cause,Apa yang bikin AC mobil saya bunyi berisik pas jalan pelan?
ask_possible_cause,Kenapa lampu dashboard motor saya nyala tanda check engine?
ask_possible_cause,Apa penyebab mesin motor saya bunyi ketuk pas jalan jauh?
ask_possible_cause,Mengapa mobil saya bunyi kletuk dari mesin pas jalan jauh?
ask_possible_cause,Kenapa ban motor saya bunyi krek pas jalan pelan?
ask_possible_cause,Apa yang menyebabkan motor saya bunyi aneh dari knalpot pas jalan pelan?
ask_possible_cause,Kenapa lampu rem mobil saya bunyi tik pas jalan jauh?
ask_possible_cause,Apa penyebab mesin mobil saya bunyi klotok pas jalan jauh?
ask_possible_cause,Mengapa ban mobil saya bunyi decit pas jalan pelan?
ask_possible_cause,Kenapa rem motor saya bunyi gesekan pas jalan jauh?
ask_possible_cause,Apa yang bikin AC mobil saya bunyi pas jalan pelan?
ask_possible_cause,Kenapa lampu dashboard motor saya nyala tanda oli?
ask_possible_cause,Apa penyebab mesin motor saya bunyi ngiung pas jalan pelan?
ask_possible_cause,Mengapa mobil saya bunyi aneh dari suspensi pas jalan pelan?
ask_possible_cause,Kenapa ban motor saya bunyi kletuk pas jalan jauh?
ask_possible_cause,Apa yang menyebabkan motor saya bunyi krek dari rem pas jalan jauh?
ask_possible_cause,Kenapa lampu depan mobil saya bunyi tik pas jalan pelan?
ask_possible_cause,Apa penyebab mesin mobil saya bunyi krek pas jalan pelan?
ask_possible_cause,Mengapa ban mobil saya bunyi krek pas jalan jauh?
ask_possible_cause,Kenapa rem motor saya bunyi krek pas jalan pelan?
ask_possible_cause,Apa yang bikin AC mobil saya bunyi berisik pas jalan jauh?
ask_possible_cause,Kenapa lampu dashboard motor saya nyala tanda aki?
ask_possible_cause,Apa penyebab mesin motor saya bunyi ketuk pas jalan jauh?
ask_possible_cause,Mengapa mobil saya bunyi kletuk dari roda pas jalan pelan?
ask_possible_cause,Kenapa ban motor saya bunyi decit pas jalan jauh?
ask_possible_cause,Apa yang menyebabkan motor saya bunyi aneh dari shock pas jalan pelan?
ask_possible_cause,Kenapa lampu rem mobil saya ga nyala pas jalan pelan?
ask_possible_cause,Apa penyebab mesin mobil saya bunyi ngorok pas jalan jauh?
ask_possible_cause,Mengapa ban mobil saya bunyi krek pas jalan pelan?
ask_possible_cause,Kenapa rem motor saya bunyi gesekan pas jalan jauh?
ask_possible_cause,Apa yang bikin AC mobil saya bunyi pas jalan pelan?
ask_possible_cause,Kenapa lampu dashboard motor saya nyala tanda suhu?
ask_possible_cause,Apa penyebab mesin motor saya bunyi ngiung pas jalan jauh?
ask_possible_cause,Mengapa mobil saya bunyi aneh dari dashboard pas jalan jauh?
ask_possible_cause,Kenapa ban motor saya bunyi kletuk pas jalan pelan?
ask_possible_cause,Apa yang menyebabkan motor saya bunyi krek dari rem pas jalan pelan?
ask_possible_cause,Kenapa lampu depan mobil saya bunyi tik pas jalan jauh?
ask_possible_cause,Apa penyebab mesin mobil saya bunyi krek pas jalan pelan?
ask_possible_cause,Mengapa ban mobil saya bunyi decit pas jalan jauh?
ask_possible_cause,Kenapa rem motor saya bunyi krek pas jalan jauh?
ask_possible_cause,Apa yang bikin AC mobil saya bunyi berisik pas jalan pelan?
ask_possible_cause,Kenapa lampu dashboard motor saya nyala tanda check engine?
ask_possible_cause,Apa penyebab mesin motor saya bunyi ketuk pas jalan pelan?
ask_possible_cause,Mengapa mobil saya bunyi kletuk dari mesin pas jalan pelan?
ask_possible_cause,Kenapa ban motor saya bunyi krek pas jalan jauh?
ask_possible_cause,Apa yang menyebabkan motor saya bunyi aneh dari knalpot pas jalan jauh?
ask_possible_cause,Kenapa lampu rem mobil saya bunyi tik pas jalan pelan?
ask_possible_cause,Apa penyebab mesin mobil saya bunyi klotok pas jalan pelan?
ask_possible_cause,Mengapa ban mobil saya bunyi decit pas jalan pelan?
ask_possible_cause,Kenapa rem motor saya bunyi gesekan pas jalan pelan?
ask_possible_cause,Apa yang bikin AC mobil saya bunyi pas jalan jauh?
ask_possible_cause,Kenapa lampu dashboard motor saya nyala tanda oli?
ask_possible_cause,Apa penyebab mesin motor saya bunyi ngiung pas jalan pelan?
ask_possible_cause,Mengapa mobil saya bunyi aneh dari suspensi pas jalan jauh?
ask_possible_cause,Kenapa ban motor saya bunyi kletuk pas jalan jauh?
ask_possible_cause,Apa yang menyebabkan motor saya bunyi krek dari rem pas jalan pelan?
ask_possible_cause,Kenapa lampu depan mobil saya bunyi tik pas jalan pelan?
ask_possible_cause,Apa penyebab mesin mobil saya bunyi krek pas jalan jauh?
ask_possible_cause,Mengapa ban mobil saya bunyi krek pas jalan pelan?
ask_possible_cause,Kenapa rem motor saya bunyi krek pas jalan pelan?
ask_possible_cause,Apa yang bikin AC mobil saya bunyi berisik pas jalan jauh?
ask_possible_cause,Kenapa lampu dashboard motor saya nyala tanda aki?
ask_possible_cause,Apa penyebab mesin motor saya bunyi ketuk pas jalan jauh?
ask_possible_cause,Mengapa mobil saya bunyi kletuk dari roda pas jalan jauh?
ask_possible_cause,Kenapa ban motor saya bunyi decit pas jalan pelan?
ask_possible_cause,Apa yang menyebabkan motor saya bunyi aneh dari shock pas jalan jauh?
ask_possible_cause,Kenapa lampu rem mobil saya ga nyala pas jalan jauh?
ask_possible_cause,Apa penyebab mesin mobil saya bunyi ngorok pas jalan pelan?
ask_possible_cause,Mengapa ban mobil saya bunyi krek pas jalan jauh?
ask_possible_cause,Kenapa rem motor saya bunyi gesekan pas jalan pelan?
ask_possible_cause,Apa yang bikin AC mobil saya bunyi pas jalan pelan?
ask_possible_cause,Kenapa lampu dashboard motor saya nyala tanda suhu?
ask_possible_cause,Apa penyebab mesin motor saya bunyi ngiung pas jalan jauh?
ask_possible_cause,Mengapa mobil saya bunyi aneh dari dashboard pas jalan pelan?
ask_possible_cause,Kenapa ban motor saya bunyi kletuk pas jalan jauh?
ask_possible_cause,Apa yang menyebabkan motor saya bunyi krek dari rem pas jalan jauh?
ask_possible_cause,Kenapa lampu depan mobil saya bunyi tik pas jalan jauh?
ask_possible_cause,Apa penyebab mesin mobil saya bunyi krek pas jalan pelan?
ask_possible_cause,Mengapa ban mobil saya bunyi decit pas jalan pelan?
ask_possible_cause,Kenapa rem motor saya bunyi krek pas jalan jauh?
ask_possible_cause,Apa yang bikin AC mobil saya bunyi berisik pas jalan pelan?
ask_possible_cause,Kenapa lampu dashboard motor saya nyala tanda check engine?
ask_possible_cause,Apa penyebab mesin motor saya bunyi ketuk pas jalan pelan?
ask_possible_cause,Mengapa mobil saya bunyi kletuk dari mesin pas jalan jauh?
ask_possible_cause,Kenapa ban motor saya bunyi krek pas jalan pelan?
ask_possible_cause,Apa yang menyebabkan motor saya bunyi aneh dari knalpot pas jalan pelan?
ask_possible_cause,Kenapa lampu rem mobil saya bunyi tik pas jalan jauh?
ask_possible_cause,Apa penyebab mesin mobil saya bunyi klotok pas jalan pelan?
ask_possible_cause,Mengapa ban mobil saya bunyi decit pas jalan jauh?
ask_possible_cause,Kenapa rem motor saya bunyi gesekan pas jalan jauh?
ask_possible_cause,Apa yang bikin AC mobil saya bunyi pas jalan pelan?
ask_possible_cause,Kenapa lampu dashboard motor saya nyala tanda oli?
ask_possible_cause,Apa penyebab mesin motor saya bunyi ngiung pas jalan jauh?
ask_possible_cause,Mengapa mobil saya bunyi aneh dari suspensi pas jalan pelan?
ask_possible_cause,Kenapa ban motor saya bunyi kletuk pas jalan pelan?
ask_possible_cause,Apa yang menyebabkan motor saya bunyi krek dari rem pas jalan pelan?
ask_possible_cause,Kenapa lampu depan mobil saya bunyi tik pas jalan pelan?
ask_possible_cause,Apa penyebab mesin mobil saya bunyi krek pas jalan jauh?
ask_possible_cause,Mengapa ban mobil saya bunyi krek pas jalan pelan?
ask_possible_cause,Kenapa rem motor saya bunyi krek pas jalan jauh?
ask_possible_cause,Apa yang bikin AC mobil saya bunyi berisik pas jalan jauh?
ask_possible_cause,Kenapa lampu dashboard motor saya nyala tanda aki?
ask_possible_cause,Apa penyebab mesin motor saya bunyi ketuk pas jalan jauh?
ask_possible_cause,Mengapa mobil saya bunyi kletuk dari roda pas jalan pelan?
ask_possible_cause,Kenapa ban motor saya bunyi decit pas jalan jauh?
ask_possible_cause,Apa yang menyebabkan motor saya bunyi aneh dari shock pas jalan pelan?
ask_possible_cause,Kenapa lampu rem mobil saya ga nyala pas jalan pelan?
ask_possible_cause,Apa penyebab mesin mobil saya bunyi ngorok pas jalan jauh?
ask_possible_cause,Mengapa ban mobil saya bunyi krek pas jalan pelan?
ask_possible_cause,Kenapa rem motor saya bunyi gesekan pas jalan jauh?
ask_possible_cause,Apa yang bikin AC mobil saya bunyi pas jalan jauh?
ask_possible_cause,Kenapa lampu dashboard motor saya nyala tanda suhu?
ask_possible_cause,Apa penyebab mesin motor saya bunyi ngiung pas jalan pelan?
ask_possible_cause,Mengapa mobil saya bunyi aneh dari dashboard pas jalan jauh?
ask_possible_cause,Kenapa ban motor saya bunyi kletuk pas jalan jauh?
ask_possible_cause,Apa yang menyebabkan motor saya bunyi krek dari rem pas jalan pelan?
ask_possible_cause,Kenapa lampu depan mobil saya bunyi tik pas jalan jauh?
ask_possible_cause,Apa penyebab mesin mobil saya bunyi krek pas jalan pelan?
ask_possible_cause,Mengapa ban mobil saya bunyi decit pas jalan pelan?
ask_possible_cause,Kenapa rem motor saya bunyi krek pas jalan pelan?
ask_possible_cause,Apa yang bikin AC mobil saya bunyi berisik pas jalan pelan?
ask_possible_cause,Kenapa lampu dashboard motor saya nyala tanda check engine?
ask_possible_cause,Apa penyebab mesin motor saya bunyi ketuk pas jalan jauh?
ask_possible_cause,Mengapa mobil saya bunyi kletuk dari mesin pas jalan pelan?
ask_possible_cause,Kenapa ban motor saya bunyi krek pas jalan jauh?
ask_possible_cause,Apa yang menyebabkan motor saya bunyi aneh dari knalpot pas jalan jauh?
ask_possible_cause,Kenapa lampu rem mobil saya bunyi tik pas jalan pelan?
ask_possible_cause,Apa penyebab mesin mobil saya bunyi klotok pas jalan jauh?
ask_possible_cause,Mengapa ban mobil saya bunyi decit pas jalan pelan?
ask_possible_cause,Kenapa rem motor saya bunyi gesekan pas jalan pelan?
ask_possible_cause,Apa yang bikin AC mobil saya bunyi pas jalan pelan?
ask_possible_cause,Kenapa lampu dashboard motor saya nyala tanda oli?
ask_possible_cause,Apa penyebab mesin motor saya bunyi ngiung pas jalan jauh?
ask_possible_cause,Mengapa mobil saya bunyi aneh dari suspensi pas jalan jauh?
ask_possible_cause,Kenapa ban motor saya bunyi kletuk pas jalan pelan?
ask_possible_cause,Apa yang menyebabkan motor saya bunyi krek dari rem pas jalan jauh?
ask_possible_cause,Kenapa lampu depan mobil saya bunyi tik pas jalan pelan?
ask_possible_cause,Apa penyebab mesin mobil saya bunyi krek pas jalan jauh?
ask_possible_cause,Mengapa ban mobil saya bunyi krek pas jalan pelan?
ask_possible_cause,Kenapa rem motor saya bunyi krek pas jalan pelan?
ask_possible_cause,Apa yang bikin AC mobil saya bunyi berisik pas jalan jauh?
ask_possible_cause,Kenapa lampu dashboard motor saya nyala tanda aki?
ask_possible_cause,Apa penyebab mesin motor saya bunyi ketuk pas jalan pelan?
ask_possible_cause,Mengapa mobil saya bunyi kletuk dari roda pas jalan jauh?
ask_possible_cause,Kenapa ban motor saya bunyi decit pas jalan pelan?
ask_possible_cause,Apa yang menyebabkan motor saya bunyi aneh dari shock pas jalan jauh?
ask_possible_cause,Kenapa lampu rem mobil saya ga nyala pas jalan jauh?
ask_possible_cause,Apa penyebab mesin mobil saya bunyi ngorok pas jalan pelan?
ask_possible_cause,Mengapa ban mobil saya bunyi krek pas jalan jauh?
ask_possible_cause,Kenapa rem motor saya bunyi gesekan pas jalan pelan?
ask_possible_cause,Apa yang bikin AC mobil saya bunyi pas jalan pelan?
ask_possible_cause,Kenapa lampu dashboard motor saya nyala tanda suhu?
ask_possible_cause,Apa penyebab mesin motor saya bunyi ngiung pas jalan jauh?
ask_possible_cause,Mengapa mobil saya bunyi aneh dari dashboard pas jalan pelan?
ask_possible_cause,Kenapa ban motor saya bunyi kletuk pas jalan jauh?
ask_possible_cause,Apa yang menyebabkan motor saya bunyi krek dari rem pas jalan pelan?
ask_possible_cause,Kenapa lampu depan mobil saya bunyi tik pas jalan jauh?
ask_possible_cause,Apa penyebab mesin mobil saya bunyi krek pas jalan pelan?
ask_possible_cause,Mengapa ban mobil saya bunyi decit pas jalan jauh?
ask_possible_cause,Kenapa rem motor saya bunyi krek pas jalan jauh?
ask_possible_cause,Apa yang bikin AC mobil saya bunyi berisik pas jalan pelan?
ask_possible_cause,Kenapa lampu dashboard motor saya nyala tanda check engine?
ask_possible_cause,Apa penyebab mesin motor saya bunyi ketuk pas jalan jauh?
ask_possible_cause,Mengapa mobil saya bunyi kletuk dari mesin pas jalan pelan?
ask_possible_cause,Kenapa ban motor saya bunyi krek pas jalan pelan?
ask_possible_cause,Apa yang menyebabkan motor saya bunyi aneh dari knalpot pas jalan pelan?
ask_possible_cause,Kenapa lampu rem mobil saya bunyi tik pas jalan jauh?
ask_possible_cause,Apa penyebab mesin mobil saya bunyi klotok pas jalan pelan?
ask_possible_cause,Mengapa ban mobil saya bunyi decit pas jalan pelan?
ask_possible_cause,Kenapa rem motor saya bunyi gesekan pas jalan jauh?
ask_possible_cause,Apa yang bikin AC mobil saya bunyi pas jalan jauh?
ask_possible_cause,Kenapa lampu dashboard motor saya nyala tanda oli?
ask_possible_cause,Apa penyebab mesin motor saya bunyi ngiung pas jalan pelan?
ask_possible_cause,Mengapa mobil saya bunyi aneh dari suspensi pas jalan pelan?
ask_possible_cause,Kenapa ban motor saya bunyi kletuk pas jalan jauh?
ask_possible_cause,Apa yang menyebabkan motor saya bunyi krek dari rem pas jalan jauh?
ask_possible_cause,Kenapa lampu depan mobil saya bunyi tik pas jalan pelan?
ask_possible_cause,Apa penyebab mesin mobil saya bunyi krek pas jalan jauh?
ask_possible_cause,Mengapa ban mobil saya bunyi krek pas jalan pelan?
ask_possible_cause,Kenapa rem motor saya bunyi krek pas jalan pelan?
ask_possible_cause,Apa yang bikin AC mobil saya bunyi berisik pas jalan jauh?
ask_possible_cause,Kenapa lampu dashboard motor saya nyala tanda aki?
ask_possible_cause,Apa penyebab mesin motor saya bunyi ketuk pas jalan jauh?
ask_possible_cause,Mengapa mobil saya bunyi kletuk dari roda pas jalan pelan?
ask_possible_cause,Kenapa ban motor saya bunyi decit pas jalan jauh?
ask_possible_cause,Apa yang menyebabkan motor saya bunyi aneh dari shock pas jalan pelan?
ask_possible_cause,Kenapa lampu rem mobil saya ga nyala pas jalan jauh?
ask_possible_cause,Apa penyebab mesin mobil saya bunyi ngorok pas jalan jauh?
ask_possible_cause,Mengapa ban mobil saya bunyi krek pas jalan pelan?
ask_possible_cause,Kenapa rem motor saya bunyi gesekan pas jalan jauh?
ask_possible_cause,Apa yang bikin AC mobil saya bunyi pas jalan pelan?
ask_possible_cause,Kenapa lampu dashboard motor saya nyala tanda suhu?
ask_possible_cause,Apa penyebab mesin motor saya bunyi ngiung pas jalan jauh?
ask_possible_cause,Mengapa mobil saya bunyi aneh dari dashboard pas jalan jauh?
ask_possible_cause,Kenapa ban motor saya bunyi kletuk pas jalan pelan?
ask_possible_cause,Apa yang menyebabkan motor saya bunyi krek dari rem pas jalan pelan?
ask_possible_cause,Kenapa lampu depan mobil saya bunyi tik pas jalan jauh?
ask_possible_cause,Apa penyebab mesin mobil saya bunyi krek pas jalan pelan?
ask_possible_cause,Mengapa ban mobil saya bunyi decit pas jalan pelan?
ask_possible_cause,Kenapa rem motor saya bunyi krek pas jalan jauh?
ask_possible_cause,Apa yang bikin AC mobil saya bunyi berisik pas jalan pelan?
ask_possible_cause,Kenapa lampu dashboard motor saya nyala tanda check engine?
ask_possible_cause,Apa penyebab mesin motor saya bunyi ketuk pas jalan pelan?
ask_possible_cause,Mengapa mobil saya bunyi kletuk dari mesin pas jalan jauh?
ask_possible_cause,Kenapa ban motor saya bunyi krek pas jalan jauh?
ask_possible_cause,Apa yang menyebabkan motor saya bunyi aneh dari knalpot pas jalan jauh?
ask_possible_cause,Kenapa lampu rem mobil saya bunyi tik pas jalan pelan?
ask_possible_cause,Apa penyebab mesin mobil saya bunyi klotok pas jalan jauh?
ask_possible_cause,Mengapa ban mobil saya bunyi decit pas jalan jauh?
ask_possible_cause,Kenapa rem motor saya bunyi gesekan pas jalan pelan?
ask_possible_cause,Apa yang bikin AC mobil saya bunyi pas jalan jauh?
ask_possible_cause,Kenapa lampu dashboard motor saya nyala tanda oli?
ask_possible_cause,Apa penyebab mesin motor saya bunyi ngiung pas jalan pelan?
ask_possible_cause,Mengapa mobil saya bunyi aneh dari suspensi pas jalan pelan?
ask_possible_cause,Kenapa ban motor saya bunyi kletuk pas jalan jauh?
ask_possible_cause,Apa yang menyebabkan motor saya bunyi krek dari rem pas jalan jauh?
ask_possible_cause,Kenapa lampu depan mobil saya bunyi tik pas jalan pelan?
ask_possible_cause,Apa penyebab mesin mobil saya bunyi krek pas jalan jauh?
ask_possible_cause,Mengapa ban mobil saya bunyi krek pas jalan jauh?
ask_possible_cause,Kenapa rem motor saya bunyi krek pas jalan pelan?
ask_possible_cause,Apa yang bikin AC mobil saya bunyi berisik pas jalan jauh?
ask_possible_cause,Kenapa lampu dashboard motor saya nyala tanda aki?
ask_possible_cause,Apa penyebab mesin motor saya bunyi ketuk pas jalan jauh?
ask_possible_cause,Mengapa mobil saya bunyi kletuk dari roda pas jalan jauh?
ask_possible_cause,Kenapa ban motor saya bunyi decit pas jalan pelan?
ask_possible_cause,Apa yang menyebabkan motor saya bunyi aneh dari shock pas jalan jauh?
ask_possible_cause,Kenapa lampu rem mobil saya ga nyala pas jalan pelan?
ask_possible_cause,Apa penyebab mesin mobil saya bunyi ngorok pas jalan pelan?
ask_possible_cause,Mengapa ban mobil saya bunyi krek pas jalan pelan?
ask_possible_cause,Kenapa rem motor saya bunyi gesekan pas jalan jauh?
ask_possible_cause,Apa yang bikin AC mobil saya bunyi pas jalan pelan?
ask_possible_cause,Kenapa lampu dashboard motor saya nyala tanda suhu?
ask_possible_cause,Apa penyebab mesin motor saya bunyi ngiung pas jalan jauh?
ask_possible_cause,Mengapa mobil saya bunyi aneh dari dashboard pas jalan pelan?
ask_possible_cause,Kenapa ban motor saya bunyi kletuk pas jalan jauh?
ask_possible_cause,Apa yang menyebabkan motor saya bunyi krek dari rem pas jalan pelan?
ask_possible_cause,Kenapa lampu depan mobil saya bunyi tik pas jalan jauh?
ask_possible_cause,Apa penyebab mesin mobil saya bunyi krek pas jalan pelan?
ask_possible_cause,Mengapa ban mobil saya bunyi decit pas jalan jauh?
ask_possible_cause,Kenapa rem motor saya bunyi krek pas jalan jauh?
ask_possible_cause,Apa yang bikin AC mobil saya bunyi berisik pas jalan pelan?
ask_possible_cause,Kenapa lampu dashboard motor saya nyala tanda check engine?
ask_possible_cause,Apa penyebab mesin motor saya bunyi ketuk pas jalan jauh?
ask_possible_cause,Mengapa mobil saya bunyi kletuk dari mesin pas jalan pelan?
ask_possible_cause,Kenapa ban motor saya bunyi krek pas jalan pelan?
ask_possible_cause,Apa yang menyebabkan motor saya bunyi aneh dari knalpot pas jalan jauh?
ask_possible_cause,Kenapa lampu rem mobil saya bunyi tik pas jalan jauh?
ask_possible_cause,Apa penyebab mesin mobil saya bunyi klotok pas jalan pelan?
ask_possible_cause,Mengapa ban mobil saya bunyi decit pas jalan pelan?
ask_possible_cause,Kenapa rem motor saya bunyi gesekan pas jalan jauh?
ask_possible_cause,Apa yang bikin AC mobil saya bunyi pas jalan jauh?
ask_possible_cause,Kenapa lampu dashboard motor saya nyala tanda oli?
ask_possible_cause,Apa penyebab mesin motor saya bunyi ngiung pas jalan pelan?
ask_possible_cause,Mengapa mobil saya bunyi aneh dari suspensi pas jalan jauh?
ask_possible_cause,Kenapa ban motor saya bunyi kletuk pas jalan pelan?
ask_possible_cause,Apa yang menyebabkan motor saya bunyi krek dari rem pas jalan pelan?
ask_possible_cause,Kenapa lampu depan mobil saya bunyi tik pas jalan jauh?
ask_possible_cause,Apa penyebab mesin mobil saya bunyi krek pas jalan pelan?
ask_possible_cause,Mengapa ban mobil saya bunyi krek pas jalan pelan?
ask_possible_cause,Kenapa rem motor saya bunyi krek pas jalan jauh?
ask_possible_cause,Apa yang bikin AC mobil saya bunyi berisik pas jalan jauh?
ask_possible_cause,Kenapa lampu dashboard motor saya nyala tanda aki?
ask_possible_cause,Apa penyebab mesin motor saya bunyi ketuk pas jalan jauh?
ask_possible_cause,Mengapa mobil saya bunyi kletuk dari roda pas jalan pelan?
ask_possible_cause,Kenapa ban motor saya bunyi decit pas jalan jauh?
ask_possible_cause,Apa yang menyebabkan motor saya bunyi aneh dari shock pas jalan pelan?
ask_possible_cause,Kenapa lampu rem mobil saya ga nyala pas jalan jauh?
ask_possible_cause,Apa penyebab mesin mobil saya bunyi ngorok pas jalan jauh?
ask_possible_cause,Mengapa ban mobil saya bunyi krek pas jalan pelan?
ask_possible_cause,Kenapa rem motor saya bunyi gesekan pas jalan pelan?
ask_possible_cause,Apa yang bikin AC mobil saya bunyi pas jalan pelan?
ask_possible_cause,Kenapa lampu dashboard motor saya nyala tanda suhu?
ask_possible_cause,Apa penyebab mesin motor saya bunyi ngiung pas jalan jauh?
ask_possible_cause,Mengapa mobil saya bunyi aneh dari dashboard pas jalan jauh?
ask_possible_cause,Kenapa ban motor saya bunyi kletuk pas jalan jauh?
ask_possible_cause,Apa yang menyebabkan motor saya bunyi krek dari rem pas jalan jauh?
ask_possible_cause,Kenapa lampu depan mobil saya bunyi tik pas jalan pelan?
ask_possible_cause,Apa penyebab mesin mobil saya bunyi krek pas jalan jauh?
ask_possible_cause,Mengapa ban mobil saya bunyi decit pas jalan pelan?
ask_possible_cause,Kenapa rem motor saya bunyi krek pas jalan pelan?
ask_possible_cause,Apa yang bikin AC mobil saya bunyi berisik pas jalan pelan?
ask_possible_cause,Kenapa lampu dashboard motor saya nyala tanda check engine?
ask_possible_cause,Apa penyebab mesin motor saya bunyi ketuk pas jalan pelan?
ask_possible_cause,Mengapa mobil saya bunyi kletuk dari mesin pas jalan jauh?
ask_possible_cause,Kenapa ban motor saya bunyi krek pas jalan jauh?
ask_possible_cause,Apa yang menyebabkan motor saya bunyi aneh dari knalpot pas jalan pelan?
ask_possible_cause,Kenapa lampu rem mobil saya bunyi tik pas jalan jauh?
ask_possible_cause,Apa penyebab mesin mobil saya bunyi klotok pas jalan jauh?
ask_possible_cause,Mengapa ban mobil saya bunyi decit pas jalan jauh?
ask_possible_cause,Kenapa rem motor saya bunyi gesekan pas jalan pelan?
ask_possible_cause,Apa yang bikin AC mobil saya bunyi pas jalan pelan?
ask_possible_cause,Kenapa lampu dashboard motor saya nyala tanda oli?
ask_possible_cause,Apa penyebab mesin motor saya bunyi ngiung pas jalan jauh?
ask_possible_cause,Mengapa mobil saya bunyi aneh dari suspensi pas jalan pelan?
ask_possible_cause,Kenapa ban motor saya bunyi kletuk pas jalan pelan?
ask_possible_cause,Apa yang menyebabkan motor saya bunyi krek dari rem pas jalan jauh?
ask_possible_cause,Kenapa lampu depan mobil saya bunyi tik pas jalan jauh?
ask_possible_cause,Apa penyebab mesin mobil saya bunyi krek pas jalan pelan?
ask_possible_cause,Mengapa ban mobil saya bunyi krek pas jalan jauh?
ask_possible_cause,Kenapa rem motor saya bunyi krek pas jalan jauh?
ask_possible_cause,Apa yang bikin AC mobil saya bunyi berisik pas jalan pelan?
ask_possible_cause,Kenapa lampu dashboard motor saya nyala tanda aki?
ask_possible_cause,Apa penyebab mesin motor saya bunyi ketuk pas jalan jauh?
ask_possible_cause,Mengapa mobil saya bunyi kletuk dari roda pas jalan jauh?
ask_possible_cause,Kenapa ban motor saya bunyi decit pas jalan pelan?
ask_possible_cause,Apa yang menyebabkan motor saya bunyi aneh dari shock pas jalan jauh?
ask_possible_cause,Kenapa lampu rem mobil saya ga nyala pas jalan pelan?
ask_possible_cause,Apa penyebab mesin mobil saya bunyi ngorok pas jalan pelan?
ask_possible_cause,Mengapa ban mobil saya bunyi krek pas jalan pelan?
ask_possible_cause,Kenapa rem motor saya bunyi gesekan pas jalan jauh?
ask_possible_cause,Apa yang bikin AC mobil saya bunyi pas jalan jauh?
ask_possible_cause,Kenapa lampu dashboard motor saya nyala tanda suhu?
ask_possible_cause,Apa penyebab mesin motor saya bunyi ngiung pas jalan pelan?
ask_possible_cause,Mengapa mobil saya bunyi aneh dari dashboard pas jalan pelan?
ask_possible_cause,Kenapa ban motor saya bunyi kletuk pas jalan jauh?
ask_possible_cause,Apa yang menyebabkan motor saya bunyi krek dari rem pas jalan pelan?
ask_possible_cause,Kenapa lampu depan mobil saya bunyi tik pas jalan jauh?
ask_possible_cause,Apa penyebab mesin mobil saya bunyi krek pas jalan jauh?
ask_possible_cause,Mengapa ban mobil saya bunyi decit pas jalan pelan?
ask_possible_cause,Kenapa rem motor saya bunyi krek pas jalan pelan?
ask_possible_cause,Apa yang bikin AC mobil saya bunyi berisik pas jalan jauh?
ask_possible_cause,Kenapa lampu dashboard motor saya nyala tanda check engine?
ask_possible_cause,Apa penyebab mesin motor saya bunyi ketuk pas jalan jauh?
ask_possible_cause,Mengapa mobil saya bunyi kletuk dari mesin pas jalan pelan?
ask_possible_cause,Kenapa ban motor saya bunyi krek pas jalan pelan?
ask_possible_cause,Apa yang menyebabkan motor saya bunyi aneh dari knalpot pas jalan jauh?
ask_possible_cause,Kenapa lampu rem mobil saya bunyi tik pas jalan jauh?
ask_possible_cause,Apa penyebab mesin mobil saya bunyi klotok pas jalan pelan?
ask_possible_cause,Mengapa ban mobil saya bunyi decit pas jalan jauh?
ask_possible_cause,Kenapa rem motor saya bunyi gesekan pas jalan jauh?
ask_possible_cause,Apa yang bikin AC mobil saya bunyi pas jalan pelan?
ask_possible_cause,Kenapa lampu dashboard motor saya nyala tanda oli?
ask_possible_cause,Apa penyebab mesin motor saya bunyi ngiung pas jalan jauh?
ask_possible_cause,Mengapa mobil saya bunyi aneh dari suspensi pas jalan jauh?
ask_possible_cause,Kenapa ban motor saya bunyi kletuk pas jalan pelan?
ask_possible_cause,Apa yang menyebabkan motor saya bunyi krek dari rem pas jalan pelan?
ask_possible_cause,Kenapa lampu depan mobil saya bunyi tik pas jalan pelan?
ask_possible_cause,Apa penyebab mesin mobil saya bunyi krek pas jalan jauh?
ask_possible_cause,Mengapa ban mobil saya bunyi krek pas jalan pelan?
ask_possible_cause,Kenapa rem motor saya bunyi krek pas jalan jauh?
ask_possible_cause,Apa yang bikin AC mobil saya bunyi berisik pas jalan pelan?
ask_possible_cause,Kenapa lampu dashboard motor saya nyala tanda aki?
ask_possible_cause,Apa penyebab mesin motor saya bunyi ketuk pas jalan pelan?
ask_possible_cause,Mengapa mobil saya bunyi kletuk dari roda pas jalan jauh?
ask_possible_cause,Kenapa ban motor saya bunyi decit pas jalan jauh?
ask_possible_cause,Apa yang menyebabkan motor saya bunyi aneh dari shock pas jalan pelan?
ask_possible_cause,Kenapa lampu rem mobil saya ga nyala pas jalan jauh?
ask_possible_cause,Apa penyebab mesin mobil saya bunyi ngorok pas jalan pelan?
ask_possible_cause,Mengapa ban mobil saya bunyi krek pas jalan jauh?
ask_possible_cause,Kenapa rem motor saya bunyi gesekan pas jalan pelan?
ask_possible_cause,Apa yang bikin AC mobil saya bunyi pas jalan jauh?
ask_possible_cause,Kenapa lampu dashboard motor saya nyala tanda suhu?
ask_possible_cause,Apa penyebab mesin motor saya bunyi ngiung pas jalan jauh?
ask_possible_cause,Mengapa mobil saya bunyi aneh dari dashboard pas jalan pelan?
ask_possible_cause,Kenapa ban motor saya bunyi kletuk pas jalan jauh?
ask_possible_cause,Apa yang menyebabkan motor saya bunyi krek dari rem pas jalan jauh?
ask_possible_cause,Kenapa lampu depan mobil saya bunyi tik pas jalan pelan?
ask_possible_cause,Apa penyebab mesin mobil saya bunyi krek pas jalan pelan?
ask_possible_cause,Mengapa ban mobil saya bunyi decit pas jalan jauh?
ask_possible_cause,Kenapa rem motor saya bunyi krek pas jalan pelan?
ask_possible_cause,Apa yang bikin AC mobil saya bunyi berisik pas jalan jauh?
ask_possible_cause,Kenapa lampu dashboard motor saya nyala tanda check engine?
ask_possible_cause,Apa penyebab mesin motor saya bunyi ketuk pas jalan jauh?
ask_possible_cause,Mengapa mobil saya bunyi kletuk dari mesin pas jalan jauh?
ask_possible_cause,Kenapa ban motor saya bunyi krek pas jalan pelan?
ask_possible_cause,Apa yang menyebabkan motor saya bunyi aneh dari knalpot pas jalan pelan?
ask_possible_cause,Kenapa lampu rem mobil saya bunyi tik pas jalan jauh?
ask_possible_cause,Apa penyebab mesin mobil saya bunyi klotok pas jalan jauh?
ask_possible_cause,Mengapa ban mobil saya bunyi decit pas jalan pelan?
ask_possible_cause,Kenapa rem motor saya bunyi gesekan pas jalan jauh?
ask_possible_cause,Apa yang bikin AC mobil saya bunyi pas jalan pelan?
ask_possible_cause,Kenapa lampu dashboard motor saya nyala tanda oli?
ask_possible_cause,Apa penyebab mesin motor saya bunyi ngiung pas jalan jauh?
ask_possible_cause,Mengapa mobil saya bunyi aneh dari suspensi pas jalan pelan?
ask_possible_cause,Kenapa ban motor saya bunyi kletuk pas jalan jauh?
ask_possible_cause,Apa yang menyebabkan motor saya bunyi krek dari rem pas jalan pelan?
ask_possible_cause,Kenapa lampu depan mobil saya bunyi tik pas jalan jauh?
ask_possible_cause,Apa penyebab mesin mobil saya bunyi krek pas jalan pelan?
ask_possible_cause,Mengapa ban mobil saya bunyi krek pas jalan jauh?
ask_possible_cause,Kenapa rem motor saya bunyi krek pas jalan jauh?
ask_possible_cause,Apa yang bikin AC mobil saya bunyi berisik pas jalan pelan?
ask_possible_cause,Kenapa lampu dashboard motor saya nyala tanda aki?
ask_possible_cause,Apa penyebab mesin motor saya bunyi ketuk pas jalan jauh?
ask_possible_cause,Mengapa mobil saya bunyi kletuk dari roda pas jalan pelan?
ask_possible_cause,Kenapa ban motor saya bunyi decit pas jalan jauh?
ask_possible_cause,Apa yang menyebabkan motor saya bunyi aneh dari shock pas jalan jauh?
ask_possible_cause,Kenapa lampu rem mobil saya ga nyala pas jalan pelan?
ask_possible_cause,Apa penyebab mesin mobil saya bunyi ngorok pas jalan jauh?
ask_possible_cause,Mengapa ban mobil saya bunyi krek pas jalan pelan?
ask_possible_cause,Kenapa rem motor saya bunyi gesekan pas jalan jauh?
ask_possible_cause,Apa yang bikin AC mobil saya bunyi pas jalan jauh?
ask_possible_cause,Kenapa lampu dashboard motor saya nyala tanda suhu?
ask_possible_cause,Apa penyebab mesin motor saya bunyi ngiung pas jalan pelan?
ask_possible_cause,Mengapa mobil saya bunyi aneh dari dashboard pas jalan jauh?
ask_possible_cause,Kenapa ban motor saya bunyi kletuk pas jalan pelan?
ask_possible_cause,Apa yang menyebabkan motor saya bunyi krek dari rem pas jalan jauh?
ask_possible_cause,Kenapa lampu depan mobil saya bunyi tik pas jalan pelan?
ask_possible_cause,Apa penyebab mesin mobil saya bunyi krek pas jalan jauh?
ask_possible_cause,Mengapa ban mobil saya bunyi decit pas jalan pelan?
ask_possible_cause,Kenapa rem motor saya bunyi krek pas jalan jauh?
ask_possible_cause,Apa yang bikin AC mobil saya bunyi berisik pas jalan jauh?
ask_possible_cause,Kenapa lampu dashboard motor saya nyala tanda check engine?
ask_possible_cause,Apa penyebab mesin motor saya bunyi ketuk pas jalan pelan?
ask_possible_cause,Mengapa mobil saya bunyi kletuk dari mesin pas jalan pelan?
ask_possible_cause,Kenapa ban motor saya bunyi krek pas jalan jauh?
ask_possible_cause,Apa yang menyebabkan motor saya bunyi aneh dari knalpot pas jalan jauh?
ask_possible_cause,Kenapa lampu rem mobil saya bunyi tik pas jalan pelan?
ask_possible_cause,Apa penyebab mesin mobil saya bunyi klotok pas jalan pelan?
ask_possible_cause,Mengapa ban mobil saya bunyi decit pas jalan jauh?
ask_possible_cause,Kenapa rem motor saya bunyi gesekan pas jalan pelan?
ask_possible_cause,Apa yang bikin AC mobil saya bunyi pas jalan pelan?
ask_possible_cause,Kenapa lampu dashboard motor saya nyala tanda oli?
ask_possible_cause,Apa penyebab mesin motor saya bunyi ngiung pas jalan jauh?
ask_possible_cause,Mengapa mobil saya bunyi aneh dari suspensi pas jalan jauh?
ask_possible_cause,Kenapa ban motor saya bunyi kletuk pas jalan jauh?
ask_possible_cause,Apa yang menyebabkan motor saya bunyi krek dari rem pas jalan pelan?
ask_possible_cause,Kenapa lampu depan mobil saya bunyi tik pas jalan jauh?
ask_possible_cause,Apa penyebab mesin mobil saya bunyi krek pas jalan pelan?
ask_possible_cause,Mengapa ban mobil saya bunyi krek pas jalan pelan?
ask_possible_cause,Kenapa rem motor saya bunyi krek pas jalan jauh?
ask_possible_cause,Apa yang bikin AC mobil saya bunyi berisik pas jalan pelan?
ask_possible_cause,Kenapa lampu dashboard motor saya nyala tanda aki?
ask_possible_cause,Apa penyebab mesin motor saya bunyi ketuk pas jalan jauh?
ask_possible_cause,Mengapa mobil saya bunyi kletuk dari roda pas jalan jauh?
ask_possible_cause,Kenapa ban motor saya bunyi decit pas jalan pelan?
ask_possible_cause,Apa yang menyebabkan motor saya bunyi aneh dari shock pas jalan pelan?
ask_possible_cause,Kenapa lampu rem mobil saya ga nyala pas jalan jauh?
ask_possible_cause,Apa penyebab mesin mobil saya bunyi ngorok pas jalan pelan?
ask_possible_cause,Mengapa ban mobil saya bunyi krek pas jalan jauh?
ask_possible_cause,Kenapa rem motor saya bunyi gesekan pas jalan jauh?
ask_possible_cause,Apa yang bikin AC mobil saya bunyi pas jalan jauh?
ask_possible_cause,Kenapa lampu dashboard motor saya nyala tanda suhu?
ask_possible_cause,Apa penyebab mesin motor saya bunyi ngiung pas jalan pelan?
ask_possible_cause,Mengapa mobil saya bunyi aneh dari dashboard pas jalan pelan?
ask_possible_cause,Kenapa ban motor saya bunyi kletuk pas jalan jauh?
ask_possible_cause,Apa yang menyebabkan motor saya bunyi krek dari rem pas jalan jauh?
ask_possible_cause,Kenapa lampu depan mobil saya bunyi tik pas jalan pelan?
ask_possible_cause,Apa penyebab mesin mobil saya bunyi krek pas jalan jauh?
ask_possible_cause,Mengapa ban mobil saya bunyi decit pas jalan jauh?
ask_possible_cause,Kenapa rem motor saya bunyi krek pas jalan pelan?
ask_possible_cause,Apa yang bikin AC mobil saya bunyi berisik pas jalan jauh?
ask_possible_cause,Kenapa lampu dashboard motor saya nyala tanda check engine?
ask_possible_cause,Apa penyebab mesin motor saya bunyi ketuk pas jalan jauh?
ask_possible_cause,Mengapa mobil saya bunyi kletuk dari mesin pas jalan pelan?
ask_possible_cause,Kenapa ban motor saya bunyi krek pas jalan pelan?
ask_possible_cause,Apa yang menyebabkan motor saya bunyi aneh dari knalpot pas jalan jauh?
ask_possible_cause,Kenapa lampu rem mobil saya bunyi tik pas jalan jauh?
ask_possible_cause,Apa penyebab mesin mobil saya bunyi klotok pas jalan jauh?
ask_possible_cause,Mengapa ban mobil saya bunyi decit pas jalan pelan?
ask_possible_cause,Kenapa rem motor saya bunyi gesekan pas jalan jauh?
ask_possible_cause,Apa yang bikin AC mobil saya bunyi pas jalan pelan?
ask_possible_cause,Kenapa lampu dashboard motor saya nyala tanda oli?
ask_possible_cause,Apa penyebab mesin motor saya bunyi ngiung pas jalan jauh?
ask_possible_cause,Mengapa mobil saya bunyi aneh dari suspensi pas jalan jauh?
ask_possible_cause,Kenapa ban motor saya bunyi kletuk pas jalan pelan?
ask_possible_cause,Apa yang menyebabkan motor saya bunyi krek dari rem pas jalan pelan?
ask_possible_cause,Kenapa lampu depan mobil saya bunyi tik pas jalan jauh?
ask_possible_cause,Apa penyebab mesin mobil saya bunyi krek pas jalan pelan?
ask_possible_cause,Mengapa ban mobil saya bunyi krek pas jalan jauh?
ask_possible_cause,Kenapa rem motor saya bunyi krek pas jalan jauh?
ask_possible_cause,Apa yang bikin AC mobil saya bunyi berisik pas jalan pelan?
ask_possible_cause,Kenapa lampu dashboard motor saya nyala tanda aki?
ask_possible_cause,Apa penyebab mesin motor saya bunyi ketuk pas jalan jauh?
ask_possible_cause,Mengapa mobil saya bunyi kletuk dari roda pas jalan pelan?
ask_possible_cause,Kenapa ban motor saya bunyi decit pas jalan jauh?
ask_possible_cause,Apa yang menyebabkan motor saya bunyi aneh dari shock pas jalan jauh?
ask_possible_cause,Kenapa lampu rem mobil saya ga nyala pas jalan pelan?
ask_possible_cause,Apa penyebab mesin mobil saya bunyi ngorok pas jalan jauh?
ask_possible_cause,Mengapa ban mobil saya bunyi krek pas jalan pelan?
ask_possible_cause,Kenapa rem motor saya bunyi gesekan pas jalan pelan?
ask_possible_cause,Apa yang bikin AC mobil saya bunyi pas jalan jauh?
ask_possible_cause,Kenapa lampu dashboard motor saya nyala tanda suhu?
ask_possible_cause,Apa penyebab mesin motor saya bunyi ngiung pas jalan pelan?
ask_possible_cause,Mengapa mobil saya bunyi aneh dari dashboard pas jalan jauh?
ask_possible_cause,Kenapa ban motor saya bunyi kletuk pas jalan jauh?
ask_possible_cause,Apa yang menyebabkan motor saya bunyi krek dari rem pas jalan jauh?
ask_possible_cause,Kenapa lampu depan mobil saya bunyi tik pas jalan pelan?
ask_possible_cause,Apa penyebab mesin mobil saya bunyi krek pas jalan jauh?
ask_possible_cause,Mengapa ban mobil saya bunyi decit pas jalan pelan?
ask_possible_cause,Kenapa rem motor saya bunyi krek pas jalan jauh?
ask_possible_cause,Apa yang bikin AC mobil saya bunyi berisik pas jalan jauh?
ask_possible_cause,Kenapa lampu dashboard motor saya nyala tanda check engine?
ask_possible_cause,Apa penyebab mesin motor saya bunyi ketuk pas jalan pelan?
ask_possible_cause,Mengapa mobil saya bunyi kletuk dari mesin pas jalan jauh?
ask_possible_cause,Kenapa ban motor saya bunyi krek pas jalan jauh?
ask_possible_cause,Apa yang menyebabkan motor saya bunyi aneh dari knalpot pas jalan pelan?
ask_possible_cause,Kenapa lampu rem mobil saya bunyi tik pas jalan jauh?
ask_possible_cause,Apa penyebab mesin mobil saya bunyi klotok pas jalan pelan?
ask_possible_cause,Mengapa ban mobil saya bunyi decit pas jalan jauh?
ask_possible_cause,Kenapa rem motor saya bunyi gesekan pas jalan jauh?
ask_possible_cause,Apa yang bikin AC mobil saya bunyi pas jalan pelan?
ask_possible_cause,Kenapa lampu dashboard motor saya nyala tanda oli?
ask_possible_cause,Apa penyebab mesin motor saya bunyi ngiung pas jalan jauh?
ask_possible_cause,Mengapa mobil saya bunyi aneh dari suspensi pas jalan pelan?
ask_possible_cause,Kenapa ban motor saya bunyi kletuk pas jalan jauh?
ask_possible_cause,Apa yang menyebabkan motor saya bunyi krek dari rem pas jalan jauh?
ask_possible_cause,Kenapa lampu depan mobil saya bunyi tik pas jalan pelan?
ask_possible_cause,Apa penyebab mesin mobil saya bunyi krek pas jalan jauh?
ask_possible_cause,Mengapa ban mobil saya bunyi krek pas jalan pelan?
ask_possible_cause,Kenapa rem motor saya bunyi krek pas jalan pelan?
ask_possible_cause,Apa yang bikin AC mobil saya bunyi berisik pas jalan jauh?
ask_possible_cause,Kenapa lampu dashboard motor saya nyala tanda aki?
ask_possible_cause,Apa penyebab mesin motor saya bunyi ketuk pas jalan jauh?
ask_possible_cause,Mengapa mobil saya bunyi kletuk dari roda pas jalan jauh?
ask_possible_cause,Kenapa ban motor saya bunyi decit pas jalan pelan?
ask_possible_cause,Apa yang menyebabkan motor saya bunyi aneh dari shock pas jalan pelan?
ask_possible_cause,Kenapa lampu rem mobil saya ga nyala pas jalan jauh?
ask_possible_cause,Apa penyebab mesin mobil saya bunyi ngorok pas jalan?
ask_possible_cause,Mengapa ban mobil saya bunyi krek pas jalan pelan?
ask_possible_cause,"Kenapa ya ban motor gue kempes mulu padahal baru ditambal?"
ask_possible_cause,"Mengapa mesin mobil gue panas banget tiap jalan jauh?"
ask_possible_cause,"Apa sih penyebab aki motor gue cepet soak gitu?"
ask_possible_cause,"Kok rem mobil gue blong tiba-tiba, apa gara-garanya?"
ask_possible_cause,"Oli motor gue bocor terus, kenapa bisa gitu bro?"
ask_possible_cause,"Asap putih keluar dari knalpot mobil, apa yang bikin gitu?"
ask_possible_cause,"Motor gue bunyi krek-krek, kira-kira apa penyebabnya?"
ask_possible_cause,"Kenapa mobil gue mogok tiap pagi, apa salahnya?"
ask_possible_cause,"Ban truk gue gampang gembos, apa sih yang salah?"
ask_possible_cause,"Mesin motor gue overheat mulu, apa yang bikin panas?"
ask_possible_cause,"Aki mobil gue drop tiba-tiba, apa penyebabnya bro?"
ask_possible_cause,"Rem motor gue ga pakem, kenapa ya bisa begitu?"
ask_possible_cause,"Oli truk gue netes tiap parkir, apa yang rusak?"
ask_possible_cause,"Kap mobil gue ngebul tebel, kira-kira kenapa gitu?"
ask_possible_cause,"Suara glodak-glodak dari ban motor, apa sih penyebabnya?"
ask_possible_cause,"Kenapa ban mobil gue kempes tiap seminggu sekali?"
ask_possible_cause,"Mesin truk gue goyang-goyang, apa yang bikin gitu?"
ask_possible_cause,"Aki motor gue ga kuat starter, kenapa ya bro?"
ask_possible_cause,"Rem mobil bunyi cetak-cetak, apa yang salah?"
ask_possible_cause,"Oli mobil gue cepet abis, kira-kira kenapa gitu?"
ask_possible_cause,"Asap hitam dari knalpot motor, apa penyebabnya?"
ask_possible_cause,"Mobil gue bunyi ngorok pas jalan, kenapa ya?"
ask_possible_cause,"Ban motor gue bocor kecil mulu, apa yang bikin?"
ask_possible_cause,"Mesin mobil mati mendadak, apa sih penyebabnya?"
ask_possible_cause,"Aki truk lelet banget, kenapa bisa gitu?"
ask_possible_cause,"Rem motor ga ngerem sama sekali, apa yang rusak?"
ask_possible_cause,"Oli mobil bocor di garasi, kenapa ya bro?"
ask_possible_cause,"Asap tebel dari mesin truk, apa yang bikin gitu?"
ask_possible_cause,"Suara aneh dari ban mobil, kira-kira kenapa?"
ask_possible_cause,"Motor gue mogok di tengah hujan, apa penyebabnya?"
ask_possible_cause,"Ban truk bocor pas di tol, kenapa bisa gitu?"
ask_possible_cause,"Mesin mobil panas sampe bau gosong, apa yang salah?"
ask_possible_cause,"Aki motor mati total, kira-kira kenapa ya?"
ask_possible_cause,"Rem truk bunyi kenceng, apa sih penyebabnya?"
ask_possible_cause,"Oli motor netes pas parkir, kenapa gitu?"
ask_possible_cause,"Asap keluar dari bawah mobil, apa yang bikin?"
ask_possible_cause,"Suara berisik dari mesin truk, kenapa ya bro?"
ask_possible_cause,"Ban mobil bocor di kampung, apa penyebabnya?"
ask_possible_cause,"Mesin motor ngadat tiap gas, kira-kira kenapa?"
ask_possible_cause,"Aki mobil ga nyala pagi-pagi, apa yang salah?"
ask_possible_cause,"Rem motor lengket, kenapa bisa begitu?"
ask_possible_cause,"Oli truk habis tiba-tiba, apa penyebabnya?"
ask_possible_cause,"Asap biru dari knalpot mobil, kira-kira kenapa?"
ask_possible_cause,"Suara ketok-ketok dari mesin motor, apa yang rusak?"
ask_possible_cause,"Ban truk kempes di pasar, kenapa ya gitu?"
ask_possible_cause,"Mesin mobil overheat pas macet, apa sih penyebabnya?"
ask_possible_cause,"Aki motor lelet banget, apa yang bikin soak?"
ask_possible_cause,"Rem truk ga respons, kenapa bisa gitu bro?"
ask_possible_cause,"Oli mobil tumpah di jalan, apa yang salah?"
ask_possible_cause,"Asap putih tebel dari truk, kira-kira kenapa?"
ask_possible_cause,"Motor bunyi gede pas gas, apa penyebabnya?"
ask_possible_cause,"Ban mobil gembos di tengah hutan, kenapa ya?"
ask_possible_cause,"Mesin truk mati pas nanjak, apa yang bikin?"
ask_possible_cause,"Aki mobil ngedrop di parkiran, kira-kira kenapa?"
ask_possible_cause,"Rem motor bunyi kriet-kriet, apa yang rusak?"
ask_possible_cause,"Oli motor bocor parah, kenapa bisa gitu?"
ask_possible_cause,"Asap hitam dari mesin mobil, apa penyebabnya?"
ask_possible_cause,"Suara aneh dari kolong truk, kira-kira kenapa?"
ask_possible_cause,"Ban motor kempes pas di pom bensin, apa yang salah?"
ask_possible_cause,"Mesin mobil panas di tol, kenapa ya bro?"
ask_possible_cause,"Aki truk mati malam-malam, apa sih penyebabnya?"
ask_possible_cause,"Rem mobil ga pakem pas turunan, kenapa gitu?"
ask_possible_cause,"Oli motor netes di trotoar, apa yang bikin?"
ask_possible_cause,"Asap keluar dari kap truk, kira-kira kenapa?"
ask_possible_cause,"Suara berderit dari ban motor, apa penyebabnya?"
ask_possible_cause,"Mobil mogok di tengah kota, apa yang salah?"
ask_possible_cause,"Ban truk bocor pas di gudang, kenapa ya?"
ask_possible_cause,"Mesin motor kepanasan sampe bau, apa yang bikin?"
ask_possible_cause,"Aki mobil lemah pas perjalanan, kira-kira kenapa?"
ask_possible_cause,"Rem truk bunyi aneh, apa sih penyebabnya?"
ask_possible_cause,"Oli mobil habis di jalan, kenapa bisa gitu?"
ask_possible_cause,"Asap tebel dari knalpot motor, apa yang rusak?"
ask_possible_cause,"Suara ngiung-ngiung dari mesin mobil, kenapa ya?"
ask_possible_cause,"Ban motor bocor di desa, apa penyebabnya?"
ask_possible_cause,"Mesin truk mati mendadak, kira-kira kenapa?"
ask_possible_cause,"Aki motor ga kuat nyala, apa yang salah?"
ask_possible_cause,"Rem mobil lengket di parkiran, kenapa gitu?"
ask_possible_cause,"Oli truk bocor di lapangan, apa yang bikin?"
ask_possible_cause,"Asap putih dari mesin motor, kenapa ya bro?"
ask_possible_cause,"Suara ketak-ketak dari ban truk, apa penyebabnya?"
ask_possible_cause,"Ban mobil kempes pas di kantor, kira-kira kenapa?"
ask_possible_cause,"Mesin motor overheat di siang hari, apa yang salah?"
ask_possible_cause,"Aki truk drop pas di terminal, kenapa bisa gitu?"
ask_possible_cause,"Rem motor ga ngerem di tanjakan, apa yang rusak?"
ask_possible_cause,"Oli mobil netes di bawah pohon, apa penyebabnya?"
ask_possible_cause,"Asap hitam dari kap truk, kira-kira kenapa?"
ask_possible_cause,"Suara aneh dari mesin motor pas hujan, apa yang bikin?"
ask_possible_cause,"Ban truk bocor di pinggir kali, kenapa ya?"
ask_possible_cause,"Mesin mobil panas di parkiran mall, apa sih penyebabnya?"
ask_possible_cause,"Aki motor mati pas di pasar, apa yang salah?"
ask_possible_cause,"Rem truk ga pakem di jalan basah, kenapa gitu?"
ask_possible_cause,"Oli motor tumpah di garasi, apa yang bikin?"
ask_possible_cause,"Asap keluar dari bawah truk, kira-kira kenapa?"
ask_possible_cause,"Suara berisik dari ban mobil, apa penyebabnya?"
ask_possible_cause,"Motor mogok pas di lampu merah, apa yang rusak?"
ask_possible_cause,"Ban mobil gembos di tengah malam, kenapa ya?"
ask_possible_cause,"Mesin truk bergetar pas langsam, apa yang salah?"
ask_possible_cause,"Aki mobil ga nyala di pagi hari, kira-kira kenapa?"
ask_possible_cause,"Rem motor bunyi pas dipake, apa yang bikin?"
ask_possible_cause,"Oli truk netes di jalanan, apa penyebabnya?"
ask_possible_cause,"Asap tebel dari knalpot mobil, kenapa gitu?"
ask_possible_cause,"Suara aneh dari mesin truk pas cepet, apa yang rusak?"
ask_possible_cause,"Ban motor bocor di pinggir sawah, kira-kira kenapa?"
ask_possible_cause,"Mesin mobil mati di perempatan, apa sih penyebabnya?"
ask_possible_cause,"Aki truk lemah pas di gudang, kenapa ya?"
ask_possible_cause,"Rem mobil ga respons pas hujan, apa yang salah?"
ask_possible_cause,"Oli motor bocor pas di pom bensin, apa yang bikin?"
ask_possible_cause,"Asap putih dari kap motor, kira-kira kenapa?"
ask_possible_cause,"Suara gede dari kolong mobil, apa penyebabnya?"
ask_possible_cause,"Ban truk kempes di tol malam, kenapa gitu?"
ask_possible_cause,"Mesin motor panas banget pas macet, apa yang rusak?"
ask_possible_cause,"Aki mobil mati di jalan raya, kira-kira kenapa?"
ask_possible_cause,"Rem truk bunyi kenceng pas turunan, apa yang salah?"
ask_possible_cause,"Oli mobil netes di trotoar, apa sih penyebabnya?"
ask_possible_cause,"Asap hitam dari mesin truk, kenapa ya bro?"
ask_possible_cause,"Suara ngorok dari ban motor, apa yang bikin?"
ask_possible_cause,"Mobil mogok di pinggir pantai, apa penyebabnya?"
ask_possible_cause,"Ban motor bocor pas di bukit, kira-kira kenapa?"
ask_possible_cause,"Mesin truk mati di lampu merah, apa yang salah?"
ask_possible_cause,"Aki mobil lelet pas siang, kenapa gitu?"
ask_possible_cause,"Rem motor ga pakem di jalan licin, apa yang rusak?"
ask_possible_cause,"Oli truk bocor di parkiran, apa yang bikin?"
ask_possible_cause,"Asap tebel dari kap mobil, kira-kira kenapa?"
ask_possible_cause,"Suara aneh dari mesin motor pas pelan, apa penyebabnya?"
ask_possible_cause,"Ban truk gembos di tengah hutan, kenapa ya?"
ask_possible_cause,"Mesin mobil overheat pas hujan, apa sih penyebabnya?"
ask_possible_cause,"Aki motor drop di jalan kampung, apa yang salah?"
ask_possible_cause,"Rem truk lengket pas pagi, kenapa gitu?"
ask_possible_cause,"Oli mobil tumpah di garasi, apa yang bikin?"
ask_possible_cause,"Asap putih dari knalpot truk, kira-kira kenapa?"
ask_possible_cause,"Suara berderit dari kolong motor, apa penyebabnya?"
ask_possible_cause,"Ban mobil bocor di pasar malam, kenapa ya?"
ask_possible_cause,"Mesin motor mati pas di tanjakan, apa yang rusak?"
ask_possible_cause,"Aki truk ga nyala pas malam, kira-kira kenapa?"
ask_possible_cause,"Rem mobil bunyi pas ngerem, apa yang salah?"
ask_possible_cause,"Oli motor netes di jalan raya, apa sih penyebabnya?"
ask_possible_cause,"Asap hitam dari kap truk, kenapa gitu?"
ask_possible_cause,"Suara ketok-ketok dari ban mobil, apa yang bikin?"
ask_possible_cause,"Motor mogok di tengah macet, apa penyebabnya?"
ask_possible_cause,"Ban truk kempes di pinggir waduk, kira-kira kenapa?"
ask_possible_cause,"Mesin mobil panas banget pas malam, apa yang salah?"
ask_possible_cause,"Aki motor mati pas di pasar malam, kenapa ya?"
ask_possible_cause,"Rem truk ga pakem di jalan licin, apa yang rusak?"
ask_possible_cause,"Oli mobil netes di parkiran kantor, apa yang bikin?"
ask_possible_cause,"Asap tebel dari knalpot truk, kira-kira kenapa?"
ask_possible_cause,"Suara aneh dari mesin motor pas langsam, apa penyebabnya?"
ask_possible_cause,"Ban motor kempes di tengah hujan, kenapa gitu?"
ask_possible_cause,"Mesin truk mati di perempatan ramai, apa sih penyebabnya?"
ask_possible_cause,"Aki mobil lemah pas di pom bensin, kira-kira kenapa?"
ask_possible_cause,"Rem motor bunyi kriet pas dipake, apa yang salah?"
ask_possible_cause,"Oli truk netes di bawah pohon, apa yang bikin?"
ask_possible_cause,"Asap putih dari kap motor, kenapa ya bro?"
ask_possible_cause,"Suara ngorok dari kolong truk, apa penyebabnya?"
ask_possible_cause,"Ban mobil bocor pas di kantor malam, kira-kira kenapa?"
ask_possible_cause,"Mesin motor overheat pas di jalan kampung, apa yang rusak?"
ask_possible_cause,"Aki truk lelet pas di jalan kota, kenapa gitu?"
ask_possible_cause,"Rem mobil ga ngerem pas turunan, apa yang salah?"
ask_possible_cause,"Oli motor bocor di trotoar siang, apa sih penyebabnya?"
ask_possible_cause,"Asap hitam dari mesin truk, kira-kira kenapa?"
ask_possible_cause,"Suara gede dari ban motor, apa yang bikin?"
ask_possible_cause,"Truk mogok di tengah sawah, apa penyebabnya?"
ask_possible_cause,"Ban motor kempes pas di pasar, kenapa ya?"
ask_possible_cause,"Mesin mobil panas di jalan tol, apa yang rusak?"
ask_possible_cause,"Aki motor mati pas malam, kira-kira kenapa?"
ask_possible_cause,"Rem truk bunyi pas ngerem, apa yang salah?"
ask_possible_cause,"Oli mobil netes di jalan kampung, apa yang bikin?"
ask_possible_cause,"Asap tebel dari knalpot motor, kenapa gitu?"
ask_possible_cause,"Suara aneh dari mesin truk pas cepet, apa penyebabnya?"
ask_possible_cause,"Ban truk bocor di pinggir sungai, kira-kira kenapa?"
ask_possible_cause,"Mesin motor overheat pas di lampu merah, apa sih penyebabnya?"
ask_possible_cause,"Aki mobil drop di jalan desa, kenapa ya?"
ask_possible_cause,"Rem motor ga respons pas turunan, apa yang rusak?"
ask_possible_cause,"Oli truk bocor di jalan raya, apa yang bikin?"
ask_possible_cause,"Asap putih dari mesin mobil, kira-kira kenapa?"
ask_possible_cause,"Suara ketak dari kolong truk, apa penyebabnya?"
ask_possible_cause,"Ban mobil gembos di tengah hujan, kenapa gitu?"
ask_possible_cause,"Mesin truk mati pas di perempatan, apa yang salah?"
ask_possible_cause,"Aki motor lelet pas pagi, kira-kira kenapa?"
ask_possible_cause,"Rem mobil lengket pas parkir, apa yang bikin?"
ask_possible_cause,"Oli motor netes di garasi rumah, apa sih penyebabnya?"
ask_possible_cause,"Asap hitam dari kap truk, kenapa ya bro?"
ask_possible_cause,"Suara berisik dari ban motor, apa yang rusak?"
ask_possible_cause,"Mobil mogok di pinggir tol, apa penyebabnya?"
ask_possible_cause,"Ban truk kempes pas di terminal, kira-kira kenapa?"
ask_possible_cause,"Mesin mobil panas banget pas malam, apa yang salah?"
ask_possible_cause,"Aki truk mati di jalan kota, kenapa gitu?"
ask_possible_cause,"Rem motor bunyi pas hujan, apa yang bikin?"
ask_possible_cause,"Oli mobil bocor di bawah pohon, apa yang rusak?"
ask_possible_cause,"Asap tebel dari knalpot truk, kira-kira kenapa?"
ask_possible_cause,"Suara aneh dari mesin motor pas langsam, apa penyebabnya?"
ask_possible_cause,"Ban motor bocor di tengah macet, kenapa ya?"
ask_possible_cause,"Mesin truk overheat pas di gudang, apa sih penyebabnya?"
ask_possible_cause,"Aki mobil lemah pas di pom bensin, kira-kira kenapa?"
ask_possible_cause,"Rem truk bunyi kriet pas dipake, apa yang salah?"
ask_possible_cause,"Oli motor netes di parkiran mall, apa yang bikin?"
ask_possible_cause,"Asap putih dari kap motor, kenapa gitu?"
ask_possible_cause,"Suara ngorok dari kolong truk, apa penyebabnya?"
ask_possible_cause,"Ban mobil kempes di pinggir pantai, kira-kira kenapa?"
ask_possible_cause,"Mesin motor mati pas di tanjakan curam, apa yang rusak?"
ask_possible_cause,"Aki truk drop pas siang, kenapa ya?"
ask_possible_cause,"Rem mobil ga ngerem pas di bukit, apa yang salah?"
ask_possible_cause,"Oli truk bocor di trotoar, apa sih penyebabnya?"
ask_possible_cause,"Asap hitam dari mesin motor, kira-kira kenapa?"
ask_possible_cause,"Suara gede dari ban truk, apa yang bikin?"
ask_possible_cause,"Mobil mogok di tengah hutan, apa penyebabnya?"
ask_possible_cause,"Ban motor gembos pas di desa, kenapa gitu?"
ask_possible_cause,"Mesin truk panas banget pas macet, apa yang rusak?"
ask_possible_cause,"Aki mobil mati pas di pasar malam, kira-kira kenapa?"
ask_possible_cause,"Rem motor bunyi kenceng pas cepet, apa yang salah?"
ask_possible_cause,"Oli mobil netes di jalan tol, apa yang bikin?"
ask_possible_cause,"Asap tebel dari kap truk, kenapa ya bro?"
ask_possible_cause,"Suara aneh dari mesin motor pas hujan deras, apa penyebabnya?"
ask_possible_cause,"Ban truk bocor di pinggir waduk, kira-kira kenapa?"
ask_possible_cause,"Mesin mobil overheat pas di terminal, apa sih penyebabnya?"
ask_possible_cause,"Aki motor lelet pas di jalan raya, kenapa gitu?"
ask_possible_cause,"Rem truk ga ngerem pas turunan, apa yang rusak?"
ask_possible_cause,"Oli motor bocor di parkiran pasar, apa yang bikin?"
ask_possible_cause,"Asap putih dari knalpot mobil, kira-kira kenapa?"
ask_possible_cause,"Suara ketok dari kolong truk, apa penyebabnya?"
ask_possible_cause,"Ban mobil kempes pas di kantor malam, kenapa ya?"
ask_possible_cause,"Mesin motor mati pas di lampu merah panjang, apa yang salah?"
ask_possible_cause,"Aki truk mati pas di jalan desa, kira-kira kenapa?"
ask_possible_cause,"Rem mobil lengket pas hujan, apa yang bikin?"
ask_possible_cause,"Oli truk netes di garasi kantor, apa sih penyebabnya?"
ask_possible_cause,"Asap hitam dari kap motor, kenapa gitu?"
ask_possible_cause,"Suara berisik dari ban truk, apa yang rusak?"
ask_possible_cause,"Motor mogok di pinggir tol malam, apa penyebabnya?"
ask_possible_cause,"Ban mobil bocor pas di pasar pagi, kira-kira kenapa?"
ask_possible_cause,"Mesin truk panas banget pas di jalan raya, apa yang salah?"
ask_possible_cause,"Aki motor drop pas di terminal bis, kenapa ya?"
ask_possible_cause,"Rem truk bunyi pas di tanjakan, apa yang bikin?"
ask_possible_cause,"Oli mobil bocor di jalan kampung, apa yang rusak?"
ask_possible_cause,"Asap tebel dari knalpot motor, kira-kira kenapa?"
ask_possible_cause,"Suara aneh dari mesin truk pas pelan, apa penyebabnya?"
ask_possible_cause,"Ban motor kempes di tengah hujan, kenapa gitu?"
ask_possible_cause,"Mesin mobil mati di perempatan sibuk, apa sih penyebabnya?"
ask_possible_cause,"Aki truk lemah pas di jalan raya malam, kira-kira kenapa?"
ask_possible_cause,"Rem motor ga pakem pas di jalan basah, apa yang salah?"
ask_possible_cause,"Oli motor netes di bawah pohon, apa yang bikin?"
ask_possible_cause,"Asap putih dari kap truk, kenapa ya bro?"
ask_possible_cause,"Suara ngorok dari ban mobil, apa penyebabnya?"
ask_possible_cause,"Mobil mogok di pinggir sawah malam, apa yang rusak?"
ask_possible_cause,"Ban truk gembos pas di pasar malam, kira-kira kenapa?"
ask_possible_cause,"Mesin motor panas banget pas di tanjakan, apa yang salah?"
ask_possible_cause,"Aki mobil mati pas di jalan tol malam, kenapa gitu?"
ask_possible_cause,"Rem truk ga respons pas di jalan licin, apa yang bikin?"
ask_possible_cause,"Oli truk bocor di pinggir jalan, apa sih penyebabnya?"
ask_possible_cause,"Asap hitam dari mesin mobil, kira-kira kenapa?"
ask_possible_cause,"Suara gede dari kolong motor, apa yang rusak?"
ask_possible_cause,"Ban mobil bocor pas di desa terpencil, kenapa ya?"
ask_possible_cause,"Mesin truk overheat pas di lampu merah, apa yang salah?"
ask_possible_cause,"Aki motor lelet pas di jalan kota, kira-kira kenapa?"
ask_possible_cause,"Rem mobil bunyi kenceng pas ngerem, apa yang bikin?"
ask_possible_cause,"Oli motor netes di trotoar malam, apa yang rusak?"
ask_possible_cause,"Asap tebel dari kap motor, kenapa gitu?"
ask_possible_cause,"Suara aneh dari ban truk, apa penyebabnya?"
ask_possible_cause,"Motor mogok di tengah hutan malam, apa sih penyebabnya?"
ask_possible_cause,"Ban mobil kempes pas di pom bensin tutup, kira-kira kenapa?"
ask_possible_cause,"Mesin truk mati pas di jalan tol, apa yang salah?"
ask_possible_cause,"Aki mobil drop pas di parkiran kosong, kenapa ya?"
ask_possible_cause,"Rem motor ga ngerem pas hujan, apa yang bikin?"
ask_possible_cause,"Oli truk bocor di jalan desa, apa yang rusak?"
ask_possible_cause,"Asap putih dari knalpot motor, kira-kira kenapa?"
ask_possible_cause,"Suara ketok dari mesin truk, apa penyebabnya?"
ask_possible_cause,"Ban motor bocor pas di jalan licin, kenapa gitu?"
ask_possible_cause,"Mesin mobil panas banget pas di bukit, apa sih penyebabnya?"
ask_possible_cause,"Aki truk mati pas di terminal malam, kira-kira kenapa?"
ask_possible_cause,"Rem mobil ga pakem pas di tanjakan, apa yang salah?"
ask_possible_cause,"Oli motor netes di parkiran mall, apa yang bikin?"
ask_possible_cause,"Asap hitam dari kap truk, kenapa ya bro?"
ask_possible_cause,"Suara berisik dari ban motor, apa yang rusak?"
ask_possible_cause,"Truk mogok di pinggir pantai, apa penyebabnya?"
ask_possible_cause,"Ban motor gembos pas di kampung, kira-kira kenapa?"
ask_possible_cause,"Mesin truk overheat pas di pasar, apa yang salah?"
ask_possible_cause,"Aki mobil lelet pas di jalan raya malam, kenapa gitu?"
ask_possible_cause,"Rem truk bunyi pas di jalan basah, apa yang bikin?"
ask_possible_cause,"Oli mobil bocor di trotoar kota, apa sih penyebabnya?"
ask_possible_cause,"Asap tebel dari knalpot truk, kira-kira kenapa?"
ask_possible_cause,"Suara aneh dari mesin motor pas langsam, apa penyebabnya?"
ask_possible_cause,"Ban truk kempes di tengah hujan, kenapa ya?"
ask_possible_cause,"Mesin mobil mati pas di lampu merah malam, apa yang rusak?"
ask_possible_cause,"Aki motor drop pas di jalan desa, kira-kira kenapa?"
ask_possible_cause,"Rem mobil ga respons pas di jalan tol malam, apa yang salah?"
ask_possible_cause,"Oli motor netes di garasi pagi, apa yang bikin?"
ask_possible_cause,"Asap putih dari kap motor, kenapa gitu?"
ask_possible_cause,"Suara ngorok dari kolong truk, apa penyebabnya?"
ask_possible_cause,"Ban mobil bocor pas di pasar siang, kira-kira kenapa?"
ask_possible_cause,"Mesin motor overheat pas di jalan desa, apa sih penyebabnya?"
ask_possible_cause,"Aki truk lemah pas di parkiran siang, kenapa ya?"
ask_possible_cause,"Rem motor bunyi kenceng pas turunan, apa yang salah?"
ask_possible_cause,"Oli mobil netes di garasi malam, apa yang bikin?"
ask_possible_cause,"Asap hitam dari mesin truk, kira-kira kenapa?"
ask_possible_cause,"Suara gede dari ban motor, apa yang rusak?"
ask_possible_cause,"Mobil mogok di tengah sawah malam, apa penyebabnya?"
ask_possible_cause,"Ban truk gembos pas di tol pagi, kenapa gitu?"
ask_possible_cause,"Mesin truk panas banget pas di terminal, apa yang salah?"
ask_possible_cause,"Aki mobil mati pas di parkiran pasar, kira-kira kenapa?"
ask_possible_cause,"Rem truk ga pakem pas di jalan basah siang, apa yang bikin?"
ask_possible_cause,"Oli motor bocor di jalan tol malam, apa sih penyebabnya?"
ask_possible_cause,"Asap tebel dari kap mobil, kenapa ya bro?"
ask_possible_cause,"Suara aneh dari mesin truk pas cepet, apa penyebabnya?"
ask_possible_cause,"Ban motor kempes pas di bukit malam, kira-kira kenapa?"
ask_possible_cause,"Mesin mobil mati pas di perempatan sibuk, apa yang rusak?"
ask_possible_cause,"Aki truk drop pas di jalan raya malam, kenapa gitu?"
ask_possible_cause,"Rem mobil ga ngerem pas hujan deras, apa yang salah?"
ask_possible_cause,"Oli truk netes di trotoar pagi, apa yang bikin?"
ask_possible_cause,"Asap putih dari knalpot motor, kira-kira kenapa?"
ask_possible_cause,"Suara ketok dari ban truk, apa penyebabnya?"
ask_possible_cause,"Motor mogok di pinggir waduk, apa sih penyebabnya?"
ask_possible_cause,"Ban mobil bocor pas di jalan desa malam, kira-kira kenapa?"
ask_possible_cause,"Mesin motor overheat di lampu merah, apa yang salah?"
ask_possible_cause,"Aki motor lelet pas di parkiran kosong, kenapa gitu?"
ask_possible_cause,"Rem truk bunyi pas di tanjakan curam, apa yang bikin?"
ask_possible_cause,"Oli mobil netes di bawah pohon malam, apa yang rusak?"
ask_possible_cause,"Asap motor kapuk, apa yang bikin salah?"
ask_possible_cause,"Suara berisik dari ban truk, kira-kira kenapa?"
ask_possible_cause,"Mobil mogok di tengah kota malam, apa penyebabnya?"
ask_possible_cause,"Ban motor gembos pas di pasar siang, kenapa gitu?"
ask_possible_cause,"Mesin truk panas banget pas di jalan raya, apa yang salah?"
ask_possible_cause,"Aki motor drop pas di terminal bis, kira-kira kenapah?"
ask_possible_cause,"Rem truk bunyi pas di tanjakan, apa yang bikin?"
ask_possible_cause,"Oli mobil bocor di jalan kampung, apa yang rusak?"
ask_possible_cause,"Asap tebel dari knalpot motor, kira-kira kenapa?"
ask_possible_cause,"Suara aneh dari mesin truk pas pelan, apa penyebabnya?"
ask_possible_cause,"Ban motor kempes di tengah hujan, kenapa gitu?"
ask_possible_cause,"Mesin mobil mati di perempatan sibuk, apa sih penyebabnya?"
ask_possible_cause,"Aki truk lemah pas di jalan raya malam, kira-kira kenapa?"
ask_possible_cause,"Rem motor ga pakem pas di jalan basah malam, apa yang salah?"
ask_possible_cause,"Oli motor netes di bawah pohon, kira-kira kenapa?"
ask_possible_cause,"Asap putih dari kap truk, kenapa ya bro?"
ask_possible_cause,"Suara ngorok dari ban mobil, apa penyebabnya?"
ask_possible_cause,"Mobil mogok di pinggir sawah malam, apa yang rusak?"
ask_possible_cause,"Ban truk gembos pas di pasar malam, kira-kira-kira kenapa?"
ask_possible_cause,"Mesin motor panas banget pas di tanjakan, apa yang salah?"
ask_possible_cause,"Aki mobil mati di jalan tol malam, kena kenapa gitu?"
ask_possible_cause,"Rem truk ga ngerem pas di jalan licin malam, apa yang bikin?"
ask_possible_cause,"Oli truk motor di pinggir jalan, apa sih penyebabnya?"
ask_possible_cause,"Asap hitam dari mesin mobil, apa kira-kira?"
ask_possible_cause,"Suara gede dari kolong motor, apa yang rusak?"
ask_possible_cause,"Ban mobil bocor pas di desa, kenap kira-kira kenapa?"
ask_possible_cause,"Mesin truk overheat di lampu, apa yang salah?"
ask_possible_cause,"Aki motor lelet pas dijalan kota, kira-kira kenapa?"
ask_possible_cause,Rem mobil bunyi kenceng pas ngerem, apa yang bikin?"
ask_possible_cause,"Oli motor netes di jalan troto malam, apa yang rusak?"
ask_possible_cause,"Asap tebel dari kap motor, kena kenapa gitu?"
ask_possible_cause,"Suara aneh dari ban truk, apa penyebabnya?"
ask_possible_cause,"Motor mogok di tengah hutan tengah, apa sih penyebabnya?"
ask_possible_cause,"Ban mobil kempas di pom pas bensin tutup, kira-kira kenapa?"
ask_possible_cause,"Mesin truk mati pas di jalan toll, apa yang salah?"
ask_possible_cause,"Aki mobil drop pas di parkiran kosong, kenapa ya?"
ask_possible_cause,"Rem motor ga ngerem pas hujan, kira-kira kira?"
ask_possible_cause,Oli truk bocor di jalan desa, apa yang rusak?"
ask_possible_cause,"Asap putih dari knalpot motor, kira-kira kenapa?"
ask_possible_cause,"Suara ketok dari mesin truk, apa penyebabnya?"
ask_possible_cause,"Ban motor bocor pas di jalan licin, kenapa gitu?"
ask_possible_cause,"Mesin mobil panas banget pas di buah, apa kira-kira penyebabnya?"
ask_possible_cause,"Aki truk mati di terminal malam, kira-kira kenapa?"
ask_possible_cause,"Rem mobil ga, ga pakem pas di tanjakan, apa yang salah?"
ask_possible_cause,"Oli motor oli di pas parkiran mall, apa malap?"
ask_possible_cause,"Asap hitam dari kap truk, kira-kira kena apa?"
ask_possible_cause,"Suara berisik dari ban motor, apa yang penyebabnya?"
ask_possible_cause,"Truk mogok di pinggir pantai, apa penyebabnya?"
ask_possible_cause,"Ban motor gembos pas di kampung, kira-kira kenap?"
ask_possible_cause,"Mesin truk overheat pas di pasar, apa yang salah?"
ask_possible_cause,"Aki mobil lelet pas di jalan raya malam, kenapa gitu?"
ask_possible_cause,"Rem truk bunyi pas di jalan basah, apa yang bikin?"
ask_possible_cause,"Oli mobil bocor di trotoar kota, apa penyebabnya?"
ask_possible_cause,"Asap tebel dari knalpot truk, kira-kira kenapa?"
ask_possible_cause,"Suara aneh dari mesin motor pas langsam, apa penyebabnya?"
ask_possible_cause,"Ban motor kempes di tengah hujan, kenapa gitu?"
ask_possible_cause,"Mesin mobil mati pas di lampu merah malam, apa yang rusak?"
ask_possible_cause,"Aki motor drop pas di jalan desa, kira-kira kenapa?"
ask_possible_cause,"Rem mobil ga respons pas di jalan tol malam, apa yang bikin?"
ask_possible_cause,"Oli motor netes di garasi pagi, apa penyebabnya?"
ask_possible_cause,"Asap putih dari kap motor, kenapa ya bro?"
ask_possible_cause,"Suara ngorok dari kolong truk, apa yang rusak?"
ask_possible_cause,"Ban mobil kempes pas di pasar siang, kira-kira kenapa?"
ask_possible_cause,"Mesin motor overheat pas di jalan desa, apa yang salah?"
ask_possible_cause,"Aki truk lemah pas di parkiran siang, kenapa gitu?"
ask_possible_cause,"Rem motor bunyi kenceng pas turunan, apa yang bikin?"
ask_possible_cause,"Oli mobil netes di garasi malam, apa penyebabnya?"
ask_possible_cause,"Asap hitam dari mesin truk, kira-kira kenapa?"
ask_possible_cause,"Suara gede dari ban motor, apa yang rusak?"
ask_possible_cause,"Mobil mogok di tengah sawah malam, apa penyebabnya?"
ask_possible_cause,"Ban truk gembos pas di tol pagi, kenapa ya?"
ask_possible_cause,"Mesin truk panas banget pas di terminal, apa yang salah?"
ask_possible_cause,"Aki mobil mati pas di parkiran pasar, kira-kira kenapa?"
ask_possible_cause,"Rem truk ga pakem pas di jalan basah siang, apa yang bikin?"
ask_possible_cause,"Oli motor bocor di jalan tol malam, apa penyebabnya?"
ask_possible_cause,"Asap tebel dari kap mobil, kenapa ya bro?"
ask_possible_cause,"Suara aneh dari mesin truk pas cepet, apa yang rusak?"
ask_possible_cause,"Ban motor kempes pas di bukit malam, kira-kira kenapa?"
ask_possible_cause,"Mesin mobil mati pas di perempatan sibuk, apa yang salah?"
ask_possible_cause,"Aki truk drop pas di jalan raya malam, kenapa gitu?"
ask_possible_cause,"Rem mobil ga ngerem pas hujan deras, apa yang bikin?"
ask_possible_cause,"Oli truk netes di trotoar pagi, apa penyebabnya?"
ask_possible_cause,"Asap putih dari knalpot motor, kira-kira kenapa?"
ask_possible_cause,"Suara ketok dari ban truk, apa yang rusak?"
ask_possible_cause,"Motor mogok di pinggir waduk, apa penyebabnya?"
ask_possible_cause,"Ban mobil bocor pas di jalan desa malam, kira-kira kenapa?"
ask_possible_cause,"Mesin motor overheat pas di lampu merah, apa yang salah?"
ask_possible_cause,"Aki motor lelet pas di parkiran kosong, kenapa gitu?"
ask_possible_cause,"Rem truk bunyi pas di tanjakan curam, apa yang bikin?"
ask_possible_cause,"Oli mobil netes di bawah pohon malam, apa penyebabnya?"
ask_possible_cause,"Asap hitam dari kap motor, kira-kira kenapa?"
ask_possible_cause,"Suara berisik dari ban truk, apa yang rusak?"
ask_possible_cause,"Mobil mogok di tengah kota malam, apa penyebabnya?"
ask_possible_cause,"Ban motor gembos pas di pasar siang, kenapa ya?"
ask_possible_cause,"Mesin truk panas banget pas di jalan raya, apa yang salah?"
ask_possible_cause,"Aki motor drop pas di terminal bis, kira-kira kenapa?"
ask_possible_cause,"Rem truk bunyi pas di tanjakan, apa yang bikin?"
ask_possible_cause,"Oli mobil bocor di jalan kampung, apa penyebabnya?"
ask_possible_cause,"Asap tebel dari knalpot motor, kira-kira kenapa?"
ask_possible_cause,"Suara aneh dari mesin truk pas pelan, apa yang rusak?"
ask_possible_cause,"Ban motor kempes di tengah hujan, kenapa gitu?"
ask_possible_cause,"Mesin mobil mati di perempatan sibuk, apa yang salah?"
ask_possible_cause,"Aki truk lemah pas di jalan raya malam, kira-kira kenapa?"
ask_possible_cause,"Rem motor ga pakem pas di jalan basah malam, apa yang bikin?"
ask_possible_cause,"Oli motor netes di bawah pohon, apa penyebabnya?"
ask_possible_cause,"Asap putih dari kap truk, kenapa ya bro?"
ask_possible_cause,"Suara ngorok dari ban mobil, apa yang rusak?"
ask_possible_cause,"Mobil mogok di pinggir sawah malam, apa penyebabnya?"
ask_possible_cause,"Ban truk gembos pas di pasar malam, kira-kira kenapa?"
ask_possible_cause,"Mesin motor panas banget pas di tanjakan, apa yang salah?"
ask_possible_cause,"Aki mobil mati pas di jalan tol malam, kenapa gitu?"
ask_possible_cause,"Rem truk ga respons pas di jalan licin malam, apa yang bikin?"
ask_possible_cause,"Oli truk bocor di pinggir jalan, apa penyebabnya?"
ask_possible_cause,"Asap hitam dari mesin mobil, kira-kira kenapa?"
ask_possible_cause,"Suara gede dari kolong motor, apa yang rusak?"
ask_possible_cause,"Ban mobil bocor pas di desa terpencil, kenapa ya?"
ask_possible_cause,"Mesin truk overheat pas di lampu merah, apa yang salah?"
ask_possible_cause,"Aki motor lelet pas di jalan kota, kira-kira kenapa?"
ask_possible_cause,"Rem mobil bunyi kenceng pas ngerem, apa yang bikin?"
ask_possible_cause,"Oli motor netes di trotoar malam, apa penyebabnya?"
ask_possible_cause,"Asap tebel dari kap motor, kenapa gitu?"
ask_possible_cause,"Suara aneh dari ban truk, apa yang rusak?"
ask_possible_cause,"Motor mogok di tengah hutan malam, apa penyebabnya?"
ask_possible_cause,"Ban mobil kempes pas di pom bensin tutup, kira-kira kenapa?"
ask_possible_cause,"Mesin truk mati pas di jalan tol, apa yang salah?"
ask_possible_cause,"Aki mobil drop pas di parkiran kosong, kenapa ya?"
ask_possible_cause,"Rem motor ga ngerem pas hujan, apa yang bikin?"
ask_possible_cause,"Oli truk bocor di jalan desa, apa penyebabnya?"
ask_possible_cause,"Asap putih dari knalpot motor, kira-kira kenapa?"
ask_possible_cause,"Suara ketok dari mesin truk, apa yang rusak?"
ask_possible_cause,"Ban motor bocor pas di jalan licin, kenapa gitu?"
ask_possible_cause,"Mesin mobil panas banget pas di bukit, apa yang salah?"
ask_possible_cause,"Aki truk mati pas di terminal malam, kira-kira kenapa?"
ask_possible_cause,"Rem mobil ga pakem pas di tanjakan, apa yang bikin?"
ask_possible_cause,"Oli motor netes di parkiran mall, apa penyebabnya?"
ask_possible_cause,"Asap hitam dari kap truk, kenapa ya bro?"
ask_possible_cause,"Suara berisik dari ban motor, apa yang rusak?"
ask_possible_cause,"Truk mogok di pinggir pantai, apa penyebabnya?"
ask_possible_cause,"Ban motor gembos pas di kampung, kira-kira kenapa?"
ask_possible_cause,"Mesin truk overheat pas di pasar, apa yang salah?"
ask_possible_cause,"Aki mobil lelet pas di jalan raya malam, kenapa gitu?"
ask_possible_cause,"Rem truk bunyi pas di jalan basah, apa yang bikin?"
ask_possible_cause,"Oli mobil bocor di trotoar kota, apa penyebabnya?"
ask_possible_cause,"Asap tebel dari knalpot truk, kira-kira kenapa?"
ask_possible_cause,"Suara aneh dari mesin motor pas langsam, apa yang rusak?"
ask_possible_cause,"Ban motor kempes di tengah hujan, kenapa ya?"
ask_possible_cause,"Mesin mobil mati pas di lampu merah malam, apa yang salah?"
ask_possible_cause,"Aki motor drop pas di jalan desa, kira-kira kenapa?"
ask_possible_cause,"Rem mobil ga respons pas di jalan tol malam, apa yang bikin?"
ask_possible_cause,"Oli motor netes di garasi pagi, apa penyebabnya?"
ask_possible_cause,"Asap putih dari kap motor, kenapa gitu?"
ask_possible_cause,"Suara ngorok dari kolong truk, apa yang rusak?"
ask_possible_cause,"Ban mobil kempes pas di pasar siang, kira-kira kenapa?"
ask_possible_cause,"Mesin motor overheat pas di jalan desa, apa yang salah?"
ask_possible_cause,"Aki truk lemah pas di parkiran siang, kenapa ya?"
ask_possible_cause,"Rem motor bunyi kenceng pas turunan, apa yang bikin?"
ask_possible_cause,"Oli mobil netes di garasi malam, apa penyebabnya?"
ask_possible_cause,"Asap hitam dari mesin truk, kira-kira kenapa?"
ask_possible_cause,"Suara gede dari ban motor, apa yang rusak?"
ask_possible_cause,"Mobil mogok di tengah sawah malam, apa penyebabnya?"
ask_possible_cause,"Ban truk gembos pas di tol pagi, kenapa gitu?"
ask_possible_cause,"Mesin truk panas banget pas di terminal, apa yang salah?"
ask_possible_cause,"Aki mobil mati pas di parkiran pasar, kira-kira kenapa?"
ask_possible_cause,"Rem truk ga pakem pas di jalan basah siang, apa yang bikin?"
ask_possible_cause,"Oli motor bocor di jalan tol malam, apa penyebabnya?"
ask_possible_cause,"Asap tebel dari kap mobil, kenapa ya bro?"
ask_possible_cause,"Suara aneh dari mesin truk pas cepet, apa yang rusak?"
ask_possible_cause,"Ban motor kempes pas di bukit malam, kira-kira kenapa?"
ask_possible_cause,"Mesin mobil mati pas di perempatan sibuk, apa yang salah?"
ask_possible_cause,"Aki truk drop pas di jalan raya malam, kenapa gitu?"
ask_possible_cause,"Rem mobil ga ngerem pas hujan deras, apa yang bikin?"
ask_possible_cause,"Oli truk netes di trotoar pagi, apa penyebabnya?"
ask_possible_cause,"Asap putih dari knalpot motor, kira-kira kenapa?"
ask_possible_cause,"Suara ketok dari ban truk, apa yang rusak?"
ask_possible_cause,"Motor mogok di pinggir waduk, apa penyebabnya?"
ask_possible_cause,"Ban mobil bocor pas di jalan desa malam, kira-kira kenapa?"
ask_possible_cause,"Mesin motor overheat pas di lampu merah, apa yang salah?"
ask_possible_cause,"Aki motor lelet pas di parkiran kosong, kenapa gitu?"
ask_possible_cause,"Rem truk bunyi pas di tanjakan curam, apa yang bikin?"
ask_possible_cause,"Oli mobil netes di bawah pohon malam, apa penyebabnya?"
ask_possible_cause,"Asap hitam dari kap motor, kira-kira kenapa?"
ask_possible_cause,"Suara berisik dari ban truk, apa yang rusak?"
ask_possible_cause,"Mobil mogok di tengah kota malam, apa penyebabnya?"
ask_possible_cause,"Ban motor gembos pas di pasar siang, kenapa ya?"
ask_possible_cause,"Mesin truk panas banget pas di jalan raya, apa yang salah?"
ask_possible_cause,"Aki motor drop pas di terminal bis, kira-kira kenapa?"
ask_possible_cause,"Rem truk bunyi pas di tanjakan, apa yang bikin?"
ask_possible_cause,"Oli mobil bocor di jalan kampung, apa penyebabnya?"
ask_possible_cause,"Asap tebel dari knalpot motor, kira-kira kenapa?"
ask_possible_cause,"Suara aneh dari mesin truk pas pelan, apa yang rusak?"
ask_possible_cause,"Ban motor kempes di tengah hujan, kenapa gitu?"
ask_possible_cause,"Mesin mobil mati di perempatan sibuk, apa yang salah?"
ask_possible_cause,"Aki truk lemah pas di jalan raya malam, kira-kira kenapa?"
ask_possible_cause,"Rem motor ga pakem pas di jalan basah malam, apa yang bikin?"
ask_possible_cause,"Oli motor netes di bawah pohon, apa penyebabnya?"
ask_possible_cause,"Asap putih dari kap truk, kenapa ya bro?"
ask_possible_cause,"Suara ngorok dari ban mobil, apa yang rusak?"
ask_possible_cause,"Mobil mogok di pinggir sawah malam, apa penyebabnya?"
ask_possible_cause,"Ban truk gembos pas di pasar malam, kira-kira kenapa?"
ask_possible_cause,"Mesin motor panas banget pas di tanjakan, apa yang salah?"
ask_possible_cause,"Aki mobil mati pas di jalan tol malam, kenapa gitu?"
ask_possible_cause,"Rem truk ga respons pas di jalan licin malam, apa yang bikin?"
ask_possible_cause,"Oli truk bocor di pinggir jalan, apa penyebabnya?"
ask_possible_cause,"Asap hitam dari mesin mobil, kira-kira kenapa?"
ask_possible_cause,"Suara gede dari kolong motor, apa yang rusak?"
ask_possible_cause,"Ban mobil bocor pas di desa terpencil, kenapa ya?"
ask_possible_cause,"Mesin truk overheat pas di lampu merah, apa yang salah?"
ask_possible_cause,"Aki motor lelet pas di jalan kota, kira-kira kenapa?"
ask_possible_cause,"Rem mobil bunyi kenceng pas ngerem, apa yang bikin?"
ask_possible_cause,"Oli motor netes di trotoar malam, apa penyebabnya?"
ask_possible_cause,"Asap tebel dari kap motor, kenapa gitu?"
ask_possible_cause,"Suara aneh dari ban truk, apa yang rusak?"
ask_possible_cause,"Motor mogok di tengah hutan malam, apa penyebabnya?"
ask_possible_cause,"Ban mobil kempes pas di pom bensin tutup, kira-kira kenapa?"
ask_possible_cause,"Mesin truk mati pas di jalan tol, apa yang salah?"
ask_possible_cause,"Aki mobil drop pas di parkiran kosong, kenapa ya?"
ask_possible_cause,"Rem motor ga ngerem pas hujan, apa yang bikin?"
ask_possible_cause,"Oli truk bocor di jalan desa, apa penyebabnya?"
ask_possible_cause,"Asap putih dari knalpot motor, kira-kira kenapa?"
ask_possible_cause,"Suara ketok dari mesin truk, apa yang rusak?"
ask_possible_cause,"Ban motor bocor pas di jalan licin, kenapa gitu?"
ask_possible_cause,"Mesin mobil panas banget pas di bukit, apa yang salah?"
ask_possible_cause,"Aki truk mati pas di terminal malam, kira-kira kenapa?"
ask_possible_cause,"Rem mobil ga pakem pas di tanjakan, apa yang bikin?"
ask_possible_cause,"Oli motor netes di parkiran mall, apa penyebabnya?"
ask_possible_cause,"Asap hitam dari kap truk, kenapa ya bro?"
ask_possible_cause,"Suara berisik dari ban motor, apa yang rusak?"
ask_possible_cause,"Truk mogok di pinggir pantai, apa penyebabnya?"
ask_possible_cause,"Ban motor gembos pas di kampung, kira-kira kenapa?"
ask_possible_cause,"Mesin truk overheat pas di pasar, apa yang salah?"
ask_possible_cause,"Aki mobil lelet pas di jalan raya, kenapa gitu?"
ask_possible_cause,"Rem truk bunyi pas di jalan basah, apa yang bikin?"
ask_possible_cause,"Oli mobil bocor di trotoar kota, apa penyebabnya?"
ask_possible_cause,"Asap tebel dari knalpot truk, kira-kira kenapa?"
ask_possible_cause,"Suara aneh dari mesin motor pas langsam, apa yang rusak?"
ask_possible_cause,"Ban motor kempes di tengah hujan, kenapa ya gitu?"
ask_possible_cause,"Mesin mobil mati pas di lampu merah malam, apa yang salah?"
ask_possible_cause,"Aki motor drop pas di jalan desa, kira-kira kenapa?"
ask_possible_cause,"Rem motor ga respons pas di jalan tol malam, apa yang bikin?"
ask_possible_cause,"Oli motor netes di garasi pagi, apa penyebabnya?"
ask_possible_cause,"Asap putih dari kap motor, kenapa gitu?"
ask_possible_cause,"Suara ngorok dari kolong truk, apa yang rusak?"
ask_possible_cause,"Ban mobil kempes pas di pasar siang, kira-kira kenapa?"
ask_possible_cause,"Mesin motor overheat pas di jalan desa, apa yang salah?"
ask_possible_cause,"Aki truk lemah pas di parkiran siang, kenapa ya?"
ask_possible_cause,"Rem motor bunyi kenceng pas turunan, apa yang bikin?"
ask_possible_cause,"Oli mobil netes di garasi malam, apa penyebabnya?"
ask_possible_cause,"Asap hitam dari mesin truk, kira-kira kenapa?"
ask_possible_cause,"Suara gede dari ban motor, apa yang rusak?"
ask_possible_cause,"Mobil mogok di tengah sawah malam, apa penyebabnya?"
ask_possible_cause,"Ban truk gembos pas di tol pagi, kenapa gitu?"
ask_possible_cause,"Mesin truk panas banget pas di terminal, apa yang salah?"
ask_possible_cause,"Aki mobil mati pas di parkiran pasar, kira-kira kenapa?"
ask_possible_cause,"Rem truk ga pakem pas di jalan basah siang, apa yang bikin?"
ask_possible_cause,"Oli motor bocor di jalan tol malam, apa penyebabnya?"
ask_possible_cause,"Asap tebel dari kap mobil, kenapa ya bro?"
ask_possible_cause,"Suara aneh dari mesin truk pas cepet, apa yang rusak?"
ask_possible_cause,"Ban motor kempes pas di bukit malam, kira-kira kenapa?"
ask_possible_cause,"Mesin mobil mati pas di perempatan sibuk, apa yang salah?"
ask_possible_cause,"Aki truk drop pas di jalan raya malam, kenapa gitu?"
ask_possible_cause,"Rem mobil ga ngerem pas hujan deras, apa yang bikin?"
ask_possible_cause,"Oli truk netes di trotoar pagi, apa penyebabnya?"
ask_possible_cause,"Asap putih dari knalpot motor, kira-kira kenapa?"
ask_possible_cause,"Suara ketalo dari ban truk, apa yang rusak?"
ask_possible_cause,"Motor mogok di pinggir waduk, apa penyebabnya?"
ask_possible_cause,"Ban mobil bocor pas di jalan desa malam, kira-kira kenapa?"
ask_possible_cause,"Mesin motor overheat pas di lampu merah, apa yang salah?"
ask_possible_cause,"Aki motor lelet pas di parkiran kosong, kenapa gitu?"
ask_possible_cause,"Rem truk bunyi pas di tanjakan curam, apa yang inequities, apa yang bikin?"
ask_possible_cause,"Oli mobil netes di bawah pohon malam, apa penyebabnya?"
ask_possible_cause,"Asap hitam dari kap motor, kira-kira kenapa?"
ask_possible_cause,"Suara berisik dari ban truk, apa yang rusak?"
ask_possible_cause,"Mobil mogok di tengah kota malam, kira-kira kenapa?"
ask_possible_cause,"Ban motor gembos pas di pasar siang, kenapa gitu?"
ask_possible_cause,"Mesin truk panas banget pas di jalan raya, apa yang salah?"
ask_possible_cause,"Aki motor drop pas di terminal bis, kira-kira kenapa?"
ask_possible_cause,"Rem truk bunyi pas di tanjakan, apa yang bikin?"
ask_possible_cause,"Oli mobil bocor di jalan kampung, apa penyebabnya?"
ask_possible_cause,"Asap tebel dari knalpot motor, kira-kira kenapa?"
ask_possible_cause,"Suara aneh dari mesin truk pas pelan, apa yang rusak?"
ask_possible_cause,"Ban motor kempes di tengah hujan, kenapa gitu?"
ask_possible_cause,"Mesin mobil mati pas di lampu merah malam, apa yang salah?"
ask_possible_cause,"Aki truk lemah pas di jalan raya malam, kira-kira kenapa?"
ask_possible_cause,"Rem motor ga pakem pas di jalan basah malam, apa yang bikin?"
ask_possible_cause,"Oli motor netes di bawah pohon, apa penyebabnya?"
ask_possible_cause,"Asap putih dari kap truk, kenapa ya bro?"
ask_possible_cause,"Suara ngorok dari ban mobil, apa yang rusak?"
ask_possible_cause,"Mobil mogok di pinggir sawah malam, apa penyebabnya?"
ask_possible_cause,"Ban truk gembos pas di pasar malam, kira-kira kenapa?"
ask_possible_cause,"Mesin motor panas banget pas di tanjakan, apa yang salah?"
ask_possible_cause,"Aki mobil mati pas di jalan tol malam, kenapa gitu?"
ask_possible_cause,"Rem truk ga respons pas di jalan licin malam, apa yang bikin?"
ask_possible_cause,"Oli truk motor di pinggir jalan, apa penyebabnya?"
ask_possible_cause,"Asap hitam dari mesin mobil, kira-kira kenapa?"
ask_possible_cause,"Suara gede dari kolong motor, apa yang rusak?"
ask_possible_cause,"Ban mobil bocor pas di desa, kira-kira kenapa?"
ask_possible_cause,"Mesin truk overheat di lampu merah, apa yang salah?"
ask_possible_cause,"Aki motor lelet pas di jalan kota, kira-kira kenapa?"
ask_possible_cause,"Rem mobil bunyi kenceng pas ngerem, apa yang bikin?"
ask_possible_cause,"Oli motor netes di jalan troto malam, apa penyebabnya?"
ask_possible_cause,"Asap tebel dari kap motor, apa yang bikin?"
ask_possible_cause,"Suara aneh dari ban truk, apa yang rusak?"
ask_possible_cause,"Motor mogok di tengah hutan tengah, apa penyebabnya?"
ask_possible_cause,"Ban mobil kempas di pom bensin tutup, kira-kira kenapa?"
ask_possible_cause,"Mesin truk mati di jalan toll, apa yang salah?"
ask_possible_cause,"Aki mobil drop pas di parkiran kosong, kenapa ya?"
ask_possible_cause,"Rem motor ga ngerem pas hujan, kira-kira?"
ask_possible_cause,"Oli truk motor di jalan desa, apa yang rusak?"
ask_possible_cause,"Asap putih dari knalpot motor, kira-kira kenapa?"
ask_possible_cause,"Suara ketok dari mesin truk, apa yang penyebabnya?"
ask_possible_cause,"Ban motor bocor di jalan licin, kenapa gitu?"
ask_possible_cause,"Mesin mobil panas banget pas di buah, kira-kira penyebabnya?"
ask_possible_cause,"Aki truk mati di terminal malam, kira-kira kenapa?"
ask_possible_cause,"Rem mobil ga pakem pas di tanjakan, apa yang bikin?"
ask_possible_cause,"Oli motor oli di pas parkiran mall, apa penyebabnya?"
ask_possible_cause,"Asap hitam dari kap truk, kira-kira kena apa?"
ask_possible_cause,"Suara berisik dari ban motor, apa penyebabnya?"
ask_possible_cause,"Truk mogok di pinggir pantai, apa penyebabnya?"
ask_possible_cause,"Ban motor gembos pas di kampung, kira-kira kenapa?"
ask_possible_cause,"Mesin truk overheat pas di pasar, apa yang salah?"
ask_possible_cause,"Aki mobil lelet pas di jalan raya malam, apa yang bikin?"
ask_possible_cause,"Rem truk bunyi pas di jalan basah, apa penyebabnya?"
ask_possible_cause,"Oli mobil bocor di trotoar kota, apa penyebabnya?"
ask_possible_cause,"Asap tebel dari knalpot truk, kira-kira kenapa?"
ask_possible_cause,"Suara aneh dari mesin motor pas langsam, apa yang rusak?"
ask_possible_cause,"Ban motor kempes di tengah hujan, kenapa gitu?"
ask_possible_cause,"Mesin mobil mati pas di lampu merah malam, apa yang salah?"
ask_possible_cause,"Aki motor drop pas di jalan desa, kira-kira kenapa?"
ask_possible_cause,"Rem motor ga pas di pas jalan, kira-kira kenapa?"
ask_possible_cause,"Oli motor dihat di bawah pohon, apa penyebabnya?"
ask_possible_cause,"Asap putih dari kep trukum kenapa ya bro?"
ask_possible_cause,"Suara ngoror dari ban mobil, apa yang rusak?"
ask_possible_cause,"Mobil mogok di pinggir sawah malam, apa penyebabnya?"
ask_possible_cause,"Ban truk gembos pas di pasar malam, kira-kira kenapa?"
ask_possible_cause,"Mesin motor apas di tanjakan, kira-kira kenapa?"
ask_possible_cause,"Aki mobill mati di jalan tol malam, kira-kira kenapa?"
ask_possible_cause,"Rem truk ga ngerem kira pas lic, kira-kira kenapa?"
ask_possible_cause,"Oli truk motor di pinggir jalan, kira-kira penyebab?"
ask_possible_cause,"Asap hitam dari mesin mobil, kira-kira kenapa?"
ask_possible_cause,"Suara gede dari kolong motor, apa yang penyebabnya?"
ask_possible_cause,"Ban mobil bocor pas di desa, kira-kira kenapa?"
ask_possible_cause,"Mesin truk overheat di lampu, kira-kira kenapa?"
ask_possible_cause,"Aki motor lelet di jalan kota, kira-kira kenapa?"
ask_possible_cause,"Rem mobil bunyi kenceng pas nagem, kira-kira kenapa?"
ask_possible_cause,"Suhu, nanya dong. Kenapa ya aki mobil gue sering banget soak padahal jarang dipake?"
ask_possible_cause,"Gaes, ada yg tau ga kenapa mesin mobil suka tiba-tiba mati pas di lampu merah? Sering bgt nih."
ask_possible_cause,"Kok bisa ya ban mobil kempes terus? Padahal tiap minggu udah diisi angin lho."
ask_possible_cause,"Penyebab rem bunyi 'ngik ngik' pas diinjek pelan tuh apa ya? Ganggu banget sumpah."
ask_possible_cause,"Kenapa ya mobil gue kalo pagi susah banget distarter? Mesti beberapa kali baru nyala."
ask_possible_cause,"Asap knalpot mobil gue kok warnanya putih ya? Itu gara-gara apa sih?"
ask_possible_cause,"Ada yg tau ga penyebab setir mobil jadi geter parah kalo lagi ngebut di tol?"
ask_possible_cause,"Woy, numpang nanya. Kok mobil gue boros banget ya sekarang? Faktornya apa aja sih?"
ask_possible_cause,"Master, kok bisa ya AC mobil gue udah gak sedingin dulu? Padahal freon katanya penuh."
ask_possible_cause,"Kenapa ya transmisi matic mobil gue suka ada hentakan 'jedug' gitu pas pindah gigi?"
ask_possible_cause,"Plis pencerahannya, kenapa lampu check engine mobil gue nyala terus ya?"
ask_possible_cause,"Ada yang tau ga penyebab oli mesin cepat habis padahal gak ada bocor yang keliatan?"
ask_possible_cause,"Kok bisa ya motor gue tenaganya jadi loyo banget, terutama di tanjakan?"
ask_possible_cause,"Kenapa ya mobil gue kalo abis ujan suka ada bau apek di dalem kabin?"
ask_possible_cause,"Penyebab mobil kalo belok suka ada bunyi 'kletak kletak' dari roda depan tuh apa ya?"
ask_possible_cause,"Gue bingung deh, kenapa ya kopling mobil gue jadi keras banget pas diinjek?"
ask_possible_cause,"Suhu, kenapa ya air radiator di tabung cadangan sering banget abis?"
ask_possible_cause,"Kok bisa ya cat mobil gue di bagian atap jadi kusam dan banyak bercak putih?"
ask_possible_cause,"Nanya dong, kenapa motor matic gue kalo digas awal ada getaran hebat di bagian belakang?"
ask_possible_cause,"Penyebab mobil gue narik ke kiri terus itu apa ya? Padahal udah spooring."
ask_possible_cause,"Wiper mobil gue kok jadi lambat banget gerakannya, itu kenapa ya?"
ask_possible_cause,"Ada yang tau ga kenapa klakson mobil gue suaranya jadi kecil dan sember?"
ask_possible_cause,"Kok bisa ya power window di sisi supir naiknya seret banget?"
ask_possible_cause,"Kenapa ya setiap ngerem dari kecepatan tinggi, pedal rem gue jadi bergetar?"
ask_possible_cause,"Penyebab mesin mobil ngelitik atau 'knocking' itu apa sih? Pake pertamax padahal."
ask_possible_cause,"Gue penasaran, kenapa ya rante motor gue jadi berisik banget padahal udah dikasih pelumas?"
ask_possible_cause,"Suhu, kok bisa ya lampu mobil gue jadi kurang terang, agak kuning gitu?"
ask_possible_cause,"Kenapa ya mobil gue kalo diem di tanjakan suka mundur dikit padahal udah di rem tangan?"
ask_possible_cause,"Ada yang tau ga penyebab bau sangit kayak kampas kebakar masuk ke kabin?"
ask_possible_cause,"Kok bisa ya bodi motor gue deket mesin jadi gampang banget panas?"
ask_possible_cause,"Nanya dong, apa penyebab utama mobil bisa sampai overheat?"
ask_possible_cause,"Kenapa ya RPM mobil gue gak stabil, suka naik turun sendiri pas langsam?"
ask_possible_cause,"Penyebab utama rem blong itu apa sih? Biar bisa waspada."
ask_possible_cause,"Kok bisa ya suspensi mobil gue jadi keras banget, kayak naik gerobak?"
ask_possible_cause,"Kenapa ya alarm mobil gue jadi sensitif banget, kesenggol dikit langsung bunyi?"
ask_possible_cause,"Penyebab pintu mobil gue jadi susah ditutup, harus dibanting, itu apa ya?"
ask_possible_cause,"Ada yang tau ga kenapa dari knalpot motor gue suka keluar asep item pas digas kenceng?"
ask_possible_cause,"Kok bisa ya di dalem headlamp mobil gue ada embun? Masuknya dari mana ya?"
ask_possible_cause,"Suhu, kenapa ya mobil gue kalo ngelewatin polisi tidur ada bunyi 'jeduk' keras?"
ask_possible_cause,"Penyebab bensin jadi lebih cepet abis dari biasanya apa ya?"
ask_possible_cause,"Kenapa ya di bagian kolong mobil gue suka ada tetesan air padahal AC mati?"
ask_possible_cause,"Gue heran, kok bisa ya mobil matic gue gak mau jalan pas tuas udah di 'D'?"
ask_possible_cause,"Penyebab tarikan awal motor matic jadi gredek itu apa aja sih?"
ask_possible_cause,"Kenapa ya bagian v-belt mobil gue suka bunyi berdecit pas mesin dingin?"
ask_possible_cause,"Ada yang tau ga kenapa pedal gas mobil gue jadi berat banget pas diinjek?"
ask_possible_cause,"Kok bisa ya ada rembesan oli di sekitar mesin? Asalnya dari mana aja?"
ask_possible_cause,"Kenapa ya lampu hazard mobil gue tiba-tiba nyala sendiri dan gabisa dimatiin?"
ask_possible_cause,"Penyebab setir mobil kalo diputer mentok suka ada bunyi 'ngiiing' itu apa ya?"
ask_possible_cause,"Suhu, kenapa ya mobil gue kalo lagi jalan pelan suka ndut-ndutan?"
ask_possible_cause,"Kok bisa ya busi motor gue jadi cepet banget item dan mati?"
ask_possible_cause,"Faktor apa aja sih yang bikin mobil susah masuk gigi, terutama gigi mundur?"
ask_possible_cause,"Kenapa ya indikator bensin gue ngaco, kadang full kadang kosong?"
ask_possible_cause,"Penyebab kompresor AC suka bunyi 'kletak' pas pertama kali nyala tuh apa ya?"
ask_possible_cause,"Ada yang tau ga kenapa tuas sein mobil gue gak mau balik sendiri abis belok?"
ask_possible_cause,"Kok bisa ya mobil gue bau bensin banget di dalemnya, padahal ga ada yg tumpah?"
ask_possible_cause,"Kenapa ya lampu ABS sama lampu rem tangan nyala barengan? #tanyamekanik"
ask_possible_cause,"Penyebab sokbreker belakang motor jadi amblas itu apa ya?"
ask_possible_cause,"Suhu, kenapa ya mobil gue kalo nanjak tenaganya ilang?"
ask_possible_cause,"Kok bisa ya cat di deket gagang pintu mobil gue banyak baret halusnya?"
ask_possible_cause,"Kenapa ya spion elektrik mobil gue macet, gabisa dilipet?"
ask_possible_cause,"Penyebab sensor parkir jadi gak bunyi sama sekali itu apa ya?"
ask_possible_cause,"Ada yang tau ga kenapa handgrip motor gue jadi lengket banget?"
ask_possible_cause,"Kok bisa ya velg mobil gue jadi peyang? Padahal ga ngerasa nabrak lubang."
ask_possible_cause,"Kenapa ya minyak rem di tabung reservoir bisa berkurang sendiri?"
ask_possible_cause,"Penyebab suara 'gluduk-gluduk' di bagian kaki-kaki mobil itu apa aja?"
ask_possible_cause,"Suhu, kenapa ya jok mobil gue jadi susah digeser maju mundur?"
ask_possible_cause,"Kok bisa ya mobil ga mau hidup padahal kelistrikan semua nyala normal?"
ask_possible_cause,"Kenapa ya ban mobil gue bagian tepinya jadi kemakan sebelah?"
ask_possible_cause,"Penyebab kaca film mobil jadi banyak gelembung udara itu apa ya?"
ask_possible_cause,"Ada yang tau ga kenapa kampas rem motor jadi cepet banget abis?"
ask_possible_cause,"Kok bisa ya air wiper gue gak mau keluar padahal tabungnya penuh?"
ask_possible_cause,"Kenapa ya antena radio mobil gue jadi jelek banget nangkep sinyalnya?"
ask_possible_cause,"Penyebab shift knob atau tuas persneling mobil matic jadi oblak itu apa?"
ask_possible_cause,"Suhu, kenapa ya mobil gue kalo pagi-pagi suka ada asep biru tipis dari knalpot?"
ask_possible_cause,"Kok bisa ya ada suara gemuruh dari roda depan kalo kecepatan tinggi?"
ask_possible_cause,"Penyebab baut pembuangan oli jadi sering rembes itu apa ya?"
ask_possible_cause,"Kenapa ya lampu mundur mobil gue cuma nyala sebelah?"
ask_possible_cause,"Ada yang tau ga kenapa laci dashboard mobil gue jadi susah ditutup?"
ask_possible_cause,"Kok bisa ya spion tengah mobil gue jadi gampang kendor posisinya?"
ask_possible_cause,"Penyebab karpet mobil gue jadi basah dan lembab setelah hujan itu apa ya?"
ask_possible_cause,"Kenapa ya pemanas kaca belakang (defogger) gue gak berfungsi?"
ask_possible_cause,"Suhu, kenapa ya sabuk pengaman mobil gue jadi macet dan gak mau ngunci?"
ask_possible_cause,"Kok bisa ya motor gue jadi oleng dan gak stabil pas dipake belok?"
ask_possible_cause,"Penyebab bagasi mobil jadi susah dibuka pake tuas dari dalem itu apa ya?"
ask_possible_cause,"Kenapa ya mobil gue kalo lagi idle getarannya sampe terasa ke setir?"
ask_possible_cause,"Ada yang tau ga kenapa mesin diesel jadi susah hidup kalo cuaca dingin?"
ask_possible_cause,"Kok bisa ya footstep motor gue jadi gampang banget karatan?"
ask_possible_cause,"Penyebab lampu jauh (high beam) mobil gue gak mau nyala itu apa?"
ask_possible_cause,"Kenapa ya di ruang mesin mobil gue suka ada jejak kaki tikus?"
ask_possible_cause,"Suhu, kenapa ya oli mesin gue warnanya jadi cepet banget item?"
ask_possible_cause,"Kok bisa ya gas motor matic gue jadi berat dan gak mau balik sendiri?"
ask_possible_cause,"Penyebab ban mobil jadi benjol di bagian samping itu apa ya? Bahaya ga sih?"
ask_possible_cause,"Kenapa ya tuas buat rebahin sandaran kursi mobil gue jadi macet?"
ask_possible_cause,"Ada yang tau ga kenapa mesin mobil suka ada suara 'cit cit cit' pas masih dingin?"
ask_possible_cause,"Kok bisa ya karet boot as roda mobil gue jadi gampang sobek?"
ask_possible_cause,"Penyebab knalpot mobil jadi gampang bocor dan suaranya berisik itu apa ya?"
ask_possible_cause,"Suhu, kenapa ya setelah ganti bohlam rem, eh malah indikator ABS yang nyala?"
ask_possible_cause,"Kok bisa ya CD player di mobil gue macet dan CD-nya gamau keluar?"
ask_possible_cause,"Kenapa ya mobil gue kalo abis dicuci malah jadi susah distarter?"
ask_possible_cause,"Penyebab jamur di kaca mobil jadi susah banget diilangin itu apa ya?"
ask_possible_cause,"Ada yang tau ga kenapa motor gue kalo jalan rasanya kayak ngebuang ke satu sisi?"
ask_possible_cause,"Kok bisa ya kalo AC mobil dinyalain, putaran mesin (RPM) jadi anjlok?"
ask_possible_cause,"Kenapa ya gue suka denger suara kayak air gemericik dari area dashboard?"
ask_possible_cause,"Penyebab velg mobil jadi gampang baret dan lecet itu apa ya?"
ask_possible_cause,"Suhu, kenapa ya kunci kontak mobil gue kalo diputer cuma bunyi 'ngiiing' doang?"
ask_possible_cause,"Kok bisa ya lampu interior mobil gue gak mau mati walaupun pintu udah ditutup?"
ask_possible_cause,"Kenapa ya tali kopling motor gue jadi sering banget putus?"
ask_possible_cause,"Penyebab dashboard mobil jadi lengket kalo abis kepanasan itu apa ya?"
ask_possible_cause,"Ada yang tau ga kenapa cat mobil gue jadi gampang kena getah pohon dan susah ilang?"
ask_possible_cause,"Kenapa ya sekring audio di mobil gue jadi sering banget putus?"
ask_possible_cause,"Kok bisa ya aki motor gue baru diganti tapi starter elektriknya tetep lemah?"
ask_possible_cause,"Penyebab kap mesin mobil jadi bergetar hebat pas di kecepatan tinggi itu apa?"
ask_possible_cause,"Kenapa ya bodi motor gue jadi banyak baret-baret halus padahal jarang jatoh?"
ask_possible_cause,"Suhu, kenapa ya mobil manual gue suka mundur di tanjakan padahal udah setengah kopling?"
ask_possible_cause,"Kok bisa ya koil pengapian motor gue jadi cepet banget panas?"
ask_possible_cause,"Penyebab sun visor mobil gue jadi kendor dan gak mau nahan di posisinya itu apa?"
ask_possible_cause,"Kenapa ya bumper mobil gue jadi gampang renggang sama bodi?"
ask_possible_cause,"Ada yang tau ga kenapa knalpot mobil gue suka bau sangit kayak oli kebakar?"
ask_possible_cause,"Kok bisa ya doortrim atau panel pintu mobil gue jadi gampang geter dan berisik?"
ask_possible_cause,"Penyebab air radiator mobil gue jadi keruh dan warnanya coklat itu apa ya?"
ask_possible_cause,"Kenapa ya pas belok patah suka ada bunyi 'krek krek krek' dari roda?"
ask_possible_cause,"Suhu, kok bisa ya rem cakram motor gue jadi macet dan bikin roda seret?"
ask_possible_cause,"Penyebab indikator airbag di dashboard gue nyala terus itu apa ya? Bikin was-was."
ask_possible_cause,"Kenapa ya tutup oli mesin gue jadi gampang retak?"
ask_possible_cause,"Ada yang tau ga kenapa di terminal aki mobil gue suka ada kerak putih kehijauan?"
ask_possible_cause,"Kok bisa ya kick starter motor gue jadi keras banget dan macet?"
ask_possible_cause,"Penyebab list karet kaca mobil gue jadi getas dan gampang sobek itu apa ya?"
ask_possible_cause,"Kenapa ya warna minyak rem gue jadi cepet banget berubah jadi keruh?"
ask_possible_cause,"Suhu, kenapa ya setir mobil gue jadi gak bisa dikunci pas kunci dicabut?"
ask_possible_cause,"Penyebab utama mobil bisa mogok pas lagi macet parah itu apa aja sih?"
ask_possible_cause,"Kok bisa ya semua jarum di panel instrumen gue tiba-tiba jatoh ke nol pas mobil jalan?"
ask_possible_cause,"Kenapa ya suara mesin mobil gue jadi jauh lebih kasar dari biasanya?"
ask_possible_cause,"Ada yang tau ga kenapa pedal kopling gue jadi bergetar pas mulai diangkat?"
ask_possible_cause,"Penyebab turbo mobil suka ada suara siulan aneh itu apa ya?"
ask_possible_cause,"Kok bisa ya lampu DRL (Daytime Running Light) mobil gue mati sebelah?"
ask_possible_cause,"Kenapa ya bau rokok di dalem kabin mobil gue jadi susah banget ilang?"
ask_possible_cause,"Penyebab suspensi mobil jadi mentul-mentul banget itu apa ya?"
ask_possible_cause,"Suhu, kenapa ya rem mobil gue jadi kurang pakem kalo abis kena hujan atau genangan?"
ask_possible_cause,"Kok bisa ya baut roda mobil gue jadi susah banget dibuka, kayak dilas."
ask_possible_cause,"Kenapa ya lampu mundur mobil gue suka nyala terus padahal gak lagi mundur?"
ask_possible_cause,"Penyebab oli gardan mobil jadi gampang rembes itu apa?"
ask_possible_cause,"Ada yang tau ga kenapa handle rem motor gue jadi keras banget pas ditarik?"
ask_possible_cause,"Kok bisa ya ada korsleting dan sekring utama mobil gue langsung putus?"
ask_possible_cause,"Suhu, kenapa ya kaca mobil gue jadi gampang banget kena percikan las?"
ask_possible_cause,"Penyebab mobil gue jadi gak bisa distarter abis alarmnya bunyi itu apa ya?"
ask_possible_cause,"Kenapa ya di ruang mesin mobil gue ada kabel yang kayak digigitin tikus?"
ask_possible_cause,"Kok bisa ya fuel pump mobil gue jadi bunyi mendengung lebih keras dari biasanya?"
ask_possible_cause,"Ada yang tau ga kenapa abis ganti ban, mobil gue jadi narik ke satu sisi?"
ask_possible_cause,"Penyebab cat di atap mobil jadi belang dan kusam itu apa aja?"
ask_possible_cause,"Kenapa ya indikator P/S (Power Steering) di dashboard gue nyala?"
ask_possible_cause,"Kok bisa ya ada bau gosong dari dalem kabin abis pake pemantik api mobil?"
ask_possible_cause,"Penyebab stang motor gue jadi goyang dan gak presisi itu apa ya?"
ask_possible_cause,"Suhu, kenapa ya klakson gue jadi mati total, padahal sekring bagus?"
ask_possible_cause,"Kok bisa ya kaca jendela mobil gue jadi bunyi berdecit pas dinaik-turunkan?"
ask_possible_cause,"Kenapa ya mobil gue jadi gak kuat nanjak sama sekali, padahal gas udah penuh?"
ask_possible_cause,"Penyebab foglamp mobil gue jadi gampang banget kemasukan air?"
ask_possible_cause,"Ada yang tau ga kenapa rem parkir elektrik mobil gue jadi macet?"
ask_possible_cause,"Kok bisa ya cat mobil gue jadi gampang nempel sama cat kendaraan lain pas keserempet?"
ask_possible_cause,"Kenapa ya air pembuangan AC mobil gue malah netes ke dalem kabin?"
ask_possible_cause,"Penyebab tuas buat buka kap mesin mobil gue jadi los atau gak nyangkut itu apa ya?"
ask_possible_cause,"Suhu, kenapa ya timing belt mobil gue jadi bunyi berdecit padahal baru ganti?"
ask_possible_cause,"Kok bisa ya colokan lighter di mobil gue jadi mati dan gak bisa buat ngecas?"
ask_possible_cause,"Penyebab mesin mobil suka ada suara 'tek tek tek' pas lagi idle itu apa?"
ask_possible_cause,"Kenapa ya motor NMAX gue gasnya suka telat respon, ada jeda gitu?"
ask_possible_cause,"Ada yang tau ga penyebab indikator oli di dashboard Innova suka kedip-kedip?"
ask_possible_cause,"Suhu, kenapa ya rem belakang motor gue jadi kurang pakem padahal kampasnya tebel?"
ask_possible_cause,"Kok bisa ya mobil CRV gue langsung mati pas nerobos genangan air yang gak terlalu tinggi?"
ask_possible_cause,"Penyebab bau kabel gosong dari area sekring di bawah setir itu apa ya?"
ask_possible_cause,"Kenapa ya kopling motor gue jadi selip, tenaganya gak nyalur sempurna?"
ask_possible_cause,"Ada yang tau ga kenapa dari bawah mobil Xpander gue suka ada tetesan air banyak, padahal AC mati?"
ask_possible_cause,"Kok bisa ya lampu ABS sama lampu handrem nyala barengan di dashboard?"
ask_possible_cause,"Penyebab roda mobil bunyi 'duk duk duk' pas jalan pelan sambil belok itu apa?"
ask_possible_cause,"Suhu, kenapa ya pedal rem Pajero gue jadi amblas dan dalem banget?"
ask_possible_cause,"Kok bisa ya mobil Fortuner gue gak bisa di-starter, cuma bunyi 'klik' kenceng dari mesin?"
ask_possible_cause,"Penyebab kipas radiator mobil gue jadi gak mau muter otomatis pas mesin panas itu apa ya?"
ask_possible_cause,"Kenapa ya lampu check engine motor PCX gue nyala terus setelah servis?"
ask_possible_cause,"Ada yang tau ga kenapa ada suara ngorok dari intake manifold pas akselerasi?"
ask_possible_cause,"Kok bisa ya selang radiator bagian atas mobil gue jadi gampang getas dan retak?"
ask_possible_cause,"Penyebab kunci remote mobil gue jadi gak responsif atau harus deket banget baru bisa?"
ask_possible_cause,"Kenapa ya kaca depan bagian dalem mobil gue jadi gampang banget berembun pas hujan?"
ask_possible_cause,"Suhu, kenapa ya setelah ganti velg, setir mobil gue jadi bergetar hebat?"
ask_possible_cause,"Penyebab karet support shockbreaker jadi gampang pecah itu apa ya?"
ask_possible_cause,"Kok bisa ya tuas transmisi mobil manual gue jadi keras banget pas mau oper gigi?"
ask_possible_cause,"Kenapa ya knalpot motor gue jadi nembak-nembak pas lepas gas?"
ask_possible_cause,"Penyebab pintu geser (sliding door) mobil gue jadi seret dan macet itu apa?"
ask_possible_cause,"Ada yang tau ga kenapa indikator suhu di motor Aerox gue cepet banget naik jadi full bar?"
ask_possible_cause,"Kok bisa ya mobil gue jadi miring sebelah setelah gak sengaja hajar lubang?"
ask_possible_cause,"Kenapa ya lampu jauh mobil gue jadi nyala terus dan gak bisa dimatiin?"
ask_possible_cause,"Penyebab bau amis kayak air radiator masuk ke kabin itu apa ya?"
ask_possible_cause,"Suhu, kenapa ya mobil gue tiba-tiba gak bisa digas, pedalnya diinjek tapi RPM gak naik?"
ask_possible_cause,"Kok bisa ya ada kebocoran di selang power steering padahal mobil jarang dipake?"
ask_possible_cause,"Kenapa ya rem tangan mobil gue jadi terlalu tinggi, ditarik dikit udah ngunci?"
ask_possible_cause,"Penyebab ban tubeless jadi sering bocor halus itu apa ya?"
ask_possible_cause,"Ada yang tau ga kenapa suka ada suara gesekan dari area kopling pas mesin nyala?"
ask_possible_cause,"Kok bisa ya lampu proyektor mobil gue sinarnya jadi buyar dan gak fokus lagi?"
ask_possible_cause,"Penyebab oli mesin mobil gue jadi kayak warna kopi susu itu apa ya?"
ask_possible_cause,"Kenapa ya getaran mesin jadi berasa banget di kabin, padahal engine mounting baru?"
ask_possible_cause,"Kok bisa ya di bagian filter udara mobil gue jadi ada rembesan oli?"
ask_possible_cause,"Penyebab tombol start/stop engine mobil gue jadi gak responsif itu apa?"
ask_possible_cause,"Kenapa ya tangki bensin motor gue jadi gampang kemasukan air pas dicuci?"
ask_possible_cause,"Selamat pagi, saya ingin bertanya, apa kemungkinan penyebab aki mobil saya sering tekor padahal baru diganti?"
ask_possible_cause,"Mohon informasinya, mengapa mesin mobil saya sering mati mendadak saat berhenti di lampu merah?"
ask_possible_cause,"Bapak/Ibu, bisa tolong jelaskan mengapa ban mobil saya terasa kempes terus menerus padahal tidak terlihat ada paku?"
ask_possible_cause,"Saya ingin menanyakan, apa penyebab munculnya suara berdecit dari area rem saat saya mengerem secara perlahan?"
ask_possible_cause,"Untuk mobil saya, mengapa proses starter di pagi hari terasa sangat berat dan butuh beberapa kali percobaan?"
ask_possible_cause,"Selamat siang, bisa dijelaskan mengapa asap yang keluar dari knalpot mobil saya berwarna putih pekat?"
ask_possible_cause,"Apa saja faktor yang bisa menyebabkan setir mobil bergetar hebat saat melaju di kecepatan tinggi?"
ask_possible_cause,"Permisi, saya ingin tahu, mengapa konsumsi bahan bakar mobil saya menjadi jauh lebih boros dari biasanya?"
ask_possible_cause,"Mohon penjelasannya, apa penyebab sistem AC mobil saya sudah tidak terasa dingin seperti sebelumnya?"
ask_possible_cause,"Kira-kira, apa yang menyebabkan transmisi otomatis mobil saya terasa menghentak saat perpindahan gigi?"
ask_possible_cause,"Selamat malam, saya ingin berkonsultasi, mengapa lampu indikator check engine di dashboard saya terus menyala?"
ask_possible_cause,"Bisa tolong diidentifikasi, apa penyebab oli mesin saya berkurang dengan cepat padahal tidak ada tanda-tanda kebocoran?"
ask_possible_cause,"Mohon informasinya, mengapa tenaga motor saya terasa sangat kurang dan berat saat melalui jalan menanjak?"
ask_possible_cause,"Saya ingin bertanya, apa yang menyebabkan munculnya bau tidak sedap atau apek dari dalam kabin setelah hujan?"
ask_possible_cause,"Untuk kendala bunyi 'kletak-kletak' dari roda depan saat berbelok, kira-kira apa saja kemungkinan penyebabnya?"
ask_possible_cause,"Selamat pagi, bisa dijelaskan mengapa pedal kopling pada mobil manual saya menjadi sangat keras saat diinjak?"
ask_possible_cause,"Saya ingin mengetahui, apa penyebab air di dalam tabung reservoir radiator sering sekali habis?"
ask_possible_cause,"Mohon dianalisis, mengapa cat pada bagian atap dan kap mesin mobil saya menjadi kusam dan timbul bercak-bercak?"
ask_possible_cause,"Bisa dijelaskan, apa yang menyebabkan getaran (gredek) pada motor matic saya saat akselerasi awal?"
ask_possible_cause,"Permisi, mengapa mobil saya cenderung menarik ke arah kiri padahal sudah melakukan spooring dan balancing?"
ask_possible_cause,"Apa kemungkinan penyebab gerakan wiper mobil saya menjadi sangat lambat dan terkadang berhenti di tengah?"
ask_possible_cause,"Saya ingin bertanya, mengapa suara klakson mobil saya berubah menjadi kecil dan serak?"
ask_possible_cause,"Mohon penjelasannya, apa yang menyebabkan kaca jendela di sisi pengemudi menjadi seret saat dinaikkan?"
ask_possible_cause,"Selamat siang, saya ingin tahu, apa penyebab pedal rem saya bergetar saat melakukan pengereman dari kecepatan tinggi?"
ask_possible_cause,"Bisa diidentifikasi, apa penyebab utama mesin mobil mengalami 'ngelitik' atau knocking?"
ask_possible_cause,"Mengapa rantai motor saya menjadi sangat berisik, padahal sudah rutin saya berikan pelumas?"
ask_possible_cause,"Permisi, apa yang menyebabkan sorot lampu utama mobil saya menjadi redup dan kekuningan?"
ask_possible_cause,"Mohon informasinya, mengapa rem tangan mobil saya terasa kurang pakem meskipun sudah ditarik penuh?"
ask_possible_cause,"Saya ingin bertanya, apa yang menjadi pemicu munculnya bau sangit seperti kampas terbakar di dalam kabin?"
ask_possible_cause,"Bisa dijelaskan, mengapa area bodi di sekitar mesin motor saya menjadi cepat sekali panas?"
ask_possible_cause,"Secara umum, apa saja faktor-faktor yang dapat mengakibatkan mesin mobil mengalami overheat?"
ask_possible_cause,"Selamat pagi, saya ingin konsultasi, mengapa putaran mesin (RPM) mobil saya tidak stabil saat dalam kondisi langsam?"
ask_possible_cause,"Mohon penjelasannya mengenai penyebab-penyebab paling umum dari kegagalan fungsi rem atau rem blong."
ask_possible_cause,"Apa yang membuat sistem suspensi mobil saya terasa sangat keras dan tidak nyaman saat melewati jalan bergelombang?"
ask_possible_cause,"Saya ingin menanyakan, mengapa sistem alarm pada mobil saya menjadi terlalu sensitif?"
ask_possible_cause,"Mohon dianalisis, apa penyebab pintu mobil saya menjadi sulit untuk ditutup dengan rapat?"
ask_possible_cause,"Bisa dijelaskan, mengapa knalpot motor saya mengeluarkan asap hitam pekat saat akselerasi mendadak?"
ask_possible_cause,"Apa kemungkinan penyebab munculnya embun atau uap air di bagian dalam mika lampu depan?"
ask_possible_cause,"Selamat siang, mengapa selalu terdengar bunyi 'jeduk' yang cukup keras saat mobil melewati polisi tidur?"
ask_possible_cause,"Saya ingin mengetahui faktor-faktor apa saja yang bisa membuat konsumsi bensin menjadi tidak efisien."
ask_possible_cause,"Permisi, apa yang menyebabkan adanya tetesan air di kolong mobil, bahkan saat AC tidak dinyalakan?"
ask_possible_cause,"Bisa tolong jelaskan, mengapa mobil transmisi matik saya tidak mau bergerak maju saat tuas sudah di posisi 'D'?"
ask_possible_cause,"Apa saja diagnosis awal untuk getaran atau 'gredek' pada tarikan pertama motor matic?"
ask_possible_cause,"Mohon informasinya, mengapa v-belt pada mesin mobil saya sering mengeluarkan bunyi berdecit, terutama saat pagi hari?"
ask_possible_cause,"Saya ingin bertanya, apa yang membuat pedal gas mobil saya terasa lebih berat dari biasanya saat diinjak?"
ask_possible_cause,"Bisa diidentifikasi, dari mana saja sumber-sumber umum rembesan oli pada area mesin?"
ask_possible_cause,"Selamat malam, apa yang dapat menyebabkan lampu hazard mobil menyala sendiri secara tiba-tiba?"
ask_possible_cause,"Mohon penjelasannya, mengapa setir mobil saya mengeluarkan bunyi mendengung saat diputar hingga maksimal?"
ask_possible_cause,"Kira-kira apa penyebab mobil saya terasa tersendat-sendat (ndut-ndutan) saat berjalan di kecepatan rendah?"
ask_possible_cause,"Saya ingin tahu, mengapa busi pada motor saya menjadi cepat sekali menghitam dan basah?"
ask_possible_cause,"Secara teknis, apa saja yang menyebabkan transmisi manual menjadi sulit untuk berpindah gigi?"
ask_possible_cause,"Permisi, apa yang menyebabkan indikator bahan bakar di dashboard saya menjadi tidak akurat?"
ask_possible_cause,"Bisa dijelaskan, mengapa kompresor AC sering mengeluarkan bunyi 'kletak' saat pertama kali diaktifkan?"
ask_possible_cause,"Mohon informasinya, apa penyebab tuas lampu sein mobil saya tidak kembali ke posisi semula secara otomatis setelah berbelok?"
ask_possible_cause,"Saya ingin berkonsultasi, mengapa tercium bau bahan bakar yang kuat di dalam kabin mobil saya?"
ask_possible_cause,"Selamat pagi, apa arti dan kemungkinan penyebab dari lampu indikator ABS dan rem tangan yang menyala bersamaan?"
ask_possible_cause,"Mohon dianalisis, apa yang menyebabkan shockbreaker belakang motor saya terasa amblas?"
ask_possible_cause,"Kira-kira apa penyebab utama tenaga mobil terasa hilang atau 'ngempos' saat berada di tanjakan?"
ask_possible_cause,"Saya ingin bertanya, mengapa di area sekitar gagang pintu mobil saya timbul banyak sekali baretan halus?"
ask_possible_cause,"Bisa tolong jelaskan, apa penyebab kaca spion elektrik mobil saya tidak dapat dilipat secara otomatis?"
ask_possible_cause,"Mohon informasinya, mengapa sensor parkir mundur pada mobil saya tidak mengeluarkan bunyi sama sekali?"
ask_possible_cause,"Permisi, apa yang menyebabkan handgrip pada stang motor saya menjadi terasa lengket saat dipegang?"
ask_possible_cause,"Saya ingin tahu, apa saja faktor yang bisa menyebabkan velg mobil menjadi tidak rata atau peyang?"
ask_possible_cause,"Mohon penjelasannya, mengapa level minyak rem pada tabung reservoir bisa berkurang padahal tidak ada kebocoran?"
ask_possible_cause,"Secara umum, apa saja sumber dari bunyi 'gluduk-gluduk' yang berasal dari bagian kaki-kaki mobil?"
ask_possible_cause,"Selamat siang, apa penyebab rel pada jok mobil saya menjadi macet dan sulit untuk digeser?"
ask_possible_cause,"Saya ingin bertanya, mengapa mobil saya tidak dapat dihidupkan, padahal semua sistem kelistrikan berfungsi normal?"
ask_possible_cause,"Bisa diidentifikasi, apa penyebab utama permukaan ban mobil saya menjadi aus secara tidak merata?"
ask_possible_cause,"Mohon informasinya, mengapa pada lapisan kaca film mobil saya timbul banyak gelembung udara?"
ask_possible_cause,"Permisi, apa yang menyebabkan kampas rem pada sepeda motor saya menjadi lebih cepat habis dari seharusnya?"
ask_possible_cause,"Saya ingin menanyakan, apa penyebab semprotan air wiper tidak keluar, padahal tabung reservoir sudah terisi penuh?"
ask_possible_cause,"Selamat malam, bisa dijelaskan mengapa antena radio mobil saya menjadi sulit menangkap sinyal siaran?"
ask_possible_cause,"Mohon dianalisis, apa penyebab tuas persneling transmisi otomatis pada mobil saya menjadi longgar atau oblak?"
ask_possible_cause,"Kira-kira, mengapa dari knalpot mobil saya sering keluar asap biru tipis saat mesin pertama kali dinyalakan?"
ask_possible_cause,"Saya ingin tahu, apa yang menjadi sumber dari suara gemuruh yang muncul dari roda depan saat kecepatan tinggi?"
ask_possible_cause,"Mohon penjelasannya, apa penyebab baut pada lubang pembuangan oli menjadi sering kali mengalami rembesan?"
ask_possible_cause,"Permisi, mengapa lampu mundur pada mobil saya hanya dapat menyala di satu sisi saja?"
ask_possible_cause,"Bisa dijelaskan, apa penyebab laci dashboard pada mobil saya menjadi sulit untuk ditutup kembali?"
ask_possible_cause,"Selamat pagi, saya ingin bertanya, apa yang membuat posisi kaca spion tengah saya mudah sekali berubah atau kendor?"
ask_possible_cause,"Mohon informasinya, apa saja kemungkinan penyebab karpet dasar mobil saya menjadi basah setelah terkena hujan?"
ask_possible_cause,"Saya ingin mengetahui, mengapa fitur pemanas kaca belakang (defogger) pada mobil saya tidak berfungsi optimal?"
ask_possible_cause,"Permisi, apa penyebab sabuk pengaman di mobil saya macet dan tidak dapat ditarik keluar?"
ask_possible_cause,"Bisa tolong jelaskan, mengapa sepeda motor saya terasa tidak stabil atau oleng saat digunakan untuk berbelok?"
ask_possible_cause,"Mohon dianalisis, apa saja kemungkinan penyebab bagasi mobil tidak dapat dibuka melalui tuas dari dalam kabin?"
ask_possible_cause,"Selamat siang, mengapa getaran mesin mobil saya sangat terasa hingga ke lingkar kemudi saat dalam kondisi stasioner?"
ask_possible_cause,"Saya ingin bertanya, apa faktor utama yang menyebabkan mesin diesel sulit untuk dinyalakan pada saat cuaca dingin?"
ask_possible_cause,"Mohon penjelasannya, apa penyebab komponen footstep pada sepeda motor saya menjadi mudah sekali berkarat?"
ask_possible_cause,"Kira-kira apa yang menyebabkan lampu jauh (high beam) pada mobil saya tidak dapat diaktifkan?"
ask_possible_cause,"Permisi, apa indikasi dan penyebab adanya jejak atau kotoran tikus di dalam ruang mesin mobil?"
ask_possible_cause,"Saya ingin mengetahui, mengapa warna oli mesin mobil saya berubah menjadi hitam pekat dalam waktu yang singkat?"
ask_possible_cause,"Bisa dijelaskan, apa penyebab handle gas pada motor matic saya menjadi seret dan tidak kembali ke posisi semula?"
ask_possible_cause,"Mohon informasinya, apa saja faktor risiko yang dapat menyebabkan benjolan pada dinding samping ban mobil?"
ask_possible_cause,"Selamat malam, apa yang menjadi penyebab tuas untuk merebahkan sandaran kursi mobil saya menjadi macet?"
ask_possible_cause,"Saya ingin bertanya, apa sumber dari suara 'cit cit cit' yang muncul dari area mesin saat kondisi masih dingin?"
ask_possible_cause,"Mohon dianalisis, apa penyebab karet pelindung (boot) pada as roda mobil menjadi mudah sekali sobek?"
ask_possible_cause,"Bisa tolong jelaskan, mengapa pada sistem knalpot mobil saya sering terjadi kebocoran yang menimbulkan suara bising?"
ask_possible_cause,"Permisi, apa kemungkinan penyebab lampu indikator ABS menyala setelah saya melakukan penggantian bohlam lampu rem?"
ask_possible_cause,"Saya ingin mengetahui, apa yang menyebabkan pemutar CD di mobil saya macet dan tidak dapat mengeluarkan CD?"
ask_possible_cause,"Selamat pagi, mengapa mobil saya seringkali sulit dinyalakan setelah proses pencucian mobil?"
ask_possible_cause,"Mohon informasinya, apa penyebab utama munculnya jamur pada permukaan kaca mobil yang sulit untuk dihilangkan?"
ask_possible_cause,"Bisa dijelaskan, mengapa laju sepeda motor saya terasa seperti 'membuang' atau cenderung miring ke satu sisi?"
ask_possible_cause,"Permisi, apa penyebab putaran mesin (RPM) menjadi turun secara signifikan saat AC mobil pertama kali diaktifkan?"
ask_possible_cause,"Saya ingin menanyakan, apa sumber dari suara seperti aliran air yang terdengar dari balik dashboard mobil saya?"
ask_possible_cause,"Mohon penjelasannya, mengapa permukaan velg mobil saya menjadi mudah sekali baret meskipun hanya karena senggolan ringan?"
ask_possible_cause,"Selamat siang, apa kemungkinan penyebab kunci kontak mobil saya hanya mengeluarkan bunyi mendengung saat diputar?"
ask_possible_cause,"Saya ingin berkonsultasi, mengapa lampu interior mobil saya tetap menyala meskipun semua pintu sudah tertutup rapat?"
ask_possible_cause,"Mohon dianalisis, apa penyebab utama tali kopling pada sepeda motor manual menjadi sering putus?"
ask_possible_cause,"Bisa dijelaskan, mengapa permukaan dashboard mobil saya menjadi lengket setelah terpapar sinar matahari?"
ask_possible_cause,"Permisi, apa penyebab getah pohon menjadi sangat sulit untuk dihilangkan dari permukaan cat mobil?"
ask_possible_cause,"Saya ingin mengetahui, mengapa sekring untuk sistem audio pada mobil saya menjadi sering sekali putus?"
ask_possible_cause,"Mohon informasinya, apa penyebab starter elektrik motor saya menjadi lemah padahal aki baru saja diganti?"
ask_possible_cause,"Selamat malam, apa yang menyebabkan kap mesin mobil saya bergetar secara tidak wajar saat melaju di kecepatan tinggi?"
ask_possible_cause,"Bisa tolong diidentifikasi, apa penyebab munculnya banyak baretan halus pada bodi sepeda motor saya?"
ask_possible_cause,"Saya ingin bertanya, mengapa mobil manual saya seringkali mundur sedikit saat mulai berjalan di tanjakan?"
ask_possible_cause,"Mohon penjelasannya, apa yang menyebabkan koil pengapian pada sepeda motor saya menjadi sangat panas saat disentuh?"
ask_possible_cause,"Permisi, apa penyebab pelindung matahari (sun visor) di mobil saya menjadi kendor dan tidak bisa menahan posisinya?"
ask_possible_cause,"Saya ingin mengetahui, apa yang menyebabkan timbulnya celah atau renggang antara bumper dengan bodi mobil saya?"
ask_possible_cause,"Selamat pagi, apa saja kemungkinan penyebab munculnya bau seperti oli terbakar yang berasal dari knalpot?"
ask_possible_cause,"Mohon informasinya, mengapa panel pintu (doortrim) mobil saya menjadi mudah bergetar dan menimbulkan bunyi?"
ask_possible_cause,"Bisa dijelaskan, apa penyebab air radiator pada mobil saya menjadi keruh dan berwarna seperti teh?"
ask_possible_cause,"Saya ingin bertanya, apa sumber dari bunyi 'krek krek krek' yang muncul dari roda saat setir dibelokkan penuh?"
ask_possible_cause,"Permisi, apa yang menyebabkan sistem rem cakram pada sepeda motor saya menjadi macet dan membuat roda seret?"
ask_possible_cause,"Mohon dianalisis, apa saja kemungkinan penyebab lampu indikator airbag di dashboard menyala secara terus-menerus?"
ask_possible_cause,"Selamat siang, apa penyebab tutup oli mesin pada mobil saya menjadi mudah retak atau pecah?"
ask_possible_cause,"Saya ingin mengetahui, mengapa pada terminal aki mobil saya sering timbul endapan kerak berwarna putih atau biru?"
ask_possible_cause,"Bisa tolong jelaskan, apa yang menyebabkan tuas kick starter pada sepeda motor saya menjadi sangat keras?"
ask_possible_cause,"Permisi, apa penyebab utama komponen list karet pada kaca mobil menjadi getas dan mudah sekali sobek?"
ask_possible_cause,"Mohon informasinya, mengapa warna minyak rem pada mobil saya menjadi cepat sekali berubah menjadi gelap dan keruh?"
ask_possible_cause,"Saya ingin bertanya, apa yang menyebabkan setir mobil saya tidak dapat terkunci secara otomatis setelah kunci kontak dicabut?"
ask_possible_cause,"Selamat malam, apa saja faktor-faktor kritis yang bisa menyebabkan mobil mogok saat terjebak dalam kemacetan panjang?"
ask_possible_cause,"Mohon penjelasannya, mengapa seluruh jarum pada panel instrumen mobil saya tiba-tiba tidak berfungsi saat sedang berjalan?"
ask_possible_cause,"Bisa diidentifikasi, apa yang menyebabkan suara mesin mobil saya terdengar jauh lebih kasar dari kondisi normalnya?"
ask_possible_cause,"Saya ingin mengetahui, mengapa pedal kopling saya sering bergetar saat pedal tersebut mulai diangkat perlahan?"
ask_possible_cause,"Permisi, apa penyebab munculnya suara siulan yang tidak biasa dari komponen turbo pada mobil saya?"
ask_possible_cause,"Selamat pagi, mengapa lampu DRL (Daytime Running Light) pada mobil saya hanya menyala di satu sisi?"
ask_possible_cause,"Mohon informasinya, apa penyebab bau asap rokok menjadi sangat sulit untuk dihilangkan dari interior kabin mobil?"
ask_possible_cause,"Bisa dijelaskan, apa yang membuat sistem suspensi mobil saya terasa 'membal' atau terlalu empuk?"
ask_possible_cause,"Saya ingin bertanya, mengapa daya cengkeram rem mobil saya terasa berkurang secara signifikan setelah melewati genangan air?"
ask_possible_cause,"Permisi, apa penyebab baut roda pada mobil saya menjadi sangat sulit untuk dibuka, seolah-olah macet total?"
ask_possible_cause,"Mohon dianalisis, mengapa lampu mundur mobil saya tetap menyala meskipun tuas transmisi tidak pada posisi mundur?"
ask_possible_cause,"Selamat siang, apa saja kemungkinan penyebab terjadinya rembesan pada bagian oli gardan mobil?"
ask_possible_cause,"Saya ingin mengetahui, apa yang menyebabkan handle rem pada sepeda motor saya menjadi sangat keras saat ditarik?"
ask_possible_cause,"Bisa dijelaskan, apa penyebab terjadinya korsleting ringan yang mengakibatkan sekring utama pada mobil putus?"
ask_possible_cause,"Permisi, apa yang menyebabkan kaca mobil saya menjadi mudah sekali terkena noda dari percikan pengelasan?"
ask_possible_cause,"Mohon informasinya, mengapa sistem mobil saya menjadi tidak bisa distarter setelah alarm berbunyi?"
ask_possible_cause,"Saya ingin bertanya, apa yang menjadi indikasi dan penyebab adanya kabel yang terkelupas di ruang mesin?"
ask_possible_cause,"Selamat malam, apa yang menyebabkan pompa bahan bakar (fuel pump) mobil saya mengeluarkan suara dengungan yang lebih keras?"
ask_possible_cause,"Mohon penjelasannya, mengapa laju mobil saya terasa menarik ke satu sisi setelah melakukan penggantian ban?"
ask_possible_cause,"Bisa diidentifikasi, apa penyebab utama cat pada bagian atap mobil menjadi belang dan terlihat kusam?"
ask_possible_cause,"Saya ingin mengetahui, mengapa lampu indikator P/S atau Power Steering pada dashboard saya menyala?"
ask_possible_cause,"Permisi, apa yang menyebabkan munculnya bau gosong dari dalam kabin setelah menggunakan soket pemantik api?"
ask_possible_cause,"Selamat pagi, apa yang menyebabkan stang sepeda motor saya terasa goyang dan tidak presisi saat dikendarai?"
ask_possible_cause,"Mohon informasinya, mengapa klakson mobil saya menjadi mati total padahal kondisi sekringnya masih bagus?"
ask_possible_cause,"Saya ingin bertanya, apa penyebab munculnya bunyi berdecit dari rel kaca jendela saat dinaik-turunkan?"
ask_possible_cause,"Bisa dijelaskan, apa faktor-faktor yang membuat mobil menjadi sama sekali tidak kuat saat melalui jalanan menanjak?"
ask_possible_cause,"Mohon dianalisis, mengapa komponen lampu kabut (foglamp) pada mobil saya menjadi mudah sekali kemasukan air?"
ask_possible_cause,"Selamat siang, apa penyebab sistem rem parkir elektrik pada mobil saya menjadi tidak bisa diaktifkan atau dinonaktifkan?"
ask_possible_cause,"Saya ingin mengetahui, mengapa cat dari kendaraan lain menjadi mudah menempel pada bodi mobil saya saat terjadi serempetan?"
ask_possible_cause,"Permisi, apa yang menyebabkan saluran pembuangan air AC pada mobil saya tersumbat dan menetes ke dalam kabin?"
ask_possible_cause,"Mohon informasinya, apa penyebab tuas pembuka kap mesin mobil saya menjadi los dan tidak berfungsi?"
ask_possible_cause,"Saya ingin bertanya, mengapa timing belt mobil saya mengeluarkan bunyi berdecit padahal belum lama diganti?"
ask_possible_cause,"Bisa tolong jelaskan, apa yang menyebabkan soket lighter di dalam mobil saya menjadi tidak berfungsi?"
ask_possible_cause,"Selamat malam, apa saja kemungkinan sumber dari suara 'tek tek tek' yang muncul dari mesin saat kondisi stasioner?"
ask_possible_cause,"Kenapa ban mobil gue kempes mulu padahal baru diisi?"
ask_possible_cause,"Napa rem motor bunyi kenceng banget pas direm?"
ask_possible_cause,"Apa penyebab aki mobil sering soak tiap pagi?"
ask_possible_cause,"Kok mesin mobil overheat terus sih padahal jarak dekat?"
ask_possible_cause,"Kenapa oli motorku bocor terus dari celah mesin?"
ask_possible_cause,"Gimana bisa asap knalpot warna item tebel gitu?"
ask_possible_cause,"Apa sebabnya setir mobil berat banget belok kiri?"
ask_possible_cause,"Kenapa transmisi susah masuk gigi 1 pas macet?"
ask_possible_cause,"Napa lampu depan redup kaya lilin padahal aki baru?"
ask_possible_cause,"Kok AC mobil ngeluarin angin panas mulu?"
ask_possible_cause,"Apa penyebab rem blong tiba-tiba di jalan tol?"
ask_possible_cause,"Kenapa bunyi kasar dari kap mesin kaya ketokan?"
ask_possible_cause,"Napa getaran kenceng di stir waktu ngebut?"
ask_possible_cause,"Gimana bisa wiper ngaco ga jelas geraknya?"
ask_possible_cause,"Apa sebabnya ban belakang aus sebelah doang?"
ask_possible_cause,"Kenapa mesin diesel bunyinya kaya ada yg nyeret?"
ask_possible_cause,"Kok klakson cuma bunyi pelan kaya kepleset?"
ask_possible_cause,"Napa kaca spion goyang-goyang sendiri pas jalan?"
ask_possible_cause,"Apa penyebab mesin mati mendadak di persimpangan?"
ask_possible_cause,"Kenapa bau gosong dari kolong mobil terus?"
ask_possible_cause,"Gimana bisa oli rem berkurang sendiri tanpa bocor?"
ask_possible_cause,"Napa pedal kopling keras banget di mobil manual?"
ask_possible_cause,"Kenapa lampu check engine nyala terus padahal baru servis?"
ask_possible_cause,"Apa sebabnya asap putih keluar terus dari knalpot?"
ask_possible_cause,"Kok power steering bunyi kresek-kresek pas belok?"
ask_possible_cause,"Kenapa suspensi bunyi gedebuk pas lewat lubang?"
ask_possible_cause,"Napa mesin mobil ngelitik kaya ketus-tus?"
ask_possible_cause,"Apa penyebab aki tekor dalam 2 hari doang?"
ask_possible_cause,"Gimana bisa busi item terus padahal baru ganti?"
ask_possible_cause,"Kenapa kopling slip pas nanjak di tanjakan curam?"
ask_possible_cause,"Napa rem tangan ga mempan di tanjakan?"
ask_possible_cause,"Kok bensin boros banget padahal jarang ngegas?"
ask_possible_cause,"Apa sebabnya knalpot bunyi gedebeg-debeg kenceng?"
ask_possible_cause,"Kenapa mesin sulit start waktu pagi hari?"
ask_possible_cause,"Gimana bisa oli mesin cepet item padahal baru ganti?"
ask_possible_cause,"Napa lampu sein kedipannya cepet banget kaya kepepet?"
ask_possible_cause,"Apa penyebab stir kemudi ngelotok pas jalan rusak?"
ask_possible_cause,"Kenapa mesin diesel ngeluarin asap kebiru-biruan?"
ask_possible_cause,"Kok AC bau apek kaya tanah lembab?"
ask_possible_cause,"Napa rem cakram bunyi cuit-cuit terus?"
ask_possible_cause,"Gimana bisa ban dalam bocor terus padahal ban baru?"
ask_possible_cause,"Apa sebabnya mesin bergetar kenceng pas idle?"
ask_possible_cause,"Kenapa kopling mobil bau gosong pas macet lama?"
ask_possible_cause,"Napa velg mobil panas banget habis jalan jauh?"
ask_possible_cause,"Kok radiator cepat kosong tanpa kebocoran jelas?"
ask_possible_cause,"Apa penyebab getaran di lantai mobil waktu akselerasi?"
ask_possible_cause,"Kenapa transmisi otomatis ngempos pas gigi 2?"
ask_possible_cause,"Gimana bisa kipas radiator ga mau mutar?"
ask_possible_cause,"Napa karburator motor ngeluarin bensin terus?"
ask_possible_cause,"Apa sebabnya kampas rem cepet habis padahal jarang dipake?"
ask_possible_cause,"Kenapa mesin mobil ngambek pas hujan deras?"
ask_possible_cause,"Kok pedal rem jadi lembek tiba-tiba?"
ask_possible_cause,"Napa oli mesin ada busa putih di dipstick?"
ask_possible_cause,"Gimana bisa aki mobil bengkak di bagian atas?"
ask_possible_cause,"Apa penyebab gas motor tersendat-sendat waktu pelan?"
ask_possible_cause,"Kenapa kabel gas mobil kendor terus?"
ask_possible_cause,"Napa mesin diesel ngeluarin bunyi decitan pas dingin?"
ask_possible_cause,"Kok kaca film mobil gelembung-gelembung sendiri?"
ask_possible_cause,"Apa sebabnya rem ABS nyala lampu warning?"
ask_possible_cause,"Kenapa kopling motor berat banget pas macet?"
ask_possible_cause,"Gimana bisa lampu kabut sebelah kiri mati?"
ask_possible_cause,"Napa mesin mobil ngeluarin bunyi desis waktu idle?"
ask_possible_cause,"Apa penyebab getaran di jok depan waktu idle?"
ask_possible_cause,"Kenapa gardan belakang bunyi gedeguk pas belok?"
ask_possible_cause,"Kok aki motor cepet tekor walau baru?"
ask_possible_cause,"Napa busi motor basah terus sama bensin?"
ask_possible_cause,"Gimana bisa speedometer ga akurat tiba-tiba?"
ask_possible_cause,"Apa sebabnya mesin mobil ngeluarin bau bensin menyengat?"
ask_possible_cause,"Kenapa setir kemudi ga balik sendiri habis belok?"
ask_possible_cause,"Napa shockbreaker bunyi kretek-kretek waktu jalan rusak?"
ask_possible_cause,"Kok mesin motor bunyi kaya orang ngikik pas digas?"
ask_possible_cause,"Apa penyebab lampu dashboard kedip-kedip sendiri?"
ask_possible_cause,"Kenapa tangki bensin bocor di bagian bawah?"
ask_possible_cause,"Gimana bisa kaca mobil retak sendiri tanpa benturan?"
ask_possible_cause,"Napa rem tromol bunyi gemeretak waktu diinjak?"
ask_possible_cause,"Apa sebabnya pedal kopling ga balik normal?"
ask_possible_cause,"Kenapa mesin diesel ngeluarin bunyi ledakan kecil?"
ask_possible_cause,"Kok AC mobil berembun di bagian dalam?"
ask_possible_cause,"Napa knalpot motor bocor di sambungan?"
ask_possible_cause,"Gimana bisa wiper ga mau berhenti waktu dimatiin?"
ask_possible_cause,"Apa penyebab stir kemudi kemasukan pasir?"
ask_possible_cause,"Kenapa mesin mobil ngeluarin bunyi krek waktu starter?"
ask_possible_cause,"Napa lampu belakang redup sebelah kanan?"
ask_possible_cause,"Kok kampas kopling bau anyir padahal baru?"
ask_possible_cause,"Apa sebabnya radiator fan bunyi kenceng banget?"
ask_possible_cause,"Kenapa mesin motor ngeluarin asap putih tebal?"
ask_possible_cause,"Gimana bisa ban mobil kembung tidak merata?"
ask_possible_cause,"Napa rem tangan ga kuat nahan di tanjakan?"
ask_possible_cause,"Apa penyebab mesin mobil ngempos waktu AC nyala?"
ask_possible_cause,"Kenapa oli transmisi auto berubah warna jadi coklat?"
ask_possible_cause,"Kok kabel rem tangan putus padahal jarang dipake?"
ask_possible_cause,"Napa mesin diesel sulit start waktu dingin?"
ask_possible_cause,"Gimana bisa klakson bunyi sendu kaya orang sedih?"
ask_possible_cause,"Apa sebabnya lampu plat nomor mati sebelah?"
ask_possible_cause,"Kenapa mesin mobil bergetar kenceng pas gigi D?"
ask_possible_cause,"Napa kopling mobil ga bisa masuk gigi waktu macet?"
ask_possible_cause,"Kok asap knalpot bau menyengat kaya karet terbakar?"
ask_possible_cause,"Apa penyebab air radiator cepet habis tanpa bocor?"
ask_possible_cause,"Kenapa stir kemudi berat pas parkir?"
ask_possible_cause,"Gimana bisa lampu hazard nyala sendiri?"
ask_possible_cause,"Napa ban dalam motor gampang meledak?"
ask_possible_cause,"Apa sebabnya mesin mobil ngeluarin bunyi gemuruh waktu idle?"
ask_possible_cause,"Kenapa rem depan motor bunyi berdecit terus?"
ask_possible_cause,"Kok oli mesin encer banget padahal baru ganti?"
ask_possible_cause,"Napa aki mobil korosi di terminalnya?"
ask_possible_cause,"Gimana bisa kaca spion bergoyang waktu kenceng?"
ask_possible_cause,"Apa penyebab gas motor ngambek pas dingin?"
ask_possible_cause,"Kenapa mesin diesel ngeluarin bunyi ketukan keras?"
ask_possible_cause,"Napa lampu sein depan ga nyala sebelah kiri?"
ask_possible_cause,"Kok rem cakram bunyi ngikik pas jalan pelan?"
ask_possible_cause,"Apa sebabnya mesin mobil ngeluarin percikan api kecil?"
ask_possible_cause,"Kenapa kopling mobil slip waktu nanjak?"
ask_possible_cause,"Gimana bisa karet kaca mobil mengeras dan retak?"
ask_possible_cause,"Napa mesin motor ngeluarin bunyi kasar pas digas?"
ask_possible_cause,"Apa penyebab busi motor berkerak hitam terus?"
ask_possible_cause,"Kenapa gardan depan bunyi waktu belok patah?"
ask_possible_cause,"Kok AC mobil ngeluarin air ke dalam kabin?"
ask_possible_cause,"Napa pedal rem bergetar waktu diinjak kencang?"
ask_possible_cause,"Gimana bisa kabel aki meleleh di bagian terminal?"
ask_possible_cause,"Apa sebabnya mesin mobil ngeluarin bunyi desau waktu akselerasi?"
ask_possible_cause,"Kenapa rem ABS aktif sendiri waktu jalan lurus?"
ask_possible_cause,"Napa oli power steering cepet habis?"
ask_possible_cause,"Kok mesin mobil ngeluarin bunyi metalik waktu panas?"
ask_possible_cause,"Apa penyebab wiper gagal menyeka bagian tengah?"
ask_possible_cause,"Kenapa kaca mobil berkabut dari dalam terus?"
ask_possible_cause,"Gimana bisa lampu kota redup semua padahal aki oke?"
ask_possible_cause,"Napa ban mobil kehilangan tekanan perlahan tanpa bocor?"
ask_possible_cause,"Apa sebabnya mesin diesel ngeluarin asap hitam waktu digas?"
ask_possible_cause,"Kenapa rem tangan mobil ga bisa terkunci sempurna?"
ask_possible_cause,"Kok knalpot mobil berkarat parah di bagian ujung?"
ask_possible_cause,"Napa mesin mobil ngeluarin bunyi kresek waktu dingin?"
ask_possible_cause,"Gimana bisa klakson bunyi serak setelah kehujanan?"
ask_possible_cause,"Apa penyebab setir kemudi kemiringannya ga pas?"
ask_possible_cause,"Kenapa mesin motor ngeluarin bau oli terbakar?"
ask_possible_cause,"Napa kampas rem bunyi berdecit waktu ga diinjak?"
ask_possible_cause,"Kok oli mesin ada butiran metal di dipstick?"
ask_possible_cause,"Apa sebabnya lampu rem ga nyala waktu diinjak?"
ask_possible_cause,"Kenapa mesin mobil ngeluarin asap dari kap mesin?"
ask_possible_cause,"Gimana bisa karet wiper rontok sendiri?"
ask_possible_cause,"Napa aki mobil drop tiba-tiba waktu starter?"
ask_possible_cause,"Apa penyebab gas mobil berat waktu diinjak?"
ask_possible_cause,"Kenapa suspensi belakang bunyi grok-grok waktu jalan rusak?"
ask_possible_cause,"Kok mesin diesel ngeluarin bunyi dengungan keras?"
ask_possible_cause,"Napa lampu dashboard mati semua tiba-tiba?"
ask_possible_cause,"Gimana bisa ban motor gundul tidak merata?"
ask_possible_cause,"Apa sebabnya mesin mobil ngeluarin bunyi klik waktu starter?"
ask_possible_cause,"Kenapa AC mobil ga dingin waktu macet?"
ask_possible_cause,"Napa rem blong waktu jalan menurun?"
ask_possible_cause,"Kok oli transmisi manual berbau gosong?"
ask_possible_cause,"Apa penyebab kaca spion bergetar waktu mesin hidup?"
ask_possible_cause,"Kenapa mesin mobil ngeluarin bunyi derak waktu belok?"
ask_possible_cause,"Gimana bisa kabel busi motor meleleh?"
ask_possible_cause,"Napa kampas rem depan cepat habis?"
ask_possible_cause,"Apa sebabnya mesin diesel ngeluarin asap putih waktu panas?"
ask_possible_cause,"Kenapa setir kemudi ga stabil waktu ngebut?"
ask_possible_cause,"Kok radiator bocor di bagian sambungan?"
ask_possible_cause,"Napa mesin mobil ngeluarin bunyi kletek waktu dimatikan?"
ask_possible_cause,"Gimana bisa lampu kabut berembun di dalam?"
ask_possible_cause,"Apa penyebab aki mobil ngecharge lambat?"
ask_possible_cause,"Kenapa rem tromol bunyi gemuruh waktu diinjak?"
ask_possible_cause,"Napa gas motor ga responsif waktu dibuka pelan?"
ask_possible_cause,"Kok mesin mobil ngeluarin bunyi siulan waktu akselerasi?"
ask_possible_cause,"Apa sebabnya kopling motor lengket sendiri?"
ask_possible_cause,"Kenapa gardan bunyi ngikik waktu lurus?"
ask_possible_cause,"Gimana bisa karet pintu mobil mengeras dan retak?"
ask_possible_cause,"Napa mesin diesel ngeluarin getaran keras waktu idle?"
ask_possible_cause,"Apa penyebab lampu hazard kedipannya tidak sinkron?"
ask_possible_cause,"Kenapa rem tangan mobil sulit dinaikkan?"
ask_possible_cause,"Kok AC mobil ngeluarin bunyi bising waktu high?"
ask_possible_cause,"Napa oli mesin keruh padahal baru ganti 1 minggu?"
ask_possible_cause,"Gimana bisa klakson bunyi lemah pas malam hari?"
ask_possible_cause,"Apa sebabnya mesin mobil ngeluarin percikan api di knalpot?"
ask_possible_cause,"Kenapa suspensi depan bunyi mencicit waktu jalan halus?"
ask_possible_cause,"Napa ban dalam mobil sering bocor tanpa sebab?"
ask_possible_cause,"Kok mesin diesel ngeluarin asap kebiruan waktu pagi?"
ask_possible_cause,"Apa penyebab rem ABS gagal aktif waktu darurat?"
ask_possible_cause,"Kenapa kopling mobil bergetar waktu separuh kopling?"
ask_possible_cause,"Gimana bisa kaca film mobil belang-belang sendiri?"
ask_possible_cause,"Napa mesin mobil ngeluarin bunyi decitan waktu panas?"
ask_possible_cause,"Apa sebabnya lampu rem kedip-kedip waktu diinjam?"
ask_possible_cause,"Kenapa rem cakram bunyi berisik waktu jalan hujan?"
ask_possible_cause,"Kok oli power steering berubah warna jadi coklat?"
ask_possible_cause,"Napa aki mobil bocor cairan asam?"
ask_possible_cause,"Gimana bisa karet kaca spion lepas sendiri?"
ask_possible_cause,"Apa penyebab mesin mobil ngeluarin bunyi letupan kecil?"
ask_possible_cause,"Kenapa transmisi auto ngaget waktu pindah gigi?"
ask_possible_cause,"Napa lampu sein belakang redup sebelah?"
ask_possible_cause,"Kok mesin diesel ngeluarin bunyi gemuruh waktu malam?"
ask_possible_cause,"Apa sebabnya rem tromol cepat panas?"
ask_possible_cause,"Kenapa setir kemudi berasa kendor waktu lurus?"
ask_possible_cause,"Gimana bisa wiper gagal menyeka area pengemudi?"
ask_possible_cause,"Napa mesin mobil ngeluarin bau gosong waktu panas?"
ask_possible_cause,"Apa penyebab kopling motor berat waktu macet?"
ask_possible_cause,"Kenapa gardan bunyi gedebuk waktu mundur?"
ask_possible_cause,"Kok AC mobil berbau anyir kaya telur busuk?"
ask_possible_cause,"Napa kampas rem belakang cepat aus?"
ask_possible_cause,"Gimana bisa klakson bunyi parau setelah cuaca panas?"
ask_possible_cause,"Apa sebabnya mesin mobil ngeluarin asap dari oli cap?"
ask_possible_cause,"Kenapa rem tangan motor ga kuat nahan di tanjakan?"
ask_possible_cause,"Napa oli mesin cepet turun levelnya?"
ask_possible_cause,"Kok mesin diesel ngeluarin bunyi desis waktu dingin?"
ask_possible_cause,"Apa penyebab lampu kota mati semua tiba-tiba?"
ask_possible_cause,"Kenapa suspensi bunyi kretek waktu jalan lurus?"
ask_possible_cause,"Gimana bisa ban motor botak di tengah doang?"
ask_possible_cause,"Napa mesin mobil ngeluarin bunyi krek waktu belok kiri?"
ask_possible_cause,"Apa sebabnya kopling mobil ga bisa balik sempurna?"
ask_possible_cause,"Kenapa knalpot motor berkarat di bagian kepala?"
ask_possible_cause,"Kok AC mobil ngeluarin angin ga dingin pas siang?"
ask_possible_cause,"Napa rem cakram bunyi ngikik waktu ga diinjak?"
ask_possible_cause,"Gimana bisa kabel gas mobil putus sendiri?"
ask_possible_cause,"Apa penyebab mesin diesel ngeluarin asap hitam waktu digas kencang?"
ask_possible_cause,"Kenapa setir kemudi berasa berat waktu pelan?"
ask_possible_cause,"Napa oli transmisi manual berbusa?"
ask_possible_cause,"Kok mesin mobil ngeluarin bunyi gemeretak waktu idle?"
ask_possible_cause,"Apa sebabnya lampu belakang mati semua?"
ask_possible_cause,"Kenapa rem tromol bunyi berdecit waktu jalan kering?"
ask_possible_cause,"Gimana bisa klakson bunyi dobel waktu ditekan?"
ask_possible_cause,"Napa mesin mobil ngeluarin getaran aneh waktu RPM rendah?"
ask_possible_cause,"Apa penyebab kopling motor ga bisa masuk gigi 1?"
ask_possible_cause,"Kenapa gardan depan bunyi waktu lurus di kecepatan tinggi?"
ask_possible_cause,"Kok AC mobil bocor freon terus?"
ask_possible_cause,"Napa kampas rem depan cepat tipis?"
ask_possible_cause,"Gimana bisa karet pintu mobil mengelupas?"
ask_possible_cause,"Apa sebabnya mesin diesel ngeluarin bunyi ketukan waktu panas?"
ask_possible_cause,"Kenapa rem tangan mobil sulit diturunkan?"
ask_possible_cause,"Napa oli mesin ada endapan coklat di tutup oli?"
ask_possible_cause,"Kok mesin mobil ngeluarin bunyi mendengung waktu gigi N?"
ask_possible_cause,"Apa penyebab lampu kabut kuning sebelah kanan?"
ask_possible_cause,"Kenapa suspensi bunyi grok waktu jalan pelan?"
ask_possible_cause,"Gimana bisa ban mobil kembung tidak rata?"
ask_possible_cause,"Napa mesin mobil ngeluarin bunyi kletek waktu starter?"
ask_possible_cause,"Apa sebabnya kopling mobil lengket waktu panas?"
ask_possible_cause,"Kenapa knalpot mobil bocor di bagian tengah?"
ask_possible_cause,"Kok AC mobil berembun di luar kaca?"
ask_possible_cause,"Napa rem cakram bunyi berisik waktu hujan?"
ask_possible_cause,"Gimana bisa kabel aki panas sendiri?"
ask_possible_cause,"Apa penyebab mesin diesel ngeluarin asap putih waktu dingin?"
ask_possible_cause,"Kenapa setir kemudi bergetar waktu rem mendadak?"
ask_possible_cause,"Napa oli power steering cepat hitam?"
ask_possible_cause,"Kok mesin mobil ngeluarin bunyi desau waktu gigi tinggi?"
ask_possible_cause,"Apa sebabnya lampu sein depan mati sebelah?"
ask_possible_cause,"Kenapa rem tromol cepat aus padahal jarang dipake?"
ask_possible_cause,"Gimana bisa klakson bunyi pelan pas pagi hari?"
ask_possible_cause,"Napa mesin mobil ngeluarin bau bensin menyengat?"
ask_possible_cause,"Apa penyebab kopling motor selip waktu akselerasi?"
ask_possible_cause,"Kenapa gardan bunyi ngikik waktu belok kanan?"
ask_possible_cause,"Kok AC mobil ngeluarin air ke kaki penumpang?"
ask_possible_cause,"Napa kampas rem belakang bunyi berdecit?"
ask_possible_cause,"Gimana bisa kaca spion lepas dari dudukannya?"
ask_possible_cause,"Apa sebabnya mesin diesel ngeluarin getaran tidak wajar?"
ask_possible_cause,"Kenapa rem tangan mobil ga bisa mengunci roda?"
ask_possible_cause,"Napa oli mesin encer banget walau baru ganti?"
ask_possible_cause,"Kok mesin mobil ngeluarin bunyi gemuruh waktu RPM stabil?"
ask_possible_cause,"Apa penyebab lampu kota redup tidak merata?"
ask_possible_cause,"Kenapa suspensi bunyi krek waktu jalan halus?"
ask_possible_cause,"Gimana bisa ban motor botak di samping?"
ask_possible_cause,"Napa mesin mobil ngeluarin bunyi letupan waktu dimatikan?"
ask_possible_cause,"Apa sebabnya kopling mobil berat waktu macet?"
ask_possible_cause,"Kenapa knalpot motor berkarat di bagian sambungan?"
ask_possible_cause,"Kok AC mobil ga keluar angin sama sekali?"
ask_possible_cause,"Napa rem cakram bunyi mencicit waktu jalan pelan?"
ask_possible_cause,"Gimana bisa kabel busi mobil kendor terus?"
ask_possible_cause,"Apa penyebab mesin diesel ngeluarin asap hitam tebal waktu startup?"
ask_possible_cause,"Kenapa setir kemudi berasa kaku waktu putar penuh?"
ask_possible_cause,"Napa oli transmisi auto berbau anyir?"
ask_possible_cause,"Kok mesin mobil ngeluarin bunyi gemeretak waktu dingin?"
ask_possible_cause,"Apa sebabnya lampu belakang redup semua?"
ask_possible_cause,"Kenapa rem tromol bunyi berisik waktu kering?"
ask_possible_cause,"Gimana bisa klakson bunyi serak setelah cuaca dingin?"
ask_possible_cause,"Napa mesin mobil ngeluarin getaran di pedal gas?"
ask_possible_cause,"Apa penyebab kopling motor ga bisa netral?"
ask_possible_cause,"Kenapa gardan depan bunyi waktu belok patah di kecepatan rendah?"
ask_possible_cause,"Kok AC mobil bau anyir kaya jamur?"
ask_possible_cause,"Napa kampas rem depan cepat habis walau jarang dipake?"
ask_possible_cause,"Gimana bisa karet wiper retak-retak sendiri?"
ask_possible_cause,"Apa sebabnya mesin diesel ngeluarin bunyi ketukan waktu RPM tinggi?"
ask_possible_cause,"Kenapa rem tangan mobil ga kuat nahan di tanjakan curam?"
ask_possible_cause,"Napa oli mesin ada serpihan logam di dipstick?"
ask_possible_cause,"Kok mesin mobil ngeluarin bunyi dengung waktu gigi P?"
ask_possible_cause,"Apa penyebab lampu kabut mati setelah hujan?"
ask_possible_cause,"Kenapa suspensi bunyi grok waktu jalan lurus pelan?"
ask_possible_cause,"Gimana bisa ban mobil kehilangan tekanan tiba-tiba?"
ask_possible_cause,"Napa mesin mobil ngeluarin bunyi krek waktu akselerasi?"
ask_possible_cause,"Apa sebabnya kopling mobil slip waktu gigi tinggi?"
ask_possible_cause,"Kenapa knalpot mobil berkarat di bagian peredam?"
ask_possible_cause,"Kok AC mobil ngeluarin embun berlebihan?"
ask_possible_cause,"Napa rem cakram bunyi berdecit waktu ga diinjak?"
ask_possible_cause,"Gimana bisa kabel aki berkarat di terminal?"
ask_possible_cause,"Apa penyebab mesin diesel ngeluarin asap putih waktu panas?"
ask_possible_cause,"Kenapa setir kemudi bergetar waktu kecepatan 80 km/jam?"
ask_possible_cause,"Napa oli power steering cepat berkurang?"
ask_possible_cause,"Kok mesin mobil ngeluarin bunyi siulan waktu gigi 3?"
ask_possible_cause,"Apa sebabnya lampu sein belakang mati sebelah kiri?"
ask_possible_cause,"Kenapa rem tromol cepat panas walau jarak pendek?"
ask_possible_cause,"Gimana bisa klakson bunyi lemah pas siang bolong?"
ask_possible_cause,"Napa mesin mobil ngeluarin bau oli terbakar?"
ask_possible_cause,"Apa penyebab kopling motor berat waktu panas?"
ask_possible_cause,"Kenapa gardan bunyi ngikik waktu gigi mundur?"
ask_possible_cause,"Kok AC mobil ga dingin waktu idle?"
ask_possible_cause,"Napa kampas rem belakang lengket sendiri?"
ask_possible_cause,"Gimana bisa kaca spion berembun dari dalam?"
ask_possible_cause,"Apa sebabnya mesin diesel ngeluarin getaran tidak normal waktu startup?"
ask_possible_cause,"Kenapa rem tangan mobil sulit ditarik sampai penuh?"
ask_possible_cause,"Napa oli mesin berubah warna jadi susu coklat?"
ask_possible_cause,"Kok mesin mobil ngeluarin bunyi gemuruh waktu AC nyala?"
ask_possible_cause,"Apa penyebab lampu kota mati setelah cuaca hujan?"
ask_possible_cause,"Kenapa suspensi bunyi krek waktu belok?"
ask_possible_cause,"Gimana bisa ban motor gundul tidak rata?"
ask_possible_cause,"Napa mesin mobil ngeluarin bunyi letusan waktu RPM tinggi?"
ask_possible_cause,"Apa sebabnya kopling mobil keras waktu pagi hari?"
ask_possible_cause,"Kenapa knalpot motor bocor di kepala silinder?"
ask_possible_cause,"Kok AC mobil berbau logam panas?"
ask_possible_cause,"Napa rem cakram bunyi mencicit waktu direm pelan?"
ask_possible_cause,"Gimana bisa kabel busi motor berkerak?"
ask_possible_cause,"Apa penyebab mesin diesel ngeluarin asap biru waktu dingin?"
ask_possible_cause,"Kenapa setir kemudi berat waktu putar penuh?"
ask_possible_cause,"Napa oli transmisi manual berubah warna jadi pink?"
ask_possible_cause,"Kok mesin mobil ngeluarin bunyi gemeretak waktu gigi R?"
ask_possible_cause,"Apa sebabnya lampu rem tidak nyala waktu diinjak pelan?"
ask_possible_cause,"Kenapa rem tromol bunyi berdecit waktu hujan?"
ask_possible_cause,"Gimana bisa klakson bunyi parau setelah kena debu?"
ask_possible_cause,"Napa mesin mobil ngeluarin getaran di jok penumpang?"
ask_possible_cause,"Apa penyebab kopling motor selip waktu nanjak?"
ask_possible_cause,"Kenapa gardan depan bunyi waktu gigi 4?"
ask_possible_cause,"Kok AC mobil ngeluarin angin ga stabil?"
ask_possible_cause,"Napa kampas rem depan bau gosong?"
ask_possible_cause,"Gimana bisa karet pintu mobil mencair?"
ask_possible_cause,"Apa sebabnya mesin diesel ngeluarin bunyi ketukan waktu beban berat?"
ask_possible_cause,"Kenapa rem tangan mobil ga bisa mengunci sempurna?"
ask_possible_cause,"Napa oli mesin berbusa putih di tutup oli?"
ask_possible_cause,"Kok mesin mobil ngeluarin bunyi dengungan waktu RPM rendah?"
ask_possible_cause,"Apa penyebab lampu kabut redup setelah lama nyala?"
ask_possible_cause,"Kenapa suspensi bunyi grok waktu kecepatan tinggi?"
ask_possible_cause,"Gimana bisa ban mobil kembung sebelah?"
ask_possible_cause,"Napa mesin mobil ngeluarin bunyi kletek waktu mesin panas?"
ask_possible_cause,"Apa sebabnya kopling mobil lengket setelah cuci mobil?"
ask_possible_cause,"Kenapa knalpot mobil berkarat di bagian tengah?"
ask_possible_cause,"Kok AC mobil berbau anyir kaya karet terbakar?"
ask_possible_cause,"Napa rem cakram bunyi ngikik waktu direm keras?"
ask_possible_cause,"Gimana bisa kabel aki meleleh di dekat baterai?"
ask_possible_cause,"Apa penyebab mesin diesel ngeluarin asap hitam waktu beban berat?"
ask_possible_cause,"Kenapa setir kemudi berasa kendor waktu belok?"
ask_possible_cause,"Napa oli power steering berbusa?"
ask_possible_cause,"Kok mesin mobil ngeluarin bunyi siulan waktu gigi 4?"
ask_possible_cause,"Apa sebabnya lampu sein depan redup sebelah kanan?"
ask_possible_cause,"Kenapa rem tromol cepat aus walau jarang dipake?"
ask_possible_cause,"Gimana bisa klakson bunyi lemah pas musim hujan?"
ask_possible_cause,"Napa mesin mobil ngeluarin bau karet terbakar?"
ask_possible_cause,"Apa penyebab kopling motor berat waktu dingin?"
ask_possible_cause,"Kenapa gardan bunyi ngikik waktu gigi mundur?"
ask_possible_cause,"Kok AC mobil ngeluarin embun berlebihan di evaporator?"
ask_possible_cause,"Napa kampas rem belakang cepat tipis sebelah?"
ask_possible_cause,"Gimana bisa kaca spion pecah sendiri tanpa benturan?"
ask_possible_cause,"Apa sebabnya mesin diesel ngeluarin getaran keras waktu RPM tinggi?"
ask_possible_cause,"Kenapa rem tangan mobil ga kuat di tanjakan 30 derajat?"
ask_possible_cause,"Napa oli mesin ada endapan hitam di dasar oli?"
ask_possible_cause,"Kok mesin mobil ngeluarin bunyi gemuruh waktu gigi D diam?"
ask_possible_cause,"Apa penyebab lampu kota berkedip-kedip?"
ask_possible_cause,"Kenapa suspensi bunyi krek waktu jalan tidak rata?"
ask_possible_cause,"Gimana bisa ban motor botak di bagian pinggir?"
ask_possible_cause,"Napa mesin mobil ngeluarin bunyi letupan waktu RPM turun?"
ask_possible_cause,"Apa sebabnya kopling mobil ga bisa masuk gigi waktu panas?"
ask_possible_cause,"Kenapa knalpot motor bocor di sambungan knalpot?"
ask_possible_cause,"Kok AC mobil ga bisa diatur suhunya?"
ask_possible_cause,"Napa rem cakram bunyi berdecit waktu kering?"
ask_possible_cause,"Gimana bisa kabel busi mobil berkarat?"
ask_possible_cause,"Apa penyebab mesin diesel ngeluarin asap putih kebiruan?"
ask_possible_cause,"Kenapa setir kemudi bergetar waktu ngebut di tol?"
ask_possible_cause,"Napa oli transmisi auto encer banget?"
ask_possible_cause,"Kok mesin mobil ngeluarin bunyi gemeretak waktu gigi 1?"
ask_possible_cause,"Apa sebabnya lampu rem mati waktu diinjak dalam-dalam?"
ask_possible_cause,"Kenapa rem tromol bunyi berisik waktu jalan basah?"
ask_possible_cause,"Gimana bisa klakson bunyi serak setelah parkir panas?"
ask_possible_cause,"Napa mesin mobil ngeluarin getaran di stir waktu idle?"
ask_possible_cause,"Apa penyebab kopling motor selip waktu kecepatan tinggi?"
ask_possible_cause,"Kenapa gardan depan bunyi waktu belok kiri?"
ask_possible_cause,"Kok AC mobil ngeluarin bau tanah basah?"
ask_possible_cause,"Napa kampas rem depan lengket ke cakram?"
ask_possible_cause,"Gimana bisa karet pintu mobil lepas dari rangka?"
ask_possible_cause,"Apa sebabnya mesin diesel ngeluarin bunyi ketukan waktu startup pagi?"
ask_possible_cause,"Kenapa rem tangan mobil ga bisa naik sampai klik?"
ask_possible_cause,"Napa oli mesin cepat kotor padahal baru ganti?"
ask_possible_cause,"Kok mesin mobil ngeluarin bunyi dengungan waktu gigi netral?"
ask_possible_cause,"Apa penyebab lampu kabut kuning tidak merata?"
ask_possible_cause,"Kenapa suspensi bunyi grok waktu melalui polisi tidur?"
ask_possible_cause,"Gimana bisa ban mobil kehilangan angin perlahan?"
ask_possible_cause,"Napa mesin mobil ngeluarin bunyi kletek waktu mesin dingin?"
ask_possible_cause,"Apa sebabnya kopling mobil berat waktu pertama start?"
ask_possible_cause,"Kenapa knalpot mobil berkarat di bagian ekor?"
ask_possible_cause,"Kok AC mobil berbau anyir kaya kabel terbakar?"
ask_possible_cause,"Napa rem cakram bunyi ngikik waktu direm sedang?"
ask_possible_cause,"Gimana bisa kabel aki berkerak hijau di terminal?"
ask_possible_cause,"Apa penyebab mesin diesel ngeluarin asap hitam waktu akselerasi?"
ask_possible_cause,"Kenapa setir kemudi berasa tidak balance waktu lurus?"
ask_possible_cause,"Napa oli power steering berubah warna jadi merah muda?"
ask_possible_cause,"Kok mesin mobil ngeluarin bunyi siulan waktu gigi 2?"
ask_possible_cause,"Apa sebabnya lampu sein belakang mati sebelah kanan?"
ask_possible_cause,"Kenapa rem tromol cepat panas walau jarak pendek?"
ask_possible_cause,"Gimana bisa klakson bunyi pelan pas aki penuh?"
ask_possible_cause,"Napa mesin mobil ngeluarin bau gosong waktu jalan jauh?"
ask_possible_cause,"Apa penyebab kopling motor ga bisa netral waktu berhenti?"
ask_possible_cause,"Kenapa gardan bunyi ngikik waktu gigi 5?"
ask_possible_cause,"Kok AC mobil ngeluarin angin hangat waktu setting dingin?"
ask_possible_cause,"Napa kampas rem belakang aus tidak merata?"
ask_possible_cause,"Gimana bisa kaca spion berkabut dari dalam terus?"
ask_possible_cause,"Apa sebabnya mesin diesel ngeluarin getaran hebat waktu beban penuh?"
ask_possible_cause,"Kenapa rem tangan mobil selip waktu parkir miring?"
ask_possible_cause,"Napa oli mesin berbuih coklat?"
ask_possible_cause,"Kok mesin mobil ngeluarin bunyi gemuruh waktu AC mati?"
ask_possible_cause,"Apa penyebab lampu kota redup sebelah kiri?"
ask_possible_cause,"Kenapa suspensi bunyi krek waktu jalan perlahan?"
ask_possible_cause,"Gimana bisa ban motor botak di ban dalam?"
ask_possible_cause,"Napa mesin mobil ngeluarin bunyi letupan waktu gigi tinggi?"
ask_possible_cause,"Apa sebabnya kopling mobil ga bisa masuk gigi mundur?"
ask_possible_cause,"Kenapa knalpot motor bocor di kepala knalpot?"
ask_possible_cause,"Kok AC mobil berbau anyir kaya plastik terbakar?"
ask_possible_cause,"Napa rem cakram bunyi berdecit waktu basah?"
ask_possible_cause,"Gimana bisa kabel busi motor kering dan retak?"
ask_possible_cause,"Apa penyebab mesin diesel ngeluarin asap putih waktu RPM tinggi?"
ask_possible_cause,"Kenapa setir kemudi bergetar waktu kecepatan 100 km/jam?"
ask_possible_cause,"Napa oli transmisi manual berbau gosong?"
ask_possible_cause,"Kok mesin mobil ngeluarin bunyi gemeretak waktu gigi 3?"
ask_possible_cause,"Apa sebabnya lampu rem tidak menyala penuh?"
ask_possible_cause,"Kenapa rem tromol bunyi berisik waktu jalan kering?"
ask_possible_cause,"Gimana bisa klakson bunyi serak setelah cuaca lembab?"
ask_possible_cause,"Napa mesin mobil ngeluarin getaran di lantai kabin?"
ask_possible_cause,"Apa penyebab kopling motor selip waktu tanjakan?"
ask_possible_cause,"Kenapa gardan depan bunyi waktu gigi rendah?"
ask_possible_cause,"Kok AC mobil ngeluarin bau apek menyengat?"
ask_possible_cause,"Napa kampas rem depan cepat panas?"
ask_possible_cause,"Gimana bisa karet pintu mobil mengeras dan pecah?"
ask_possible_cause,"Apa sebabnya mesin diesel ngeluarin bunyi ketukan waktu RPM menengah?"
ask_possible_cause,"Kenapa rem tangan mobil ga bisa turun sempurna?"
ask_possible_cause,"Napa oli mesin ada butiran metal halus?"
ask_possible_cause,"Kok mesin mobil ngeluarin bunyi dengungan waktu idle AC nyala?"
ask_possible_cause,"Apa penyebab lampu kabut mati sebelah kiri?"
ask_possible_cause,"Kenapa suspensi bunyi grok waktu belok pelan?"
ask_possible_cause,"Gimana bisa ban mobil kembung tidak proporsional?"
ask_possible_cause,"Napa mesin mobil ngeluarin bunyi kletek waktu RPM turun cepat?"
ask_possible_cause,"Apa sebabnya kopling mobil keras waktu panas terik?"
ask_possible_cause,"Kenapa knalpot mobil berkarat di bagian perut?"
ask_possible_cause,"Kok AC mobil berbau logam waktu dinyalakan?"
ask_possible_cause,"Napa rem cakram bunyi ngikik waktu ga dipake?"
ask_possible_cause,"Gimana bisa kabel aki berkerak putih?"
ask_possible_cause,"Apa penyebab mesin diesel ngeluarin asap hitam waktu beban ringan?"
ask_possible_cause,"Kenapa setir kemudi berat waktu putar penuh ke kiri?"
ask_possible_cause,"Napa oli power steering cepat kotor?"
ask_possible_cause,"Kok mesin mobil ngeluarin bunyi siulan waktu akselerasi pelan?"
ask_possible_cause,"Apa sebabnya lampu sein depan mati total?"
ask_possible_cause,"Kenapa rem tromol cepat berkarat?"
ask_possible_cause,"Gimana bisa klakson bunyi lemah pas musim kemarau?"
ask_possible_cause,"Napa mesin mobil ngeluarin bau karet terbakar waktu macet?"
ask_possible_cause,"Apa penyebab kopling motor ga bisa masuk gigi 2?"
ask_possible_cause,"Kenapa gardan bunyi ngikik waktu gigi 3?"
ask_possible_cause,"Kok AC mobil ngeluarin embun di pipa freon?"
ask_possible_cause,"Napa kampas rem belakang cepat aus sebelah dalam?"
ask_possible_cause,"Gimana bisa kaca spion berjamur di bagian dalam?"
ask_possible_cause,"Apa sebabnya mesin diesel ngeluarin getaran tidak stabil waktu idle?"
ask_possible_cause,"Kenapa rem tangan mobil selip di tanjakan 20 derajat?"
ask_possible_cause,"Napa oli mesin berbusa coklat?"
ask_possible_cause,"Kok mesin mobil ngeluarin bunyi gemuruh waktu gigi R?"
ask_possible_cause,"Apa penyebab lampu kota mati setelah mesin dimatikan?"
ask_possible_cause,"Kenapa suspensi bunyi krek waktu melalui jalan bergelombang?"
ask_possible_cause,"Gimana bisa ban motor gundul di bagian tengah?"
ask_possible_cause,"Napa mesin mobil ngeluarin bunyi letupan waktu RPM maks?"
ask_possible_cause,"Apa sebabnya kopling mobil lengket setelah hujan?"
ask_possible_cause,"Kenapa knalpot motor bocor di sambungan kepala?"
ask_possible_cause,"Kok AC mobil berbau anyir kaya kabel terbakar waktu panas?"
ask_possible_cause,"Napa rem cakram bunyi berdecit waktu direm ringan?"
ask_possible_cause,"Gimana bisa kabel busi mobil meleleh di dekat koil?"
ask_possible_cause,"Apa penyebab mesin diesel ngeluarin asap biru waktu startup?"
ask_possible_cause,"Kenapa setir kemudi berasa tidak center waktu jalan lurus?"
ask_possible_cause,"Napa oli transmisi auto cepat encer?"
ask_possible_cause,"Kok mesin mobil ngeluarin bunyi gemeretak waktu gigi 4?"
ask_possible_cause,"Apa sebabnya lampu rem redup waktu diinjam pelan?"
ask_possible_cause,"Kenapa rem tromol bunyi berisik waktu malam hari?"
ask_possible_cause,"Gimana bisa klakson bunyi serak setelah parkir lama?"
ask_possible_cause,"Napa mesin mobil ngeluarin getaran di pedal kopling?"
ask_possible_cause,"Apa penyebab kopling motor selip waktu kecepatan menengah?"
ask_possible_cause,"Kenapa gardan depan bunyi waktu belok kanan?"
ask_possible_cause,"Kok AC mobil ngeluarin bau amis kaya ikan busuk?"
ask_possible_cause,"Napa kampas rem depan aus tidak rata?"
ask_possible_cause,"Gimana bisa karet pintu mobil mengelupas catnya?"
ask_possible_cause,"Apa sebabnya mesin diesel ngeluarin bunyi ketukan waktu RPM rendah?"
ask_possible_cause,"Kenapa rem tangan mobil ga bisa mengunci di posisi 3?"
ask_possible_cause,"Napa oli mesin ada endapan seperti pasir?"
ask_possible_cause,"Kok mesin mobil ngeluarin bunyi dengungan waktu gigi D jalan?"
ask_possible_cause,"Apa penyebab lampu kabut redup sebelah kanan?"
ask_possible_cause,"Kenapa suspensi bunyi grok waktu kecepatan rendah?"
ask_possible_cause,"Gimana bisa ban mobil kehilangan tekanan setelah parkir malam?"
ask_possible_cause,"Napa mesin mobil ngeluarin bunyi kletek waktu mesin mati?"
ask_possible_cause,"Apa sebabnya kopling mobil berat waktu pertama kali start pagi?"
ask_possible_cause,"Kenapa knalpot mobil berkarat di bagian resonator?"
ask_possible_cause,"Kok AC mobil berbau anyir kaya oli terbakar?"
ask_possible_cause,"Napa rem cakram bunyi ngikik waktu panas terik?"
ask_possible_cause,"Gimana bisa kabel aki berkarat hitam?"
ask_possible_cause,"Apa penyebab mesin diesel ngeluarin asap hitam waktu idle lama?"
ask_possible_cause,"Kenapa setir kemudi bergetar waktu rem di jalan bergelombang?"
ask_possible_cause,"Napa oli power steering berbuih putih?"
ask_possible_cause,"Kok mesin mobil ngeluarin bunyi siulan waktu gigi 5?"
ask_possible_cause,"Apa sebabnya lampu sein belakang redup sebelah?"
ask_possible_cause,"Kenapa rem tromol cepat berdebu?"
ask_possible_cause,"Gimana bisa klakson bunyi pelan pas sore hari?"
ask_possible_cause,"Napa mesin mobil ngeluarin bau gosong waktu RPM tinggi?"
ask_possible_cause,"Apa penyebab kopling motor ga bisa masuk gigi 3?"
ask_possible_cause,"Kenapa gardan bunyi ngikik waktu gigi 4?"
ask_possible_cause,"Kok AC mobil ngeluarin angin ga dingin waktu malam?"
ask_possible_cause,"Napa kampas rem belakang cepat panas?"
ask_possible_cause,"Gimana bisa kaca spion buram permanen?"
ask_possible_cause,"Apa sebabnya mesin diesel ngeluarin getaran aneh waktu kopling diinjak?"
ask_possible_cause,"Kenapa rem tangan mobil selip di tanjakan 15 derajat?"
ask_possible_cause,"Napa oli mesin berwarna susu?"
ask_possible_cause,"Kok mesin mobil ngeluarin bunyi gemuruh waktu gigi N AC nyala?"
ask_possible_cause,"Apa penyebab lampu kota berkedip tidak stabil?"
ask_possible_cause,"Kenapa suspensi bunyi krek waktu belok patah?"
ask_possible_cause,"Gimana bisa ban motor gundul di ban luar?"
ask_possible_cause,"Napa mesin mobil ngeluarin bunyi letupan waktu RPM naik tiba-tiba?"
ask_possible_cause,"Apa sebabnya kopling mobil ga bisa balik waktu dilepas?"
ask_possible_cause,"Kenapa knalpot motor bocor di bagian tengah?"
ask_possible_cause,"Kok AC mobil berbau anyir kaya freon bocor?"
ask_possible_cause,"Napa rem cakram bunyi berdecit waktu direm mendadak?"
ask_possible_cause,"Gimana bisa kabel busi motor berkarat di bagian kepala busi?"
ask_possible_cause,"Apa penyebab mesin diesel ngeluarin asap putih kebiruan waktu panas?"
ask_possible_cause,"Kenapa setir kemudi berasa berat waktu kecepatan rendah?"
ask_possible_cause,"Napa oli transmisi manual cepat hitam?"
ask_possible_cause,"Kok mesin mobil ngeluarin bunyi gemeretak waktu gigi 2?"
ask_possible_cause,"Apa sebabnya lampu rem tidak nyala waktu diinjak perlahan?"
ask_possible_cause,"Kenapa rem tromol bunyi berisik waktu pagi hari?"
ask_possible_cause,"Gimana bisa klakson bunyi serak setelah kena asap knalpot?"
ask_possible_cause,"Napa mesin mobil ngeluarin getaran di lantai bagasi?"
ask_possible_cause,"Apa penyebab kopling motor selip waktu turunan?"
ask_possible_cause,"Kenapa gardan depan bunyi waktu gigi 1?"
ask_possible_cause,"Kok AC mobil ngeluarin bau apek menyengat waktu pertama nyala?"
ask_possible_cause,"Napa kampas rem depan cepat tipis sebelah luar?"
ask_possible_cause,"Gimana bisa karet pintu mobil mencair di bawah matahari?"
ask_possible_cause,"Apa sebabnya mesin diesel ngeluarin bunyi ketukan waktu RPM konstan?"
ask_possible_cause,"Kenapa rem tangan mobil ga bisa dinaikkan sampai penuh?"
ask_possible_cause,"Napa oli mesin ada serbuk logam?"
ask_possible_cause,"Kok mesin mobil ngeluarin bunyi dengungan waktu gigi P AC mati?"
ask_possible_cause,"Apa penyebab lampu kabut mati setelah melewati banjir?"
ask_possible_cause,"Kenapa suspensi bunyi grok waktu melalui lubang kecil?"
ask_possible_cause,"Gimana bisa ban mobil kembung berlebihan?"
ask_possible_cause,"Napa mesin mobil ngeluarin bunyi kletek waktu starter dingin?"
ask_possible_cause,"Apa sebabnya kopling mobil keras waktu hujan?"
ask_possible_cause,"Kenapa knalpot mobil berkarat di bagian flex pipe?"
ask_possible_cause,"Kok AC mobil berbau anyir kaya karet terbakar waktu panas?"
ask_possible_cause,"Napa rem cakram bunyi ngikik waktu direm sedang?"
ask_possible_cause,"Gimana bisa kabel aki berasap waktu starter?"
ask_possible_cause,"Apa penyebab mesin diesel ngeluarin asap hitam waktu turbo aktif?"
ask_possible_cause,"Kenapa setir kemudi bergetar waktu akselerasi dari 0?"
ask_possible_cause,"Napa oli power steering berbuih coklat?"
ask_possible_cause,"Kok mesin mobil ngeluarin bunyi siulan waktu gigi 1?"
ask_possible_cause,"Apa sebabnya lampu sein depan redup sebelah?"
ask_possible_cause,"Kenapa rem tromol cepat aus di bagian dalam?"
ask_possible_cause,"Gimana bisa klakson bunyi pelan pas kondisi lembab?"
ask_possible_cause,"Napa mesin mobil ngeluarin bau terbakar waktu injak gas dalam-dalam?"
ask_possible_cause,"Apa penyebab kopling motor ga bisa masuk gigi 4?"
ask_possible_cause,"Kenapa gardan bunyi ngikik waktu gigi 2?"
ask_possible_cause,"Kok AC mobil ngeluarin angin hangat waktu setting maks?"
ask_possible_cause,"Napa kampas rem belakang cepat habis walau jarang dipake?"
ask_possible_cause,"Gimana bisa kaca spion berkabut permanen?"
ask_possible_cause,"Apa sebabnya mesin diesel ngeluarin getaran tidak wajar waktu kopling lepas?"
ask_possible_cause,"Kenapa rem tangan mobil selip di tanjakan 10 derajat?"
ask_possible_cause,"Napa oli mesin berbuih putih?"
ask_possible_cause,"Kok mesin mobil ngeluarin bunyi gemuruh waktu gigi D AC mati?"
ask_possible_cause,"Apa penyebab lampu kota redup setelah cuaca ekstrim?"
ask_possible_cause,"Kenapa suspensi bunyi krek waktu menikung pelan?"
ask_possible_cause,"Gimana bisa ban motor gundul tidak beraturan?"
ask_possible_cause,"Napa mesin mobil ngeluarin bunyi letupan waktu RPM turun pelan?"
ask_possible_cause,"Apa sebabnya kopling mobil lengket waktu udara lembab?"
ask_possible_cause,"Kenapa knalpot motor bocor di sambungan peredam?"
ask_possible_cause,"Kok AC mobil berbau anyir kaya plastik meleleh?"
ask_possible_cause,"Napa rem cakram bunyi berdecit waktu kendaraan baru jalan?"
ask_possible_cause,"Gimana bisa kabel busi mobil berkarat parah?"
ask_possible_cause,"Apa penyebab mesin diesel ngeluarin asap putih tebal waktu dingin?"
ask_possible_cause,"Kenapa setir kemudi berasa tidak nyaman waktu jalan lurus?"
ask_possible_cause,"Napa oli transmisi auto berubah warna jadi coklat muda?"
ask_possible_cause,"Kok mesin mobil ngeluarin bunyi gemeretak waktu gigi 5?"
ask_possible_cause,"Apa sebabnya lampu rem mati total?"
ask_possible_cause,"Kenapa rem tromol bunyi berisik waktu siang bolong?"
ask_possible_cause,"Gimana bisa klakson bunyi serak setelah kena air hujan?"
ask_possible_cause,"Napa mesin mobil ngeluarin getaran di stir waktu RPM naik?"
ask_possible_cause,"Apa penyebab kopling motor selip waktu akselerasi tiba-tiba?"
ask_possible_cause,"Kenapa gardan depan bunyi waktu belok kiri pelan?"
ask_possible_cause,"Kok AC mobil ngeluarin bau anyir kaya jamur basah?"
ask_possible_cause,"Napa kampas rem depan cepat aus sebelah dalam?"
ask_possible_cause,"Gimana bisa karet pintu mobil mengelupas dan lengket?"
ask_possible_cause,"Apa sebabnya mesin diesel ngeluarin bunyi ketukan waktu RPM tinggi stabil?"
ask_possible_cause,"Kenapa rem tangan mobil ga bisa mengunci di tanjakan landai?"
ask_possible_cause,"Napa oli mesin ada gumpalan seperti jelly?"
ask_possible_cause,"Kok mesin mobil ngeluarin bunyi dengungan waktu gigi R?"
ask_possible_cause,"Apa penyebab lampu kabut kuning sebelah?"
ask_possible_cause,"Kenapa suspensi bunyi grok waktu melewati marka jalan?"
ask_possible_cause,"Gimana bisa ban mobil kehilangan angin setelah dipompa?"
ask_possible_cause,"Napa mesin mobil ngeluarin bunyi kletek waktu mesin baru nyala?"
ask_possible_cause,"Apa sebabnya kopling mobil berat waktu suhu dingin?"
ask_possible_cause,"Kenapa knalpot mobil berkarat di bagian tengah dekat gardan?"
ask_possible_cause,"Kok AC mobil berbau anyir kaya kabel basah terbakar?"
ask_possible_cause,"Napa rem cakram bunyi ngikik waktu direm ringan?"
ask_possible_cause,"Gimana bisa kabel aki meleleh meski ampere normal?"
ask_possible_cause,"Apa penyebab mesin diesel ngeluarin asap hitam waktu turbo bekerja?"
ask_possible_cause,"Kenapa setir kemudi bergetar waktu ngebut di jalan rusak?"
ask_possible_cause,"Napa oli power steering berbuih dan berbau gosong?"
ask_possible_cause,"Kok mesin mobil ngeluarin bunyi siulan waktu gigi netral?"
ask_possible_cause,"Apa sebabnya lampu sein belakang mati setelah hujan deras?"
ask_possible_cause,"Kenapa rem tromol cepat panas walau hanya jalan kota?"
ask_possible_cause,"Gimana bisa klakson bunyi pelan pas kondisi panas?"
ask_possible_cause,"Napa mesin mobil ngeluarin bau terbakar waktu idle lama?"
ask_possible_cause,"Apa penyebab kopling motor ga bisa masuk gigi 5?"
ask_possible_cause,"Kenapa gardan bunyi ngikik waktu gigi 1?"
ask_possible_cause,"Kok AC mobil ngeluarin angin tidak konsisten?"
ask_possible_cause,"Napa kampas rem belakang lengket setelah hujan?"
ask_possible_cause,"Gimana bisa kaca spion berembun walau AC nyala?"
ask_possible_cause,"Apa sebabnya mesin diesel ngeluarin getaran mengganggu waktu akselerasi?"
ask_possible_cause,"Kenapa rem tangan mobil selip di kemiringan kecil?"
ask_possible_cause,"Napa oli mesin berwarna coklat susu?"
ask_possible_cause,"Kok mesin mobil ngeluarin bunyi gemuruh waktu gigi D AC nyala?"
ask_possible_cause,"Apa penyebab lampu kota redup tidak merata?"
ask_possible_cause,"Kenapa suspensi bunyi krek waktu menanjak?"
ask_possible_cause,"Gimana bisa ban motor gundul di bagian samping?"
ask_possible_cause,"Napa mesin mobil ngeluarin bunyi letupan waktu RPM stabil?"
ask_possible_cause,"Apa sebabnya kopling mobil lengket setelah parkir lama?"
ask_possible_cause,"Kenapa knalpot motor bocor di bagian ujung dekat knalpot?"
ask_possible_cause,"Kok AC mobil berbau anyir kaya oli mesin terbakar?"
ask_possible_cause,"Napa rem cakram bunyi berdecit waktu kendaraan berhenti?"
ask_possible_cause,"Gimana bisa kabel busi motor meleleh di dekat busi?"
ask_possible_cause,"Apa penyebab mesin diesel ngeluarin asap putih waktu beban ringan?"
ask_possible_cause,"Kenapa setir kemudi berasa tidak responsif waktu belok?"
ask_possible_cause,"Napa oli transmisi manual berbau anyir?"
ask_possible_cause,"Kok mesin mobil ngeluarin bunyi gemeretak waktu gigi mundur?"
ask_possible_cause,"Apa sebabnya lampu rem redup sebelah?"
ask_possible_cause,"Kenapa rem tromol bunyi berisik waktu malam lembab?"
ask_possible_cause,"Gimana bisa klakson bunyi serak setelah cuaca berangin?"
ask_possible_cause,"Napa mesin mobil ngeluarin getaran di pedal rem?"
ask_possible_cause,"Apa penyebab kopling motor selip waktu gigi tinggi konstan?"
ask_possible_cause,"Kenapa gardan depan bunyi waktu belok kanan pelan?"
ask_possible_cause,"Kok AC mobil ngeluarin bau anyir kaya freon bocor waktu dingin?"
ask_possible_cause,"Napa kampas rem depan cepat habis walau bahan premium?"
ask_possible_cause,"Gimana bisa karet pintu mobil retak di lipatan?"
ask_possible_cause,"Apa sebabnya mesin diesel ngeluarin bunyi ketukan waktu RPM naik pelan?"
ask_possible_cause,"Kenapa rem tangan mobil ga bisa mengunci di posisi 4?"
ask_possible_cause,"Napa oli mesin ada endapan seperti lumpur?"
ask_possible_cause,"Kok mesin mobil ngeluarin bunyi dengungan waktu gigi N jalan?"
ask_possible_cause,"Apa penyebab lampu kabut mati sebelah setelah kontak air?"
ask_possible_cause,"Kenapa suspensi bunyi grok waktu turun dari trotoar?"
ask_possible_cause,"Gimana bisa ban mobil kembung setelah parkir terik?"
ask_possible_cause,"Napa mesin mobil ngeluarin bunyi kletek waktu mesin panas setelah dimatikan?"
ask_possible_cause,"Apa sebabnya kopling mobil keras waktu pertama kali nyala pagi?"
ask_possible_cause,"Kenapa knalpot mobil berkarat di bagian dekat manifold?"
ask_possible_cause,"Kok AC mobil berbau anyir kaya karet terbakar waktu pertama dinyalakan?"
ask_possible_cause,"Napa rem cakram bunyi ngikik waktu direm injak penuh?"
ask_possible_cause,"Gimana bisa kabel aki berasap dan panas waktu starter?"
ask_possible_cause,"Apa penyebab mesin diesel ngeluarin asap hitam waktu akselerasi mendadak?"
ask_possible_cause,"Kenapa setir kemudi bergetar waktu rem di jalan lurus?"
ask_possible_cause,"Napa oli power steering berbuih dan berwarna pink?"
ask_possible_cause,"Kok mesin mobil ngeluarin bunyi siulan waktu gigi 3 pelan?"
ask_possible_cause,"Apa sebabnya lampu sein depan mati setelah kehujanan?"
ask_possible_cause,"Kenapa rem tromol cepat berkarat di bagian dalam?"
ask_possible_cause,"Gimana bisa klakson bunyi pelan pas aki baru diisi?"
ask_possible_cause,"Napa mesin mobil ngeluarin bau terbakar waktu jalan tol lama?"
ask_possible_cause,"Apa penyebab kopling motor ga bisa netral waktu berhenti mendadak?"
ask_possible_cause,"Kenapa gardan bunyi ngikik waktu gigi 3 pelan?"
ask_possible_cause,"Kok AC mobil ngeluarin angin hangat waktu idle?"
ask_possible_cause,"Napa kampas rem belakang cepat tipis sebelah luar?"
ask_possible_cause,"Gimana bisa kaca spion buram walau dibersihin?"
ask_possible_cause,"Apa sebabnya mesin diesel ngeluarin getaran mengganggu waktu gigi rendah?"
ask_possible_cause,"Kenapa rem tangan mobil selip di kemiringan 5 derajat?"
ask_possible_cause,"Napa oli mesin berbusa dan berbau gosong?"
ask_possible_cause,"Kok mesin mobil ngeluarin bunyi gemuruh waktu gigi P jalan?"
ask_possible_cause,"Apa penyebab lampu kota mati total tiba-tiba?"
ask_possible_cause,"Kenapa suspensi bunyi krek waktu melalui speed bump?"
ask_possible_cause,"Gimana bisa ban motor gundul di bagian tread tengah?"
ask_possible_cause,"Napa mesin mobil ngeluarin bunyi letupan waktu RPM turun mendadak?"
ask_possible_cause,"Apa sebabnya kopling mobil lengket setelah cuaca panas terik?"
ask_possible_cause,"Kenapa knalpot motor bocor di sambungan dekat mesin?"
ask_possible_cause,"Kok AC mobil berbau anyir kaya kabel terbakar waktu panas terik?"
ask_possible_cause,"Napa rem cakram bunyi berdecit waktu direm injak separuh?"
ask_possible_cause,"Gimana bisa kabel busi mobil meleleh di dekat distributor?"
ask_possible_cause,"Apa penyebab mesin diesel ngeluarin asap putih waktu startup pagi?"
ask_possible_cause,"Kenapa setir kemudi berasa tidak nyaman waktu kecepatan konstan?"
ask_possible_cause,"Napa oli transmisi auto cepat encer dan berbau?"
ask_possible_cause,"Kok mesin mobil ngeluarin bunyi gemeretak waktu gigi 1 pelan?"
ask_possible_cause,"Apa sebabnya lampu rem tidak menyala waktu diinjak perlahan?"
ask_possible_cause,"Kenapa rem tromol bunyi berisik waktu udara lembab?"
ask_possible_cause,"Gimana bisa klakson bunyi serak setelah parkir semalaman?"
ask_possible_cause,"Napa mesin mobil ngeluarin getaran di jok belakang?"
ask_possible_cause,"Apa penyebab kopling motor selip waktu beban berat?"
ask_possible_cause,"Kenapa gardan depan bunyi waktu belok kiri di tanjakan?"
ask_possible_cause,"Kok AC mobil ngeluarin bau anyir kaya plastik meleleh waktu high?"
ask_possible_cause,"Napa kampas rem depan cepat aus walau bahan ceramic?"
ask_possible_cause,"Gimana bisa karet pintu mobil lepas dari perekatnya?"
ask_possible_cause,"Apa sebabnya mesin diesel ngeluarin bunyi ketukan waktu RPM fluktuatif?"
ask_possible_cause,"Kenapa rem tangan mobil ga bisa mengunci di posisi maks?"
ask_possible_cause,"Napa oli mesin ada gumpalan hitam di dipstick?"
ask_possible_cause,"Kok mesin mobil ngeluarin bunyi dengungan waktu gigi D AC mati jalan?"
ask_possible_cause,"Apa penyebab lampu kabut redup setelah kena lumpur?"
ask_possible_cause,"Kenapa suspensi bunyi grok waktu belok kanan kencang?"
ask_possible_cause,"Gimana bisa ban mobil kembung tidak wajar setelah isi angin?"
ask_possible_cause,"Napa mesin mobil ngeluarin bunyi kletek waktu mesin dingin pagi?"
ask_possible_cause,"Apa sebabnya kopling mobil berat waktu suhu panas?"
ask_possible_cause,"Kenapa knalpot mobil berkarat di bagian ekor dekat tip?"
ask_possible_cause,"Kok AC mobil berbau anyir kaya freon bocor waktu siang?"
ask_possible_cause,"Napa rem cakram bunyi ngikik waktu direm injak penuh mendadak?"
ask_possible_cause,"Gimana bisa kabel aki berkarat dan bocor asam?"
ask_possible_cause,"Apa penyebab mesin diesel ngeluarin asap hitam waktu beban penuh nanjak?"
ask_possible_cause,"Kenapa setir kemudi bergetar waktu akselerasi di gigi rendah?"
ask_possible_cause,"Napa oli power steering berbuih dan berwarna coklat muda?"
ask_possible_cause,"Kok mesin mobil ngeluarin bunyi siulan waktu gigi 4 tinggi?"
ask_possible_cause,"Apa sebabnya lampu sein belakang redup sebelah kiri?"
ask_possible_cause,"Kenapa rem tromol cepat aus di bagian luar?"
ask_possible_cause,"Gimana bisa klakson bunyi pelan pas mesin hidup?"
ask_possible_cause,"Napa mesin mobil ngeluarin bau terbakar waktu injak gas dalam-dalam nanjak?"
ask_possible_cause,"Apa penyebab kopling motor ga bisa masuk gigi netral waktu berhenti?"
ask_possible_cause,"Kenapa gardan bunyi ngikik waktu gigi 5 kencang?"
ask_possible_cause,"Kok AC mobil ngeluarin angin hangat waktu setting low?"
ask_possible_cause,"Napa kampas rem belakang cepat habis padahal bahan organik?"
ask_possible_cause,"Gimana bisa kaca spion berjamur di lapisan dalam?"
ask_possible_cause,"Apa sebabnya mesin diesel ngeluarin getaran mengganggu waktu idle AC nyala?"
ask_possible_cause,"Kenapa rem tangan mobil selip di tanjakan 8 derajat?"
ask_possible_cause,"Napa oli mesin berbusa putih dan berair?"
ask_possible_cause,"Kok mesin mobil ngeluarin bunyi gemuruh waktu gigi R jalan?"
ask_possible_cause,"Apa penyebab lampu kota berkedip tidak teratur?"
ask_possible_cause,"Kenapa suspensi bunyi krek waktu melewati jalan berkerikil?"
ask_possible_cause,"Gimana bisa ban motor gundul di bagian pinggir tread?"
ask_possible_cause,"Napa mesin mobil ngeluarin bunyi letupan waktu RPM konstan tinggi?"
ask_possible_cause,"Apa sebabnya kopling mobil lengket setelah cuaca dingin?"
ask_possible_cause,"Kenapa knalpot motor bocor di bagian tengah dekat resonator?"
ask_possible_cause,"Kok AC mobil berbau anyir kaya oli terbakar waktu pertama dinyalakan pagi?"
ask_possible_cause,"Napa rem cakram bunyi berdecit waktu direm injak ringan pelan?"
ask_possible_cause,"Gimana bisa kabel busi motor berkarat di seluruh panjang?"
ask_possible_cause,"Apa penyebab mesin diesel ngeluarin asap putih waktu beban sedang?"
ask_possible_cause,"Kenapa setir kemudi berasa tidak balance waktu kecepatan 60 km/jam?"
ask_possible_cause,"Napa oli transmisi manual berbau gosong dan kental?"
ask_possible_cause,"Kok mesin mobil ngeluarin bunyi gemeretak waktu gigi 2 akselerasi?"
ask_possible_cause,"Apa sebabnya lampu rem tidak nyala penuh waktu diinjak?"
ask_possible_cause,"Kenapa rem tromol bunyi berisik waktu siang hari panas?"
ask_possible_cause,"Gimana bisa klakson bunyi serak setelah kena asap polusi?"
ask_possible_cause,"Napa mesin mobil ngeluarin getaran di dashboard waktu idle?"
ask_possible_cause,"Apa penyebab kopling motor selip waktu turunan curam?"
ask_possible_cause,"Kenapa gardan depan bunyi waktu belok kanan di turunan?"
ask_possible_cause,"Kok AC mobil ngeluarin bau anyir kaya karet terbakar waktu idle lama?"
ask_possible_cause,"Napa kampas rem depan cepat aus padahal jarang dipake keras?"
ask_possible_cause,"Gimana bisa karet pintu mobil retak dan keras?"
ask_possible_cause,"Apa sebabnya mesin diesel ngeluarin bunyi ketukan waktu RPM sedang konstan?"
ask_possible_cause,"Kenapa rem tangan mobil ga bisa terkunci di klik terakhir?"
ask_possible_cause,"Napa oli mesin ada serpihan logam mengkilap?"
ask_possible_cause,"Kok mesin mobil ngeluarin bunyi dengungan waktu gigi N AC nyala diam?"
ask_possible_cause,"Apa penyebab lampu kabut mati setelah kontak air banjir?"
ask_possible_cause,"Kenapa suspensi bunyi grok waktu belok kiri pelan?"
ask_possible_cause,"Gimana bisa ban mobil kembung setelah parkir lama?"
ask_possible_cause,"Napa mesin mobil ngeluarin bunyi kletek waktu mesin panas starter?"
ask_possible_cause,"Apa sebabnya kopling mobil keras waktu hujan lebat?"
ask_possible_cause,"Kenapa knalpot mobil berkarat di bagian dekat catalytic converter?"
ask_possible_cause,"Kok AC mobil berbau anyir kaya plastik terbakar waktu high blower?"
ask_possible_cause,"Napa rem cakram bunyi ngikik waktu direm injak separuh mendadak?"
ask_possible_cause,"Gimana bisa kabel aki panas dan berbau terbakar?"
ask_possible_cause,"Apa penyebab mesin diesel ngeluarin asap hitam waktu turbo aktif penuh?"
ask_possible_cause,"Kenapa setir kemudi bergetar waktu ngebut di jalan tol?"
ask_possible_cause,"Napa oli power steering berbuih coklat dan berbau anyir?"
ask_possible_cause,"Kok mesin mobil ngeluarin bunyi siulan waktu gigi 5 pelan?"
ask_possible_cause,"Apa sebabnya lampu sein depan mati total setelah dicuci?"
ask_possible_cause,"Kenapa rem tromol cepat berkarat walau jarang dipake?"
ask_possible_cause,"Gimana bisa klakson bunyi pelan pas aki full?"
ask_possible_cause,"Napa mesin mobil ngeluarin bau terbakar waktu injak gas full di tanjakan?"
ask_possible_cause,"Apa penyebab kopling motor ga bisa masuk gigi 1 waktu berhenti?"
ask_possible_cause,"Kenapa gardan bunyi ngikik waktu gigi 4 pelan?"
ask_possible_cause,"Kok AC mobil ngeluarin angin hangat waktu suhu luar dingin?"
ask_possible_cause,"Napa kampas rem belakang cepat habis sebelah kanan?"
ask_possible_cause,"Gimana bisa kaca spion berkabut dari dalam walau kering?"
ask_possible_cause,"Apa sebabnya mesin diesel ngeluarin getaran mengganggu waktu AC kompresor nyala?"
ask_possible_cause,"Kenapa rem tangan mobil selip di kemiringan minimal?"
ask_possible_cause,"Napa oli mesin berwarna pink pucat?"
ask_possible_cause,"Kok mesin mobil ngeluarin bunyi gemuruh waktu gigi D AC nyala jalan?"
ask_possible_cause,"Apa penyebab lampu kota redup sebelah kanan?"
ask_possible_cause,"Kenapa suspensi bunyi krek waktu melalui genangan air?"
ask_possible_cause,"Gimana bisa ban motor gundul tidak beraturan di permukaan?"
ask_possible_cause,"Napa mesin mobil ngeluarin bunyi letupan waktu RPM turun pelan setelah kencang?"
ask_possible_cause,"Apa sebabnya kopling mobil lengket setelah parkir di terik matahari?"
ask_possible_cause,"Kenapa knalpot motor bocor di bagian sambungan dekat knalpot tengah?"
ask_possible_cause,"Kok AC mobil berbau anyir kaya kabel terbakar waktu blower maks?"
ask_possible_cause,"Napa rem cakram bunyi berdecit waktu direm injak ringan terus menerus?"
ask_possible_cause,"Gimana bisa kabel busi mobil meleleh di dekat busi mesin panas?"
ask_possible_cause,"Apa penyebab mesin diesel ngeluarin asap putih waktu startup dingin pagi?"
ask_possible_cause,"Kenapa setir kemudi berasa tidak presisi waktu belok?"
ask_possible_cause,"Napa oli transmisi auto berubah warna jadi merah kecoklatan?"
ask_possible_cause,"Kok mesin mobil ngeluarin bunyi gemeretak waktu gigi mundur akselerasi?"
ask_possible_cause,"Apa sebabnya lampu rem tidak menyala sama sekali?"
ask_possible_cause,"Kenapa rem tromol bunyi berisik waktu udara dingin?"
ask_possible_cause,"Gimana bisa klakson bunyi serak setelah parkir di bawah terik?"
ask_possible_cause,"Napa mesin mobil ngeluarin getaran di lantai depan waktu RPM naik?"
ask_possible_cause,"Apa penyebab kopling motor selip waktu beban penuh tanjakan?"
ask_possible_cause,"Kenapa gardan depan bunyi waktu belok kiri di kecepatan tinggi?"
ask_possible_cause,"Kok AC mobil ngeluarin bau anyir kaya jamur basah waktu pertama nyala pagi?"
ask_possible_cause,"Napa kampas rem depan cepat aus padahal bahan semi metallic?"
ask_possible_cause,"Gimana bisa karet pintu mobil mencair dan lengket di musim panas?"
ask_possible_cause,"Apa sebabnya mesin diesel ngeluarin bunyi ketukan waktu RPM rendah beban berat?"
ask_possible_cause,"Kenapa rem tangan mobil ga bisa mengunci di posisi 5?"
ask_possible_cause,"Napa oli mesin ada endapan seperti kerak hitam?"
ask_possible_cause,"Kok mesin mobil ngeluarin bunyi dengungan waktu gigi P AC nyala diam?"
ask_possible_cause,"Apa penyebab lampu kabut mati setelah kena semprotan air?"
ask_possible_cause,"Kenapa suspensi bunyi grok waktu menikung kanan kencang?"
ask_possible_cause,"Gimana bisa ban mobil kembung setelah ganti velg?"
ask_possible_cause,"Napa mesin mobil ngeluarin bunyi kletek waktu mesin baru hidup pagi?"
ask_possible_cause,"Apa sebabnya kopling mobil keras waktu suhu rendah pagi?"
ask_possible_cause,"Kenapa knalpot mobil berkarat di bagian resonator tengah?"
ask_possible_cause,"Kok AC mobil berbau anyir kaya oli terbakar waktu blower medium?"
ask_possible_cause,"Napa rem cakram bunyi ngikik waktu direm injak penuh pelan?"
ask_possible_cause,"Gimana bisa kabel aki berasap dan meleleh terminalnya?"
ask_possible_cause,"Apa penyebab mesin diesel ngeluarin asap hitam waktu turbo boost maks?"
ask_possible_cause,"Kenapa setir kemudi bergetar waktu rem mendadak di kecepatan tinggi?"
ask_possible_cause,"Napa oli power steering berbuih dan berwarna merah muda?"
ask_possible_cause,"Kok mesin mobil ngeluarin bunyi siulan waktu gigi netral AC nyala?"
ask_possible_cause,"Apa sebabnya lampu sein belakang mati sebelah setelah kena air?"
ask_possible_cause,"Kenapa rem tromol cepat aus di bagian tepi?"
ask_possible_cause,"Gimana bisa klakson bunyi pelan pas mesin baru start?"
ask_possible_cause,"Napa mesin mobil ngeluarin bau terbakar waktu injak gas full di lurus?"
ask_possible_cause,"Apa penyebab kopling motor ga bisa masuk gigi 2 waktu berjalan?"
ask_possible_cause,"Kenapa gardan bunyi ngikik waktu gigi 3 beban berat?"
ask_possible_cause,"Kok AC mobil ngeluarin angin hangat waktu suhu luar normal?"
ask_possible_cause,"Napa kampas rem belakang cepat habis sebelah kiri?"
ask_possible_cause,"Gimana bisa kaca spion berembun dari dalam walau kering?"
ask_possible_cause,"Apa sebabnya mesin diesel ngeluarin getaran tidak stabil waktu AC kompresor aktif?"
ask_possible_cause,"Kenapa rem tangan mobil selip di tanjakan minimal 5 derajat?"
ask_possible_cause,"Napa oli mesin berwarna coklat susu dan berbusa?"
ask_possible_cause,"Kok mesin mobil ngeluarin bunyi gemuruh waktu gigi D AC mati jalan?"
ask_possible_cause,"Apa penyebab lampu kota mati setelah mesin hidup beberapa menit?"
ask_possible_cause,"Kenapa suspensi bunyi krek waktu melewati jalan berbatu?"
ask_possible_cause,"Gimana bisa ban motor gundul di bagian tengah tread?"
ask_possible_cause,"Napa mesin mobil ngeluarin bunyi letupan waktu RPM turun mendadak setelah akselerasi?"
ask_possible_cause,"Kenapa ya ban mobil saya sering kempes meskipun baru diisi angin?"
ask_possible_cause,"Mengapa mesin motor saya panas sekali setiap kali dipakai lama?"
ask_possible_cause,"Apa penyebab aki mobil saya cepat habis daya akhir-akhir ini?"
ask_possible_cause,"Kenapa rem motor saya tidak berfungsi dengan baik tiba-tiba?"
ask_possible_cause,"Mengapa ada oli yang bocor dari bawah mesin mobil saya?"
ask_possible_cause,"Apa sih yang bikin knalpot motor saya keluar asap putih tebal?"
ask_possible_cause,"Kenapa mobil saya mengeluarkan bunyi aneh saat berjalan pelan?"
ask_possible_cause,"Mengapa motor saya sulit distarter di pagi hari?"
ask_possible_cause,"Apa penyebab ban belakang truk saya cepat aus di satu sisi?"
ask_possible_cause,"Kenapa mesin mobil saya bergetar hebat saat idle?"
ask_possible_cause,"Mengapa aki motor saya lemah padahal baru diganti bulan lalu?"
ask_possible_cause,"Apa yang menyebabkan rem mobil saya bunyi berdecit saat diinjak?"
ask_possible_cause,"Kenapa oli motor saya habis lebih cepat dari biasanya?"
ask_possible_cause,"Mengapa kap mobil saya mengeluarkan asap saat diparkir?"
ask_possible_cause,"Apa penyebab suara ketukan dari mesin motor saya saat digas?"
ask_possible_cause,"Kenapa ban depan mobil saya selalu kempes setiap minggu?"
ask_possible_cause,"Mengapa mesin truk saya mati mendadak di tengah jalan?"
ask_possible_cause,"Apa yang bikin aki mobil saya tidak bisa nyala setelah parkir lama?"
ask_possible_cause,"Kenapa rem motor saya terasa licin saat hujan?"
ask_possible_cause,"Mengapa oli truk saya berubah warna jadi hitam pekat?"
ask_possible_cause,"Apa penyebab asap hitam keluar dari knalpot mobil saya?"
ask_possible_cause,"Kenapa motor saya bunyi kletek-kletek saat mesin panas?"
ask_possible_cause,"Mengapa ban truk saya bocor kecil di tengah perjalanan?"
ask_possible_cause,"Apa yang menyebabkan mesin mobil saya sulit hidup di cuaca dingin?"
ask_possible_cause,"Kenapa aki motor saya sering kehabisan daya saat malam?"
ask_possible_cause,"Mengapa rem mobil saya tidak pakem meskipun sudah ganti kampas?"
ask_possible_cause,"Apa penyebab oli motor saya bocor di bagian filter?"
ask_possible_cause,"Kenapa knalpot truk saya mengeluarkan asap biru tebal?"
ask_possible_cause,"Mengapa mesin motor saya berbunyi aneh saat kecepatan tinggi?"
ask_possible_cause,"Apa yang bikin ban mobil saya gembos di pinggir jalan tiba-tiba?"
ask_possible_cause,"Kenapa mesin truk saya overheat saat membawa muatan berat?"
ask_possible_cause,"Mengapa aki mobil saya mati total setelah lupa matikan lampu?"
ask_possible_cause,"Apa penyebab rem motor saya terasa keras saat diinjak?"
ask_possible_cause,"Kenapa oli mobil saya netes di bawah garasi setiap malam?"
ask_possible_cause,"Mengapa asap keluar dari bawah kap truk saya saat jalan jauh?"
ask_possible_cause,"Apa yang menyebabkan suara berderit dari ban motor saya?"
ask_possible_cause,"Kenapa mobil saya mogok setiap kali hujan turun?"
ask_possible_cause,"Mengapa ban truk saya kempes di sisi kiri saja?"
ask_possible_cause,"Apa penyebab mesin motor saya mati saat di gas mendadak?"
ask_possible_cause,"Kenapa aki truk saya lemah meskipun baru dicharge?"
report_noise_or_smell, "Mengapa mobil saya sulit pindah gigi saat pagi hari?"
ask_possible_cause,"Apa yang bikin rem mobil saya bunyi saat jalan pelan di turunan?"
ask_possible_cause,"Kenapa oli motor saya bocor di bagian crankcase?"
report_noise_or_smell,"Mengapa knalpot mobil saya mengeluarkan bau menyengat?"
report_noise_or_smell,"Apa penyebab suara aneh dari kolong truk saat berbelok?"
ask_possible_cause,"Kenapa ban motor saya selalu kempes di cuaca panas?"
ask_possible_cause,"Mengapa mesin mobil saya berhenti tiba-tiba di lampuah merah_possible_cause?"
ask_possible_cause,"Apa yang menyebabkan aki motor saya cepat rusak?"
report_noise_or_smell,"Kenapa rem truk saya tidak responsif di jalan basah?"
report_noise_or_smell,"Mengapa oli mobil saya bercampur dengan air?"
report_noise_or_smell,"Apa penyebab asap putih tebal dari kap motor saya?"
ask_possible_cause,"Kenapa motor saya bunyi ngorok saat kecepatan rendah?"
ask_possible_cause,"Mengapa ban mobil saya bocor di tengah tol malam?"
ask_possible_cause,"Apa yang bikin mesin truk saya sulit hidup di pagi dingin?"
ask_possible_cause,"Kenapa aki mobil saya drop setelah perjalanan jauh?"
ask_possible_cause,"Mengapa rem motor saya berbunyi kencang saat ngerem tiba-tiba?"
ask_possible_cause,"Apa penyebab oli truk saya netes di jalan raya?"
ask_possible_cause,"Kenapa knalpot motor saya keluar asap hitam saat digas?"
ask_possible_cause,"Mengapa mesin mobil saya bergetar saat berhenti di lampu merah?"
ask_possible_cause,"Apa yang menyebabkan suara ketok-ketok dari ban truk saya?"
ask_possible_cause,"Kenapa ban motor saya kempes meskipun tidak ada lubang?"
report_noise_or_smell,"Mengapa mesin motor saya overheat di kemacetan?"
ask_possible_cause,"Apa penyebab aki truk saya tidak bisa menyimpan daya lama?"
ask_possible_cause,"Kenapa yang bikin rem mobil saya terasa licin di tanjakan?"
ask_possible_cause,"Mengapa oli motor saya cepat sekali habis akhir-akhir ini?"
ask_possible_cause,"Apa penyebab asap biru dari knalpot truk saya saat start?"
ask_possible_cause,"Kenapa mesin mobil saya bunyi aneh saat jalan cepat?"
ask_possible_cause,"Mengapa ban truk saya aus tidak merata di kedua sisi?"
ask_possible_cause,"Apa yang menyebabkan motor saya mogok di tengah hujan deras?"
ask_possible_cause,"Kenapa aki mobil saya lemah setelah parkir semalaman?"
ask_possible_cause,"Mengapa rem truk saya bunyi decit saat diinjak pelan?"
ask_possible_cause,"Apa penyebab oli mobil saya bocor di bagian seal?"
ask_possible_cause,"Kenapa knalpot motor saya mengeluarkan asap putih di pagi hari?"
ask_possible_cause,"Mengapa mesin truk saya berbunyi seperti ketukan keras?"
ask_possible_cause,"Apa yang bikin ban mobil saya kempes di parkiran kantor?"
ask_possible_cause,"Kenapa mesin motor saya mati tiba-tiba saat kecepatan tinggi?"
ask_possible_cause,"Mengapa aki truk saya cepat habis meskipun jarang dipakai?"
ask_possible_cause,"Apa penyebab rem motor saya tidak pakem di jalan menurun?"
ask_possible_cause,"Kenapa oli truk saya berbau seperti terbakar?"
ask_possible_cause,"Mengapa asap keluar dari kap mobil saya setelah jalan jauh?"
ask_possible_cause,"Apa yang menyebabkan suara berisik dari mesin motor saya?"
ask_possible_cause,"Kenapa ban truk saya bocor kecil di sisi dalam?"
ask_possible_cause,"Mengapa mesin mobil saya sulit hidup setelah hujan?"
ask_possible_cause,"Apa penyebab aki motor saya mati total di tengah jalan?"
ask_possible_cause,"Kenapa rem mobil saya terasa keras saat diinjak mendadak?"
ask_possible_cause,"Mengapa oli motor saya netes di bawah jok?"
ask_possible_cause,"Apa yang bikin knalpot truk saya keluar asap hitam tebal?"
ask_possible_cause,"Kenapa mesin motor saya bunyi krek-krek saat pelan?"
ask_possible_cause,"Mengapa ban mobil saya kempes di sisi kanan saja?"
ask_possible_cause,"Apa penyebab mesin truk saya overheat di jalan tol?"
ask_possible_cause,"Kenapa aki mobil saya lemah meskipun baru ganti seminggu?"
ask_possible_cause,"Mengapa rem truk saya tidak responsif saat muatan penuh?"
ask_possible_cause,"Apa yang menyebabkan oli mobil saya bocor di bagian bawah?"
ask_possible_cause,"Kenapa knalpot motor saya mengeluarkan bau aneh?"
ask_possible_cause,"Mengapa mesin mobil saya bergetar saat kecepatan rendah?"
ask_possible_cause,"Apa penyebab suara aneh dari ban truk saat berbelok?"
ask_possible_cause,"Kenapa ban motor saya selalu kempes di musim hujan?"
ask_possible_cause,"Mengapa mesin truk saya mati saat di gas mendadak?"
ask_possible_cause,"Apa yang bikin aki motor saya cepat soak di cuaca panas?"
ask_possible_cause,"Kenapa rem mobil saya bunyi saat ngerem di jalan basah?"
ask_possible_cause,"Mengapa oli truk saya netes di parkiran pasar?"
ask_possible_cause,"Apa penyebab asap putih keluar dari kap motor saya?"
ask_possible_cause,"Kenapa mesin motor saya bunyi ngorok saat idle?"
ask_possible_cause,"Mengapa ban truk saya bocor di tengah perjalanan jauh?"
ask_possible_cause,"Apa yang menyebabkan mesin mobil saya sulit hidup di malam hari?"
ask_possible_cause,"Kenapa aki truk saya lemah setelah perjalanan panjang?"
ask_possible_cause,"Mengapa rem motor saya berdecit saat diinjak kuat?"
ask_possible_cause,"Apa penyebab oli mobil saya habis tanpa tanda bocor?"
ask_possible_cause,"Kenapa knalpot truk saya keluar asap biru saat pagi?"
ask_possible_cause,"Mengapa mesin motor saya berbunyi aneh di cuaca dingin?"
ask_possible_cause,"Apa yang bikin ban mobil saya kempes di pinggir tol?"
ask_possible_cause,"Kenapa mesin truk saya overheat saat macet panjang?"
ask_possible_cause,"Mengapa aki mobil saya mati setelah lupa matikan radio?"
ask_possible_cause,"Apa penyebab rem truk saya terasa licin di jalan menurun?"
ask_possible_cause,"Kenapa oli motor saya bocor di bagian gasket?"
ask_possible_cause,"Mengapa asap hitam keluar dari knalpot mobil saya saat digas?"
ask_possible_cause,"Apa yang menyebabkan suara ketukan dari mesin truk saya?"
ask_possible_cause,"Kenapa ban motor saya kempes meskipun baru ditambal?"
ask_possible_cause,"Mengapa mesin mobil saya mati tiba-tiba di perempatan?"
ask_possible_cause,"Apa penyebab aki truk saya cepat habis di musim hujan?"
ask_possible_cause,"Kenapa rem mobil saya tidak pakem saat jalan licin?"
ask_possible_cause,"Mengapa oli truk saya berubah jadi kental sekali?"
ask_possible_cause,"Apa yang bikin knalpot motor saya keluar asap putih tebal?"
ask_possible_cause,"Kenapa mesin motor saya bunyi kletek saat kecepatan tinggi?"
ask_possible_cause,"Mengapa ban truk saya aus lebih cepat di sisi luar?"
ask_possible_cause,"Apa penyebab mesin mobil saya mogok di tengah hujan?"
ask_possible_cause,"Kenapa aki motor saya lemah meskipun jarang dipakai?"
ask_possible_cause,"Mengapa rem truk saya bunyi saat diinjak di tanjakan?"
ask_possible_cause,"Apa yang menyebabkan oli mobil saya netes di jalan raya?"
ask_possible_cause,"Kenapa knalpot truk saya mengeluarkan asap hitam pekat?"
ask_possible_cause,"Mengapa mesin motor saya bergetar saat berhenti?"
ask_possible_cause,"Apa penyebab suara berderit dari ban mobil saat parkir?"
ask_possible_cause,"Kenapa ban motor saya bocor kecil di sisi samping?"
ask_possible_cause,"Mengapa mesin truk saya sulit hidup setelah parkir lama?"
ask_possible_cause,"Apa yang bikin aki mobil saya cepat soak di cuaca dingin?"
ask_possible_cause,"Kenapa rem motor saya terasa keras di pagi hari?"
ask_possible_cause,"Mengapa oli truk saya bocor di bagian penutup mesin?"
ask_possible_cause,"Apa penyebab asap biru keluar dari knalpot mobil saya?"
ask_possible_cause,"Kenapa mesin mobil saya bunyi aneh saat jalan pelan?"
ask_possible_cause,"Mengapa ban truk saya kempes di sisi dalam saja?"
ask_possible_cause,"Apa yang menyebabkan motor saya mati saat di gas kuat?"
ask_possible_cause,"Kenapa aki truk saya lemah meskipun baru ganti bulan lalu?"
ask_possible_cause,"Mengapa rem mobil saya bunyi kencang di jalan menurun?"
ask_possible_cause,"Apa penyebab oli motor saya netes di bawah mesin?"
ask_possible_cause,"Kenapa knalpot motor saya keluar asap putih saat pagi?"
ask_possible_cause,"Mengapa mesin truk saya berbunyi seperti ketukan pelan?"
ask_possible_cause,"Apa yang bikin ban mobil saya kempes di parkiran mall?"
ask_possible_cause,"Kenapa mesin motor saya overheat saat jalan jauh?"
ask_possible_cause,"Mengapa aki mobil saya mati setelah lupa matikan AC?"
ask_possible_cause,"Apa penyebab rem truk saya tidak pakem saat muatan kosong?"
ask_possible_cause,"Kenapa oli mobil saya bocor di bagian oil pan?"
ask_possible_cause,"Mengapa asap hitam keluar dari knalpot truk saya?"
ask_possible_cause,"Apa yang menyebabkan suara ngorok dari mesin motor saya?"
ask_possible_cause,"Kenapa ban truk saya bocor di tengah jalan raya?"
ask_possible_cause,"Mengapa mesin mobil saya sulit hidup di cuaca panas?"
ask_possible_cause,"Apa penyebab aki motor saya cepat habis di malam hari?"
ask_possible_cause,"Kenapa rem mobil saya terasa licin saat hujan deras?"
ask_possible_cause,"Mengapa oli truk saya netes di bawah radiator?"
ask_possible_cause,"Apa yang bikin knalpot motor saya keluar asap biru tebal?"
ask_possible_cause,"Kenapa mesin truk saya bunyi aneh saat kecepatan tinggi?"
ask_possible_cause,"Mengapa ban mobil saya kempes meskipun baru ganti ban?"
ask_possible_cause,"Apa penyebab mesin motor saya mati di tengah tol?"
ask_possible_cause,"Kenapa aki truk saya lemah setelah jalan jauh?"
ask_possible_cause,"Mengapa rem motor saya bunyi decit saat ngerem pelan?"
ask_possible_cause,"Apa yang menyebabkan oli mobil saya habis cepat sekali?"
ask_possible_cause,"Kenapa knalpot truk saya mengeluarkan asap putih pekat?"
ask_possible_cause,"Mengapa mesin mobil saya bergetar saat jalan cepat?"
ask_possible_cause,"Apa penyebab suara ketukan dari ban truk saat jalan?"
ask_possible_cause,"Kenapa ban motor saya bocor di sisi luar ban?"
ask_possible_cause,"Mengapa mesin truk saya overheat di musim panas?"
ask_possible_cause,"Apa yang bikin aki mobil saya cepat rusak setelah ganti?"
ask_possible_cause,"Kenapa rem truk saya terasa keras saat diinjak kuat?"
ask_possible_cause,"Mengapa oli motor saya bocor di bagian selang?"
ask_possible_cause,"Apa penyebab asap hitam keluar dari kap mobil saya?"
ask_possible_cause,"Kenapa mesin motor saya bunyi krek saat berhenti?"
ask_possible_cause,"Mengapa ban truk saya kempes di sisi kiri setiap minggu?"
ask_possible_cause,"Apa yang menyebabkan mesin mobil saya mogok di tanjakan?"
ask_possible_cause,"Kenapa aki motor saya lemah meskipun baru dicharge?"
ask_possible_cause,"Mengapa rem mobil saya bunyi saat ngerem di turunan?"
ask_possible_cause,"Apa penyebab oli truk saya netes di jalan tol?"
ask_possible_cause,"Kenapa knalpot motor saya keluar asap putih di siang hari?"
ask_possible_cause,"Mengapa mesin truk saya berbunyi aneh saat idle?"
ask_possible_cause,"Apa yang bikin ban mobil saya bocor di tengah hujan?"
ask_possible_cause,"Kenapa mesin motor saya mati tiba-tiba di perempatan?"
ask_possible_cause,"Mengapa aki truk saya cepat habis di cuaca dingin?"
ask_possible_cause,"Apa penyebab rem motor saya tidak pakem saat hujan?"
ask_possible_cause,"Kenapa oli mobil saya bocor di bagian filter oli?"
ask_possible_cause,"Mengapa asap biru keluar dari knalpot truk saat pagi?"
ask_possible_cause,"Apa yang menyebabkan mesin mobil saya bunyi ngorok?"
ask_possible_cause,"Kenapa ban truk saya kempes meskipun baru diisi angin?"
ask_possible_cause,"Mengapa mesin motor saya overheat di tengah kemacetan?"
ask_possible_cause,"Apa penyebab aki mobil saya mati di parkiran pasar?"
ask_possible_cause,"Kenapa rem truk saya bunyi kencang saat ngerem mendadak?"
ask_possible_cause,"Mengapa oli motor saya netes di bawah crankcase?"
ask_possible_cause,"Apa yang bikin knalpot mobil saya keluar asap hitam tebal?"
ask_possible_cause,"Kenapa mesin truk saya bunyi ketukan saat jalan pelan?"
ask_possible_cause,"Mengapa ban motor saya bocor kecil di sisi dalam?"
ask_possible_cause,"Apa penyebab mesin mobil saya sulit hidup setelah parkir?"
ask_possible_cause,"Kenapa aki truk saya lemah meskipun jarang dipakai?"
ask_possible_cause,"Mengapa rem mobil saya terasa licin di jalan basah?"
ask_possible_cause,"Apa yang menyebabkan oli truk saya bocor di bagian seal?"
ask_possible_cause,"Kenapa knalpot motor saya mengeluarkan asap putih tebal?"
ask_possible_cause,"Mengapa mesin motor saya bergetar saat kecepatan tinggi?"
ask_possible_cause,"Apa penyebab suara berderit dari ban truk saat parkir?"
ask_possible_cause,"Kenapa ban mobil saya kempes di sisi kanan setiap malam?"
ask_possible_cause,"Mengapa mesin truk saya mati mendadak di tanjakan?"
ask_possible_cause,"Apa yang bikin aki motor saya cepat soak di musim hujan?"
ask_possible_cause,"Kenapa rem motor saya bunyi saat ngerem di jalan licin?"
ask_possible_cause,"Mengapa oli mobil saya netes di bawah mesin?"
ask_possible_cause,"Apa penyebab asap hitam keluar dari knalpot truk saat digas?"
ask_possible_cause,"Kenapa mesin mobil saya bunyi aneh saat berhenti?"
ask_possible_cause,"Mengapa ban truk saya bocor di sisi luar ban?"
ask_possible_cause,"Apa yang menyebabkan mesin motor saya mogok di cuaca panas?"
ask_possible_cause,"Kenapa aki mobil saya lemah setelah perjalanan malam?"
ask_possible_cause,"Mengapa rem truk saya tidak pakem saat jalan menurun?"
ask_possible_cause,"Apa penyebab oli motor saya habis cepat tanpa bocor?"
ask_possible_cause,"Kenapa knalpot truk saya keluar asap biru di siang hari?"
ask_possible_cause,"Mengapa mesin motor saya bunyi kletek saat jalan pelan?"
ask_possible_cause,"Apa yang bikin ban mobil saya kempes di parkiran rumah?"
ask_possible_cause,"Kenapa mesin truk saya overheat saat membawa muatan penuh?"
ask_possible_cause,"Mengapa aki truk saya mati setelah lupa matikan lampu?"
ask_possible_cause,"Apa penyebab rem mobil saya bunyi decit saat ngerem kuat?"
ask_possible_cause,"Kenapa oli mobil saya bocor di bagian gasket?"
ask_possible_cause,"Mengapa asap putih keluar dari kap motor saat start?"
ask_possible_cause,"Apa yang menyebabkan mesin motor saya berbunyi aneh saat gas?"
ask_possible_cause,"Kenapa ban truk saya kempes meskipun baru ditambal?"
ask_possible_cause,"Mengapa mesin mobil saya sulit hidup di musim hujan?"
ask_possible_cause,"Apa penyebab aki motor saya cepat habis di cuaca dingin?"
ask_possible_cause,"Kenapa rem motor saya terasa keras saat ngerem mendadak?"
ask_possible_cause,"Mengapa oli truk saya netes di bawah penutup mesin?"
ask_possible_cause,"Apa yang bikin knalpot mobil saya keluar asap hitam pekat?"
ask_possible_cause,"Kenapa mesin truk saya bunyi ngorok saat kecepatan rendah?"
ask_possible_cause,"Mengapa ban motor saya bocor di sisi samping ban?"
ask_possible_cause,"Apa penyebab mesin motor saya mati di tengah jalan raya?"
ask_possible_cause,"Kenapa aki mobil saya lemah meskipun baru dicharge?"
ask_possible_cause,"Mengapa rem truk saya bunyi saat ngerem di jalan tol?"
ask_possible_cause,"Apa yang menyebabkan oli mobil saya bocor di bagian selang?"
ask_possible_cause,"Kenapa knalpot motor saya keluar asap biru saat pagi?"
ask_possible_cause,"Mengapa mesin mobil saya bergetar saat jalan pelan?"
ask_possible_cause,"Apa penyebab suara ketukan dari ban truk saat kecepatan tinggi?"
ask_possible_cause,"Kenapa ban truk saya kempes di sisi kanan setiap minggu?"
ask_possible_cause,"Mengapa mesin truk saya overheat di tengah kemacetan?"
ask_possible_cause,"Apa yang bikin aki motor saya cepat rusak di musim panas?"
ask_possible_cause,"Kenapa rem motor saya bunyi kencang saat ngerem di tanjakan?"
ask_possible_cause,"Mengapa oli truk saya netes di parkiran kantor?"
ask_possible_cause,"Apa penyebab asap putih keluar dari knalpot mobil saat digas?"
ask_possible_cause,"Kenapa mesin motor saya bunyi aneh saat cuaca hujan?"
ask_possible_cause,"Mengapa ban mobil saya bocor kecil di sisi dalam?"
ask_possible_cause,"Apa yang menyebabkan mesin truk saya sulit hidup di malam hari?"
ask_possible_cause,"Kenapa aki truk saya lemah setelah parkir semalaman?"
ask_possible_cause,"Mengapa rem mobil saya terasa licin saat ngerem mendadak?"
ask_possible_cause,"Apa penyebab oli motor saya bocor di bagian filter oli?"
ask_possible_cause,"Kenapa knalpot truk saya keluar asap hitam saat jalan jauh?"
ask_possible_cause,"Mengapa mesin motor saya berbunyi krek saat kecepatan rendah?"
ask_possible_cause,"Apa yang bikin ban truk saya kempes di sisi kiri saja?"
ask_possible_cause,"Kenapa mesin mobil saya mati tiba-tiba di tengah tol?"
ask_possible_cause,"Mengapa aki mobil saya cepat habis meskipun jarang dipakai?"
ask_possible_cause,"Apa penyebab rem motor saya tidak pakem di jalan basah?"
ask_possible_cause,"Kenapa oli truk saya berbau aneh setelah jalan jauh?"
ask_possible_cause,"Mengapa asap biru keluar dari knalpot motor saat start?"
ask_possible_cause,"Apa yang menyebabkan mesin truk saya bunyi aneh saat gas?"
ask_possible_cause,"Kenapa ban mobil saya kempes meskipun baru ganti velg?"
ask_possible_cause,"Mengapa mesin motor saya overheat saat cuaca panas?"
ask_possible_cause,"Apa penyebab aki truk saya mati di tengah perjalanan?"
ask_possible_cause,"Kenapa rem mobil saya bunyi saat ngerem di jalan menurun?"
ask_possible_cause,"Mengapa oli mobil saya netes di bawah radiator?"
ask_possible_cause,"Apa yang bikin knalpot truk saya keluar asap putih tebal?"
ask_possible_cause,"Kenapa mesin motor saya bunyi ketukan saat jalan cepat?"
ask_possible_cause,"Mengapa ban truk saya bocor di sisi luar setiap minggu?"
ask_possible_cause,"Apa penyebab mesin mobil saya mogok di cuaca dingin?"
ask_possible_cause,"Kenapa aki motor saya lemah setelah lupa matikan lampu?"
ask_possible_cause,"Mengapa rem truk saya terasa keras saat ngerem pelan?"
ask_possible_cause,"Apa yang menyebabkan oli motor saya habis cepat di musim hujan?"
ask_possible_cause,"Kenapa knalpot mobil saya keluar asap hitam saat pagi?"
ask_possible_cause,"Mengapa mesin truk saya bergetar saat kecepatan tinggi?"
ask_possible_cause,"Apa penyebab suara berderit dari ban motor saat jalan?"
ask_possible_cause,"Kenapa ban mobil saya kempes di parkiran pasar malam?"
ask_possible_cause,"Mengapa mesin motor saya mati mendadak di lampu merah?"
ask_possible_cause,"Apa yang bikin aki truk saya cepat soak di cuaca panas?"
ask_possible_cause,"Kenapa rem motor saya bunyi decit saat ngerem di turunan?"
ask_possible_cause,"Mengapa oli truk saya bocor di bagian crankcase?"
ask_possible_cause,"Apa penyebab asap putih keluar dari kap mobil saat idle?"
ask_possible_cause,"Kenapa mesin mobil saya bunyi ngorok saat berhenti?"
ask_possible_cause,"Mengapa ban truk saya kempes meskipun baru diisi angin?"
ask_possible_cause,"Apa yang menyebabkan mesin motor saya sulit hidup di pagi hari?"
ask_possible_cause,"Kenapa aki mobil saya lemah setelah perjalanan jauh?"
ask_possible_cause,"Mengapa rem truk saya tidak pakem saat jalan licin?"
ask_possible_cause,"Apa penyebab oli motor saya netes di bawah penutup mesin?"
ask_possible_cause,"Kenapa knalpot truk saya keluar asap biru saat jalan pelan?"
ask_possible_cause,"Mengapa mesin motor saya berbunyi aneh saat kecepatan rendah?"
ask_possible_cause,"Apa yang bikin ban mobil saya bocor di sisi samping?"
ask_possible_cause,"Kenapa mesin truk saya overheat saat jalan menanjak?"
ask_possible_cause,"Mengapa aki motor saya cepat habis meskipun baru ganti?"
ask_possible_cause,"Apa penyebab rem mobil saya bunyi kencang saat ngerem kuat?"
ask_possible_cause,"Kenapa oli mobil saya bocor di bagian seal oli?"
ask_possible_cause,"Mengapa asap hitam keluar dari knalpot motor saat gas penuh?"
ask_possible_cause,"Apa yang menyebabkan mesin truk saya bunyi ketukan saat idle?"
ask_possible_cause,"Kenapa ban motor saya kempes di sisi dalam setiap minggu?"
ask_possible_cause,"Mengapa mesin mobil saya mati tiba-tiba di cuaca hujan?"
ask_possible_cause,"Apa penyebab aki truk saya lemah meskipun baru dicharge?"
ask_possible_cause,"Kenapa rem motor saya terasa licin saat ngerem mendadak?"
ask_possible_cause,"Mengapa oli truk saya netes di bawah filter oli?"
ask_possible_cause,"Apa yang bikin knalpot mobil saya keluar asap putih pekat?"
ask_possible_cause,"Kenapa mesin motor saya bunyi krek saat jalan cepat?"
ask_possible_cause,"Mengapa ban truk saya bocor kecil di sisi kanan?"
ask_possible_cause,"Apa penyebab mesin motor saya mogok di tengah kemacetan?"
ask_possible_cause,"Kenapa aki mobil saya mati setelah parkir di garasi?"
ask_possible_cause,"Mengapa rem truk saya bunyi saat ngerem di jalan basah?"
ask_possible_cause,"Apa yang menyebabkan oli motor saya bocor di bagian selang?"
ask_possible_cause,"Kenapa knalpot truk saya keluar asap hitam saat start?"
ask_possible_cause,"Mengapa mesin mobil saya bergetar saat kecepatan rendah?"
ask_possible_cause,"Apa penyebab suara aneh dari ban motor saat berbelok?"
ask_possible_cause,"Kenapa ban mobil saya kempes meskipun baru ganti ban dalam?"
ask_possible_cause,"Mengapa mesin truk saya sulit hidup di cuaca panas?"
ask_possible_cause,"Apa yang bikin aki motor saya cepat rusak di musim hujan?"
ask_possible_cause,"Kenapa rem motor saya bunyi kencang saat ngerem di turunan?"
ask_possible_cause,"Mengapa oli mobil saya netes di bawah crankcase?"
ask_possible_cause,"Apa penyebab asap biru keluar dari knalpot truk saat gas?"
ask_possible_cause,"Kenapa mesin motor saya bunyi ngorok saat jalan pelan?"
ask_possible_cause,"Mengapa ban truk saya kempes di sisi luar setiap minggu?"
ask_possible_cause,"Apa yang menyebabkan mesin mobil saya overheat di tol?"
ask_possible_cause,"Kenapa aki truk saya lemah setelah lupa matikan radio?"
ask_possible_cause,"Mengapa rem mobil saya terasa keras saat ngerem di tanjakan?"
ask_possible_cause,"Apa penyebab oli motor saya habis cepat di cuaca dingin?"
ask_possible_cause,"Kenapa knalpot motor saya keluar asap putih saat jalan jauh?"
ask_possible_cause,"Mengapa mesin truk saya bunyi aneh saat kecepatan tinggi?"
ask_possible_cause,"Apa yang bikin ban mobil saya bocor di sisi kanan ban?"
ask_possible_cause,"Kenapa mesin motor saya mati mendadak di tengah hujan?"
ask_possible_cause,"Mengapa aki mobil saya cepat habis setelah perjalanan malam?"
ask_possible_cause,"Apa penyebab rem truk saya tidak pakem saat muatan berat?"
ask_possible_cause,"Kenapa oli truk saya bocor di bagian penutup mesin?"
ask_possible_cause,"Mengapa asap hitam keluar dari knalpot mobil saat start?"
ask_possible_cause,"Apa yang menyebabkan mesin motor saya bergetar saat idle?"
ask_possible_cause,"Kenapa ban truk saya kempes meskipun baru ganti velg?"
ask_possible_cause,"Mengapa mesin mobil saya sulit hidup di musim panas?"
ask_possible_cause,"Apa penyebab aki motor saya lemah meskipun jarang dipakai?"
ask_possible_cause,"Kenapa rem motor saya bunyi decit saat ngerem di jalan licin?"
ask_possible_cause,"Mengapa oli mobil saya netes di bawah filter oli?"
ask_possible_cause,"Apa yang bikin knalpot truk saya keluar asap biru pekat?"
ask_possible_cause,"Kenapa mesin motor saya bunyi ketukan saat jalan pelan?"
ask_possible_cause,"Mengapa ban mobil saya bocor kecil di sisi samping?"
ask_possible_cause,"Apa penyebab mesin truk saya mogok di tengah tol?"
ask_possible_cause,"Kenapa aki truk saya mati setelah parkir di cuaca dingin?"
ask_possible_cause,"Mengapa rem mobil saya terasa licin saat ngerem kuat?"
ask_possible_cause,"Apa yang menyebabkan oli motor saya bocor di bagian seal?"
ask_possible_cause,"Kenapa knalpot motor saya keluar asap putih di siang hari?"