cari_bengkel_terdekat,"Di mana bengkel terdekat?"
cari_bengkel_terdekat,"Bengkel terdekat di mana?"
cari_bengkel_terdekat,"Ada bengkel dekat sini?"
cari_bengkel_terdekat,"Tolong cari bengkel terdekat."
cari_bengkel_terdekat,"Saya butuh bengkel terdekat."
cari_bengkel_terdekat,"Cariin bengkel yang paling dekat."
cari_bengkel_terdekat,"Bengkel mana yang paling dekat dari sini?"
cari_bengkel_terdekat,"Butuh towing terdekat."
cari_bengkel_terdekat,"Towing terdekat di mana?"
cari_bengkel_terdekat,"Ada towing dekat sini?"
cari_bengkel_terdekat,"Tolong cari towing terdekat."
cari_bengkel_terdekat,"Saya butuh towing terdekat."
cari_bengkel_terdekat,"Cariin towing yang paling dekat."
cari_bengkel_terdekat,"Towing mana yang paling dekat dari sini?"
cari_bengkel_terdekat,"Butuh bengkel atau towing terdekat."
cari_bengkel_terdekat,"Ada bengkel atau towing dekat sini?"
cari_bengkel_terdekat,"Tolong cari bengkel atau towing terdekat."
cari_bengkel_terdekat,"Bengkel mobil terdekat."
cari_bengkel_terdekat,"Towing motor terdekat."
cari_bengkel_terdekat,"Bengkel truk terdekat."
cari_bengkel_terdekat,"Towing mobil terdekat."
cari_bengkel_terdekat,"Bengkel untuk ganti oli terdekat."
cari_bengkel_terdekat,"Towing untuk mobil mogok terdekat."
cari_bengkel_terdekat,"Bengkel untuk servis AC mobil terdekat."
cari_bengkel_terdekat,"Towing untuk motor rusak terdekat."
cari_bengkel_terdekat,"Darurat! Butuh bengkel terdekat segera."
cari_bengkel_terdekat,"Mobil mogok, butuh towing terdekat cepat."
cari_bengkel_terdekat,"Motor mati di jalan, cari bengkel terdekat."
cari_bengkel_terdekat,"Ban kempes, butuh bengkel terdekat sekarang."
cari_bengkel_terdekat,"Bengkel deket mana ya?"
cari_bengkel_terdekat,"Ada bengkel di sekitar sini nggak?"
cari_bengkel_terdekat,"Towing yang paling deket mana?"
cari_bengkel_terdekat,"Cariin dong bengkel yang deket."
cari_bengkel_terdekat,"Butuh bengkel deket sini nih."
cari_bengkel_terdekat,"Di jalan tol, butuh towing terdekat."
cari_bengkel_terdekat,"Di daerah pedesaan, ada bengkel terdekat?"
cari_bengkel_terdekat,"Di kota besar, cari bengkel terdekat."
cari_bengkel_terdekat,"Di pinggir jalan, butuh towing terdekat."
cari_bengkel_terdekat,"Malam hari, ada bengkel terdekat yang buka?"
cari_bengkel_terdekat,"Pagi buta, butuh towing terdekat."
cari_bengkel_terdekat,"Siang bolong, cari bengkel terdekat."
cari_bengkel_terdekat,"Sore hari, ada towing terdekat?"
cari_bengkel_terdekat,"Tolong, saya butuh bengkel terdekat."
cari_bengkel_terdekat,"Mohon bantuannya, cari towing terdekat."
cari_bengkel_terdekat,"Apakah Anda tahu bengkel terdekat?"
cari_bengkel_terdekat,"Bisakah Anda mencarikan bengkel terdekat?"
cari_bengkel_terdekat,"Saya memerlukan towing terdekat."
cari_bengkel_terdekat,"Di mana letak bengkel terdekat?"
cari_bengkel_terdekat,"Bagaimana cara ke towing terdekat?"
cari_bengkel_terdekat,"Apa nama bengkel terdekat?"
cari_bengkel_terdekat,"Siapa yang punya towing terdekat?"
cari_bengkel_terdekat,"Mobil saya mogok di jalan, butuh bengkel terdekat."
cari_bengkel_terdekat,"Motor saya rusak parah, cari towing terdekat."
cari_bengkel_terdekat,"Ban mobil saya bocor, ada bengkel terdekat?"
cari_bengkel_terdekat,"Aku tersesat dan butuh bengkel terdekat."
cari_bengkel_terdekat,"Maaf mengganggu, tapi saya butuh bengkel terdekat."
cari_bengkel_terdekat,"Terima kasih sebelumnya, tolong cari towing terdekat."
cari_bengkel_terdekat,"Saya sangat berterima kasih jika Anda bisa mencarikan bengkel terdekat."
cari_bengkel_terdekat,"Mohon maaf, tapi saya memerlukan towing terdekat."
cari_bengkel_terdekat,"Hey, ada bengkel terdekat di sini?"
cari_bengkel_terdekat,"Bro, tau towing terdekat nggak?"
cari_bengkel_terdekat,"Sis, bisa bantu cari bengkel terdekat?"
cari_bengkel_terdekat,"Guys, ada yang tahu bengkel terdekat?"
cari_bengkel_terdekat,"Cari bengkel terdekat sekarang!"
cari_bengkel_terdekat,"Temukan towing terdekat secepatnya!"
cari_bengkel_terdekat,"Segera cari bengkel terdekat!"
cari_bengkel_terdekat,"Butuh towing terdekat, cepat!"
cari_bengkel_terdekat,"Bengkel terdekat dalam 5 km."
cari_bengkel_terdekat,"Towing terdekat kurang dari 10 menit."
cari_bengkel_terdekat,"Cari bengkel terdekat yang dekat banget."
cari_bengkel_terdekat,"Butuh towing terdekat yang paling dekat."
cari_bengkel_terdekat,"Bengkel terdekat yang bagus."
cari_bengkel_terdekat,"Towing terdekat yang terpercaya."
cari_bengkel_terdekat,"Cari bengkel terdekat yang profesional."
cari_bengkel_terdekat,"Butuh towing terdekat yang cepat dan handal."
cari_bengkel_terdekat,"Saya panik, butuh bengkel terdekat."
cari_bengkel_terdekat,"Mobil mogok, tolong cari towing terdekat."
cari_bengkel_terdekat,"Motor rusak, saya butuh bengkel terdekat."
cari_bengkel_terdekat,"Darurat, butuh towing terdekat."
cari_bengkel_terdekat,"Dari lokasi saya, di mana bengkel terdekat?"
cari_bengkel_terdekat,"Berdasarkan posisi saya, towing terdekat mana?"
cari_bengkel_terdekat,"Dari sini, cari bengkel terdekat."
cari_bengkel_terdekat,"Di area ini, butuh towing terdekat."
cari_bengkel_terdekat,"Kami butuh bengkel terdekat."
cari_bengkel_terdekat,"Mereka memerlukan towing terdekat."
cari_bengkel_terdekat,"Dia mencari bengkel terdekat."
cari_bengkel_terdekat,"Anda tahu towing terdekat?"
cari_bengkel_terdekat,"Bengkel terdekat dicari."
cari_bengkel_terdekat,"Towing terdekat dibutuhkan segera."
cari_bengkel_terdekat,"Bengkel terdekat yang bisa diandalkan."
cari_bengkel_terdekat,"Towing terdekat yang tersedia."
cari_bengkel_terdekat,"Karena mobil mogok, butuh bengkel terdekat."
cari_bengkel_terdekat,"Sebab motor rusak, cari towing terdekat."
cari_bengkel_terdekat,"Lantaran ban kempes, butuh bengkel terdekat."
cari_bengkel_terdekat,"Akibat mesin mati, butuh towing terdekat."
cari_bengkel_terdekat,"Saya sedang dalam perjalanan dan mobil saya mogok, bisakah Anda mencarikan bengkel terdekat?"
cari_bengkel_terdekat,"Motor saya tiba-tiba mati di tengah jalan, tolong cari towing terdekat yang bisa membantu."
cari_bengkel_terdekat,"Ban mobil saya bocor dan saya tidak punya alat, ada bengkel terdekat yang bisa saya datangi?"
cari_bengkel_terdekat,"Saya tersesat di daerah ini dan mobil saya rusak, butuh bengkel terdekat secepatnya."
cari_bengkel_terdekat,"Di jalan tol, butuh towing terdekat."
cari_bengkel_terdekat,"Di area perumahan, cari bengkel terdekat."
cari_bengkel_terdekat,"Di pedesaan, ada bengkel terdekat?"
cari_bengkel_terdekat,"Di kota besar, butuh towing terdekat."
cari_bengkel_terdekat,"Malam ini, butuh bengkel terdekat yang buka."
cari_bengkel_terdekat,"Pagi hari, cari towing terdekat."
cari_bengkel_terdekat,"Siang bolong, butuh bengkel terdekat."
cari_bengkel_terdekat,"Sore ini, ada towing terdekat?"
cari_bengkel_terdekat,"Bengkel yang paling dekat."
cari_bengkel_terdekat,"Towing yang terdekat."
cari_bengkel_terdekat,"Bengkel yang tidak jauh dari sini."
cari_bengkel_terdekat,"Towing yang berlokasi dekat."
cari_bengkel_terdekat,"Ada bengkel di sekitar sini?"
cari_bengkel_terdekat,"Towing di daerah ini ada?"
cari_bengkel_terdekat,"Cari bengkel di area ini."
cari_bengkel_terdekat,"Butuh towing di lokasi ini."
cari_bengkel_terdekat,"Saya sedang mengemudi dan butuh bengkel terdekat."
cari_bengkel_terdekat,"Sedang di perjalanan, cari towing terdekat."
cari_bengkel_terdekat,"Di tengah jalan, butuh bengkel terdekat."
cari_bengkel_terdekat,"Saat berkendara, butuh towing terdekat."
cari_bengkel_terdekat,"Temukan bengkel terdekat."
cari_bengkel_terdekat,"Lokasi bengkel terdekat."
cari_bengkel_terdekat,"Dapatkan towing terdekat."
cari_bengkel_terdekat,"Arahkan ke bengkel terdekat."
cari_bengkel_terdekat,"Saya tidak tahu daerah ini, butuh bengkel terdekat."
cari_bengkel_terdekat,"Baru di kota ini, cari towing terdekat."
cari_bengkel_terdekat,"Tidak familiar dengan area ini, butuh bengkel terdekat."
cari_bengkel_terdekat,"Pertama kali di sini, butuh towing terdekat."
cari_bengkel_terdekat,"Bengkel terdekat yang murah."
cari_bengkel_terdekat,"Towing terdekat yang cepat."
cari_bengkel_terdekat,"Bengkel terdekat yang bagus."
cari_bengkel_terdekat,"Towing terdekat yang handal."
cari_bengkel_terdekat,"Apakah ada bengkel terdekat?"
cari_bengkel_terdekat,"Dimana bengkel terdekat?"
cari_bengkel_terdekat,"Tolong, saya butuh towing terdekat."
cari_bengkel_terdekat,"Saya memerlukan bengkel terdekat segera."
cari_bengkel_terdekat,"Butuh bengkel terdekat!"
cari_bengkel_terdekat,"Towing terdekat, cepat!"
cari_bengkel_terdekat,"Darurat, bengkel terdekat!"
cari_bengkel_terdekat,"Segera, towing terdekat!"
cari_bengkel_terdekat,"Saya khawatir, butuh bengkel terdekat."
cari_bengkel_terdekat,"Panik, cari towing terdekat."
cari_bengkel_terdekat,"Stres, butuh bengkel terdekat."
cari_bengkel_terdekat,"Cemas, butuh towing terdekat."
cari_bengkel_terdekat,"Bersama keluarga, butuh bengkel terdekat."
cari_bengkel_terdekat,"Dengan teman, cari towing terdekat."
cari_bengkel_terdekat,"Sendirian, butuh bengkel terdekat."
cari_bengkel_terdekat,"Bersama anak-anak, butuh towing terdekat."
cari_bengkel_terdekat,"Hujan deras, butuh bengkel terdekat."
cari_bengkel_terdekat,"Malam gelap, cari towing terdekat."
cari_bengkel_terdekat,"Panas terik, butuh bengkel terdekat."
cari_bengkel_terdekat,"Dingin banget, butuh towing terdekat."
cari_bengkel_terdekat,"Saya memerlukan bengkel terdekat."
cari_bengkel_terdekat,"Saya mengharapkan towing terdekat."
cari_bengkel_terdekat,"Saya menginginkan bengkel terdekat."
cari_bengkel_terdekat,"Saya mencari towing terdekat."
cari_bengkel_terdekat,"Tolong bantu cari bengkel terdekat."
cari_bengkel_terdekat,"Butuh bantuan untuk towing terdekat."
cari_bengkel_terdekat,"Mohon asistensi untuk bengkel terdekat."
cari_bengkel_terdekat,"Perlu pertolongan untuk towing terdekat."
cari_bengkel_terdekat,"Dari ponsel, cari bengkel terdekat."
cari_bengkel_terdekat,"Pakai GPS, temukan towing terdekat."
cari_bengkel_terdekat,"Melalui aplikasi, butuh bengkel terdekat."
cari_bengkel_terdekat,"Online, cari towing terdekat."
cari_bengkel_terdekat,"Harap ada bengkel terdekat."
cari_bengkel_terdekat,"Semoga ada towing terdekat."
cari_bengkel_terdekat,"Mudah-mudahan bengkel terdekat buka."
cari_bengkel_terdekat,"Aman, towing terdekat tersedia."
cari_bengkel_terdekat,"Bengkel terdekat?"
cari_bengkel_terdekat,"Towing terdekat di mana?"
cari_bengkel_terdekat,"Saya butuh bengkel terdekat secepatnya."
cari_bengkel_terdekat,"Mobil mogok, tolong cari towing terdekat yang bisa datang segera."
cari_bengkel_terdekat,"Ada bengkel deket sini nggak?"
cari_bengkel_terdekat,"Towing yang paling deket mana ya?"
cari_bengkel_terdekat,"Bengkel terdekat yang oke di mana?"
cari_bengkel_terdekat,"Butuh towing terdekat yang cepet."
cari_bengkel_terdekat,"Terima kasih, tolong cari bengkel terdekat."
cari_bengkel_terdekat,"Makasih ya, butuh towing terdekat."
cari_bengkel_terdekat,"Saya berterima kasih jika Anda bisa mencarikan bengkel terdekat."
cari_bengkel_terdekat,"Sangat berterima kasih untuk towing terdekat."
cari_bengkel_terdekat,"Setelah dapat bengkel terdekat, saya akan pergi ke sana."
cari_bengkel_terdekat,"Begitu tahu towing terdekat, saya akan hubungi mereka."
cari_bengkel_terdekat,"Kalau sudah tahu bengkel terdekat, saya akan minta bantuan."
cari_bengkel_terdekat,"Setelah dapat towing terdekat, saya akan tunggu di sini."
cari_bengkel_terdekat,"Temukan bengkel terdekat."
cari_bengkel_terdekat,"Carilah towing terdekat."
cari_bengkel_terdekat,"Lacak bengkel terdekat."
cari_bengkel_terdekat,"Telusuri towing terdekat."
cari_bengkel_terdekat,"Saya tidak yakin, butuh bengkel terdekat."
cari_bengkel_terdekat,"Mungkin ada towing terdekat di sini."
cari_bengkel_terdekat,"Barangkali ada bengkel terdekat yang buka."
cari_bengkel_terdekat,"Siapa tahu ada towing terdekat yang available."
cari_bengkel_terdekat,"Tolong, cari bengkel terdekat."
cari_bengkel_terdekat,"Mohon, butuh towing terdekat."
cari_bengkel_terdekat,"Silakan, temukan bengkel terdekat."
cari_bengkel_terdekat,"Harap, cari towing terdekat."
cari_bengkel_terdekat,"Dengan sopan, tolong cari bengkel terdekat."
cari_bengkel_terdekat,"Dengan cemas, butuh towing terdekat."
cari_bengkel_terdekat,"Dengan tenang, cari bengkel terdekat."
cari_bengkel_terdekat,"Dengan terburu-buru, butuh towing terdekat."
cari_bengkel_terdekat,"Saya sangat berterima kasih jika bisa dapat bengkel terdekat."
cari_bengkel_terdekat,"Makasih banyak, butuh towing terdekat."
cari_bengkel_terdekat,"Terima kasih atas bantuannya untuk mencarikan bengkel terdekat."
cari_bengkel_terdekat,"Sangat berterima kasih untuk towing terdekat."
cari_bengkel_terdekat,"Bengkel di dekat sini."
cari_bengkel_terdekat,"Towing di sekitar sini."
cari_bengkel_terdekat,"Bengkel yang tidak jauh."
cari_bengkel_terdekat,"Towing yang berdekatan."
cari_bengkel_terdekat,"Bengkel paling dekat."
cari_bengkel_terdekat,"Towing paling dekat."
cari_bengkel_terdekat,"Cari bengkel paling dekat."
cari_bengkel_terdekat,"Butuh towing paling dekat."
cari_bengkel_terdekat,"Saya ingin pergi ke bengkel terdekat."
cari_bengkel_terdekat,"Rencana saya ke towing terdekat."
cari_bengkel_terdekat,"Tujuan saya bengkel terdekat."
cari_bengkel_terdekat,"Saya berencana ke towing terdekat."
cari_bengkel_terdekat,"Jika tidak ada bengkel terdekat, apa yang harus saya lakukan?"
cari_bengkel_terdekat,"Kalau towing terdekat tidak tersedia, ada pilihan lain?"
cari_bengkel_terdekat,"Bengkel terdekat tutup, cari yang lain."
cari_bengkel_terdekat,"Towing terdekat penuh, butuh alternatif."
cari_bengkel_terdekat,"Bengkel terdekat jam berapa buka?"
cari_bengkel_terdekat,"Towing terdekat berapa biayanya?"
cari_bengkel_terdekat,"Apakah bengkel terdekat bisa servis mobil saya?"
cari_bengkel_terdekat,"Towing terdekat bisa datang berapa lama?"
cari_bengkel_terdekat,"Ya, saya butuh bengkel terdekat."
cari_bengkel_terdekat,"Benar, cari towing terdekat."
cari_bengkel_terdekat,"Tepat, butuh bengkel terdekat."
cari_bengkel_terdekat,"Iya, towing terdekat yang saya perlukan."
cari_bengkel_terdekat,"Leganya, ada bengkel terdekat."
cari_bengkel_terdekat,"Syukur, towing terdekat tersedia."
cari_bengkel_terdekat,"Bagus, bengkel terdekat buka."
cari_bengkel_terdekat,"Senang, towing terdekat bisa datang."
cari_bengkel_terdekat,"Bengkel terdekat, tolong."
cari_bengkel_terdekat,"Towing terdekat, segera."
cari_bengkel_terdekat,"Cari bengkel terdekat, ya."
cari_bengkel_terdekat,"Butuh towing terdekat, dong."
cari_bengkel_terdekat,"Maaf, tapi saya butuh bengkel terdekat."
cari_bengkel_terdekat,"Mohon maaf, cari towing terdekat."
cari_bengkel_terdekat,"Maaf merepotkan, saya memerlukan bengkel terdekat."
cari_bengkel_terdekat,"Mohon maaf, saya membutuhkan towing terdekat."
cari_bengkel_terdekat,"Tolong, cari bengkel terdekat."
cari_bengkel_terdekat,"Mohon, butuh towing terdekat."
cari_bengkel_terdekat,"Silakan, temukan bengkel terdekat."
cari_bengkel_terdekat,"Harap, cari towing terdekat."
cari_bengkel_terdekat,"Dengan sangat, saya butuh bengkel terdekat."
cari_bengkel_terdekat,"Mohon dengan hormat, cari towing terdekat."
cari_bengkel_terdekat,"Saya mohon, butuh bengkel terdekat."
cari_bengkel_terdekat,"Dengan segala kerendahan hati, butuh towing terdekat."
cari_bengkel_terdekat,"Tolonglah, saya butuh bengkel terdekat."
cari_bengkel_terdekat,"Please, cari towing terdekat segera."
cari_bengkel_terdekat,"Saya sangat membutuhkan bengkel terdekat."
cari_bengkel_terdekat,"Saya amat memerlukan towing terdekat."
cari_bengkel_terdekat,"Dengan segera, butuh bengkel terdekat."
cari_bengkel_terdekat,"Segera, cari towing terdekat."
cari_bengkel_terdekat,"Cepat, butuh bengkel terdekat."
cari_bengkel_terdekat,"Lekas, cari towing terdekat."
cari_bengkel_terdekat,"Saya di lokasi ini, butuh bengkel terdekat."
cari_bengkel_terdekat,"Posisi saya di sini, cari towing terdekat."
cari_bengkel_terdekat,"Dari titik ini, butuh bengkel terdekat."
cari_bengkel_terdekat,"Di tempat ini, cari towing terdekat."
cari_bengkel_terdekat,"Mobil saya dalam keadaan darurat, butuh bengkel terdekat."
cari_bengkel_terdekat,"Motor saya tidak bisa bergerak, cari towing terdekat."
cari_bengkel_terdekat,"Kendaraan saya rusak parah, butuh bengkel terdekat."
cari_bengkel_terdekat,"Mobil saya mogok total, butuh towing terdekat."
cari_bengkel_terdekat,"Saya terburu-buru, butuh bengkel terdekat."
cari_bengkel_terdekat,"Waktu saya terbatas, cari towing terdekat."
cari_bengkel_terdekat,"Saya harus segera pergi, butuh bengkel terdekat."
cari_bengkel_terdekat,"Tidak ada waktu, butuh towing terdekat."
cari_bengkel_terdekat,"Butuh bantuan untuk bengkel terdekat."
cari_bengkel_terdekat,"Memerlukan pertolongan untuk towing terdekat."
cari_bengkel_terdekat,"Minta tolong cari bengkel terdekat."
cari_bengkel_terdekat,"Mohon bantuannya untuk towing terdekat."
cari_bengkel_terdekat,"Terima kasih atas respons cepat untuk bengkel terdekat."
cari_bengkel_terdekat,"Makasih banyak, towing terdekat segera datang."
cari_bengkel_terdekat,"Sangat berterima kasih, bengkel terdekat ditemukan."
cari_bengkel_terdekat,"Apresiasi untuk towing terdekat yang cepat."
cari_bengkel_terdekat,"Terima kasih banyak."
cari_bengkel_terdekat,"Makasih ya."
cari_bengkel_terdekat,"Saya berterima kasih."
cari_bengkel_terdekat,"Sangat berterima kasih."
cari_bengkel_terdekat,"Cari beberapa bengkel terdekat."
cari_bengkel_terdekat,"Temukan beberapa towing terdekat."
cari_bengkel_terdekat,"Berikan pilihan bengkel terdekat."
cari_bengkel_terdekat,"Sediakan opsi towing terdekat."
cari_bengkel_terdekat,"Bengkel terdekat yang bisa servis mesin."
cari_bengkel_terdekat,"Towing terdekat yang bisa angkut mobil besar."
cari_bengkel_terdekat,"Bengkel terdekat yang punya mekanik ahli."
cari_bengkel_terdekat,"Towing terdekat yang beroperasi 24 jam."
cari_bengkel_terdekat,"Bengkel terdekat yang terkenal bagus."
cari_bengkel_terdekat,"Towing terdekat yang direkomendasikan banyak orang."
cari_bengkel_terdekat,"Cari bengkel terdekat yang punya ulasan positif."
cari_bengkel_terdekat,"Butuh towing terdekat yang terpercaya."
cari_bengkel_terdekat,"Bengkel terdekat yang handal."
cari_bengkel_terdekat,"Towing terdekat yang bisa diandalkan."
cari_bengkel_terdekat,"Cari bengkel terdekat yang terbukti bagus."
cari_bengkel_terdekat,"Butuh towing terdekat yang amanah."
cari_bengkel_terdekat,"Berapa jauh bengkel terdekat?"
cari_bengkel_terdekat,"Seberapa dekat towing terdekat?"
cari_bengkel_terdekat,"Jarak ke bengkel terdekat berapa?"
cari_bengkel_terdekat,"Towing terdekat berapa kilometer dari sini?"
cari_bengkel_terdekat,"Berapa lama ke bengkel terdekat?"
cari_bengkel_terdekat,"Estimasi waktu ke towing terdekat."
cari_bengkel_terdekat,"Cepat atau lambat ke bengkel terdekat?"
cari_bengkel_terdekat,"Towing terdekat bisa datang berapa menit?"
cari_bengkel_terdekat,"Berapa biaya ke bengkel terdekat?"
cari_bengkel_terdekat,"Estimasi harga towing terdekat."
cari_bengkel_terdekat,"Murah atau mahal ke bengkel terdekat?"
cari_bengkel_terdekat,"Towing terdekat biayanya berapa?"
cari_bengkel_terdekat,"Halo, apa kabar? Oh ya, butuh bengkel terdekat."
cari_bengkel_terdekat,"Permisi, sedang sibuk? Saya butuh towing terdekat."
cari_bengkel_terdekat,"Maaf ganggu, tapi saya memerlukan bengkel terdekat."
cari_bengkel_terdekat,"Hai, boleh minta tolong cari towing terdekat?"
cari_bengkel_terdekat,"Maaf merepotkan, butuh bengkel terdekat."
cari_bengkel_terdekat,"Mohon maaf, saya butuh towing terdekat."
cari_bengkel_terdekat,"Maaf merepotkan, saya memerlukan bengkel terdekat."
cari_bengkel_terdekat,"Mohon maaf, saya membutuhkan towing terdekat."
cari_bengkel_terdekat,"Apakah bengkel terdekat buka sekarang?"
cari_bengkel_terdekat,"Towing terdekat tersedia saat ini?"
cari_bengkel_terdekat,"Bisa konfirmasi bengkel terdekat?"
cari_bengkel_terdekat,"Pastikan towing terdekat bisa datang."
cari_bengkel_terdekat,"Tolong hubungi bengkel terdekat untuk saya."
cari_bengkel_terdekat,"Bisa telepon towing terdekat?"
cari_bengkel_terdekat,"Saya butuh Anda hubungi bengkel terdekat."
cari_bengkel_terdekat,"Mohon kontak towing terdekat."
cari_bengkel_terdekat,"Beri petunjuk arah ke bengkel terdekat."
cari_bengkel_terdekat,"Navigasi ke towing terdekat."
cari_bengkel_terdekat,"Arahkan saya ke bengkel terdekat."
cari_bengkel_terdekat,"Tunjukkan jalan ke towing terdekat."
cari_bengkel_terdekat,"Cari bengkel terdekat yang buka sekarang."
cari_bengkel_terdekat,"Towing terdekat yang available saat ini."
cari_bengkel_terdekat,"Bengkel terdekat yang sedang beroperasi."
cari_bengkel_terdekat,"Towing terdekat yang siap melayani."
cari_bengkel_terdekat,"Bengkel terdekat yang sedang buka."
cari_bengkel_terdekat,"Towing terdekat yang beroperasi."
cari_bengkel_terdekat,"Cari bengkel terdekat yang tidak tutup."
cari_bengkel_terdekat,"Butuh towing terdekat yang aktif."
cari_bengkel_terdekat,"Bengkel terdekat yang punya ruang tunggu."
cari_bengkel_terdekat,"Towing terdekat yang punya asuransi."
cari_bengkel_terdekat,"Cari bengkel terdekat dengan fasilitas lengkap."
cari_bengkel_terdekat,"Butuh towing terdekat dengan pelayanan prima."
cari_bengkel_terdekat,"Bengkel terdekat dengan ulasan bagus."
cari_bengkel_terdekat,"Towing terdekat yang direview positif."
cari_bengkel_terdekat,"Cari bengkel terdekat yang populer."
cari_bengkel_terdekat,"Butuh towing terdekat yang terkenal."
cari_bengkel_terdekat,"Bengkel terdekat untuk mobil Toyota."
cari_bengkel_terdekat,"Towing terdekat untuk motor Honda."
cari_bengkel_terdekat,"Cari bengkel terdekat khusus Suzuki."
cari_bengkel_terdekat,"Butuh towing terdekat untuk truk Mitsubishi."
cari_bengkel_terdekat,"Bengkel terdekat untuk ganti oli."
cari_bengkel_terdekat,"Towing terdekat untuk mobil mogok."
cari_bengkel_terdekat,"Cari bengkel terdekat untuk servis AC."
cari_bengkel_terdekat,"Butuh towing terdekat untuk motor rusak."
cari_bengkel_terdekat,"Butuh bengkel terdekat untuk darurat."
cari_bengkel_terdekat,"Cari towing terdekat untuk keadaan darurat."
cari_bengkel_terdekat,"Bengkel terdekat yang melayani emergensi."
cari_bengkel_terdekat,"Towing terdekat untuk situasi darurat."
cari_bengkel_terdekat,"Butuh bantuan pinggir jalan, bengkel terdekat."
cari_bengkel_terdekat,"Cari roadside assistance, towing terdekat."
cari_bengkel_terdekat,"Bengkel terdekat yang menawarkan roadside service."
cari_bengkel_terdekat,"Towing terdekat dengan layanan pinggir jalan."
cari_bengkel_terdekat,"Bengkel terdekat yang datang ke lokasi."
cari_bengkel_terdekat,"Towing terdekat yang bisa ke tempat saya."
cari_bengkel_terdekat,"Cari bengkel mobile terdekat."
cari_bengkel_terdekat,"Butuh towing mobile terdekat."
cari_bengkel_terdekat,"Bengkel terdekat dengan alat canggih."
cari_bengkel_terdekat,"Towing terdekat dengan truk besar."
cari_bengkel_terdekat,"Cari bengkel terdekat yang punya lift."
cari_bengkel_terdekat,"Butuh towing terdekat dengan winch."
cari_bengkel_terdekat,"Bengkel terdekat yang menerima garansi."
cari_bengkel_terdekat,"Towing terdekat yang covered by insurance."
cari_bengkel_terdekat,"Cari bengkel terdekat dengan layanan garansi."
cari_bengkel_terdekat,"Butuh towing terdekat yang dijamin asuransi."
cari_bengkel_terdekat,"Layanan bengkel terdekat."
cari_bengkel_terdekat,"Pelayanan towing terdekat."
cari_bengkel_terdekat,"Servis bengkel terdekat."
cari_bengkel_terdekat,"Jasa towing terdekat."
cari_bengkel_terdekat,"Bengkel terdekat yang bisa buat janji."
cari_bengkel_terdekat,"Towing terdekat yang menerima booking."
cari_bengkel_terdekat,"Cari bengkel terdekat untuk appointment."
cari_bengkel_terdekat,"Butuh towing terdekat dengan reservasi."
cari_bengkel_terdekat,"Bengkel terdekat yang jual spare part."
cari_bengkel_terdekat,"Towing terdekat yang sediakan onderdil."
cari_bengkel_terdekat,"Cari bengkel terdekat dengan stok lengkap."
cari_bengkel_terdekat,"Butuh towing terdekat yang punya suku cadang."
cari_bengkel_terdekat,"Bengkel terdekat yang bersertifikat."
cari_bengkel_terdekat,"Towing terdekat yang terakreditasi."
cari_bengkel_terdekat,"Cari bengkel terdekat dengan sertifikasi resmi."
cari_bengkel_terdekat,"Butuh towing terdekat yang berlisensi."
cari_bengkel_terdekat,"Bengkel terdekat yang ramah lingkungan."
cari_bengkel_terdekat,"Towing terdekat yang hijau."
cari_bengkel_terdekat,"Cari bengkel terdekat dengan praktik berkelanjutan."
cari_bengkel_terdekat,"Butuh towing terdekat yang peduli lingkungan."
cari_bengkel_terdekat,"Bengkel terdekat untuk mobil mewah."
cari_bengkel_terdekat,"Towing terdekat untuk kendaraan premium."
cari_bengkel_terdekat,"Cari bengkel terdekat khusus mobil mahal."
cari_bengkel_terdekat,"Butuh towing terdekat untuk motor sport."
cari_bengkel_terdekat,"Bengkel terdekat untuk mobil kelas atas."
cari_bengkel_terdekat,"Towing terdekat untuk kendaraan eksklusif."
cari_bengkel_terdekat,"Cari bengkel terdekat untuk mobil high-end."
cari_bengkel_terdekat,"Butuh towing terdekat untuk motor premium."
cari_bengkel_terdekat,"Bengkel terdekat untuk mobil antik."
cari_bengkel_terdekat,"Towing terdekat untuk kendaraan klasik."
cari_bengkel_terdekat,"Cari bengkel terdekat yang spesialis mobil tua."
cari_bengkel_terdekat,"Butuh towing terdekat untuk mobil vintage."
cari_bengkel_terdekat,"Bengkel terdekat untuk modifikasi motor."
cari_bengkel_terdekat,"Towing terdekat untuk motor custom."
cari_bengkel_terdekat,"Cari bengkel terdekat yang bisa custom motor."
cari_bengkel_terdekat,"Butuh towing terdekat untuk motor modifikasi."
cari_bengkel_terdekat,"Bengkel terdekat untuk tuning mobil."
cari_bengkel_terdekat,"Towing terdekat untuk kendaraan performa tinggi."
cari_bengkel_terdekat,"Cari bengkel terdekat yang ahli performa."
cari_bengkel_terdekat,"Butuh towing terdekat untuk mobil balap."
cari_bengkel_terdekat,"Bengkel terdekat untuk peningkatan performa."
cari_bengkel_terdekat,"Towing terdekat untuk kendaraan berperforma."
cari_bengkel_terdekat,"Cari bengkel terdekat untuk modifikasi performa."
cari_bengkel_terdekat,"Butuh towing terdekat untuk mobil sport."
cari_bengkel_terdekat,"Bengkel terdekat untuk cat mobil."
cari_bengkel_terdekat,"Towing terdekat untuk kendaraan yang butuh repaint."
cari_bengkel_terdekat,"Cari bengkel terdekat yang bisa detailing."
cari_bengkel_terdekat,"Butuh towing terdekat untuk motor yang mau dicat ulang."
cari_bengkel_terdekat,"Bengkel terdekat untuk pasang audio mobil."
cari_bengkel_terdekat,"Towing terdekat untuk kendaraan yang butuh sound system."
cari_bengkel_terdekat,"Cari bengkel terdekat yang ahli audio."
cari_bengkel_terdekat,"Butuh towing terdekat untuk motor yang mau pasang speaker."
cari_bengkel_terdekat,"Bengkel terdekat untuk pasang GPS."
cari_bengkel_terdekat,"Towing terdekat untuk kendaraan yang butuh navigasi."
cari_bengkel_terdekat,"Cari bengkel terdekat yang bisa instalasi GPS."
cari_bengkel_terdekat,"Butuh towing terdekat untuk mobil yang mau pasang navigasi."
cari_bengkel_terdekat,"Bengkel terdekat untuk sistem navigasi."
cari_bengkel_terdekat,"Towing terdekat untuk kendaraan dengan GPS."
cari_bengkel_terdekat,"Cari bengkel terdekat untuk pemasangan GPS."
cari_bengkel_terdekat,"Butuh towing terdekat untuk mobil dengan navigasi."
cari_bengkel_terdekat,"Bengkel terdekat untuk pasang alarm mobil."
cari_bengkel_terdekat,"Towing terdekat untuk kendaraan yang butuh keamanan."
cari_bengkel_terdekat,"Cari bengkel terdekat yang ahli security system."
cari_bengkel_terdekat,"Butuh towing terdekat untuk motor yang mau pasang alarm."
cari_bengkel_terdekat,"Bengkel terdekat untuk ganti ban."
cari_bengkel_terdekat,"Towing terdekat untuk kendaraan dengan ban kempes."
cari_bengkel_terdekat,"Cari bengkel terdekat yang bisa servis ban."
cari_bengkel_terdekat,"Butuh towing terdekat untuk mobil dengan ban bocor."
cari_bengkel_terdekat,"Bengkel terdekat untuk ganti aki."
cari_bengkel_terdekat,"Towing terdekat untuk kendaraan dengan aki soak."
cari_bengkel_terdekat,"Cari bengkel terdekat yang bisa servis aki."
cari_bengkel_terdekat,"Butuh towing terdekat untuk motor dengan aki mati."
cari_bengkel_terdekat,"Bengkel terdekat yang bisa servis mobil listrik."
cari_bengkel_terdekat,"Mohon informasi mengenai bengkel mobil terdekat yang menyediakan layanan servis AC dengan teknisi berpengalaman."
cari_bengkel_terdekat,"Apakah ada bengkel motor terdekat yang buka 24 jam dan bisa menangani masalah karburator?"
cari_bengkel_terdekat,"Saya membutuhkan layanan towing terdekat untuk kendaraan SUV yang mogok di jalan raya, adakah rekomendasi?"
cari_bengkel_terdekat,"Di mana saya bisa menemukan bengkel terdekat yang spesialis dalam perbaikan transmisi otomatis?"
cari_bengkel_terdekat,"Tolong bantu cari bengkel mobil terdekat yang memiliki alat diagnostic untuk mesin diesel."
cari_bengkel_terdekat,"Ada bengkel motor terdekat yang bisa servis injektor dengan peralatan standar bengkel resmi?"
cari_bengkel_terdekat,"Saya butuh bengkel terdekat untuk mengganti ban mobil yang bocor, adakah yang buka malam ini?"
cari_bengkel_terdekat,"Mohon info bengkel terdekat yang bisa menangani masalah kelistrikan pada motor matic."
cari_bengkel_terdekat,"Apakah ada layanan towing terdekat yang bisa mengangkut mobil sedan dengan biaya terjangkau?"
cari_bengkel_terdekat,"Di mana bengkel mobil terdekat yang menyediakan jasa ganti oli mesin dengan oli sintetik?"
cari_bengkel_terdekat,"Saya mencari bengkel terdekat untuk servis rutin motor, lengkap dengan cek rem dan rantai."
cari_bengkel_terdekat,"Tolong rekomendasi bengkel terdekat yang bisa memperbaiki power steering mobil dengan cepat."
cari_bengkel_terdekat,"Ada bengkel motor terdekat yang jago menangani masalah mesin 2-tak dengan spare part lengkap?"
cari_bengkel_terdekat,"Mohon bantuan untuk menemukan layanan towing terdekat yang beroperasi 24 jam."
cari_bengkel_terdekat,"Di mana saya bisa menemukan bengkel terdekat untuk perbaikan radiator mobil yang bocor?"
cari_bengkel_terdekat,"Saya perlu bengkel mobil terdekat yang bisa menangani masalah ECU dengan alat scan modern."
cari_bengkel_terdekat,"Apakah ada bengkel motor terdekat yang menyediakan jasa cat ulang bodi motor?"
cari_bengkel_terdekat,"Tolong cari layanan towing terdekat untuk motor yang mogok akibat ban kempes."
cari_bengkel_terdekat,"Bengkel terdekat yang spesialis kaki-kaki mobil ada di mana? Mobil saya bunyi saat belok."
cari_bengkel_terdekat,"Mohon info bengkel motor terdekat yang bisa ganti kampas rem dengan kualitas original."
cari_bengkel_terdekat,"Saya butuh bengkel mobil terdekat untuk cek sistem bahan bakar, ada yang recommended?"
cari_bengkel_terdekat,"Apakah ada layanan towing terdekat yang bisa datang dalam waktu kurang dari 30 menit?"
cari_bengkel_terdekat,"Di mana bengkel terdekat yang bisa memperbaiki lampu mobil yang mati sebelah?"
cari_bengkel_terdekat,"Tolong bantu cari bengkel motor terdekat yang punya teknisi ahli untuk servis karburator."
cari_bengkel_terdekat,"Saya mencari bengkel mobil terdekat yang bisa ganti aki dengan merek terpercaya."
cari_bengkel_terdekat,"Ada bengkel terdekat yang bisa menangani masalah kopling motor manual dengan cepat?"
cari_bengkel_terdekat,"Mohon rekomendasi layanan towing terdekat untuk mobil yang overheat di jalan."
cari_bengkel_terdekat,"Di mana saya bisa menemukan bengkel mobil terdekat untuk servis rem ABS?"
cari_bengkel_terdekat,"Saya butuh bengkel motor terdekat yang menyediakan spare part asli untuk motor sport."
cari_bengkel_terdekat,"Apakah ada bengkel terdekat yang bisa memperbaiki power window mobil yang macet?"
cari_bengkel_terdekat,"Tolong info layanan towing terdekat yang bisa mengangkut motor besar seperti moge."
cari_bengkel_terdekat,"Bengkel mobil terdekat yang punya alat untuk cek emisi gas buang ada di mana?"
cari_bengkel_terdekat,"Mohon bantuan cari bengkel motor terdekat yang bisa servis rantai dan gir motor."
cari_bengkel_terdekat,"Saya mencari bengkel terdekat untuk ganti oli transmisi mobil manual, ada rekomendasi?"
cari_bengkel_terdekat,"Apakah ada layanan towing terdekat yang beroperasi malam hari dengan biaya wajar?"
cari_bengkel_terdekat,"Di mana bengkel motor terdekat yang bisa menangani masalah stang motor yang oleng?"
cari_bengkel_terdekat,"Tolong cari bengkel mobil terdekat yang spesialis perbaikan alternator."
cari_bengkel_terdekat,"Saya butuh bengkel terdekat untuk servis AC mobil, ada yang punya teknisi bersertifikat?"
cari_bengkel_terdekat,"Mohon info bengkel motor terdekat yang bisa ganti busi dengan kualitas iridium."
cari_bengkel_terdekat,"Apakah ada bengkel mobil terdekat yang menyediakan jasa poles bodi mobil?"
cari_bengkel_terdekat,"Tolong rekomendasi layanan towing terdekat untuk kendaraan yang mogok akibat aki soak."
cari_bengkel_terdekat,"Di mana saya bisa menemukan bengkel terdekat untuk perbaikan suspensi mobil?"
cari_bengkel_terdekat,"Saya mencari bengkel motor terdekat yang bisa menangani masalah knalpot bocor."
cari_bengkel_terdekat,"Bengkel mobil terdekat yang bisa servis injektor bahan bakar ada di mana?"
cari_bengkel_terdekat,"Mohon bantuan cari layanan towing terdekat yang bisa mengangkut mobil double cabin."
cari_bengkel_terdekat,"Apakah ada bengkel terdekat yang spesialis perbaikan mesin diesel dengan alat lengkap?"
cari_bengkel_terdekat,"Tolong info bengkel motor terdekat yang bisa ganti oli mesin dengan merek ternama."
cari_bengkel_terdekat,"Saya butuh bengkel mobil terdekat untuk cek sistem kemudi yang bermasalah."
cari_bengkel_terdekat,"Di mana bengkel terdekat yang bisa menangani masalah transmisi matic mobil?"
cari_bengkel_terdekat,"Mohon rekomendasi bengkel motor terdekat untuk servis rutin dengan cek tune-up."
cari_bengkel_terdekat,"Apakah ada layanan towing terdekat yang bisa datang cepat untuk motor yang mogok?"
cari_bengkel_terdekat,"Tolong cari bengkel mobil terdekat yang punya alat scan untuk cek kode error."
cari_bengkel_terdekat,"Saya mencari bengkel terdekat untuk ganti kaca spion mobil yang pecah."
cari_bengkel_terdekat,"Bengkel motor terdekat yang bisa menangani masalah rantai kendur ada di mana?"
cari_bengkel_terdekat,"Mohon info layanan towing terdekat yang beroperasi 24 jam untuk mobil MPV."
cari_bengkel_terdekat,"Di mana saya bisa menemukan bengkel mobil terdekat untuk servis radiator?"
cari_bengkel_terdekat,"Saya butuh bengkel motor terdekat yang menyediakan jasa ganti kampas kopling."
cari_bengkel_terdekat,"Apakah ada bengkel terdekat yang bisa memperbaiki sistem audio mobil?"
cari_bengkel_terdekat,"Tolong rekomendasi bengkel mobil terdekat untuk ganti oli diferensial."
cari_bengkel_terdekat,"Mohon bantuan cari bengkel motor terdekat yang bisa servis karburator motor bebek."
cari_bengkel_terdekat,"Saya mencari layanan towing terdekat untuk kendaraan yang mogok di tol."
cari_bengkel_terdekat,"Di mana bengkel terdekat yang bisa menangani masalah pompa bahan bakar mobil?"
cari_bengkel_terdekat,"Apakah ada bengkel motor terdekat yang spesialis perbaikan mesin 4-tak?"
cari_bengkel_terdekat,"Tolong cari bengkel mobil terdekat yang bisa ganti tie rod end dengan cepat."
cari_bengkel_terdekat,"Saya butuh bengkel terdekat untuk servis rem motor dengan kampas rem asli."
cari_bengkel_terdekat,"Mohon info layanan towing terdekat yang bisa mengangkut motor dengan aman."
cari_bengkel_terdekat,"Bengkel mobil terdekat yang bisa menangani masalah sensor oksigen ada di mana?"
cari_bengkel_terdekat,"Apakah ada bengkel motor terdekat yang menyediakan jasa ganti aki motor?"
cari_bengkel_terdekat,"Tolong rekomendasi bengkel terdekat untuk perbaikan kaca mobil yang retak."
cari_bengkel_terdekat,"Saya mencari bengkel mobil terdekat yang bisa servis sistem pendingin mesin."
cari_bengkel_terdekat,"Di mana saya bisa menemukan bengkel motor terdekat untuk ganti rantai keteng?"
cari_bengkel_terdekat,"Mohon bantuan cari layanan towing terdekat untuk mobil yang mogok akibat ban pecah."
cari_bengkel_terdekat,"Apakah ada bengkel terdekat yang bisa menangani masalah starter mobil?"
cari_bengkel_terdekat,"Tolong info bengkel motor terdekat yang bisa servis shockbreaker depan."
cari_bengkel_terdekat,"Saya butuh bengkel mobil terdekat untuk cek sistem bahan bakar injeksi."
cari_bengkel_terdekat,"Bengkel terdekat yang spesialis perbaikan knalpot mobil ada di mana?"
cari_bengkel_terdekat,"Mohon rekomendasi layanan towing terdekat yang beroperasi malam ini."
cari_bengkel_terdekat,"Di mana bengkel motor terdekat yang bisa ganti velg motor yang penyok?"
cari_bengkel_terdekat,"Saya mencari bengkel mobil terdekat untuk servis kopling mobil manual."
cari_bengkel_terdekat,"Apakah ada bengkel terdekat yang bisa memperbaiki lampu sein motor?"
cari_bengkel_terdekat,"Tolong cari bengkel motor terdekat yang menyediakan jasa tune-up mesin."
cari_bengkel_terdekat,"Mohon info bengkel mobil terdekat yang bisa ganti bushing arm suspensi."
cari_bengkel_terdekat,"Saya butuh layanan towing terdekat untuk motor yang mogok akibat overheat."
cari_bengkel_terdekat,"Di mana saya bisa menemukan bengkel terdekat untuk servis AC motor?"
cari_bengkel_terdekat,"Apakah ada bengkel mobil terdekat yang spesialis perbaikan sistem kemudi?"
cari_bengkel_terdekat,"Tolong rekomendasi bengkel motor terdekat untuk ganti oli gardan."
cari_bengkel_terdekat,"Saya mencari bengkel terdekat yang bisa menangani masalah throttle body mobil."
cari_bengkel_terdekat,"Bengkel motor terdekat yang bisa servis karburator motor sport ada di mana?"
cari_bengkel_terdekat,"Mohon bantuan cari layanan towing terdekat untuk mobil yang mogok di parkiran."
cari_bengkel_terdekat,"Apakah ada bengkel terdekat yang bisa memperbaiki wiper mobil yang rusak?"
cari_bengkel_terdekat,"Tolong info bengkel mobil terdekat yang menyediakan jasa balancing roda."
cari_bengkel_terdekat,"Saya butuh bengkel motor terdekat untuk ganti kabel gas yang putus."
cari_bengkel_terdekat,"Di mana bengkel terdekat yang bisa menangani masalah dinamo starter mobil?"
cari_bengkel_terdekat,"Mohon rekomendasi bengkel mobil terdekat untuk servis sistem pengereman."
cari_bengkel_terdekat,"Apakah ada layanan towing terdekat yang bisa mengangkut mobil dengan transmisi matic?"
cari_bengkel_terdekat,"Tolong cari bengkel motor terdekat yang bisa ganti bearing roda depan."
cari_bengkel_terdekat,"Saya mencari bengkel terdekat untuk perbaikan cat mobil yang tergores."
cari_bengkel_terdekat,"Bengkel mobil terdekat yang bisa menangani masalah catalytic converter ada di mana?"
cari_bengkel_terdekat,"Mohon info bengkel motor terdekat yang menyediakan jasa servis CVT matic."
cari_bengkel_terdekat,"Apakah ada bengkel terdekat yang bisa memperbaiki sistem ABS pada mobil?"
cari_bengkel_terdekat,"Tolong rekomendasi layanan towing terdekat untuk motor yang mogok di jalan kecil."
cari_bengkel_terdekat,"Saya butuh bengkel mobil terdekat untuk ganti oli power steering."
cari_bengkel_terdekat,"Di mana saya bisa menemukan bengkel motor terdekat untuk servis rem tromol?"
cari_bengkel_terdekat,"Mohon bantuan cari bengkel terdekat yang bisa menangani masalah fuel pump mobil."
cari_bengkel_terdekat,"Apakah ada bengkel motor terdekat yang spesialis perbaikan bodi motor?"
cari_bengkel_terdekat,"Tolong cari bengkel mobil terdekat yang bisa ganti ball joint suspensi."
cari_bengkel_terdekat,"Saya mencari layanan towing terdekat untuk mobil yang mogok akibat mesin mati."
cari_bengkel_terdekat,"Bengkel terdekat yang bisa servis sistem kelistrikan mobil ada di mana?"
cari_bengkel_terdekat,"Mohon info bengkel motor terdekat yang bisa ganti lampu depan motor."
cari_bengkel_terdekat,"Apakah ada bengkel mobil terdekat yang menyediakan jasa spooring roda?"
cari_bengkel_terdekat,"Tolong rekomendasi bengkel terdekat untuk perbaikan kaca spion motor."
cari_bengkel_terdekat,"Saya butuh bengkel motor terdekat untuk servis rantai motor yang kendor."
cari_bengkel_terdekat,"Di mana saya bisa menemukan bengkel mobil terdekat untuk ganti filter udara?"
cari_bengkel_terdekat,"Mohon bantuan cari layanan towing terdekat untuk motor yang ban belakangnya kempes."
cari_bengkel_terdekat,"Apakah ada bengkel terdekat yang bisa menangani masalah gearbox mobil?"
cari_bengkel_terdekat,"Tolong cari bengkel motor terdekat yang bisa ganti oli mesin dengan cepat."
cari_bengkel_terdekat,"Saya mencari bengkel mobil terdekat untuk servis sistem injeksi bahan bakar."
cari_bengkel_terdekat,"Bengkel motor terdekat yang bisa servis shockbreaker belakang ada di mana?"
cari_bengkel_terdekat,"Mohon info layanan towing terdekat yang bisa mengangkut mobil dengan as roda depan."
cari_bengkel_terdekat,"Apakah ada bengkel terdekat yang bisa memperbaiki sistem AC mobil dengan freon asli?"
cari_bengkel_terdekat,"Tolong rekomendasi bengkel mobil terdekat untuk ganti kampas rem cakram."
cari_bengkel_terdekat,"Saya butuh bengkel motor terdekat untuk ganti ban dalam motor."
cari_bengkel_terdekat,"Di mana bengkel terdekat yang bisa menangani masalah timing belt mobil?"
cari_bengkel_terdekat,"Mohon bantuan cari bengkel mobil terdekat yang spesialis perbaikan knalpot."
cari_bengkel_terdekat,"Apakah ada layanan towing terdekat yang bisa datang untuk mobil yang mogok di basement?"
cari_bengkel_terdekat,"Tolong cari bengkel motor terdekat yang bisa servis karburator motor injeksi."
cari_bengkel_terdekat,"Saya mencari bengkel terdekat untuk perbaikan bodi mobil yang penyok."
cari_bengkel_terdekat,"Bengkel mobil terdekat yang bisa menangani masalah sensor MAF ada di mana?"
cari_bengkel_terdekat,"Mohon info bengkel motor terdekat yang menyediakan jasa ganti oli transmisi."
cari_bengkel_terdekat,"Apakah ada bengkel terdekat yang bisa memperbaiki sistem penerangan mobil?"
cari_bengkel_terdekat,"Tolong rekomendasi layanan towing terdekat untuk motor yang mogok akibat aki habis."
cari_bengkel_terdekat,"Saya butuh bengkel mobil terdekat untuk ganti filter bahan bakar."
cari_bengkel_terdekat,"Di mana saya bisa menemukan bengkel motor terdekat untuk servis kopling motor?"
cari_bengkel_terdekat,"Mohon bantuan cari bengkel terdekat yang bisa menangani masalah pompa air mobil."
cari_bengkel_terdekat,"Apakah ada bengkel motor terdekat yang spesialis perbaikan mesin matic?"
cari_bengkel_terdekat,"Tolong cari bengkel mobil terdekat yang bisa ganti shockbreaker depan."
cari_bengkel_terdekat,"Saya mencari layanan towing terdekat untuk mobil yang mogok akibat transmisi bermasalah."
cari_bengkel_terdekat,"Bengkel terdekat yang bisa servis sistem bahan bakar motor ada di mana?"
cari_bengkel_terdekat,"Mohon info bengkel motor terdekat yang bisa ganti bearing roda belakang."
cari_bengkel_terdekat,"Apakah ada bengkel mobil terdekat yang menyediakan jasa ganti oli matic?"
cari_bengkel_terdekat,"Tolong rekomendasi bengkel terdekat untuk perbaikan lampu rem motor."
cari_bengkel_terdekat,"Saya butuh bengkel motor terdekat untuk servis rantai motor sport."
cari_bengkel_terdekat,"Di mana saya bisa menemukan bengkel mobil terdekat untuk ganti filter oli?"
cari_bengkel_terdekat,"Mohon bantuan cari layanan towing terdekat untuk motor yang mogok di perumahan."
cari_bengkel_terdekat,"Apakah ada bengkel terdekat yang bisa menangani masalah dinamo ampere mobil?"
cari_bengkel_terdekat,"Tolong cari bengkel motor terdekat yang bisa ganti busi motor matic."
cari_bengkel_terdekat,"Saya mencari bengkel mobil terdekat untuk servis sistem kemudi power."
cari_bengkel_terdekat,"Bengkel motor terdekat yang bisa servis rem cakram depan ada di mana?"
cari_bengkel_terdekat,"Mohon info layanan towing terdekat yang bisa mengangkut mobil dengan as roda belakang."
cari_bengkel_terdekat,"Apakah ada bengkel terdekat yang bisa memperbaiki sistem pendingin motor?"
cari_bengkel_terdekat,"Tolong rekomendasi bengkel mobil terdekat untuk ganti kampas kopling mobil."
cari_bengkel_terdekat,"Saya butuh bengkel motor terdekat untuk ganti ban luar motor."
cari_bengkel_terdekat,"Di mana bengkel terdekat yang bisa menangani masalah sensor TPS mobil?"
cari_bengkel_terdekat,"Mohon bantuan cari bengkel mobil terdekat yang spesialis perbaikan radiator."
cari_bengkel_terdekat,"Apakah ada layanan towing terdekat yang bisa datang untuk mobil yang mogok di jalan raya?"
cari_bengkel_terdekat,"Tolong cari bengkel motor terdekat yang bisa servis shockbreaker motor matic."
cari_bengkel_terdekat,"Saya mencari bengkel terdekat untuk perbaikan bodi motor yang tergores."
cari_bengkel_terdekat,"Bengkel mobil terdekat yang bisa menangani masalah coil ignition ada di mana?"
cari_bengkel_terdekat,"Mohon info bengkel motor terdekat yang menyediakan jasa ganti oli mesin matic."
cari_bengkel_terdekat,"Apakah ada bengkel terdekat yang bisa memperbaiki sistem klakson mobil?"
cari_bengkel_terdekat,"Tolong rekomendasi layanan towing terdekat untuk motor yang mogok akibat karburator bermasalah."
cari_bengkel_terdekat,"Saya butuh bengkel mobil terdekat untuk ganti filter kabin AC."
cari_bengkel_terdekat,"Di mana saya bisa menemukan bengkel motor terdekat untuk servis rantai motor bebek?"
cari_bengkel_terdekat,"Mohon bantuan cari bengkel terdekat yang bisa menangani masalah pompa bensin motor."
cari_bengkel_terdekat,"Apakah ada bengkel motor terdekat yang spesialis perbaikan mesin sport?"
cari_bengkel_terdekat,"Tolong cari bengkel mobil terdekat yang bisa ganti shockbreaker belakang."
cari_bengkel_terdekat,"Saya mencari layanan towing terdekat untuk mobil yang mogok akibat aki lemah."
cari_bengkel_terdekat,"Bengkel terdekat yang bisa servis sistem kelistrikan motor ada di mana?"
cari_bengkel_terdekat,"Mohon info bengkel motor terdekat yang bisa ganti kampas rem tromol."
cari_bengkel_terdekat,"Apakah ada bengkel mobil terdekat yang menyediakan jasa ganti oli diferensial?"
cari_bengkel_terdekat,"Tolong rekomendasi bengkel terdekat untuk perbaikan lampu depan motor."
cari_bengkel_terdekat,"Saya butuh bengkel motor terdekat untuk servis CVT motor matic."
cari_bengkel_terdekat,"Di mana saya bisa menemukan bengkel mobil terdekat untuk ganti filter bahan bakar injeksi?"
cari_bengkel_terdekat,"Mohon bantuan cari layanan towing terdekat untuk motor yang mogok di jalan utama."
cari_bengkel_terdekat,"Apakah ada bengkel terdekat yang bisa menangani masalah sensor crankshaft mobil?"
cari_bengkel_terdekat,"Tolong cari bengkel motor terdekat yang bisa ganti oli mesin motor sport."
cari_bengkel_terdekat,"Saya mencari bengkel mobil terdekat untuk servis sistem pengereman cakram."
cari_bengkel_terdekat,"Bengkel motor terdekat yang bisa servis karburator motor bebek ada di mana?"
cari_bengkel_terdekat,"Mohon info layanan towing terdekat yang bisa mengangkut mobil dengan transmisi manual."
cari_bengkel_terdekat,"Apakah ada bengkel terdekat yang bisa memperbaiki sistem AC motor matic?"
cari_bengkel_terdekat,"Tolong rekomendasi bengkel mobil terdekat untuk ganti tie rod end suspensi."
cari_bengkel_terdekat,"Saya butuh bengkel motor terdekat untuk ganti kabel rem motor."
cari_bengkel_terdekat,"Di mana bengkel terdekat yang bisa menangani masalah pompa oli mobil?"
cari_bengkel_terdekat,"Mohon bantuan cari bengkel mobil terdekat yang spesialis perbaikan sistem injeksi."
cari_bengkel_terdekat,"Apakah ada layanan towing terdekat yang bisa datang untuk mobil yang mogok di malam hari?"
cari_bengkel_terdekat,"Tolong cari bengkel motor terdekat yang bisa servis rantai motor matic."
cari_bengkel_terdekat,"Saya mencari bengkel terdekat untuk perbaikan cat motor yang tergores."
cari_bengkel_terdekat,"Bengkel mobil terdekat yang bisa menangani masalah sensor MAP ada di mana?"
cari_bengkel_terdekat,"Mohon info bengkel motor terdekat yang menyediakan jasa ganti oli gardan matic."
cari_bengkel_terdekat,"Apakah ada bengkel terdekat yang bisa memperbaiki sistem penerangan motor?"
cari_bengkel_terdekat,"Tolong rekomendasi layanan towing terdekat untuk motor yang mogok akibat ban bocor."
cari_bengkel_terdekat,"Saya butuh bengkel mobil terdekat untuk ganti oli transmisi matic."
cari_bengkel_terdekat,"Di mana saya bisa menemukan bengkel motor terdekat untuk servis kopling motor bebek?"
cari_bengkel_terdekat,"Mohon bantuan cari bengkel terdekat yang bisa menangani masalah thermostat mobil?"
cari_bengkel_terdekat,"Apakah ada bengkel motor terdekat yang spesialis perbaikan mesin 2-tak?"
cari_bengkel_terdekat,"Tolong cari bengkel mobil terdekat yang bisa ganti bushing suspensi."
cari_bengkel_terdekat,"Saya mencari layanan towing terdekat untuk mobil yang mogok akibat alternator rusak."
cari_bengkel_terdekat,"Bengkel terdekat yang bisa servis sistem bahan bakar motor matic ada di mana?"
cari_bengkel_terdekat,"Mohon info bengkel motor terdekat yang bisa ganti bearing roda depan motor."
cari_bengkel_terdekat,"Apakah ada bengkel mobil terdekat yang menyediakan jasa ganti oli power steering?"
cari_bengkel_terdekat,"Tolong rekomendasi bengkel terdekat untuk perbaikan lampu sein motor."
cari_bengkel_terdekat,"Saya butuh bengkel motor terdekat untuk servis rantai motor sport."
cari_bengkel_terdekat,"Di mana saya bisa menemukan bengkel mobil terdekat untuk ganti filter udara kabin?"
cari_bengkel_terdekat,"Mohon bantuan cari layanan towing terdekat untuk motor yang mogok di jalan raya."
cari_bengkel_terdekat,"Apakah ada bengkel terdekat yang bisa menangani masalah sensor camshaft mobil?"
cari_bengkel_terdekat,"Tolong cari bengkel motor terdekat yang bisa ganti busi motor sport."
cari_bengkel_terdekat,"Saya mencari bengkel mobil terdekat untuk servis sistem kelistrikan mobil."
cari_bengkel_terdekat,"Bengkel motor terdekat yang bisa servis rem cakram belakang ada di mana?"
cari_bengkel_terdekat,"Mohon info layanan towing terdekat yang bisa mengangkut mobil dengan as roda depan rusak."
cari_bengkel_terdekat,"Apakah ada bengkel terdekat yang bisa memperbaiki sistem pendingin motor matic?"
cari_bengkel_terdekat,"Tolong rekomendasi bengkel mobil terdekat untuk ganti kampas rem tromol."
cari_bengkel_terdekat,"Saya butuh bengkel motor terdekat untuk ganti ban dalam motor matic."
cari_bengkel_terdekat,"Di mana bengkel terdekat yang bisa menangani masalah pompa air radiator mobil?"
cari_bengkel_terdekat,"Mohon bantuan cari bengkel mobil terdekat yang spesialis perbaikan transmisi."
cari_bengkel_terdekat,"Apakah ada layanan towing terdekat yang bisa datang untuk mobil yang mogok di tol?"
cari_bengkel_terdekat,"Tolong cari bengkel motor terdekat yang bisa servis shockbreaker depan motor."
cari_bengkel_terdekat,"Saya mencari bengkel terdekat untuk perbaikan bodi motor yang penyok."
cari_bengkel_terdekat,"Bengkel mobil terdekat yang bisa menangani masalah sensor knock ada di mana?"
cari_bengkel_terdekat,"Mohon info bengkel motor terdekat yang menyediakan jasa ganti oli mesin bebek."
cari_bengkel_terdekat,"Apakah ada bengkel terdekat yang bisa memperbaiki sistem klakson motor?"
cari_bengkel_terdekat,"Tolong rekomendasi layanan towing terdekat untuk motor yang mogok akibat rantai putus."
cari_bengkel_terdekat,"Saya butuh bengkel mobil terdekat untuk ganti filter bahan bakar matic."
cari_bengkel_terdekat,"Di mana saya bisa menemukan bengkel motor terdekat untuk servis rantai motor bebek?"
cari_bengkel_terdekat,"Mohon bantuan cari bengkel terdekat yang bisa menangani masalah fuel injector mobil?"
cari_bengkel_terdekat,"Apakah ada bengkel motor terdekat yang spesialis perbaikan mesin 4-tak matic?"
cari_bengkel_terdekat,"Tolong cari bengkel mobil terdekat yang bisa ganti shockbreaker mobil."
cari_bengkel_terdekat,"Saya mencari layanan towing terdekat untuk mobil yang mogok akibat overheat mesin."
cari_bengkel_terdekat,"Bengkel terdekat yang bisa servis sistem kelistrikan motor bebek ada di mana?"
cari_bengkel_terdekat,"Mohon info bengkel motor terdekat yang bisa ganti bearing roda belakang motor."
cari_bengkel_terdekat,"Apakah ada bengkel mobil terdekat yang menyediakan jasa ganti oli transmisi manual?"
cari_bengkel_terdekat,"Tolong rekomendasi bengkel terdekat untuk perbaikan lampu rem motor matic."
cari_bengkel_terdekat,"Saya butuh bengkel motor terdekat untuk servis CVT motor sport."
cari_bengkel_terdekat,"Di mana saya bisa menemukan bengkel mobil terdekat untuk ganti filter oli matic?"
cari_bengkel_terdekat,"Mohon bantuan cari layanan towing terdekat untuk motor yang mogok di perkampungan."
cari_bengkel_terdekat,"Apakah ada bengkel terdekat yang bisa menangani masalah sensor IAT mobil?"
cari_bengkel_terdekat,"Tolong cari bengkel motor terdekat yang bisa ganti oli mesin motor bebek."
cari_bengkel_terdekat,"Saya mencari bengkel mobil terdekat untuk servis sistem pengereman ABS."
cari_bengkel_terdekat,"Bengkel motor terdekat yang bisa servis karburator motor sport ada di mana?"
cari_bengkel_terdekat,"Mohon info layanan towing terdekat yang bisa mengangkut mobil dengan transmisi otomatis."
cari_bengkel_terdekat,"Apakah ada bengkel terdekat yang bisa memperbaiki sistem penerangan motor matic?"
cari_bengkel_terdekat,"Tolong rekomendasi bengkel mobil terdekat untuk ganti kampas rem belakang."
cari_bengkel_terdekat,"Saya butuh bengkel motor terdekat untuk ganti ban luar motor sport."
cari_bengkel_terdekat,"Di mana bengkel terdekat yang bisa menangani masalah sensor O2 mobil?"
cari_bengkel_terdekat,"Mohon bantuan cari bengkel mobil terdekat yang spesialis perbaikan sistem bahan bakar."
cari_bengkel_terdekat,"Apakah ada layanan towing terdekat yang bisa datang untuk mobil yang mogok di jalan raya?"
cari_bengkel_terdekat,"Tolong cari bengkel motor terdekat yang bisa servis rantai motor matic."
cari_bengkel_terdekat,"Saya membutuhkan informasi bengkel motor terdekat yang menyediakan layanan tune up dan ganti oli."
cari_bengkel_terdekat,"Mohon bantuan untuk menemukan bengkel mobil terdekat yang buka 24 jam dan melayani service AC."
cari_bengkel_terdekat,"Dimana bengkel terdekat yang bisa menangani masalah transmisi matic dan memiliki teknisi berpengalaman?"
cari_bengkel_terdekat,"Saya mencari bengkel motor terdekat yang menyediakan spare part original dan service berkualitas."
cari_bengkel_terdekat,"Apakah ada bengkel mobil terdekat yang melayani service rem dan memiliki fasilitas lifting yang memadai?"
cari_bengkel_terdekat,"Butuh info bengkel terdekat yang bisa handle masalah engine overheat dan tersedia emergency service."
cari_bengkel_terdekat,"Mohon rekomendasi bengkel motor terdekat yang menerima semua merek dan memiliki harga yang kompetitif."
cari_bengkel_terdekat,"Saya perlu bengkel mobil terdekat yang bisa menangani perbaikan sistem kelistrikan dan elektronik."
cari_bengkel_terdekat,"Dimana bengkel terdekat yang menyediakan layanan towing dan memiliki mekanik yang handal?"
cari_bengkel_terdekat,"Butuh bengkel motor terdekat yang bisa service CVT dan memiliki peralatan diagnostic modern."
cari_bengkel_terdekat,"Apakah ada bengkel mobil terdekat yang melayani perbaikan suspensi dan alignment roda?"
cari_bengkel_terdekat,"Saya mencari bengkel terdekat yang bisa menangani masalah fuel injection dan tersedia konsultasi gratis."
cari_bengkel_terdekat,"Mohon info bengkel motor terdekat yang menyediakan layanan ganti ban dan balancing."
cari_bengkel_terdekat,"Dimana bengkel mobil terdekat yang bisa perbaiki masalah starter dan alternator?"
cari_bengkel_terdekat,"Butuh bengkel terdekat yang melayani service berkala dan memiliki sistem booking online."
cari_bengkel_terdekat,"Saya perlu bengkel motor terdekat yang bisa menangani perbaikan kopling dan rem cakram."
cari_bengkel_terdekat,"Apakah ada bengkel mobil terdekat yang menyediakan layanan cuci steam dan detailing?"
cari_bengkel_terdekat,"Mohon rekomendasi bengkel terdekat yang bisa handle masalah timing belt dan water pump."
cari_bengkel_terdekat,"Dimana bengkel motor terdekat yang melayani modifikasi dan upgrade performa?"
cari_bengkel_terdekat,"Saya mencari bengkel mobil terdekat yang memiliki sertifikat resmi dan garansi service."
cari_bengkel_terdekat,"Butuh info bengkel terdekat yang bisa menangani perbaikan power steering dan brake booster."
cari_bengkel_terdekat,"Apakah ada bengkel motor terdekat yang menyediakan layanan emergency dan buka hari libur?"
cari_bengkel_terdekat,"Mohon bantuan menemukan bengkel mobil terdekat yang melayani perbaikan differential dan drive shaft."
cari_bengkel_terdekat,"Saya perlu bengkel terdekat yang bisa service aircon dan memiliki freon yang lengkap."
cari_bengkel_terdekat,"Dimana bengkel motor terdekat yang menyediakan spare part aftermarket dan racing?"
cari_bengkel_terdekat,"Butuh bengkel mobil terdekat yang bisa menangani masalah catalytic converter dan sensor O2."
cari_bengkel_terdekat,"Apakah ada bengkel terdekat yang melayani perbaikan ECU dan programming immobilizer?"
cari_bengkel_terdekat,"Saya mencari bengkel motor terdekat yang memiliki dyno test dan tuning facility."
cari_bengkel_terdekat,"Mohon rekomendasi bengkel mobil terdekat yang bisa handle masalah turbo dan intercooler."
cari_bengkel_terdekat,"Dimana bengkel terdekat yang menyediakan layanan bodykit installation dan cat custom?"
cari_bengkel_terdekat,"Butuh info bengkel motor terdekat yang melayani bore up dan porting polish."
cari_bengkel_terdekat,"Saya perlu bengkel mobil terdekat yang bisa menangani perbaikan sunroof dan electric window."
cari_bengkel_terdekat,"Apakah ada bengkel terdekat yang menyediakan layanan audio system dan alarm mobil?"
cari_bengkel_terdekat,"Mohon bantuan menemukan bengkel motor terdekat yang melayani setting karburator dan CDI."
cari_bengkel_terdekat,"Dimana bengkel mobil terdekat yang bisa perbaiki masalah central lock dan keyless entry?"
cari_bengkel_terdekat,"Saya mencari bengkel terdekat yang memiliki fasilitas nitrogen filling dan tire pressure monitoring."
cari_bengkel_terdekat,"Butuh bengkel motor terdekat yang bisa menangani perbaikan speedometer dan dashboard."
cari_bengkel_terdekat,"Apakah ada bengkel mobil terdekat yang melayani engine swap dan transmission swap?"
cari_bengkel_terdekat,"Mohon rekomendasi bengkel terdekat yang menyediakan layanan hydraulic jack dan compressor."
cari_bengkel_terdekat,"Saya perlu bengkel motor terdekat yang bisa service shock absorber dan per keong."
cari_bengkel_terdekat,"Dimana bengkel mobil terdekat yang memiliki mesin bubut dan fasilitas machining?"
cari_bengkel_terdekat,"Butuh info bengkel terdekat yang melayani perbaikan velg peyang dan chrome plating."
cari_bengkel_terdekat,"Apakah ada bengkel motor terdekat yang menyediakan layanan porting cylinder head?"
cari_bengkel_terdekat,"Saya mencari bengkel mobil terdekat yang bisa menangani masalah ABS dan traction control."
cari_bengkel_terdekat,"Mohon bantuan menemukan bengkel terdekat yang melayani perbaikan clutch plate dan flywheel."
cari_bengkel_terdekat,"Dimana bengkel motor terdekat yang menyediakan layanan rebore dan overhaul mesin?"
cari_bengkel_terdekat,"Butuh bengkel mobil terdekat yang bisa handle masalah EPS dan steering rack."
cari_bengkel_terdekat,"Saya perlu bengkel terdekat yang memiliki scanner diagnostic untuk semua merek kendaraan."
cari_bengkel_terdekat,"Apakah ada bengkel motor terdekat yang melayani perbaikan final drive dan rantai?"
cari_bengkel_terdekat,"Mohon rekomendasi bengkel mobil terdekat yang menyediakan layanan underhood cleaning."
cari_bengkel_terdekat,"Dimana bengkel terdekat yang bisa menangani masalah fuel pump dan fuel filter?"
cari_bengkel_terdekat,"Saya mencari bengkel motor terdekat yang memiliki test bench untuk starter dan alternator."
cari_bengkel_terdekat,"Butuh info bengkel mobil terdekat yang melayani perbaikan wiper motor dan washer pump."
cari_bengkel_terdekat,"Apakah ada bengkel terdekat yang menyediakan layanan headlight restoration dan HID installation?"
cari_bengkel_terdekat,"Mohon bantuan menemukan bengkel motor terdekat yang bisa service injeksi dan throttle body."
cari_bengkel_terdekat,"Saya perlu bengkel mobil terdekat yang memiliki fasilitas four wheel alignment computerized."
cari_bengkel_terdekat,"Dimana bengkel terdekat yang melayani perbaikan door lock actuator dan window regulator?"
cari_bengkel_terdekat,"Butuh bengkel motor terdekat yang bisa menangani masalah CDI dan coil ignition."
cari_bengkel_terdekat,"Apakah ada bengkel mobil terdekat yang menyediakan layanan brake fluid flushing?"
cari_bengkel_terdekat,"Saya mencari bengkel terdekat yang memiliki lift hidrolik dan pneumatic tools."
cari_bengkel_terdekat,"Mohon rekomendasi bengkel motor terdekat yang bisa handle masalah electric starter."
cari_bengkel_terdekat,"Dimana bengkel mobil terdekat yang melayani perbaikan radiator dan cooling system?"
cari_bengkel_terdekat,"Butuh info bengkel terdekat yang menyediakan layanan engine carbon cleaning."
cari_bengkel_terdekat,"Saya perlu bengkel motor terdekat yang bisa menangani perbaikan swing arm dan bearing roda."
cari_bengkel_terdekat,"Apakah ada bengkel mobil terdekat yang memiliki fasilitas paint booth dan spray gun?"
cari_bengkel_terdekat,"Mohon bantuan menemukan bengkel terdekat yang melayani perbaikan exhaust system."
cari_bengkel_terdekat,"Dimana bengkel motor terdekat yang menyediakan layanan valve adjustment dan timing setting?"
cari_bengkel_terdekat,"Saya mencari bengkel mobil terdekat yang bisa handle masalah airbag dan seatbelt."
cari_bengkel_terdekat,"Butuh bengkel terdekat yang memiliki peralatan untuk balancing crankshaft dan connecting rod."
cari_bengkel_terdekat,"Apakah ada bengkel motor terdekat yang melayani perbaikan master rem dan kaliper?"
cari_bengkel_terdekat,"Mohon rekomendasi bengkel mobil terdekat yang menyediakan layanan transmission fluid service."
cari_bengkel_terdekat,"Saya perlu bengkel terdekat yang bisa menangani masalah ignition timing dan distributor."
cari_bengkel_terdekat,"Dimana bengkel motor terdekat yang memiliki fasilitas untuk test kompresi mesin?"
cari_bengkel_terdekat,"Butuh info bengkel mobil terdekat yang melayani perbaikan CV joint dan drive axle."
cari_bengkel_terdekat,"Apakah ada bengkel terdekat yang menyediakan layanan sandblasting dan powder coating?"
cari_bengkel_terdekat,"Saya mencari bengkel motor terdekat yang bisa handle masalah sistem pengapian elektronik."
cari_bengkel_terdekat,"Mohon bantuan menemukan bengkel mobil terdekat yang melayani perbaikan HVAC system."
cari_bengkel_terdekat,"Dimana bengkel terdekat yang memiliki fasilitas untuk welding dan cutting torch?"
cari_bengkel_terdekat,"Butuh bengkel motor terdekat yang bisa menangani perbaikan fork dan shock depan."
cari_bengkel_terdekat,"Saya perlu bengkel mobil terdekat yang menyediakan layanan battery testing dan charging."
cari_bengkel_terdekat,"Apakah ada bengkel terdekat yang memiliki mesin press untuk bearing dan bushing?"
cari_bengkel_terdekat,"Mohon rekomendasi bengkel motor terdekat yang melayani perbaikan sistem bahan bakar injeksi."
cari_bengkel_terdekat,"Dimana bengkel mobil terdekat yang bisa handle masalah electronic throttle control?"
cari_bengkel_terdekat,"Saya mencari bengkel terdekat yang menyediakan layanan leak detection dan pressure testing."
cari_bengkel_terdekat,"Butuh info bengkel motor terdekat yang memiliki fasilitas untuk boring cylinder."
cari_bengkel_terdekat,"Apakah ada bengkel mobil terdekat yang melayani perbaikan parking brake dan handbrake?"
cari_bengkel_terdekat,"Mohon bantuan menemukan bengkel terdekat yang menyediakan layanan ultrasonic cleaning."
cari_bengkel_terdekat,"Saya perlu bengkel motor terdekat yang bisa menangani perbaikan gear box dan transmisi."
cari_bengkel_terdekat,"Dimana bengkel mobil terdekat yang memiliki fasilitas untuk cylinder head machining?"
cari_bengkel_terdekat,"Butuh bengkel terdekat yang melayani perbaikan throttle position sensor dan MAP sensor."
cari_bengkel_terdekat,"Apakah ada bengkel motor terdekat yang menyediakan layanan dyno tuning dan mapping ECU?"
cari_bengkel_terdekat,"Saya mencari bengkel mobil terdekat yang bisa handle masalah variable valve timing."
cari_bengkel_terdekat,"Mohon rekomendasi bengkel terdekat yang memiliki fasilitas untuk magnaflux testing."
cari_bengkel_terdekat,"Dimana bengkel motor terdekat yang melayani perbaikan sistem pendingin radiator?"
cari_bengkel_terdekat,"Butuh info bengkel mobil terdekat yang menyediakan layanan engine rebuild dan machining."
cari_bengkel_terdekat,"Saya perlu bengkel terdekat yang bisa menangani perbaikan differential lock dan LSD."
cari_bengkel_terdekat,"Apakah ada bengkel motor terdekat yang memiliki fasilitas untuk valve seat cutting?"
cari_bengkel_terdekat,"Mohon bantuan menemukan bengkel mobil terdekat yang melayani perbaikan turbocharger."
cari_bengkel_terdekat,"Dimana bengkel terdekat yang menyediakan layanan crankshaft grinding dan polishing?"
cari_bengkel_terdekat,"Saya mencari bengkel motor terdekat yang bisa handle masalah sistem pengisian aki."
cari_bengkel_terdekat,"Butuh bengkel mobil terdekat yang memiliki fasilitas untuk connecting rod reconditioning."
cari_bengkel_terdekat,"Apakah ada bengkel terdekat yang melayani perbaikan electronic fuel injection system?"
cari_bengkel_terdekat,"Mohon rekomendasi bengkel motor terdekat yang menyediakan layanan cylinder boring dan honing."
cari_bengkel_terdekat,"Saya perlu bengkel mobil terdekat yang bisa menangani masalah variable geometry turbo."
cari_bengkel_terdekat,"Dimana bengkel terdekat yang memiliki peralatan untuk camshaft grinding dan profiling?"
cari_bengkel_terdekat,"Butuh info bengkel motor terdekat yang melayani perbaikan sistem starter elektrik."
cari_bengkel_terdekat,"Apakah ada bengkel mobil terdekat yang menyediakan layanan intercooler cleaning dan testing?"
cari_bengkel_terdekat,"Saya mencari bengkel terdekat yang bisa handle masalah electronic stability control."
cari_bengkel_terdekat,"Mohon bantuan menemukan bengkel motor terdekat yang memiliki fasilitas untuk piston machining."
cari_bengkel_terdekat,"Dimana bengkel mobil terdekat yang melayani perbaikan adaptive cruise control system?"
cari_bengkel_terdekat,"Butuh bengkel terdekat yang menyediakan layanan flywheel resurfacing dan balancing."
cari_bengkel_terdekat,"Saya perlu bengkel motor terdekat yang bisa menangani perbaikan sistem injeksi digital."
cari_bengkel_terdekat,"Apakah ada bengkel mobil terdekat yang memiliki fasilitas untuk valve guide replacement?"
cari_bengkel_terdekat,"Mohon rekomendasi bengkel terdekat yang melayani perbaikan direct injection system."
cari_bengkel_terdekat,"Dimana bengkel motor terdekat yang menyediakan layanan cylinder head porting dan polishing?"
cari_bengkel_terdekat,"Saya mencari bengkel mobil terdekat yang bisa handle masalah hybrid battery system."
cari_bengkel_terdekat,"Butuh info bengkel terdekat yang memiliki peralatan untuk crankcase boring dan align boring."
cari_bengkel_terdekat,"Apakah ada bengkel motor terdekat yang melayani perbaikan sistem pendingin oli mesin?"
cari_bengkel_terdekat,"Mohon bantuan menemukan bengkel mobil terdekat yang menyediakan layanan DPF cleaning."
cari_bengkel_terdekat,"Saya perlu bengkel terdekat yang bisa menangani perbaikan electronic parking brake."
cari_bengkel_terdekat,"Dimana bengkel motor terdekat yang memiliki fasilitas untuk intake manifold porting?"
cari_bengkel_terdekat,"Butuh bengkel mobil terdekat yang melayani perbaikan start-stop system dan mild hybrid?"
cari_bengkel_terdekat,"Apakah ada bengkel terdekat yang menyediakan layanan valve stem seal replacement?"
cari_bengkel_terdekat,"Saya mencari bengkel motor terdekat yang bisa handle masalah sistem pengapian programmable."
cari_bengkel_terdekat,"Mohon rekomendasi bengkel mobil terdekat yang memiliki fasilitas untuk engine block boring."
cari_bengkel_terdekat,"Dimana bengkel terdekat yang melayani perbaikan regenerative braking system?"
cari_bengkel_terdekat,"Butuh info bengkel motor terdekat yang menyediakan layanan exhaust gas recirculation service."
cari_bengkel_terdekat,"Saya perlu bengkel mobil terdekat yang bisa menangani perbaikan lane keeping assist."
cari_bengkel_terdekat,"Apakah ada bengkel terdekat yang memiliki peralatan untuk main bearing replacement?"
cari_bengkel_terdekat,"Mohon bantuan menemukan bengkel motor terdekat yang melayani perbaikan sistem slip differential."
cari_bengkel_terdekat,"Dimana bengkel mobil terdekat yang menyediakan layanan automatic emergency braking calibration?"
cari_bengkel_terdekat,"Saya mencari bengkel terdekat yang bisa handle masalah engine management system tuning."
cari_bengkel_terdekat,"Butuh bengkel motor terdekat yang memiliki fasilitas untuk big bore cylinder installation."
cari_bengkel_terdekat,"Apakah ada bengkel mobil terdekat yang melayani perbaikan blind spot monitoring system?"
cari_bengkel_terdekat,"Mohon rekomendasi bengkel terdekat yang menyediakan layanan high performance cam installation."
cari_bengkel_terdekat,"Saya perlu bengkel motor terdekat yang bisa menangani perbaikan traction control system."
cari_bengkel_terdekat,"Dimana bengkel mobil terdekat yang memiliki fasilitas untuk supercharger installation dan tuning?"
cari_bengkel_terdekat,"Butuh info bengkel terdekat yang melayani perbaikan electronic differential lock system."
cari_bengkel_terdekat,"Apakah ada bengkel motor terdekat yang menyediakan layanan performance ECU remapping?"
cari_bengkel_terdekat,"Saya mencari bengkel mobil terdekat yang bisa handle masalah adaptive suspension system."
cari_bengkel_terdekat,"Mohon bantuan menemukan bengkel terdekat yang memiliki peralatan untuk turbo rebuilding."
cari_bengkel_terdekat,"Dimana bengkel motor terdekat yang melayani perbaikan sistem fuel injection mapping?"
cari_bengkel_terdekat,"Butuh bengkel mobil terdekat yang menyediakan layanan active aerodynamics system service?"
cari_bengkel_terdekat,"Saya perlu bengkel terdekat yang bisa menangani perbaikan electronic throttle body calibration."
cari_bengkel_terdekat,"Apakah ada bengkel motor terdekat yang memiliki fasilitas untuk racing engine preparation?"
cari_bengkel_terdekat,"Mohon rekomendasi bengkel mobil terdekat yang melayani perbaikan torque vectoring system."
cari_bengkel_terdekat,"Dimana bengkel terdekat yang menyediakan layanan variable compression ratio engine service?"
cari_bengkel_terdekat,"Saya mencari bengkel motor terdekat yang bisa handle masalah ride-by-wire throttle system."
cari_bengkel_terdekat,"Butuh info bengkel mobil terdekat yang memiliki peralatan untuk cylinder deactivation system."
cari_bengkel_terdekat,"Apakah ada bengkel terdekat yang melayani perbaikan predictive cruise control system?"
cari_bengkel_terdekat,"Mohon bantuan menemukan bengkel motor terdekat yang menyediakan layanan quick shifter installation."
cari_bengkel_terdekat,"Saya perlu bengkel mobil terdekat yang bisa menangani perbaikan active noise cancellation?"
cari_bengkel_terdekat,"Dimana bengkel terdekat yang memiliki fasilitas untuk direct port nitrous oxide system?"
cari_bengkel_terdekat,"Butuh bengkel motor terdekat yang melayani perbaikan traction control dan wheelie control?"
cari_bengkel_terdekat,"Apakah ada bengkel mobil terdekat yang menyediakan layanan cylinder head flow testing?"
cari_bengkel_terdekat,"Saya mencari bengkel terdekat yang bisa handle masalah electronic limited slip differential?"
cari_bengkel_terdekat,"Mohon rekomendasi bengkel motor terdekat yang memiliki dyno untuk testing performa mesin."
cari_bengkel_terdekat,"Dimana bengkel mobil terdekat yang melayani perbaikan autonomous driving sensor calibration?"
cari_bengkel_terdekat,"Butuh info bengkel terdekat yang menyediakan layanan performance exhaust system installation?"
cari_bengkel_terdekat,"Saya perlu bengkel motor terdekat yang bisa menangani perbaikan cornering ABS system."
cari_bengkel_terdekat,"Apakah ada bengkel mobil terdekat yang memiliki fasilitas untuk engine simulation dan modeling?"
cari_bengkel_terdekat,"Mohon bantuan menemukan bengkel terdekat yang melayani perbaikan active front steering?"
cari_bengkel_terdekat,"Dimana bengkel motor terdekat yang menyediakan layanan engine balance shaft service?"
cari_bengkel_terdekat,"Saya mencari bengkel mobil terdekat yang bisa handle masalah gesture control system?"
cari_bengkel_terdekat,"Butuh bengkel terdekat yang memiliki peralatan untuk variable intake manifold tuning."
cari_bengkel_terdekat,"Apakah ada bengkel motor terdekat yang melayani perbaikan lean angle sensor calibration?"
cari_bengkel_terdekat,"Mohon rekomendasi bengkel mobil terdekat yang menyediakan layanan particulate filter regeneration?"
cari_bengkel_terdekat,"Saya perlu bengkel terdekat yang bisa menangani perbaikan electronic brake force distribution."
cari_bengkel_terdekat,"Dimana bengkel motor terdekat yang memiliki fasilitas untuk performance cam timing optimization?"
cari_bengkel_terdekat,"Butuh info bengkel mobil terdekat yang melayani perbaikan active body control system?"
cari_bengkel_terdekat,"Apakah ada bengkel terdekat yang menyediakan layanan engine knock detection system tuning?"
cari_bengkel_terdekat,"Saya mencari bengkel motor terdekat yang bisa handle masalah electronic suspension adjustment?"
cari_bengkel_terdekat,"Mohon bantuan menemukan bengkel mobil terdekat yang memiliki fasilitas untuk fuel system cleaning?"
cari_bengkel_terdekat,"Dimana bengkel terdekat yang melayani perbaikan intelligent key system programming?"
cari_bengkel_terdekat,"Butuh bengkel motor terdekat yang menyediakan layanan tyre pressure monitoring system reset?"
cari_bengkel_terdekat,"Saya perlu bengkel mobil terdekat yang bisa menangani perbaikan head-up display calibration."
cari_bengkel_terdekat,"Apakah ada bengkel terdekat yang memiliki peralatan untuk transmission control module programming?"
cari_bengkel_terdekat,"Mohon rekomendasi bengkel motor terdekat yang melayani perbaikan electronic fuel injection mapping?"
cari_bengkel_terdekat,"Dimana bengkel mobil terdekat yang menyediakan layanan wireless charging pad installation?"
cari_bengkel_terdekat,"Saya mencari bengkel terdekat yang bisa handle masalah surround view camera system?"
cari_bengkel_terdekat,"Butuh info bengkel motor terdekat yang memiliki fasilitas untuk ECU flashing dan tuning?"
cari_bengkel_terdekat,"Apakah ada bengkel mobil terdekat yang melayani perbaikan adaptive headlight system?"
cari_bengkel_terdekat,"Mohon bantuan menemukan bengkel terdekat yang menyediakan layanan engine oil analysis?"
cari_bengkel_terdekat,"Saya perlu bengkel motor terdekat yang bisa menangani perbaikan multi-mode traction control."
cari_bengkel_terdekat,"Dimana bengkel mobil terdekat yang memiliki fasilitas untuk fuel injection pressure testing?"
cari_bengkel_terdekat,"Butuh bengkel terdekat yang melayani perbaikan electronic stability program calibration?"
cari_bengkel_terdekat,"Apakah ada bengkel motor terdekat yang menyediakan layanan performance air intake installation?"
cari_bengkel_terdekat,"Saya mencari bengkel mobil terdekat yang bisa handle masalah night vision system?"
cari_bengkel_terdekat,"Mohon rekomendasi bengkel terdekat yang memiliki peralatan untuk cylinder compression testing?"
cari_bengkel_terdekat,"Dimana bengkel motor terdekat yang melayani perbaikan electronic power steering calibration?"
cari_bengkel_terdekat,"Butuh info bengkel mobil terdekat yang menyediakan layanan park assist system programming?"
cari_bengkel_terdekat,"Saya perlu bengkel terdekat yang bisa menangani perbaikan variable valve lift system?"
cari_bengkel_terdekat,"Apakah ada bengkel motor terdekat yang memiliki fasilitas untuk exhaust gas temperature monitoring?"
cari_bengkel_terdekat,"Mohon bantuan menemukan bengkel mobil terdekat yang melayani perbaikan traffic sign recognition?"
cari_bengkel_terdekat,"Dimana bengkel terdekat yang menyediakan layanan engine carbon deposit cleaning service?"
cari_bengkel_terdekat,"Saya mencari bengkel motor terdekat yang bisa handle masalah electronic clutch control?"
cari_bengkel_terdekat,"Butuh bengkel mobil terdekat yang memiliki peralatan untuk fuel rail pressure testing?"
cari_bengkel_terdekat,"Apakah ada bengkel terdekat yang melayani perbaikan collision avoidance system calibration?"
cari_bengkel_terdekat,"Mohon rekomendasi bengkel motor terdekat yang menyediakan layanan performance chip installation?"
cari_bengkel_terdekat,"Saya perlu bengkel mobil terdekat yang bisa menangani perbaikan electronic parking assist?"
cari_bengkel_terdekat,"Dimana bengkel terdekat yang memiliki fasilitas untuk intake air temperature sensor testing?"
cari_bengkel_terdekat,"Butuh info bengkel motor terdekat yang melayani perbaikan anti-lock braking system module?"
cari_bengkel_terdekat,"Apakah ada bengkel mobil terdekat yang menyediakan layanan driver attention monitoring reset?"
cari_bengkel_terdekat,"Saya mencari bengkel terdekat yang bisa handle masalah electronic throttle control calibration?"
cari_bengkel_terdekat,"Mohon bantuan menemukan bengkel motor terdekat yang memiliki fasilitas untuk fuel pump testing?"
cari_bengkel_terdekat,"Dimana bengkel mobil terdekat yang melayani perbaikan lane departure warning system?"
cari_bengkel_terdekat,"Butuh bengkel terdekat yang menyediakan layanan engine timing chain tensioner service?"
cari_bengkel_terdekat,"Saya perlu bengkel motor terdekat yang bisa menangani perbaikan electronic immobilizer system?"
cari_bengkel_terdekat,"Apakah ada bengkel mobil terdekat yang memiliki peralatan untuk oxygen sensor testing?"
cari_bengkel_terdekat,"Mohon rekomendasi bengkel terdekat yang melayani perbaikan adaptive transmission control?"
cari_bengkel_terdekat,"Dimana bengkel motor terdekat yang menyediakan layanan performance exhaust tuning?"
cari_bengkel_terdekat,"Saya mencari bengkel mobil terdekat yang bisa handle masalah electronic brake assist?"
cari_bengkel_terdekat,"Butuh info bengkel terdekat yang memiliki fasilitas untuk crankshaft position sensor testing?"
cari_bengkel_terdekat,"Apakah ada bengkel motor terdekat yang melayani perbaikan ride mode selection system?"
cari_bengkel_terdekat,"Mohon bantuan menemukan bengkel mobil terdekat yang menyediakan layanan fuel injector cleaning?"
cari_bengkel_terdekat,"Saya perlu bengkel terdekat yang bisa menangani perbaikan electronic differential control?"
cari_bengkel_terdekat,"Dimana bengkel motor terdekat yang memiliki fasilitas untuk mass airflow sensor calibration?"
cari_bengkel_terdekat,"Butuh bengkel mobil terdekat yang melayani perbaikan automatic climate control system?"
cari_bengkel_terdekat,"Apakah ada bengkel terdekat yang menyediakan layanan engine knock sensor replacement?"
cari_bengkel_terdekat,"Saya mencari bengkel motor terdekat yang bisa handle masalah electronic fuel management?"
cari_bengkel_terdekat,"Mohon rekomendasi bengkel mobil terdekat yang memiliki peralatan untuk camshaft position sensor testing?"
cari_bengkel_terdekat,"Dimana bengkel terdekat yang melayani perbaikan electronic stability control programming?"
cari_bengkel_terdekat,"Butuh info bengkel motor terdekat yang menyediakan layanan performance ignition system upgrade?"
cari_bengkel_terdekat,"Saya perlu bengkel mobil terdekat yang bisa menangani perbaikan tire pressure monitoring reset?"
cari_bengkel_terdekat,"Apakah ada bengkel terdekat yang memiliki fasilitas untuk throttle position sensor calibration?"
cari_bengkel_terdekat,"Mohon bantuan menemukan bengkel motor terdekat yang melayani perbaikan electronic cruise control?"
cari_bengkel_terdekat,"Dimana bengkel mobil terdekat yang menyediakan layanan particulate matter sensor service?"
cari_bengkel_terdekat,"Saya mencari bengkel terdekat yang bisa handle masalah electronic gear shifting system?"
cari_bengkel_terdekat,"Butuh bengkel motor terdekat yang memiliki peralatan untuk fuel pressure regulator testing?"
cari_bengkel_terdekat,"Apakah ada bengkel mobil terdekat yang melayani perbaikan electronic throttle body service?"
cari_bengkel_terdekat,"Mohon rekomendasi bengkel terdekat yang menyediakan layanan engine oil pressure testing?"
cari_bengkel_terdekat,"Saya perlu bengkel motor terdekat yang bisa menangani perbaikan anti-theft system."
cari_bengkel_terdekat,"Dimana bengkel mobil terdekat yang memiliki fasilitas untuk exhaust back pressure testing?"
cari_bengkel_terdekat,"Butuh info bengkel terdekat yang melayani perbaikan electronic fuel pump control?"
cari_bengkel_terdekat,"Apakah ada bengkel motor terdekat yang menyediakan layanan performance fuel mapping?"
cari_bengkel_terdekat,"Saya mencari bengkel mobil terdekat yang bisa handle masalah electronic powertrain control?"
cari_bengkel_terdekat,"Mohon bantuan menemukan bengkel terdekat yang memiliki peralatan untuk ignition coil testing?"
cari_bengkel_terdekat,"Dimana bengkel motor terdekat yang melayani perbaikan electronic anti-lock braking system?"
cari_bengkel_terdekat,"Butuh bengkel mobil terdekat yang menyediakan layanan electronic control unit reprogramming?"        
cari_bengkel_terdekat, "Ada bengkel terdekat ga?"
cari_bengkel_terdekat, "Dimana bengkel motor terdekat?"
cari_bengkel_terdekat, "Aku perlu bengkel terdekat"
cari_bengkel_terdekat, "Info bengkel terdekat dong"
cari_bengkel_terdekat, "Bengkel mana yang deket nih?"
cari_bengkel_terdekat, "Tolong cariin bengkel terdekat"
cari_bengkel_terdekat, "Bengkel terdekat dimana ya?"
cari_bengkel_terdekat, "Ada rekomendasi bengkel terdekat?"
cari_bengkel_terdekat, "Butuh bengkel terdekat urgent"
cari_bengkel_terdekat, "Minta info bengkel terdekat"
cari_bengkel_terdekat, "Bengkel terdekat ada ga sih?"
cari_bengkel_terdekat, "Cari bengkel yang deket dong"
cari_bengkel_terdekat, "Ada bengkel terdekat yang buka?"
cari_bengkel_terdekat, "Bengkel motor terdekat dimana?"
cari_bengkel_terdekat, "Tolong info bengkel terdekat"
cari_bengkel_terdekat, "Butuh bengkel motor terdekat"
cari_bengkel_terdekat, "Bengkel mobil terdekat ada?"
cari_bengkel_terdekat, "Dimana ya bengkel terdekat?"
cari_bengkel_terdekat, "Cari bengkel terdekat nih"
cari_bengkel_terdekat, "Ada bengkel 24 jam terdekat?"
cari_bengkel_terdekat, "Bengkel terdekat yang recommended"
cari_bengkel_terdekat, "Info bengkel motor terdekat dong"
cari_bengkel_terdekat, "Bengkel terdekat buat motor"
cari_bengkel_terdekat, "Ada bengkel terdekat ga ya?"
cari_bengkel_terdekat, "Mau cari bengkel terdekat"
cari_bengkel_terdekat, "Bengkel terdekat yang oke"
cari_bengkel_terdekat, "Dimana bengkel terdekat ya?"
cari_bengkel_terdekat, "Butuh info bengkel terdekat"
cari_bengkel_terdekat, "Bengkel mobil terdekat dimana?"
cari_bengkel_terdekat, "Ada bengkel terdekat yang murah?"
cari_bengkel_terdekat, "Cari bengkel motor terdekat"
cari_bengkel_terdekat, "Bengkel terdekat yang terpercaya"
cari_bengkel_terdekat, "Info bengkel mobil terdekat"
cari_bengkel_terdekat, "Bengkel terdekat buka jam berapa?"
cari_bengkel_terdekat, "Ada bengkel terdekat yang bagus?"
cari_bengkel_terdekat, "Minta alamat bengkel terdekat"
cari_bengkel_terdekat, "Bengkel terdekat untuk servis"
cari_bengkel_terdekat, "Dimana bengkel motor terdekat?"
cari_bengkel_terdekat, "Butuh bengkel terdekat sekarang"
cari_bengkel_terdekat, "Bengkel terdekat yang professional"
cari_bengkel_terdekat, "Ada bengkel terdekat ga nih?"
cari_bengkel_terdekat, "Info lokasi bengkel terdekat"
cari_bengkel_terdekat, "Bengkel terdekat yang cepat"
cari_bengkel_terdekat, "Cari bengkel mobil terdekat"
cari_bengkel_terdekat, "Bengkel terdekat buat servis motor"
cari_bengkel_terdekat, "Ada bengkel 24/7 terdekat?"
cari_bengkel_terdekat, "Dimana ada bengkel terdekat?"
cari_bengkel_terdekat, "Bengkel motor yang deket"
cari_bengkel_terdekat, "Info bengkel terdekat yang buka"
cari_bengkel_terdekat, "Butuh bengkel mobil terdekat"
cari_bengkel_terdekat, "Bengkel terdekat dong"
cari_bengkel_terdekat, "Ada bengkel terdekat yang recommended?"
cari_bengkel_terdekat, "Mau ke bengkel terdekat"
cari_bengkel_terdekat, "Bengkel terdekat yang murah"
cari_bengkel_terdekat, "Dimana bengkel terdekat yang bagus?"
cari_bengkel_terdekat, "Cari bengkel terdekat yang oke"
cari_bengkel_terdekat, "Bengkel motor terdekat yang terpercaya"
cari_bengkel_terdekat, "Ada bengkel terdekat buat motor?"
cari_bengkel_terdekat, "Info bengkel terdekat yang professional"
cari_bengkel_terdekat, "Bengkel mobil terdekat yang recommended"
cari_bengkel_terdekat, "Butuh alamat bengkel terdekat"
cari_bengkel_terdekat, "Bengkel terdekat buka sekarang?"
cari_bengkel_terdekat, "Ada bengkel terdekat yang bisa servis?"
cari_bengkel_terdekat, "Dimana bengkel terdekat buat mobil?"
cari_bengkel_terdekat, "Cari bengkel terdekat yang 24 jam"
cari_bengkel_terdekat, "Bengkel terdekat yang cepat dan murah"
cari_bengkel_terdekat, "Info bengkel motor terdekat yang bagus"
cari_bengkel_terdekat, "Ada bengkel terdekat ga bro?"
cari_bengkel_terdekat, "Butuh bengkel terdekat nih guys"
cari_bengkel_terdekat, "Bengkel terdekat mana ya bestie?"
cari_bengkel_terdekat, "Info bengkel terdekat dong kak"
cari_bengkel_terdekat, "Ada bengkel deket sini ga?"
cari_bengkel_terdekat, "Bengkel yang deket dari sini"
cari_bengkel_terdekat, "Mau cari bengkel yang deket"
cari_bengkel_terdekat, "Bengkel terdekat ada dimana sih?"
cari_bengkel_terdekat, "Butuh info bengkel yang deket"
cari_bengkel_terdekat, "Ada bengkel motor deket sini?"
cari_bengkel_terdekat, "Dimana bengkel yang paling deket?"
cari_bengkel_terdekat, "Cari bengkel yang deket dari posisi gue"
cari_bengkel_terdekat, "Bengkel mobil yang paling deket"
cari_bengkel_terdekat, "Info bengkel yang deket dong"
cari_bengkel_terdekat, "Ada bengkel yang deket ga ya?"
cari_bengkel_terdekat, "Butuh bengkel yang deket banget"
cari_bengkel_terdekat, "Bengkel yang deket dan bagus"
cari_bengkel_terdekat, "Dimana bengkel yang deket dari gue?"
cari_bengkel_terdekat, "Cari bengkel motor yang deket"
cari_bengkel_terdekat, "Ada bengkel yang deket dan murah?"
cari_bengkel_terdekat, "Info bengkel mobil yang deket"
cari_bengkel_terdekat, "Bengkel yang paling deket dimana?"
cari_bengkel_terdekat, "Butuh bengkel yang deket sekarang"
cari_bengkel_terdekat, "Ada bengkel 24 jam yang deket?"
cari_bengkel_terdekat, "Dimana bengkel yang deket dan terpercaya?"
cari_bengkel_terdekat, "Cari bengkel yang deket dan cepat"
cari_bengkel_terdekat, "Bengkel motor yang deket dan bagus"
cari_bengkel_terdekat, "Info bengkel yang deket dari lokasi gue"
cari_bengkel_terdekat, "Ada bengkel yang deket buat servis?"
cari_bengkel_terdekat, "Butuh alamat bengkel yang deket"
cari_bengkel_terdekat, "Bengkel yang deket buka jam berapa?"
cari_bengkel_terdekat, "Dimana bengkel mobil yang deket?"
cari_bengkel_terdekat, "Cari bengkel yang deket dan recommended"
cari_bengkel_terdekat, "Ada bengkel yang deket dan professional?"
cari_bengkel_terdekat, "Info bengkel motor yang deket banget"
cari_bengkel_terdekat, "Bengkel yang paling deket dari sini"
cari_bengkel_terdekat, "Butuh bengkel yang deket urgent"
cari_bengkel_terdekat, "Ada bengkel yang deket ga nih?"
cari_bengkel_terdekat, "Dimana bengkel yang deket ya?"
cari_bengkel_terdekat, "Cari bengkel yang deket dong"
cari_bengkel_terdekat, "Bengkel yang deket untuk motor"
cari_bengkel_terdekat, "Info bengkel yang deket dan oke"
cari_bengkel_terdekat, "Ada bengkel motor yang deket banget?"
cari_bengkel_terdekat, "Butuh bengkel mobil yang deket"
cari_bengkel_terdekat, "Bengkel yang deket dari tempat gue"
cari_bengkel_terdekat, "Dimana bengkel yang deket buat servis?"
cari_bengkel_terdekat, "Cari bengkel yang deket dari posisi"
cari_bengkel_terdekat, "Ada bengkel yang deket dan buka sekarang?"
cari_bengkel_terdekat, "Info bengkel yang paling deket"
cari_bengkel_terdekat, "Bengkel motor yang deket dari sini"
cari_bengkel_terdekat, "Butuh bengkel yang deket dan murah"
cari_bengkel_terdekat, "Ada bengkel mobil yang deket ga?"
cari_bengkel_terdekat, "Dimana bengkel yang deket dan bagus?"
cari_bengkel_terdekat, "Cari bengkel yang deket sama lokasi"
cari_bengkel_terdekat, "Bengkel yang deket buat mobil"
cari_bengkel_terdekat, "Info bengkel yang deket yang recommended"
cari_bengkel_terdekat, "Ada bengkel yang deket dan cepat?"
cari_bengkel_terdekat, "Butuh bengkel yang deket dari gue"
cari_bengkel_terdekat, "Bengkel yang deket dan terpercaya"
cari_bengkel_terdekat, "Dimana bengkel motor yang deket banget?"
cari_bengkel_terdekat, "Cari bengkel yang paling deket"
cari_bengkel_terdekat, "Ada bengkel yang deket buat motor?"
cari_bengkel_terdekat, "Info bengkel mobil yang deket dari sini"
cari_bengkel_terdekat, "Bengkel yang deket dan professional"
cari_bengkel_terdekat, "Butuh bengkel yang deket sekarang juga"
cari_bengkel_terdekat, "Ada bengkel yang deket ga sih?"
cari_bengkel_terdekat, "Dimana bengkel yang deket urgent?"
cari_bengkel_terdekat, "Cari bengkel yang deket buat servis"
cari_bengkel_terdekat, "Bengkel motor yang deket dan murah"
cari_bengkel_terdekat, "Info bengkel yang deket dong kak"
cari_bengkel_terdekat, "Ada bengkel 24/7 yang deket?"
cari_bengkel_terdekat, "Butuh bengkel yang deket banget nih"
cari_bengkel_terdekat, "Bengkel yang deket dari posisi gue"
cari_bengkel_terdekat, "Dimana bengkel mobil yang deket dan bagus?"
cari_bengkel_terdekat, "Cari bengkel yang deket yang oke"
cari_bengkel_terdekat, "Ada bengkel yang deket untuk servis motor?"
cari_bengkel_terdekat, "Info bengkel yang deket dan cepat"
cari_bengkel_terdekat, "Bengkel yang deket buka sekarang?"
cari_bengkel_terdekat, "Butuh alamat bengkel yang deket banget"
cari_bengkel_terdekat, "Ada bengkel motor yang paling deket?"
cari_bengkel_terdekat, "Dimana bengkel yang deket dari tempat ini?"
cari_bengkel_terdekat, "Cari bengkel yang deket dan bagus"
cari_bengkel_terdekat, "Bengkel mobil yang deket dan recommended"
cari_bengkel_terdekat, "Info bengkel yang deket sama murah"
cari_bengkel_terdekat, "Ada bengkel yang deket buat mobil?"
cari_bengkel_terdekat, "Butuh bengkel yang deket dari lokasi"
cari_bengkel_terdekat, "Bengkel yang deket dan bisa dipercaya"
cari_bengkel_terdekat, "Dimana bengkel motor yang deket dan oke?"
cari_bengkel_terdekat, "Cari bengkel yang deket urgent nih"
cari_bengkel_terdekat, "Ada bengkel yang deket ga ya bro?"
cari_bengkel_terdekat, "Info bengkel yang deket banget dong"
cari_bengkel_terdekat, "Bengkel yang deket untuk mobil"
cari_bengkel_terdekat, "Butuh bengkel yang deket dan professional"
cari_bengkel_terdekat, "Ada bengkel 24 jam yang deket banget?"
cari_bengkel_terdekat, "Dimana bengkel yang deket sekarang?"
cari_bengkel_terdekat, "Hey ada bengkel deket ga?"
cari_bengkel_terdekat, "Bro tau bengkel yang deket?"
cari_bengkel_terdekat, "Sis, bengkel terdekat dimana?"
cari_bengkel_terdekat, "Bestie ada rekomendasi bengkel deket?"
cari_bengkel_terdekat, "Guys butuh bengkel yang deket nih"
cari_bengkel_terdekat, "Kak tau bengkel motor yang deket?"
cari_bengkel_terdekat, "Dude, bengkel mobil deket mana?"
cari_bengkel_terdekat, "Man butuh bengkel yang deket urgent"
cari_bengkel_terdekat, "Beb ada bengkel deket ga?"
cari_bengkel_terdekat, "Fren, bengkel terdekat ada dimana?"
cari_bengkel_terdekat, "Bae bengkel motor deket sini ada?"
cari_bengkel_terdekat, "Mate cari bengkel yang deket"
cari_bengkel_terdekat, "Buddy tau bengkel deket ga?"
cari_bengkel_terdekat, "Homie butuh info bengkel deket"
cari_bengkel_terdekat, "Bro ada bengkel 24 jam deket?"
cari_bengkel_terdekat, "Sis bengkel mobil deket dimana ya?"
cari_bengkel_terdekat, "Bestie bengkel yang deket recommended apa?"
cari_bengkel_terdekat, "Guys bengkel motor deket mana sih?"
cari_bengkel_terdekat, "Kak butuh bengkel deket sekarang"
cari_bengkel_terdekat, "Dude bengkel yang deket dan murah"
cari_bengkel_terdekat, "Man ada bengkel deket yang bagus?"
cari_bengkel_terdekat, "Beb bengkel terdekat buka ga?"
cari_bengkel_terdekat, "Fren bengkel motor deket urgent"
cari_bengkel_terdekat, "Bae tau bengkel mobil yang deket?"
cari_bengkel_terdekat, "Mate bengkel deket yang terpercaya"
cari_bengkel_terdekat, "Buddy ada bengkel deket buat servis?"
cari_bengkel_terdekat, "Homie bengkel yang paling deket"
cari_bengkel_terdekat, "Bro bengkel motor deket dan cepat"
cari_bengkel_terdekat, "Sis ada bengkel mobil deket?"
cari_bengkel_terdekat, "Bestie bengkel deket yang professional"
cari_bengkel_terdekat, "Guys butuh alamat bengkel deket"
cari_bengkel_terdekat, "Kak bengkel terdekat jam berapa?"
cari_bengkel_terdekat, "Dude bengkel motor yang deket banget"
cari_bengkel_terdekat, "Man bengkel mobil deket recommended"
cari_bengkel_terdekat, "Beb ada bengkel 24/7 deket?"
cari_bengkel_terdekat, "Fren bengkel deket yang oke"
cari_bengkel_terdekat, "Bae bengkel motor deket dan bagus"
cari_bengkel_terdekat, "Mate butuh bengkel deket dari sini"
cari_bengkel_terdekat, "Buddy bengkel mobil yang deket ya"
cari_bengkel_terdekat, "Homie ada bengkel deket ga sih?"
cari_bengkel_terdekat, "Bro bengkel deket buat motor"
cari_bengkel_terdekat, "Sis bengkel terdekat untuk mobil"
cari_bengkel_terdekat, "Bestie cari bengkel motor deket"
cari_bengkel_terdekat, "Guys bengkel mobil deket mana?"
cari_bengkel_terdekat, "Kak ada bengkel deket yang murah?"
cari_bengkel_terdekat, "Dude bengkel deket buka sekarang?"
cari_bengkel_terdekat, "Man butuh bengkel motor deket"
cari_bengkel_terdekat, "Beb bengkel mobil deket yang bagus"
cari_bengkel_terdekat, "Fren ada bengkel deket urgent?"
cari_bengkel_terdekat, "Bae bengkel deket yang cepat"
cari_bengkel_terdekat, "Mate bengkel motor deket terpercaya"
cari_bengkel_terdekat, "Buddy bengkel mobil deket professional"
cari_bengkel_terdekat, "Homie cari bengkel deket dong"
cari_bengkel_terdekat, "Bro ada bengkel motor deket?"
cari_bengkel_terdekat, "Sis bengkel deket untuk servis"
cari_bengkel_terdekat, "Bestie bengkel mobil deket recommended"
cari_bengkel_terdekat, "Guys butuh bengkel deket banget"
cari_bengkel_terdekat, "Kak bengkel motor yang deket oke"
cari_bengkel_terdekat, "Dude ada bengkel mobil deket ga?"
cari_bengkel_terdekat, "Man bengkel deket 24 jam"
cari_bengkel_terdekat, "Beb bengkel motor deket murah"
cari_bengkel_terdekat, "Fren bengkel mobil deket cepat"
cari_bengkel_terdekat, "Bae ada bengkel deket yang bagus?"
cari_bengkel_terdekat, "Mate bengkel deket buat servis motor"
cari_bengkel_terdekat, "Buddy bengkel mobil deket terpercaya"
cari_bengkel_terdekat, "Homie bengkel deket professional"
cari_bengkel_terdekat, "Bro butuh alamat bengkel motor deket"
cari_bengkel_terdekat, "Sis ada bengkel mobil deket sekarang?"
cari_bengkel_terdekat, "Bestie bengkel deket yang recommended banget"
cari_bengkel_terdekat, "Guys bengkel motor deket urgent nih"
cari_bengkel_terdekat, "Kak bengkel mobil deket dari posisi gue"
cari_bengkel_terdekat, "Dude ada bengkel deket buat motor?"
cari_bengkel_terdekat, "Man bengkel deket yang buka"
cari_bengkel_terdekat, "Beb bengkel motor deket dan professional"
cari_bengkel_terdekat, "Fren ada bengkel mobil deket yang oke?"
cari_bengkel_terdekat, "Bae bengkel deket 24/7"
cari_bengkel_terdekat, "Mate butuh bengkel motor deket sekarang"
cari_bengkel_terdekat, "Buddy bengkel mobil deket yang murah"
cari_bengkel_terdekat, "Homie ada bengkel deket ga bro?"
cari_bengkel_terdekat, "Bro bengkel deket buat mobil apa?"
cari_bengkel_terdekat, "Sis bengkel motor deket recommended"
cari_bengkel_terdekat, "Bestie bengkel mobil deket bagus"
cari_bengkel_terdekat, "Guys ada bengkel deket yang cepat?"
cari_bengkel_terdekat, "Kak bengkel deket terpercaya"
cari_bengkel_terdekat, "Dude bengkel motor deket professional"
cari_bengkel_terdekat, "Man ada bengkel mobil deket urgent?"
cari_bengkel_terdekat, "Beb bengkel deket untuk servis"
cari_bengkel_terdekat, "Fren bengkel motor deket banget"
cari_bengkel_terdekat, "Bae bengkel mobil deket dari sini"
cari_bengkel_terdekat, "Mate ada bengkel deket 24 jam?"
cari_bengkel_terdekat, "Buddy bengkel deket yang oke banget"
cari_bengkel_terdekat, "Homie bengkel motor deket murah"
cari_bengkel_terdekat, "Bro ada bengkel mobil deket ga?"
cari_bengkel_terdekat, "Sis bengkel deket buka sekarang?"
cari_bengkel_terdekat, "Bestie butuh bengkel motor deket"
cari_bengkel_terdekat, "Guys bengkel mobil deket professional"
cari_bengkel_terdekat, "Kak ada bengkel deket yang bagus banget?"
cari_bengkel_terdekat, "Dude bengkel deket untuk motor"
cari_bengkel_terdekat, "Man bengkel mobil deket recommended"
cari_bengkel_terdekat, "Beb ada bengkel deket cepat?"
cari_bengkel_terdekat, "Fren bengkel motor deket terpercaya"
cari_bengkel_terdekat, "Bae bengkel mobil deket urgent"
cari_bengkel_terdekat, "Mate ada bengkel deket murah ga?"
cari_bengkel_terdekat, "Buddy bengkel deket 24/7"
cari_bengkel_terdekat, "Homie bengkel motor deket dari posisi"
cari_bengkel_terdekat, "Bro bengkel mobil deket yang oke"
cari_bengkel_terdekat, "Sis ada bengkel deket buat servis?"
cari_bengkel_terdekat, "Bestie bengkel deket professional banget"
cari_bengkel_terdekat, "Guys bengkel motor deket bagus"
cari_bengkel_terdekat, "Kak bengkel mobil deket cepat"
cari_bengkel_terdekat, "Dude ada bengkel deket recommended?"
cari_bengkel_terdekat, "Man bengkel deket terpercaya banget"
cari_bengkel_terdekat, "Beb bengkel motor deket 24 jam"
cari_bengkel_terdekat, "Fren ada bengkel mobil deket murah?"
cari_bengkel_terdekat, "Bae bengkel deket urgent nih"
cari_bengkel_terdekat, "Mate bengkel motor deket professional"
cari_bengkel_terdekat, "Buddy ada bengkel mobil deket bagus?"
cari_bengkel_terdekat, "Homie bengkel deket buka sekarang"
cari_bengkel_terdekat, "Bro bengkel motor deket yang oke"
cari_bengkel_terdekat, "Sis ada bengkel mobil deket cepat?"
cari_bengkel_terdekat, "Bestie bengkel deket recommended banget"
cari_bengkel_terdekat, "Guys bengkel motor deket murah"
cari_bengkel_terdekat, "Kak ada bengkel mobil deket terpercaya?"
cari_bengkel_terdekat, "Dude bengkel deket 24/7"
cari_bengkel_terdekat, "Man bengkel motor deket urgent"
cari_bengkel_terdekat, "Beb ada bengkel mobil deket professional?"
cari_bengkel_terdekat, "Fren bengkel deket bagus banget"
cari_bengkel_terdekat, "Bae bengkel motor deket dari sini"
cari_bengkel_terdekat, "Mate ada bengkel mobil deket ga sih?"
cari_bengkel_terdekat, "Buddy bengkel deket untuk servis"
cari_bengkel_terdekat, "Homie bengkel motor deket recommended"
cari_bengkel_terdekat, "Bro ada bengkel mobil deket yang murah?"
cari_bengkel_terdekat, "Sis bengkel deket cepat banget"
cari_bengkel_terdekat, "Bestie bengkel motor deket professional"
cari_bengkel_terdekat, "Guys ada bengkel mobil deket urgent?"
cari_bengkel_terdekat, "Kak bengkel deket terpercaya"
cari_bengkel_terdekat, "Dude bengkel motor deket 24 jam"
cari_bengkel_terdekat, "Man ada bengkel mobil deket bagus banget?"
cari_bengkel_terdekat, "Beb bengkel deket buka sekarang"
cari_bengkel_terdekat, "Fren bengkel motor deket yang oke"
cari_bengkel_terdekat, "Bae ada bengkel mobil deket cepat?"
cari_bengkel_terdekat, "Mate bengkel deket recommended"
cari_bengkel_terdekat, "Buddy bengkel motor deket murah"
cari_bengkel_terdekat, "Homie ada bengkel mobil deket professional?"
cari_bengkel_terdekat, "Bro bengkel deket urgent banget"
cari_bengkel_terdekat, "Sis bengkel motor deket bagus"
cari_bengkel_terdekat, "Bestie ada bengkel mobil deket 24/7?"
cari_bengkel_terdekat, "Guys bengkel deket terpercaya banget"
cari_bengkel_terdekat, "Kak bengkel motor deket dari posisi"
cari_bengkel_terdekat, "Dude ada bengkel mobil deket untuk servis?"
cari_bengkel_terdekat, "Man bengkel deket professional banget"
cari_bengkel_terdekat, "Beb bengkel motor deket recommended"
cari_bengkel_terdekat, "Fren ada bengkel mobil deket murah banget?"
cari_bengkel_terdekat, "Bae bengkel deket cepat"
cari_bengkel_terdekat, "Mate bengkel motor deket urgent"
cari_bengkel_terdekat, "Buddy ada bengkel mobil deket bagus?"
cari_bengkel_terdekat, "Homie bengkel deket 24 jam"
cari_bengkel_terdekat, "Bro bengkel motor deket professional"
cari_bengkel_terdekat, "Sis ada bengkel mobil deket yang oke banget?"
cari_bengkel_terdekat, "Bestie bengkel deket terpercaya"
cari_bengkel_terdekat, "Guys bengkel motor deket murah banget"
cari_bengkel_terdekat, "Kak ada bengkel mobil deket cepat?"
cari_bengkel_terdekat, "Dude bengkel deket recommended banget"
cari_bengkel_terdekat, "Man bengkel motor deket bagus"
cari_bengkel_terdekat, "Beb ada bengkel mobil deket urgent banget?"
cari_bengkel_terdekat, "Fren bengkel deket 24/7"
cari_bengkel_terdekat, "Bae bengkel motor deket professional"
cari_bengkel_terdekat, "Mate ada bengkel mobil deket untuk servis motor?"
cari_bengkel_terdekat, "Buddy bengkel deket yang oke"
cari_bengkel_terdekat, "Homie bengkel motor deket dari sini"
cari_bengkel_terdekat, "Bro ada bengkel mobil deket ga nih?"
cari_bengkel_terdekat, "Sis bengkel deket murah"
cari_bengkel_terdekat, "Bestie bengkel motor deket cepat banget"
cari_bengkel_terdekat, "Guys ada bengkel mobil deket terpercaya?"
cari_bengkel_terdekat, "Kak bengkel deket urgent"
cari_bengkel_terdekat, "Dude bengkel motor deket recommended"
cari_bengkel_terdekat, "Man ada bengkel mobil deket professional banget?"
cari_bengkel_terdekat, "Beb bengkel deket bagus"
cari_bengkel_terdekat, "Fren bengkel motor deket 24 jam"
cari_bengkel_terdekat, "Bae ada bengkel mobil deket yang murah?"
cari_bengkel_terdekat, "Mate bengkel deket buka sekarang"
cari_bengkel_terdekat, "Buddy bengkel motor deket yang oke banget"
cari_bengkel_terdekat, "Homie ada bengkel mobil deket cepat banget?"
cari_bengkel_terdekat, "Bro bengkel deket recommended"
cari_bengkel_terdekat, "Sis bengkel motor deket terpercaya"
cari_bengkel_terdekat, "Bestie ada bengkel mobil deket urgent?"
cari_bengkel_terdekat,"Bro, ada bengkel motor terdekat yang buka 24/7 gak? 🛵🔧"
cari_bengkel_terdekat,"Tolong cariin bengkel mobil terdekat, AC ku mati bro! 🥵🚗"
cari_bengkel_terdekat,"Di mana ya bengkel terdekat buat ganti ban motor? Flat nih! 😫"
cari_bengkel_terdekat,"Aku need bengkel terdekat ASAP, motor mogok parah! 😭🛠️"
cari_bengkel_terdekat,"Ada towing terdekat gak? Mobilku nge-hang di jalan! 🚨"
cari_bengkel_terdekat,"Guys, bengkel 24 jam terdekat di mana sih? Urgent bro! ⏰"
cari_bengkel_terdekat,"Help! Cari bengkel motor terdekat yang bisa benerin rem cakram! 🛑"
cari_bengkel_terdekat,"Bengkel mobil terdekat yang jago benerin ECU ada gak? 🤔💻"
cari_bengkel_terdekat,"Yo, tolong dong info towing terdekat, motor ku mati total! 😵"
cari_bengkel_terdekat,"Bengkel terdekat buat servis AC mobil di mana ya? Panas banget! 🥵"
cari_bengkel_terdekat,"Cari bengkel motor terdekat yang bisa ganti oli cepet! 🛢️"
cari_bengkel_terdekat,"Ada bengkel terdekat yang bisa benerin rantai motor gak? 🛵"
cari_bengkel_terdekat,"Bro, mobilku kempes, bengkel ban terdekat di mana? 😩🚗"
cari_bengkel_terdekat,"Tolong cariin towing terdekat, mobil ga bisa jalan! 🚛😓"
cari_bengkel_terdekat,"Bengkel motor terdekat yang open sekarang ada gak? Plis! 🙏"
cari_bengkel_terdekat,"Di mana bengkel terdekat buat benerin lampu motor? 🌙💡"
cari_bengkel_terdekat,"Aku butuh bengkel mobil terdekat, rem blong nih! 😱🛑"
cari_bengkel_terdekat,"Ada towing terdekat yang fast response gak? Motor ngadat! 🚨"
cari_bengkel_terdekat,"Bengkel terdekat yang bisa servis karburator motor di mana? 🛠️"
cari_bengkel_terdekat,"Help bro, cari bengkel mobil terdekat yang bisa ganti aki! 🔋"
cari_bengkel_terdekat,"Bengkel motor terdekat yang jago benerin injektor ada gak? 💉"
cari_bengkel_terdekat,"Tolong dong, info bengkel terdekat buat ganti kampas rem! 🛑"
cari_bengkel_terdekat,"Yo, ada towing terdekat buat mobil mogok gak? 😫🚗"
cari_bengkel_terdekat,"Bengkel terdekat yang bisa benerin kaca mobil ada gak? 😬"
cari_bengkel_terdekat,"Cari bengkel motor terdekat yang open malem ini! 🌙🛵"
cari_bengkel_terdekat,"Bro, bengkel mobil terdekat buat servis radiator di mana? 🔥"
cari_bengkel_terdekat,"Ada bengkel terdekat yang bisa ganti busi motor gak? 🛢️"
cari_bengkel_terdekat,"Tolong cariin towing terdekat, motor mati di tengah jalan! 😭"
cari_bengkel_terdekat,"Bengkel terdekat buat benerin power steering mobil ada? 🚗"
cari_bengkel_terdekat,"Di mana bengkel motor terdekat yang bisa servis CVT? 🛵"
cari_bengkel_terdekat,"Aku need bengkel terdekat buat ganti oli mesin mobil! 🛢️🚗"
cari_bengkel_terdekat,"Ada towing terdekat yang bisa dateng cepet gak? Urgent! 🚨"
cari_bengkel_terdekat,"Bengkel motor terdekat yang bisa benerin stang ada gak? 😩"
cari_bengkel_terdekat,"Cari bengkel mobil terdekat yang jago benerin transmisi! ⚙️"
cari_bengkel_terdekat,"Bro, bengkel terdekat buat ganti ban mobil di mana? 🚗"
cari_bengkel_terdekat,"Tolong info towing terdekat buat motor yang ban kempes! 😓"
cari_bengkel_terdekat,"Bengkel terdekat yang bisa servis knalpot motor ada gak? 🔊"
cari_bengkel_terdekat,"Help! Bengkel mobil terdekat buat benerin alternator di mana? ⚡️"
cari_bengkel_terdekat,"Ada bengkel motor terdekat yang bisa ganti rantai keteng? 🛵"
cari_bengkel_terdekat,"Cari bengkel terdekat buat ganti kaca spion mobil! 😬🚗"
cari_bengkel_terdekat,"Yo, towing terdekat buat mobil yang mogok ada gak? 🚛"
cari_bengkel_terdekat,"Bengkel motor terdekat yang bisa benerin shockbreaker di mana? 🛠️"
cari_bengkel_terdekat,"Tolong cariin bengkel mobil terdekat buat servis kaki-kaki! 🚗"
cari_bengkel_terdekat,"Bengkel terdekat yang open 24 jam buat motor ada gak? ⏰"
cari_bengkel_terdekat,"Bro, ada towing terdekat yang bisa angkut mobil SUV gak? 🚙"
cari_bengkel_terdekat,"Cari bengkel motor terdekat yang bisa benerin kopling! ⚙️"
cari_bengkel_terdekat,"Bengkel mobil terdekat buat ganti oli transmisi di mana? 🛢️"
cari_bengkel_terdekat,"Help! Bengkel terdekat yang bisa benerin lampu sein motor? 💡"
cari_bengkel_terdekat,"Tolong info bengkel terdekat buat servis AC motor! 🥵🛵"
cari_bengkel_terdekat,"Ada bengkel mobil terdekat yang bisa ganti tie rod end gak? 🚗"
cari_bengkel_terdekat,"Yo, cari towing terdekat buat motor mogok di jalan! 😭🚨"
cari_bengkel_terdekat,"Bengkel motor terdekat yang jago benerin karbu ada gak? 🛠️"
cari_bengkel_terdekat,"Cari bengkel terdekat buat ganti kampas kopling mobil! ⚙️"
cari_bengkel_terdekat,"Bro, bengkel mobil terdekat yang bisa servis ECU di mana? 💻"
cari_bengkel_terdekat,"Tolong cariin towing terdekat, mobilku ga bisa nyala! 😫🚗"
cari_bengkel_terdekat,"Bengkel motor terdekat buat ganti oli gardan ada gak? 🛢️"
cari_bengkel_terdekat,"Ada bengkel terdekat yang bisa benerin wiper mobil? 🌧️🚗"
cari_bengkel_terdekat,"Cari bengkel motor terdekat yang open pagi ini! ☀️🛵"
cari_bengkel_terdekat,"Help! Bengkel mobil terdekat buat benerin fuel pump di mana? ⛽"
cari_bengkel_terdekat,"Tolong info towing terdekat buat motor yang overheat! 🔥😓"
cari_bengkel_terdekat,"Bengkel terdekat yang bisa ganti ban dalam motor ada gak? 🛵"
cari_bengkel_terdekat,"Bro, bengkel mobil terdekat buat servis rem ABS di mana? 🛑"
cari_bengkel_terdekat,"Cari bengkel motor terdekat yang bisa benerin dinamo! ⚡️"
cari_bengkel_terdekat,"Ada towing terdekat yang fast buat mobil mogok gak? 🚛🚨"
cari_bengkel_terdekat,"Bengkel terdekat buat ganti oli power steering mobil di mana? 🛢️"
cari_bengkel_terdekat,"Tolong cariin bengkel motor terdekat yang jago tune-up! 🛠️"
cari_bengkel_terdekat,"Yo, bengkel mobil terdekat yang bisa benerin radiator ada gak? 🔥"
cari_bengkel_terdekat,"Cari bengkel terdekat buat ganti lampu depan motor! 💡🛵"
cari_bengkel_terdekat,"Help! Towing terdekat buat mobil yang ban pecah ada gak? 😫🚗"
cari_bengkel_terdekat,"Bengkel motor terdekat yang bisa servis rantai ada gak? ⚙️"
cari_bengkel_terdekat,"Bro, bengkel terdekat buat ganti aki mobil di mana? 🔋🚗"
cari_bengkel_terdekat,"Tolong info bengkel motor terdekat yang bisa benerin CVT! 🛵"
cari_bengkel_terdekat,"Ada bengkel mobil terdekat yang jago benerin transmisi matic? ⚙️"
cari_bengkel_terdekat,"Cari towing terdekat buat motor yang mogok tengah malam! 🌙😭"
cari_bengkel_terdekat,"Bengkel terdekat yang bisa ganti kaca spion motor ada gak? 😬"
cari_bengkel_terdekat,"Yo, bengkel mobil terdekat buat servis suspensi di mana? 🚗"
cari_bengkel_terdekat,"Tolong cariin bengkel motor terdekat yang open 24/7! ⏰🛵"
cari_bengkel_terdekat,"Help! Bengkel terdekat buat benerin knalpot mobil di mana? 🔊"
cari_bengkel_terdekat,"Cari bengkel motor terdekat yang bisa ganti busi iridium! 🛢️"
cari_bengkel_terdekat,"Bro, ada towing terdekat buat mobil yang overheat gak? 🔥🚨"
cari_bengkel_terdekat,"Bengkel mobil terdekat yang bisa ganti oli mesin ada gak? 🛢️"
cari_bengkel_terdekat,"Tolong info bengkel terdekat buat servis shockbreaker motor! 🛵"
cari_bengkel_terdekat,"Ada bengkel motor terdekat yang jago benerin injektor gak? 💉"
cari_bengkel_terdekat,"Cari bengkel terdekat buat ganti kampas rem motor! 🛑🛵"
cari_bengkel_terdekat,"Yo, towing terdekat buat mobil mogok di tol ada gak? 🚛😓"
cari_bengkel_terdekat,"Bengkel mobil terdekat yang bisa benerin AC ada gak? 🥵🚗"
cari_bengkel_terdekat,"Tolong cariin bengkel motor terdekat buat ganti ban luar! 🛵"
cari_bengkel_terdekat,"Help! Bengkel terdekat yang bisa benerin lampu rem mobil? 💡"
cari_bengkel_terdekat,"Cari bengkel motor terdekat yang bisa servis karburator cepet! 🛠️"
cari_bengkel_terdekat,"Bro, bengkel mobil terdekat buat ganti tie rod di mana? 🚗"
cari_bengkel_terdekat,"Ada towing terdekat yang bisa angkut motor matic gak? 🚨🛵"
cari_bengkel_terdekat,"Bengkel terdekat yang bisa ganti oli transmisi motor ada gak? 🛢️"
cari_bengkel_terdekat,"Tolong info bengkel mobil terdekat buat benerin power window! 😬"
cari_bengkel_terdekat,"Cari bengkel motor terdekat yang open sekarang bro! ⏰🛵"
cari_bengkel_terdekat,"Yo, bengkel terdekat buat ganti rantai motor di mana? ⚙️"
cari_bengkel_terdekat,"Help! Towing terdekat buat mobil yang aki soak ada gak? 🔋😭"
cari_bengkel_terdekat,"Bengkel mobil terdekat yang jago benerin kaki-kaki ada gak? 🚗"
cari_bengkel_terdekat,"Tolong cariin bengkel motor terdekat buat servis rem tromol! 🛑"
cari_bengkel_terdekat,"Bro, bengkel terdekat yang bisa ganti oli mesin motor di mana? 🛢️"
cari_bengkel_terdekat,"Ada bengkel mobil terdekat buat benerin alternator gak? ⚡️🚗"
cari_bengkel_terdekat,"Cari towing terdekat buat motor yang mogok di parkiran! 😫🚨"
cari_bengkel_terdekat,"Bengkel motor terdekat yang bisa benerin lampu sein ada gak? 💡"
cari_bengkel_terdekat,"Tolong info bengkel terdekat buat ganti ban mobil cepet! 🚗"
cari_bengkel_terdekat,"Yo, bengkel mobil terdekat yang bisa servis radiator ada gak? 🔥"
cari_bengkel_terdekat,"Cari bengkel motor terdekat yang jago benerin kopling! ⚙️🛵"
cari_bengkel_terdekat,"Help! Bengkel terdekat buat benerin wiper motor di mana? 🌧️"
cari_bengkel_terdekat,"Tolong cariin towing terdekat, mobilku ga bisa nyala bro! 😭🚗"
cari_bengkel_terdekat,"Bengkel terdekat yang bisa ganti aki motor ada gak? 🔋🛵"
cari_bengkel_terdekat,"Bro, bengkel mobil terdekat buat servis transmisi matic di mana? ⚙️"
cari_bengkel_terdekat,"Ada bengkel motor terdekat yang bisa benerin stang oleng gak? 😩"
cari_bengkel_terdekat,"Cari bengkel terdekat buat ganti lampu depan mobil! 💡🚗"
cari_bengkel_terdekat,"Tolong info towing terdekat buat motor yang ban bocor! 😓🚨"
cari_bengkel_terdekat,"Bengkel mobil terdekat yang bisa benerin fuel pump ada gak? ⛽"
cari_bengkel_terdekat,"Yo, bengkel motor terdekat buat servis CVT matic di mana? 🛵"
cari_bengkel_terdekat,"Help! Bengkel terdekat yang bisa ganti oli power steering? 🛢️🚗"
cari_bengkel_terdekat,"Cari bengkel motor terdekat yang bisa benerin knalpot bocor! 🔊"
cari_bengkel_terdekat,"Bro, ada towing terdekat buat mobil yang overheat gak? 🔥😫"
cari_bengkel_terdekat,"Bengkel terdekat yang bisa ganti busi motor sport ada gak? 🛢️"
cari_bengkel_terdekat,"Tolong cariin bengkel mobil terdekat buat servis rem cakram! 🛑"
cari_bengkel_terdekat,"Ada bengkel motor terdekat yang jago benerin injektor matic? 💉"
cari_bengkel_terdekat,"Cari bengkel terdekat buat ganti kaca spion motor cepet! 😬🛵"
cari_bengkel_terdekat,"Yo, towing terdekat buat mobil mogok di jalan raya ada gak? 🚛"
cari_bengkel_terdekat,"Bengkel mobil terdekat yang bisa benerin ECU mobil di mana? 💻"
cari_bengkel_terdekat,"Tolong info bengkel motor terdekat buat ganti rantai keteng! ⚙️"
cari_bengkel_terdekat,"Help! Bengkel terdekat yang bisa servis AC mobil ada gak? 🥵🚗"
cari_bengkel_terdekat,"Cari bengkel motor terdekat yang open 24 jam bro! ⏰🛵"
cari_bengkel_terdekat,"Bro, bengkel mobil terdekat buat ganti tie rod end di mana? 🚗"
cari_bengkel_terdekat,"Ada towing terdekat yang bisa angkut motor sport gak? 🚨🛵"
cari_bengkel_terdekat,"Bengkel terdekat yang bisa ganti oli gardan motor ada gak? 🛢️"
cari_bengkel_terdekat,"Tolong cariin bengkel motor terdekat buat benerin rem cakram! 🛑"
cari_bengkel_terdekat,"Yo, bengkel mobil terdekat yang jago benerin radiator ada gak? 🔥"
cari_bengkel_terdekat,"Cari bengkel motor terdekat yang bisa ganti lampu rem! 💡🛵"
cari_bengkel_terdekat,"Help! Towing terdekat buat mobil yang ban kempes ada gak? 😭🚗"
cari_bengkel_terdekat,"Bengkel terdekat yang bisa servis knalpot motor matic di mana? 🔊"
cari_bengkel_terdekat,"Bro, bengkel mobil terdekat buat ganti aki cepet di mana? 🔋"
cari_bengkel_terdekat,"Tolong info bengkel motor terdekat yang bisa benerin shockbreaker! 🛵"
cari_bengkel_terdekat,"Ada bengkel mobil terdekat yang bisa servis transmisi manual? ⚙️"
cari_bengkel_terdekat,"Cari towing terdekat buat motor mogok di tengah malam bro! 🌙😓"
cari_bengkel_terdekat,"Bengkel motor terdekat yang bisa ganti ban dalam ada gak? 🛵"
cari_bengkel_terdekat,"Yo, bengkel terdekat buat benerin power window mobil di mana? 😬"
cari_bengkel_terdekat,"Tolong cariin bengkel motor terdekat yang jago tune-up mesin! 🛠️"
cari_bengkel_terdekat,"Help! Bengkel mobil terdekat yang bisa benerin fuel pump ada gak? ⛽"
cari_bengkel_terdekat,"Cari bengkel motor terdekat yang bisa benerin kopling manual! ⚙️"
cari_bengkel_terdekat,"Bro, ada towing terdekat buat mobil yang overheat gak? 🔥🚨"
cari_bengkel_terdekat,"Bengkel terdekat yang bisa ganti oli mesin mobil ada gak? 🛢️🚗"
cari_bengkel_terdekat,"Tolong info bengkel motor terdekat buat servis rantai matic! 🛵"
cari_bengkel_terdekat,"Ada bengkel mobil terdekat yang jago benerin kaki-kaki? 🚗"
cari_bengkel_terdekat,"Cari bengkel motor terdekat yang bisa ganti busi cepet! 🛢️🛵"
cari_bengkel_terdekat,"Yo, towing terdekat buat mobil mogok di parkiran ada gak? 🚛😫"
cari_bengkel_terdekat,"Bengkel terdekat yang bisa benerin lampu sein mobil di mana? 💡"
cari_bengkel_terdekat,"Tolong cariin bengkel motor terdekat buat ganti oli transmisi! 🛢️"
cari_bengkel_terdekat,"Help! Bengkel mobil terdekat yang bisa servis AC cepet ada gak? 🥵"
cari_bengkel_terdekat,"Cari bengkel motor terdekat yang open pagi ini bro! ☀️🛵"
cari_bengkel_terdekat,"Bro, bengkel mobil terdekat buat benerin radiator di mana? 🔥🚗"
cari_bengkel_terdekat,"Ada towing terdekat yang bisa angkut motor bebek gak? 🚨🛵"
cari_bengkel_terdekat,"Bengkel terdekat yang bisa ganti kaca spion mobil ada gak? 😬"
cari_bengkel_terdekat,"Tolong info bengkel motor terdekat buat benerin knalpot! 🔊🛵"
cari_bengkel_terdekat,"Yo, bengkel mobil terdekat yang bisa ganti tie rod ada gak? 🚗"
cari_bengkel_terdekat,"Cari bengkel motor terdekat yang jago benerin injektor! 💉🛵"
cari_bengkel_terdekat,"Help! Towing terdekat buat mobil yang aki habis ada gak? 🔋😭"
cari_bengkel_terdekat,"Bengkel terdekat yang bisa servis CVT motor matic di mana? 🛵"
cari_bengkel_terdekat,"Bro, bengkel mobil terdekat buat ganti oli power steering di mana? 🛢️"
cari_bengkel_terdekat,"Tolong cariin bengkel motor terdekat yang bisa benerin rem tromol! 🛑"
cari_bengkel_terdekat,"Ada bengkel mobil terdekat yang bisa benerin ECU cepet gak? 💻"
cari_bengkel_terdekat,"Cari towing terdekat buat motor mogok di jalan kecil! 😓🚨"
cari_bengkel_terdekat,"Bengkel motor terdekat yang bisa ganti ban luar ada gak? 🛵"
cari_bengkel_terdekat,"Yo, bengkel terdekat buat benerin wiper mobil di mana? 🌧️🚗"
cari_bengkel_terdekat,"Tolong info bengkel motor terdekat buat ganti lampu depan! 💡🛵"
cari_bengkel_terdekat,"Help! Bengkel mobil terdekat yang bisa benerin fuel pump ada gak? ⛽"
cari_bengkel_terdekat,"Cari bengkel motor terdekat yang bisa servis karburator matic! 🛠️"
cari_bengkel_terdekat,"Bro, ada towing terdekat buat mobil yang overheat gak? 🔥😫"
cari_bengkel_terdekat,"Bengkel terdekat yang bisa ganti aki mobil ada gak? 🔋🚗"
cari_bengkel_terdekat,"Tolong cariin bengkel motor terdekat buat ganti rantai keteng! ⚙️"
cari_bengkel_terdekat,"Ada bengkel mobil terdekat yang jago benerin transmisi? ⚙️🚗"
cari_bengkel_terdekat,"Cari bengkel motor terdekat yang open 24/7 bro! ⏰🛵"
cari_bengkel_terdekat,"Yo, towing terdekat buat motor mogok di tol ada gak? 🚛😓"
cari_bengkel_terdekat,"Bengkel terdekat yang bisa benerin lampu rem motor di mana? 💡"
cari_bengkel_terdekat,"Tolong info bengkel mobil terdekat buat servis kaki-kaki! 🚗"
cari_bengkel_terdekat,"Help! Bengkel motor terdekat yang bisa ganti oli mesin ada gak? 🛢️"
cari_bengkel_terdekat,"Cari bengkel mobil terdekat yang bisa benerin AC mobil! 🥵🚗"
cari_bengkel_terdekat,"Bro, bengkel motor terdekat buat benerin shockbreaker di mana? 🛵"
cari_bengkel_terdekat,"Ada towing terdekat yang bisa angkut mobil matic gak? 🚨🚗"
cari_bengkel_terdekat,"Bengkel terdekat yang bisa ganti busi motor matic ada gak? 🛢️"
cari_bengkel_terdekat,"Tolong cariin bengkel mobil terdekat buat ganti tie rod end! 🚗"
cari_bengkel_terdekat,"Yo, bengkel motor terdekat yang jago benerin knalpot ada gak? 🔊"
cari_bengkel_terdekat,"Cari towing terdekat buat mobil yang ban bocor bro! 😫🚨"
cari_bengkel_terdekat,"Bengkel terdekat yang bisa servis CVT motor di mana? 🛵"
cari_bengkel_terdekat,"Tolong info bengkel mobil terdekat buat benerin radiator! 🔥🚗"
cari_bengkel_terdekat,"Help! Bengkel motor terdekat yang bisa ganti lampu sein ada gak? 💡"
cari_bengkel_terdekat,"Cari bengkel mobil terdekat yang bisa ganti oli transmisi! 🛢️🚗"
cari_bengkel_terdekat,"Bro, ada bengkel motor terdekat buat benerin kopling gak? ⚙️🛵"
cari_bengkel_terdekat,"Towing terdekat buat mobil mogok di jalan raya ada gak? 🚛😓"
cari_bengkel_terdekat,"Bengkel terdekat yang bisa benerin wiper motor di mana? 🌧️🛵"
cari_bengkel_terdekat,"Tolong cariin bengkel mobil terdekat buat servis ECU! 💻🚗"
cari_bengkel_terdekat,"Ada bengkel motor terdekat yang bisa ganti ban dalam cepet? 🛵"
cari_bengkel_terdekat,"Yo, bengkel mobil terdekat buat benerin fuel pump di mana? ⛽"
cari_bengkel_terdekat,"Cari bengkel motor terdekat yang open pagi ini bro! ☀️🛵"
cari_bengkel_terdekat,"Help! Towing terdekat buat mobil yang overheat ada gak? 🔥😭"
cari_bengkel_terdekat,"Bengkel terdekat yang bisa ganti oli mesin motor di mana? 🛢️"
cari_bengkel_terdekat,"Tolong info bengkel mobil terdekat buat benerin kaki-kaki! 🚗"
cari_bengkel_terdekat,"Bro, bengkel motor terdekat buat servis rantai ada gak? ⚙️🛵"
cari_bengkel_terdekat,"Ada bengkel mobil terdekat yang jago benerin AC? 🥵🚗"
cari_bengkel_terdekat,"Cari towing terdekat buat motor mogok di parkiran! 😫🚨"
cari_bengkel_terdekat,"Bengkel terdekat yang bisa benerin lampu depan motor ada gak? 💡"
cari_bengkel_terdekat,"Tolong cariin bengkel motor terdekat buat ganti busi! 🛢️🛵"
cari_bengkel_terdekat,"Yo, bengkel mobil terdekat buat ganti tie rod di mana? 🚗"
cari_bengkel_terdekat,"Help! Bengkel motor terdekat yang bisa benerin knalpot di mana? 🔊"
cari_bengkel_terdekat,"Cari bengkel mobil terdekat yang bisa servis radiator cepet! 🗺"
cari_bengkel_terdekat,"Bro, bengkel yang deket banget dari sini ada gak? Mobilku ngadat!"
cari_bengkel_terdekat,"Tolong cariin bengkel motor yang paling close, urgent bro! 😩🛵"
cari_bengkel_terdekat,"Ada bengkel mobil super deket yang buka sekarang gak? 🛠️🚗
cari_bengkel_terdekat,"Di mana ya bengkel terdekat banget buat benerin AC mobil? 🥵"
cari_bengkel_terdekat,"Aku butuh towing yang paling deket, motor mogok nih! 😭🚨"
cari_bengkel_terdekat,"Bengkel motor yang paling close yang bisa ganti ban ada gak? 🛶"
cari_bengkel_terdekat,"Help! Cari bengkel mobil deket banget yang jago servis rem! 🛑🚗
cari_bengkel_terdekat,"Bro, ada bengkel terdekat yang bisa benerin lampu motor? 💡🛵"
cari_bengkel_terdekat,"Tolong info bengkel mobil yang deket, ECU mobilku error! 💻😫"
cari_bengkel_terdekat,"Cari bengkel motor paling deket yang open 24 jam bro! ⏰"
cari_bengkel_terdekat,"Ada towing deket yang bisa cepet dateng? Mobilku mati! 🚛🚗"
cari_bengkel_terdekat,"Bengkel terdekat banget buat ganti oli mesin motor di mana? 🛢️"
cari_bengkel_terdekat,"Yo, bengkel mobil deket yang bisa benerin radiator ada gak? 🔥"
cari_bengkel_terdekat,"Help! Cari bengkel motor paling close buat benerin kopling! ⚙️"
cari_bengkel_terdekat,"Tolong cariin bengkel deket yang bisa ganti ban mobil cepet! 🗺🚗
cari_bengkel_terdekat,"Ada gak bengkel motor terdekat yang jago benerin injektor? 💉🛵"
cari_bengkel_terdekat,"Cari towing paling deket buat mobil yang overheat bro! 🔥😓"
cari_bengkel_terdekat,"Bengkel mobil yang super close buat servis AC ada gak? 🥵🚗"
cari_bengkel_terdekat,"Tolong info bengkel motor deket yang bisa ganti rantai! ⚙️🛵"
cari_bengkel_terdekat,"Bro, bengkel terdekat banget buat benerin kaki-kaki mobil di mana? 🚗"
cari_bengkel_terdekat,"Ada bengkel motor paling deket yang bisa ganti busi? 🛢️🛵"
cari_bengkel_terdekat,"Cari bengkel mobil deket yang bisa benerin power window! 😬🚗"
cari_bengkel_terdekat,"Yo, towing terdekat banget buat motor mogok ada gak? 🚛😫"
cari_bengkel_terdekat,"Bengkel motor yang close buat servis shockbreaker di mana? 🛵"
cari_bengkel_terdekat,"Tolong cariin bengkel mobil deket buat ganti oli transmisi! 🛢️"
cari_bengkel_terdekat,"Help! Bengkel terdekat yang bisa benerin lampu sein motor? 💡🛵"
cari_bengkel_terdekat,"Cari bengkel motor paling dekat yang bisa servis karburator! 🛠️"
cari_bengkel_terdekat,"Bro, bengkel mobil deket buat ganti tie rod end di mana? 🚗"
cari_bengkel_terdekat,"Ada towing paling close yang bisa angkut motor matic? 🚨🛵"
cari_bengkel_terdekat,"Bengkel terdekat banget yang bisa ganti oli gardan motor!"
cari_bengkel_terdekat,"Tolong info bengkel motor deket yang buka 24 jam! ⏰🛵"
cari_bengkel_terdekat,"Yo, bengkel mobil terdekat buat benerin radiator di mana? 🔥"
cari_bengkel_terdekat,"Cari bengkel motor deket yang jago benerin knalpot! 🔊🛵"
cari_bengkel_terdekat,"Help! Towing paling dekat buat mobil yang ban bocor ada gak? 😭"
cari_bengkel_terdekat,"Bengkel terdekat yang bisa ganti ban motor di mana? 🛵"
cari_bengkel_terdekat,"Tolong cariin bengkel mobil deket buat servis ECU! 💻🚗"
cari_bengkel_terdekat,"Ada bengkel motor paling dekat yang bisa ganti lampu? 💡🛵"
cari_bengkel_terdekat,"Cari bengkel mobil terdekat yang bisa benerin AC cepet! 🥶"
cari_bengkel_terdekat,"Bro, bengkel motor deket buat servis shockbreaker di mana? 🛵"
cari_bengkel_terdekat,"Towing paling dekat buat mobil mogok di jalan raya ada gak?"
cari_bengkel_terdekat,"Bengkel terdekat yang bisa ganti busi motor sport di mana?"
cari_bengkel_terdekat,"Tolong info bengkel mobil deket buat ganti oli mesin! 🛢️🚗"
cari_bengkel_terdekat,"Cari bengkel motor paling close yang open pagi ini? ☀️🛵"
cari_bengkel_terdekat,"Help! Bengkel terdekat buat benerin kaki-kaki mobil ada gak?"
cari_bengkel_terdekat,"Ada bengkel mobil deket yang jago benerin transmisi matic?"
cari_bengkel_terdekat,"Towing terdekat buat motor mogok di tengah malam bro! 🌙"
cari_bengkel_terdekat,"Bengkel motor paling dekat yang bisa ganti ban dalam ada gak?"
cari_bengkel_terdekat,"Tolong cariin bengkel mobil terdekat buat benerin power window!"
cari_bengkel_terdekat,"Yo, bengkel motor deket yang jago benerin injektor di mana? 💉"
cari_bengkel_terdekat,"Cari bengkel terdekat yang bisa servis CVT motor matic! 🛵"
cari_bengkel_terdekat,"Bro, bengkel mobil paling close buat ganti tie rod ada gak?"
cari_bengkel_terdekat,"Help! Towing deket buat mobil yang overheat ada gak? 🔥
cari_bengkel_terdekat,"Bengkel motor trdekat buka ga?"
cari_bengkel_terdekat,"Towng terdekat brp jam smpai?"
cari_bengkel_terdekat,"Ada bngkel mobil 24 jam dket?"
cari_bengkel_terdekat,"Mtor mogok, bengkel pling deket dmn?"
cari_bengkel_terdekat,"Ganti ban mobil d bengkel trdekat bs?"
cari_bengkel_terdekat,"Bngkel motor trdekat yg buka skrng?"
cari_bengkel_terdekat,"Tolong cr bengkel AC mobil dket."
cari_bengkel_terdekat,"Towing dket buat motor ada ga?"
cari_bengkel_terdekat,"Bengkel trdekat bs bnerin rem?"
cari_bengkel_terdekat,"Mobil mati, bngkel dket dmn?"
cari_bengkel_terdekat,"Gnti oli motor d bengkel trdekat brp?"
cari_bengkel_terdekat,"Bngkel dket yg bs servis karbu?"
cari_bengkel_terdekat,"Towng trdekat bs dtng cpt ga?"
cari_bengkel_terdekat,"Bengkel mobil dket buat gnti aki?"
cari_bengkel_terdekat,"Mtor ga nyala, bngkel trdekat dmn?"
cari_bengkel_terdekat,"Bengkel trdekat yg bs bnerin lampu?"
cari_bengkel_terdekat,"Gnti ban motor d bengkel dket bs?"
cari_bengkel_terdekat,"Tolong cr towing trdekat buat mobil."
cari_bengkel_terdekat,"Bngkel motor dket buka smpe mlm?"
cari_bengkel_terdekat,"Bengkel trdekat bs servis AC mobil?"
cari_bengkel_terdekat,"Mobil mogok, towing dket ada ga?"
cari_bengkel_terdekat,"Bngkel dket yg bs gnti rantai mtor?"
cari_bengkel_terdekat,"Bengkel mobil trdekat yg buka skrng?"
cari_bengkel_terdekat,"Mtor kempes, bngkel dket dmn?"
cari_bengkel_terdekat,"Towng trdekat buat motor bs cpt?"
cari_bengkel_terdekat,"Bengkel dket bs bnerin kopling mtor?"
cari_bengkel_terdekat,"Gnti oli mobil d bngkel trdekat brp?"
cari_bengkel_terdekat,"Bengkel motor dket yg bs servis CVT?"
cari_bengkel_terdekat,"Mobil ga jlan, bngkel dket dmn?"
cari_bengkel_terdekat,"Tolong cr bengkel trdekat buat rem."
cari_bengkel_terdekat,"Bngkel dket yg bs gnti busi mtor?"
cari_bengkel_terdekat,"Towng dket buat mobil ada ga?"
cari_bengkel_terdekat,"Bengkel trdekat bs bnerin radiator?"
cari_bengkel_terdekat,"Mtor mogok, bngkel trdekat buka?"
cari_bengkel_terdekat,"Bengkel mobil dket yg bs gnti ban?"
cari_bengkel_terdekat,"Tolong cr towing trdekat buat mtor."
cari_bengkel_terdekat,"Bngkel dket bs servis knalpot mtor?"
cari_bengkel_terdekat,"Bengkel trdekat yg bs bnerin aki?"
cari_bengkel_terdekat,"Mobil overheat, bngkel dket dmn?"
cari_bengkel_terdekat,"Bengkel motor trdekat buat gnti oli?"
cari_bengkel_terdekat,"Towng trdekat bs angkut mobil cpt?"
cari_bengkel_terdekat,"Bngkel dket yg bs bnerin stang mtor?"
cari_bengkel_terdekat,"Bengkel mobil dket buat servis ECU?"
cari_bengkel_terdekat,"Mtor ga nyala, bngkel trdekat dmn?"
cari_bengkel_terdekat,"Tolong cr bengkel dket buat AC mobil."
cari_bengkel_terdekat,"Bengkel trdekat bs gnti lampu mobil?"
cari_bengkel_terdekat,"Towng dket buat motor mogok ada?"
cari_bengkel_terdekat,"Bngkel motor dket yg bs gnti ban?"
cari_bengkel_terdekat,"Bengkel trdekat bs bnerin rem cakram?"
cari_bengkel_terdekat,"Mobil mati, towing trdekat dmn?"
cari_bengkel_terdekat,"Bngkel dket buat gnti oli transmisi?"
cari_bengkel_terdekat,"Bengkel motor trdekat yg buka pg?"
cari_bengkel_terdekat,"Tolong cr bengkel dket buat radiator."
cari_bengkel_terdekat,"Bngkel mobil dket bs bnerin kaki2?"
cari_bengkel_terdekat,"Towng trdekat buat mobil bs dtng?"
cari_bengkel_terdekat,"Bengkel mtor dket bs servis shock?"
cari_bengkel_terdekat,"Bngkel trdekat yg bs gnti kopling?"
cari_bengkel_terdekat,"Mobil mogok, bngkel dket buka ga?"
cari_bengkel_terdekat,"Bengkel motor dket buat gnti busi?"
cari_bengkel_terdekat,"Towng dket buat mtor kempes ada?"
cari_bengkel_terdekat,"Bngkel trdekat bs bnerin injektor?"
cari_bengkel_terdekat,"Bengkel mobil dket yg bs servis rem?"
cari_bengkel_terdekat,"Mtor ga jlan, bngkel trdekat dmn?"
cari_bengkel_terdekat,"Tolong cr bengkel dket buat ban mobil."
cari_bengkel_terdekat,"Bngkel motor dket bs gnti rantai?"
cari_bengkel_terdekat,"Towng trdekat buat mobil overheat?"
cari_bengkel_terdekat,"Bengkel trdekat yg bs bnerin ECU?"
cari_bengkel_terdekat,"Bngkel mtor dket buka smpe mlm?"
cari_bengkel_terdekat,"Bengkel mobil dket bs gnti oli mesin?"
cari_bengkel_terdekat,"Mobil mati, towing dket bs cpt?"
cari_bengkel_terdekat,"Bngkel dket yg bs servis karbu mtor?"
cari_bengkel_terdekat,"Bengkel trdekat bs bnerin lampu mtor?"
cari_bengkel_terdekat,"Tolong cr bengkel dket buat kaki2 mtor."
cari_bengkel_terdekat,"Bngkel mobil dket yg bs bnerin AC?"
cari_bengkel_terdekat,"Towng trdekat buat mtor mogok dmn?"
cari_bengkel_terdekat,"Bengkel mtor dket bs gnti oli gardan?"
cari_bengkel_terdekat,"Bngkel trdekat yg bs bnerin radiator?"
cari_bengkel_terdekat,"Mobil kempes, bngkel dket buka?"
cari_bengkel_terdekat,"Bengkel motor dket yg bs servis CVT?"
cari_bengkel_terdekat,"Towng dket buat mobil ga nyala?"
cari_bengkel_terdekat,"Bngkel trdekat bs gnti ban mtor?"
cari_bengkel_terdekat,"Bengkel mobil dket buat gnti aki?"
cari_bengkel_terdekat,"Mtor mogok, bngkel trdekat dmn?"
cari_bengkel_terdekat,"Tolong cr towing dket buat mobil."
cari_bengkel_terdekat,"Bngkel dket yg bs bnerin rem mobil?"
cari_bengkel_terdekat,"Bengkel mtor dket bs gnti lampu?"
cari_bengkel_terdekat,"Bngkel trdekat buat servis knalpot?"
cari_bengkel_terdekat,"Mobil overheat, towing dket ada?"
cari_bengkel_terdekat,"Bengkel motor dket yg bs gnti busi?"
cari_bengkel_terdekat,"Tolong cr bengkel trdekat buat oli."
cari_bengkel_terdekat,"Bngkel mobil dket bs bnerin ECU?"
cari_bengkel_terdekat,"Towng trdekat buat mtor kempes?"
cari_bengkel_terdekat,"Bengkel trdekat yg bs servis shock?"
cari_bengkel_terdekat,"Bngkel mtor dket buat gnti rantai?"
cari_bengkel_terdekat,"Bengkel mobil dket yg bs gnti ban?"
cari_bengkel_terdekat,"Mobil mati, bngkel trdekat dmn?"
cari_bengkel_terdekat,"Towng dket buat motor bs dtng cpt?"
cari_bengkel_terdekat,"Bngkel trdekat bs bnerin kopling?"
cari_bengkel_terdekat,"Bengkel motor dket buat servis karbu?"
cari_bengkel_terdekat,"Tolong cr bengkel dket buat AC mobil."
cari_bengkel_terdekat,"Bngkel mobil dket bs gnti oli?"
cari_bengkel_terdekat,"Mtor ga nyala, towing trdekat dmn?"
cari_bengkel_terdekat,"Bengkel trdekat yg bs bnerin lampu?"
cari_bengkel_terdekat,"Bngkel mtor dket bs gnti ban dlm?"
cari_bengkel_terdekat,"Towng trdekat buat mobil mogok?"
cari_bengkel_terdekat,"Bengkel mobil dket yg bs servis rem?"
cari_bengkel_terdekat,"Bngkel trdekat bs bnerin radiator?"
cari_bengkel_terdekat,"Mtor kempes, bngkel dket buka?"
cari_bengkel_terdekat,"Tolong cr bengkel trdekat buat ECU."
cari_bengkel_terdekat,"Bngkel motor dket yg bs gnti oli?"
cari_bengkel_terdekat,"Towng dket buat mobil overheat?"
cari_bengkel_terdekat,"Bengkel trdekat bs servis knalpot mtor?"
cari_bengkel_terdekat,"Bngkel mobil dket buat gnti aki?"
cari_bengkel_terdekat,"Mobil ga jlan, bngkel trdekat dmn?"
cari_bengkel_terdekat,"Bengkel mtor dket bs bnerin stang?"
cari_bengkel_terdekat,"Towng trdekat buat mtor mogok ada?"
cari_bengkel_terdekat,"Bngkel trdekat yg bs gnti busi?"
cari_bengkel_terdekat,"Bengkel mobil dket bs servis AC?"
cari_bengkel_terdekat,"Tolong cr bengkel dket buat ban mtor."
cari_bengkel_terdekat,"Bngkel motor dket yg bs servis CVT?"
cari_bengkel_terdekat,"Mobil mati, towing dket bs cpt?"
cari_bengkel_terdekat,"Bengkel trdekat bs bnerin rem cakram?"
cari_bengkel_terdekat,"Bngkel mtor dket buat gnti lampu?"
cari_bengkel_terdekat,"Towng trdekat buat mobil kempes?"
cari_bengkel_terdekat,"Bengkel mobil dket yg bs gnti oli?"
cari_bengkel_terdekat,"Mtor mogok, bngkel trdekat buka?"
cari_bengkel_terdekat,"Tolong cr bengkel dket buat radiator."
cari_bengkel_terdekat,"Bngkel trdekat bs bnerin injektor?"
cari_bengkel_terdekat,"Bengkel motor dket bs gnti rantai?"
cari_bengkel_terdekat,"Towng dket buat mobil ga nyala?"
cari_bengkel_terdekat,"Bngkel mobil dket bs bnerin kaki2?"
cari_bengkel_terdekat,"Bengkel trdekat yg bs servis karbu?"
cari_bengkel_terdekat,"Mobil overheat, bngkel dket dmn?"
cari_bengkel_terdekat,"Bngkel mtor dket buat gnti busi?"
cari_bengkel_terdekat,"Towng trdekat buat mtor kempes?"
cari_bengkel_terdekat,"Bengkel trdekat bs gnti oli transmisi?"
cari_bengkel_terdekat,"Bngkel mobil dket yg bs bnerin AC?"
cari_bengkel_terdekat,"Mtor ga jlan, bngkel trdekat dmn?"
cari_bengkel_terdekat,"Tolong cr towing dket buat mobil."
cari_bengkel_terdekat,"Bngkel motor dket bs bnerin lampu?"
cari_bengkel_terdekat,"Bengkel trdekat yg bs gnti ban mtor?"
cari_bengkel_terdekat,"Mobil mati, towing dket ada ga?"
cari_bengkel_terdekat,"Bngkel mtor dket bs servis shock?"
cari_bengkel_terdekat,"Bengkel trdekat bs bnerin kopling?"
cari_bengkel_terdekat,"Towng trdekat buat mobil overheat?"
cari_bengkel_terdekat,"Bngkel mobil dket buat gnti aki?"
cari_bengkel_terdekat,"Bengkel motor dket yg bs gnti oli?"
cari_bengkel_terdekat,"Mobil mogok, bngkel trdekat dmn?"
cari_bengkel_terdekat,"Tolong cr bengkel dket buat rem mobil."
cari_bengkel_terdekat,"Bngkel trdekat bs bnerin radiator?"
cari_bengkel_terdekat,"Bengkel mtor dket bs gnti ban dlm?"
cari_bengkel_terdekat,"Towng dket buat mtor mogok ada?"
cari_bengkel_terdekat,"Bngkel mobil dket yg bs servis ECU?"
cari_bengkel_terdekat,"Bengkel trdekat bs gnti lampu mobil?"
cari_bengkel_terdekat,"Mobil kempes, towing trdekat dmn?"
cari_bengkel_terdekat,"Bngkel motor dket buat servis karbu?"
cari_bengkel_terdekat,"Tolong cr bengkel dket buat AC mtor."
cari_bengkel_terdekat,"Bngkel trdekat yg bs bnerin injektor?"
cari_bengkel_terdekat,"Bengkel mobil dket bs gnti oli mesin?"
cari_bengkel_terdekat,"Mtor ga nyala, bngkel trdekat dmn?"
cari_bengkel_terdekat,"Towng trdekat buat mobil bs cpt?"
cari_bengkel_terdekat,"Bngkel mtor dket bs gnti rantai?"
cari_bengkel_terdekat,"Bengkel trdekat yg bs servis rem?"
cari_bengkel_terdekat,"Mobil overheat, bngkel dket buka?"
cari_bengkel_terdekat,"Bngkel motor dket buat gnti busi?"
cari_bengkel_terdekat,"Tolong cr bengkel trdekat buat ban."
cari_bengkel_terdekat,"Bngkel mobil dket bs bnerin kaki2?"
cari_bengkel_terdekat,"Towng dket buat mtor kempes ada?"
cari_bengkel_terdekat,"Bengkel trdekat bs gnti oli gardan?"
cari_bengkel_terdekat,"Bngkel mtor dket yg bs servis CVT?"
cari_bengkel_terdekat,"Mobil mati, bngkel trdekat dmn?"
cari_bengkel_terdekat,"Bengkel trdekat bs bnerin lampu mtor?"
cari_bengkel_terdekat,"Towng trdekat buat mobil mogok?"
cari_bengkel_terdekat,"Bngkel mobil dket buat gnti aki?"
cari_bengkel_terdekat,"Bengkel motor dket bs bnerin knalpot?"
cari_bengkel_terdekat,"Tolong cr bengkel dket buat radiator."
cari_bengkel_terdekat,"Bngkel trdekat yg bs gnti ban mobil?"
cari_bengkel_terdekat,"Mtor mogok, towing dket bs dtng?"
cari_bengkel_terdekat,"Bengkel trdekat bs servis kopling?"
cari_bengkel_terdekat,"Bngkel mobil dket yg bs bnerin AC?"
cari_bengkel_terdekat,"Bengkel mtor dket buat gnti oli?"
cari_bengkel_terdekat,"Mobil ga jlan, bngkel trdekat dmn?"
cari_bengkel_terdekat,"Towng trdekat buat mtor overheat?"
cari_bengkel_terdekat,"Bngkel trdekat bs bnerin rem cakram?"
cari_bengkel_terdekat,"Bengkel motor dket bs gnti lampu?"
cari_bengkel_terdekat,"Tolong cr bengkel dket buat ECU mobil."
cari_bengkel_terdekat,"Bngkel mobil dket yg bs gnti oli?"
cari_bengkel_terdekat,"Mtor kempes, bngkel trdekat buka?"
cari_bengkel_terdekat,"Bengkel trdekat bs servis karbu mtor?"
cari_bengkel_terdekat,"Towng dket buat mobil ga nyala?"
cari_bengkel_terdekat,"Bngkel mtor dket bs gnti ban dlm?"
cari_bengkel_terdekat,"Bengkel trdekat yg bs bnerin injektor?"
cari_bengkel_terdekat,"Mobil overheat, towing dket ada?"
cari_bengkel_terdekat,"Bngkel motor dket buat gnti busi?"
cari_bengkel_terdekat,"Tolong cr bengkel dket buat kaki2 mobil."
cari_bengkel_terdekat,"Bngkel mobil dket bs servis radiator?"
cari_bengkel_terdekat,"Mtor mogok, bngkel trdekat dmn?"
cari_bengkel_terdekat,"Towng trdekat buat mobil kempes?"
cari_bengkel_terdekat,"Bngkel trdekat bs gnti oli transmisi?"
cari_bengkel_terdekat,"Bengkel motor dket yg bs servis CVT?"
cari_bengkel_terdekat,"Mobil mati, bngkel dket buka ga?"
cari_bengkel_terdekat,"Bngkel trdekat bs bnerin lampu mobil?"
cari_bengkel_terdekat,"Tolong cr towing dket buat mtor."
cari_bengkel_terdekat,"Bngkel mobil dket bs bnerin AC?"
cari_bengkel_terdekat,"Bengkel mtor dket bs gnti rantai?"
cari_bengkel_terdekat,"Towng trdekat buat mobil overheat?"
cari_bengkel_terdekat,"Bngkel trdekat yg bs gnti ban mtor?"
cari_bengkel_terdekat,"Mobil ga jlan, towing dket dmn?"
cari_bengkel_terdekat,"Bengkel motor dket buat servis knalpot."
cari_bengkel_terdekat,"Bngkel mobil dket yg bs gnti aki?"
cari_bengkel_terdekat,"Mtor kempes, bngkel trdekat dmn?"
cari_bengkel_terdekat,"Tolong cri bngkel trdkt btu ban."
cari_bengkel_terdekat,"Towng dket bwt mtor mogk ad?"
cari_bengkel_terdekat,"Bngkl mtor trdkt bs bnerin stng?"
cari_bengkel_terdekat,"Bngkel trdkt yg bs servis rem?"
cari_bengkel_terdekat,"Mobil ovrhet, bngkl dket dmn?"
cari_bengkel_terdekat,"Bngkl mtor dket buat gnti oli?"
cari_bengkel_terdekat,"Towng trdkt bwt mobil kmpes ad?"
cari_bengkel_terdekat,"Bngkl trdkt bs gnti busi mtor?"
cari_bengkel_terdekat,"Bngkl mobil dket yg bs bnerin ECU?"
cari_bengkel_terdekat,"bengkel terdekat dong"
cari_bengkel_terdekat,"ada bengkel deket sini ga?"
cari_bengkel_terdekat,"butuh bengkel skrg"
cari_bengkel_terdekat,"bengkel mobil terdekat ada?"
cari_bengkel_terdekat,"tolong bengkel terdekat"
cari_bengkel_terdekat,"motor mogok cari bengkel deket"
cari_bengkel_terdekat,"bengkel 24 jam terdekat"
cari_bengkel_terdekat,"urgent butuh bengkel terdekat"
cari_bengkel_terdekat,"ada bengkel buka skrg?"
cari_bengkel_terdekat,"nyari bengkel terdekat"
cari_bengkel_terdekat,"bngkel terdekat dong"
cari_bengkel_terdekat,"deket sini ada bengkel ga?"
cari_bengkel_terdekat,"butuh towing ke bengkel terdekat"
cari_bengkel_terdekat,"bengkel motor terdekat plis"
cari_bengkel_terdekat,"bengkel terdekat yg buka"
cari_bengkel_terdekat,"mau cari bengkel terdekat"
cari_bengkel_terdekat,"ada bengkel deket ga?"
cari_bengkel_terdekat,"bensin habis butuh bengkel deket"
cari_bengkel_terdekat,"bengkel terdekat yg bisa towing"
cari_bengkel_terdekat,"tolong cariin bengkel terdekat"
cari_bengkel_terdekat,"bengkel terdekat darurat"
cari_bengkel_terdekat,"ada bengkel terdekat ga?"
cari_bengkel_terdekat,"butuh bengkel cepet"
cari_bengkel_terdekat,"bengkel deket sini ada?"
cari_bengkel_terdekat,"mobil mati butuh bengkel terdekat"
cari_bengkel_terdekat,"bengkel terdekat 24 jam"
cari_bengkel_terdekat,"cari bengkel terdekat dong"
cari_bengkel_terdekat,"bengkel terdekat buka skrg"
cari_bengkel_terdekat,"ada bengkel terdekat?"
cari_bengkel_terdekat,"butuh bengkel motor terdekat"
cari_bengkel_terdekat,"bengkel mobil terdekat dong"
cari_bengkel_terdekat,"tolong bntu cari bengkel terdekat"
cari_bengkel_terdekat,"bengkel terdekat yg bagus"
cari_bengkel_terdekat,"nyari bengkel deket"
cari_bengkel_terdekat,"bengkel terdekat ada ga?"
cari_bengkel_terdekat,"urgent cari bengkel terdekat"
cari_bengkel_terdekat,"bengkel deket sini plis"
cari_bengkel_terdekat,"butuh bengkel terdekat asap"
cari_bengkel_terdekat,"ada bengkel terdekat ga sih?"
cari_bengkel_terdekat,"bengkel terdekat utk mobil"
cari_bengkel_terdekat,"cari bengkel terdekat skrg"
cari_bengkel_terdekat,"bengkel terdekat yg buka skrg"
cari_bengkel_terdekat,"tolong info bengkel terdekat"
cari_bengkel_terdekat,"motor butuh bengkel terdekat"
cari_bengkel_terdekat,"bengkel terdekat cepat"
cari_bengkel_terdekat,"ada bengkel deket ga ya?"
cari_bengkel_terdekat,"butuh towing bengkel terdekat"
cari_bengkel_terdekat,"bengkel terdekat utk motor"
cari_bengkel_terdekat,"cari bngkel terdekat"
cari_bengkel_terdekat,"bengkel deket sini darurat"
cari_bengkel_terdekat,"ada bengkel terdekat ngga?"
cari_bengkel_terdekat,"butuh bengkel terdekat bgt"
cari_bengkel_terdekat,"bengkel terdekat yg terdekat"
cari_bengkel_terdekat,"tolong bengkel deket"
cari_bengkel_terdekat,"mobil butuh bengkel terdekat"
cari_bengkel_terdekat,"bengkel 24 jam deket sini"
cari_bengkel_terdekat,"cari bengkel terdekat plis"
cari_bengkel_terdekat,"bengkel terdekat yg bisa"
cari_bengkel_terdekat,"ada bengkel deket sini ga?"
cari_bengkel_terdekat,"butuh bengkel cpt"
cari_bengkel_terdekat,"bengkel motor terdekat ada?"
cari_bengkel_terdekat,"tolong cari bengkel terdekat"
cari_bengkel_terdekat,"bengkel terdekat utk servis"
cari_bengkel_terdekat,"nyari bengkel terdekat skrg"
cari_bengkel_terdekat,"bengkel deket sini yg buka"
cari_bengkel_terdekat,"ada bengkel terdekat gak?"
cari_bengkel_terdekat,"butuh bengkel darurat terdekat"
cari_bengkel_terdekat,"bengkel terdekat tolong"
cari_bengkel_terdekat,"cari bengkel terdekat utk mobil"
cari_bengkel_terdekat,"bengkel terdekat yg deket"
cari_bengkel_terdekat,"tolong bntuin cari bengkel terdekat"
cari_bengkel_terdekat,"bengkel deket sini aja"
cari_bengkel_terdekat,"ada bengkel terdekat?"
cari_bengkel_terdekat,"butuh bengkel terdekat nih"
cari_bengkel_terdekat,"bengkel mobil terdekat plis"
cari_bengkel_terdekat,"bengkel terdekat 24 jam ada?"
cari_bengkel_terdekat,"cari bngkel terdekat dong"
cari_bengkel_terdekat,"deket sini ada bengkel?"
cari_bengkel_terdekat,"butuh towing ke bengkel terdekat"
cari_bengkel_terdekat,"bengkel terdekat yg ok"
cari_bengkel_terdekat,"ada bengkel deket ga skrg?"
cari_bengkel_terdekat,"urgent butuh bengkel deket"
cari_bengkel_terdekat,"bengkel motor terdekat dong"
cari_bengkel_terdekat,"tolong info bngkel terdekat"
cari_bengkel_terdekat,"bengkel terdekat utk ban bocor"
cari_bengkel_terdekat,"nyari bengkel deket sini"
cari_bengkel_terdekat,"bengkel terdekat ada ngga?"
cari_bengkel_terdekat,"butuh bengkel terdekat cpt"
cari_bengkel_terdekat,"bengkel deket sini yg bagus"
cari_bengkel_terdekat,"ada bengkel terdekat buka?"
cari_bengkel_terdekat,"cari bengkel terdekat utk motor"
cari_bengkel_terdekat,"bengkel terdekat yg buka skrg"
cari_bengkel_terdekat,"tolong carikan bengkel terdekat"
cari_bengkel_terdekat,"bengkel terdekat aja"
cari_bengkel_terdekat,"motor mati butuh bengkel terdekat"
cari_bengkel_terdekat,"bengkel 24 jam terdekat ada?"
cari_bengkel_terdekat,"cari bengkel terdekat bgt"
cari_bengkel_terdekat,"deket sini bengkel ada ga?"
cari_bengkel_terdekat,"butuh bengkel terdekat skrg jg"
cari_bengkel_terdekat,"bengkel mobil terdekat cepat"
cari_bengkel_terdekat,"ada bengkel deket sini ngga?"
cari_bengkel_terdekat,"tolong bengkel terdekat darurat"
cari_bengkel_terdekat,"bengkel terdekat utk aki tekor"
cari_bengkel_terdekat,"nyari bngkel terdekat"
cari_bengkel_terdekat,"bengkel terdekat yg tercepat"
cari_bengkel_terdekat,"ada bengkel terdekat gak sih?"
cari_bengkel_terdekat,"butuh bengkel cepet terdekat"
cari_bengkel_terdekat,"bengkel deket sini plis bgt"
cari_bengkel_terdekat,"cari bengkel terdekat sekarang"
cari_bengkel_terdekat,"bengkel terdekat yg bisa towing"
cari_bengkel_terdekat,"tolong cari bngkel terdekat"
cari_bengkel_terdekat,"bengkel terdekat aja yg penting"
cari_bengkel_terdekat,"mobil mogok cari bengkel terdekat"
cari_bengkel_terdekat,"bengkel 24 jam deket"
cari_bengkel_terdekat,"ada bengkel terdekat buka ga?"
cari_bengkel_terdekat,"butuh bengkel motor terdekat skrg"
cari_bengkel_terdekat,"bengkel terdekat utk rem blong"
cari_bengkel_terdekat,"cari bengkel deket sini dong"
cari_bengkel_terdekat,"bengkel terdekat yg deket sini"
cari_bengkel_terdekat,"tolong bantu cari bengkel terdekat"
cari_bengkel_terdekat,"bengkel deket sini yg 24 jam"
cari_bengkel_terdekat,"ada bengkel terdekat nggak?"
cari_bengkel_terdekat,"butuh bengkel terdekat utk mobil"
cari_bengkel_terdekat,"bengkel terdekat plis bgt"
cari_bengkel_terdekat,"nyari bengkel terdekat cpt"
cari_bengkel_terdekat,"bengkel motor terdekat plis"
cari_bengkel_terdekat,"deket sini ada bengkel ga ya?"
cari_bengkel_terdekat,"butuh towing bengkel deket"
cari_bengkel_terdekat,"bengkel terdekat yg bagus ada?"
cari_bengkel_terdekat,"ada bengkel deket skrg?"
cari_bengkel_terdekat,"cari bengkel terdekat darurat"
cari_bengkel_terdekat,"bengkel terdekat utk mesin mati"
cari_bengkel_terdekat,"tolong bengkel terdekat skrg"
cari_bengkel_terdekat,"bengkel deket sini yg buka skrg"
cari_bengkel_terdekat,"motor butuh bengkel deket"
cari_bengkel_terdekat,"bengkel terdekat 24 jam plis"
cari_bengkel_terdekat,"ada bengkel terdekat ga sekarang?"
cari_bengkel_terdekat,"butuh bengkel cpt terdekat"
cari_bengkel_terdekat,"bengkel mobil terdekat ada ga?"
cari_bengkel_terdekat,"cari bngkel terdekat utk motor"
cari_bengkel_terdekat,"bengkel terdekat yg bisa skrg"
cari_bengkel_terdekat,"tolong carikan bngkel terdekat"
cari_bengkel_terdekat,"bengkel deket sini aja yg penting"
cari_bengkel_terdekat,"mobil mati cari bengkel terdekat"
cari_bengkel_terdekat,"bengkel 24 jam terdekat dong"
cari_bengkel_terdekat,"ada bengkel deket sini gak?"
cari_bengkel_terdekat,"butuh bengkel terdekat utk ban"
cari_bengkel_terdekat,"bengkel terdekat utk aki"
cari_bengkel_terdekat,"nyari bengkel terdekat plis"
cari_bengkel_terdekat,"bengkel motor terdekat cepat"
cari_bengkel_terdekat,"deket sini bengkel terdekat ada?"
cari_bengkel_terdekat,"butuh towing ke bengkel deket"
cari_bengkel_terdekat,"bengkel terdekat yg ok plis"
cari_bengkel_terdekat,"ada bengkel terdekat buka ngga?"
cari_bengkel_terdekat,"cari bengkel terdekat cpt"
cari_bengkel_terdekat,"bengkel terdekat utk kaca pecah"
cari_bengkel_terdekat,"tolong bengkel deket sini"
cari_bengkel_terdekat,"bengkel deket sini yg darurat"
cari_bengkel_terdekat,"mobil butuh bengkel deket"
cari_bengkel_terdekat,"bengkel 24 jam deket sini ada?"
cari_bengkel_terdekat,"ada bengkel terdekat ga plis?"
cari_bengkel_terdekat,"butuh bengkel terdekat skrg"
cari_bengkel_terdekat,"bengkel terdekat utk servis darurat"
cari_bengkel_terdekat,"cari bengkel terdekat yg buka"
cari_bengkel_terdekat,"bengkel motor terdekat ada ga?"
cari_bengkel_terdekat,"tolong bntu cari bngkel terdekat"
cari_bengkel_terdekat,"bengkel deket sini yg 24 jam ada?"
cari_bengkel_terdekat,"nyari bengkel terdekat skrg dong"
cari_bengkel_terdekat,"bengkel terdekat plis cepat"
cari_bengkel_terdekat,"ada bengkel deket ga darurat?"
cari_bengkel_terdekat,"butuh bengkel mobil terdekat skrg"
cari_bengkel_terdekat,"bengkel terdekat utk oli bocor"
cari_bengkel_terdekat,"cari bengkel deket sini cpt"
cari_bengkel_terdekat,"bengkel terdekat yg bisa bantu"
cari_bengkel_terdekat,"tolong bengkel terdekat bgt"
cari_bengkel_terdekat,"motor mogok butuh bengkel deket"
cari_bengkel_terdekat,"bengkel 24 jam terdekat plis"
cari_bengkel_terdekat,"ada bengkel terdekat ngga skrg?"
cari_bengkel_terdekat,"butuh bengkel terdekat utk rem"
cari_bengkel_terdekat,"bengkel terdekat utk tune up"
cari_bengkel_terdekat,"nyari bngkel terdekat dong"
cari_bengkel_terdekat,"bengkel mobil terdekat darurat"
cari_bengkel_terdekat,"deket sini ada bengkel terdekat?"
cari_bengkel_terdekat,"butuh towing bengkel terdekat skrg"
cari_bengkel_terdekat,"bengkel terdekat yg bagus plis"
cari_bengkel_terdekat,"ada bengkel deket sini ga ya?"
cari_bengkel_terdekat,"cari bengkel terdekat utk ac"
cari_bengkel_terdekat,"bengkel terdekat utk karburator"
cari_bengkel_terdekat,"tolong bengkel terdekat cpt"
cari_bengkel_terdekat,"bengkel deket sini yg buka sekarang"
cari_bengkel_terdekat,"mobil mati butuh bengkel deket"
cari_bengkel_terdekat,"bengkel 24 jam deket plis"
cari_bengkel_terdekat,"ada bengkel terdekat ga tolong?"
cari_bengkel_terdekat,"butuh bengkel terdekat utk mesin"
cari_bengkel_terdekat,"bengkel terdekat utk ganti ban"
cari_bengkel_terdekat,"cari bengkel terdekat yg deket"
cari_bengkel_terdekat,"bengkel motor terdekat skrg"
cari_bengkel_terdekat,"tolong cariin bngkel terdekat"
cari_bengkel_terdekat,"bengkel deket sini aja yg ada"
cari_bengkel_terdekat,"nyari bengkel terdekat darurat"
cari_bengkel_terdekat,"bengkel terdekat plis bantu"
cari_bengkel_terdekat,"ada bengkel deket ga skrg plis?"
cari_bengkel_terdekat,"butuh bengkel mobil terdekat cpt"
cari_bengkel_terdekat,"bengkel terdekat utk body repair"
cari_bengkel_terdekat,"cari bengkel deket sini utk motor"
cari_bengkel_terdekat,"bengkel terdekat yg bisa handle"
cari_bengkel_terdekat,"tolong bengkel terdekat skrg dong"
cari_bengkel_terdekat,"motor butuh bengkel terdekat skrg"
cari_bengkel_terdekat,"bengkel 24 jam terdekat ada ga?"
cari_bengkel_terdekat,"ada bengkel terdekat ngga plis?"
cari_bengkel_terdekat,"butuh bengkel terdekat utk transmisi"
cari_bengkel_terdekat,"bengkel terdekat utk diesel"
cari_bengkel_terdekat,"nyari bengkel terdekat yg buka"
cari_bengkel_terdekat,"bengkel mobil terdekat plis bgt"
cari_bengkel_terdekat,"deket sini bengkel terdekat ga?"
cari_bengkel_terdekat,"butuh towing ke bengkel terdekat cpt"
cari_bengkel_terdekat,"bengkel terdekat yg ok ada?"
cari_bengkel_terdekat,"ada bengkel terdekat buka ngga skrg?"
cari_bengkel_terdekat,"cari bengkel terdekat utk lampu mati"
cari_bengkel_terdekat,"bengkel terdekat utk starter"
cari_bengkel_terdekat,"tolong bengkel deket sini dong"
cari_bengkel_terdekat,"bengkel deket sini yg darurat ada?"
cari_bengkel_terdekat,"mobil butuh bengkel terdekat skrg"
cari_bengkel_terdekat,"bengkel 24 jam deket sini plis"
cari_bengkel_terdekat,"ada bengkel terdekat ga tolong bgt"
cari_bengkel_terdekat,"butuh bengkel terdekat utk aki tekor"
cari_bengkel_terdekat,"bengkel terdekat utk ban pecah"
cari_bengkel_terdekat,"cari bengkel terdekat yg terdekat"
cari_bengkel_terdekat,"bengkel motor terdekat darurat"
cari_bengkel_terdekat,"tolong bntuin cari bngkel terdekat"
cari_bengkel_terdekat,"bengkel deket sini aja yg penting bgt"
cari_bengkel_terdekat,"mobil mogok cari bengkel deket"
cari_bengkel_terdekat,"bengkel 24 jam terdekat skrg"
cari_bengkel_terdekat,"ada bengkel deket sini ngga plis?"
cari_bengkel_terdekat,"butuh bengkel terdekat utk knalpot"
cari_bengkel_terdekat,"bengkel terdekat utk rem"
cari_bengkel_terdekat,"nyari bngkel terdekat plis"
cari_bengkel_terdekat,"bengkel mobil terdekat cepat plis"
cari_bengkel_terdekat,"deket sini ada bengkel terdekat ga?"
cari_bengkel_terdekat,"butuh towing bengkel terdekat darurat"
cari_bengkel_terdekat,"bengkel terdekat yg bagus dong"
cari_bengkel_terdekat,"ada bengkel deket skrg plis?"
cari_bengkel_terdekat,"cari bengkel terdekat utk overheat"
cari_bengkel_terdekat,"bengkel terdekat utk karbu"
cari_bengkel_terdekat,"tolong bengkel terdekat utk mobil"
cari_bengkel_terdekat,"bengkel deket sini yg buka sekarang plis"
cari_bengkel_terdekat,"motor mati butuh bengkel terdekat"
cari_bengkel_terdekat,"bengkel 24 jam deket ada ga?"
cari_bengkel_terdekat,"ada bengkel terdekat ga tolong skrg"
cari_bengkel_terdekat,"butuh bengkel terdekat utk radiator"
cari_bengkel_terdekat,"bengkel terdekat utk ganti oli"
cari_bengkel_terdekat,"cari bengkel terdekat yg cpt"
cari_bengkel_terdekat,"bengkel motor terdekat skrg dong"
cari_bengkel_terdekat,"tolong cari bngkel terdekat utk motor"
cari_bengkel_terdekat,"bengkel deket sini aja yg tersedia"
cari_bengkel_terdekat,"nyari bengkel terdekat bgt"
cari_bengkel_terdekat,"bengkel terdekat plis tolong"
cari_bengkel_terdekat,"ada bengkel deket ga darurat plis?"
cari_bengkel_terdekat,"butuh bengkel mobil terdekat darurat"
cari_bengkel_terdekat,"bengkel terdekat utk aki"
cari_bengkel_terdekat,"cari bengkel deket sini utk ban bocor"
cari_bengkel_terdekat,"bengkel terdekat yg bisa handle mesin"
cari_bengkel_terdekat,"tolong bengkel terdekat skrg plis"
cari_bengkel_terdekat,"motor butuh bengkel deket skrg"
cari_bengkel_terdekat,"bengkel 24 jam terdekat tolong"
cari_bengkel_terdekat,"ada bengkel terdekat ngga tolong?"
cari_bengkel_terdekat,"butuh bengkel terdekat utk kopling"
cari_bengkel_terdekat,"bengkel terdekat utk suspensi"
cari_bengkel_terdekat,"nyari bengkel terdekat yg terdekat"
cari_bengkel_terdekat,"bengkel mobil terdekat plis cpt"
cari_bengkel_terdekat,"deket sini bengkel terdekat ngga?"
cari_bengkel_terdekat,"butuh towing ke bengkel deket skrg"
cari_bengkel_terdekat,"bengkel terdekat yg ok dong"
cari_bengkel_terdekat,"ada bengkel terdekat buka ga plis?"
cari_bengkel_terdekat,"cari bengkel terdekat utk kelistrikan"
cari_bengkel_terdekat,"bengkel terdekat utk turbo"
cari_bengkel_terdekat,"tolong bengkel deket sini utk mobil"
cari_bengkel_terdekat,"bengkel deket sini yg darurat plis"
cari_bengkel_terdekat,"mobil butuh bengkel deket darurat"
cari_bengkel_terdekat,"bengkel 24 jam deket sini tolong"
cari_bengkel_terdekat,"ada bengkel terdekat ga skrg tolong?"
cari_bengkel_terdekat,"butuh bengkel terdekat utk injector"
cari_bengkel_terdekat,"bengkel terdekat utk ecu"
cari_bengkel_terdekat,"cari bengkel terdekat yg buka skrg"
cari_bengkel_terdekat,"bengkel motor terdekat darurat dong"
cari_bengkel_terdekat,"tolong bntuin cari bngkel terdekat skrg"
cari_bengkel_terdekat,"bengkel deket sini aja yg penting ada"
cari_bengkel_terdekat,"mobil mogok cari bengkel terdekat skrg"
cari_bengkel_terdekat,"bengkel 24 jam terdekat darurat"
cari_bengkel_terdekat,"ada bengkel deket sini gak tolong?"
cari_bengkel_terdekat,"butuh bengkel terdekat utk kepala silinder"
cari_bengkel_terdekat,"bengkel terdekat utk gardan"
cari_bengkel_terdekat,"nyari bngkel terdekat utk rem"
cari_bengkel_terdekat,"bengkel mobil terdekat cepat dong"
cari_bengkel_terdekat,"deket sini ada bengkel terdekat ga ya?"
cari_bengkel_terdekat,"butuh towing bengkel terdekat cpt"
cari_bengkel_terdekat,"bengkel terdekat yg bagus plis bgt"
cari_bengkel_terdekat,"ada bengkel deket skrg darurat?"
cari_bengkel_terdekat,"cari bengkel terdekat utk water pump"
cari_bengkel_terdekat,"bengkel terdekat utk timing belt"
cari_bengkel_terdekat,"tolong bengkel terdekat utk motor"
cari_bengkel_terdekat,"bengkel deket sini yg buka sekarang tolong"
cari_bengkel_terdekat,"motor mati butuh bengkel deket skrg"
cari_bengkel_terdekat,"bengkel 24 jam deket ada ga plis?"
cari_bengkel_terdekat,"ada bengkel terdekat ga tolong darurat"
cari_bengkel_terdekat,"butuh bengkel terdekat utk fuel pump"
cari_bengkel_terdekat,"bengkel terdekat utk alternator"
cari_bengkel_terdekat,"cari bengkel terdekat yg cpt plis"
cari_bengkel_terdekat,"bengkel motor terdekat skrg plis"
cari_bengkel_terdekat,"tolong cari bngkel terdekat utk ac"
cari_bengkel_terdekat,"bengkel deket sini aja yg tersedia skrg"
cari_bengkel_terdekat,"nyari bengkel terdekat bgt dong"
cari_bengkel_terdekat,"bengkel terdekat plis tolong bgt"
cari_bengkel_terdekat,"ada bengkel deket ga darurat tolong?"
cari_bengkel_terdekat,"butuh bengkel mobil terdekat skrg plis"
cari_bengkel_terdekat,"bengkel terdekat utk radiator bocor"
cari_bengkel_terdekat,"cari bengkel deket sini utk kaca pecah"
cari_bengkel_terdekat,"bengkel terdekat yg bisa handle transmisi"
cari_bengkel_terdekat,"tolong bengkel terdekat skrg plis bgt"
cari_bengkel_terdekat,"motor butuh bengkel deket darurat"
cari_bengkel_terdekat,"bengkel 24 jam terdekat tolong bgt"
cari_bengkel_terdekat,"ada bengkel terdekat ngga tolong skrg"
cari_bengkel_terdekat,"butuh bengkel terdekat utk kompresor ac"
cari_bengkel_terdekat,"bengkel terdekat utk power steering"
cari_bengkel_terdekat,"nyari bengkel terdekat yg terdekat dong"
cari_bengkel_terdekat,"bengkel mobil terdekat plis cpt bgt"
cari_bengkel_terdekat,"deket sini bengkel terdekat ngga ada?"
cari_bengkel_terdekat,"butuh towing ke bengkel deket skrg plis"
cari_bengkel_terdekat,"bengkel terdekat yg ok plis bgt"
cari_bengkel_terdekat,"ada bengkel terdekat buka ga tolong?"
cari_bengkel_terdekat,"cari bengkel terdekat utk sensor"
cari_bengkel_terdekat,"bengkel terdekat utk exhaust"
cari_bengkel_terdekat,"tolong bengkel deket sini utk rem"
cari_bengkel_terdekat,"bengkel deket sini yg darurat plis bgt"
cari_bengkel_terdekat,"mobil butuh bengkel deket skrg darurat"
cari_bengkel_terdekat,"bengkel 24 jam deket sini tolong bgt"
cari_bengkel_terdekat,"ada bengkel terdekat ga skrg tolong bgt"
cari_bengkel_terdekat,"butuh bengkel terdekat utk turbo"
cari_bengkel_terdekat,"bengkel terdekat utk intercooler"
cari_bengkel_terdekat,"cari bengkel terdekat yg buka skrg plis"
cari_bengkel_terdekat,"bengkel motor terdekat darurat plis"
cari_bengkel_terdekat,"tolong bntuin cari bngkel terdekat cpt"
cari_bengkel_terdekat,"bengkel deket sini aja yg penting ada skrg"
cari_bengkel_terdekat,"mobil mogok cari bengkel terdekat darurat"
cari_bengkel_terdekat,"bengkel 24 jam terdekat darurat dong"
cari_bengkel_terdekat,"ada bengkel deket sini gak tolong bgt?"
cari_bengkel_terdekat,"butuh bengkel terdekat utk head gasket"
cari_bengkel_terdekat,"bengkel terdekat utk differential"
cari_bengkel_terdekat,"nyari bngkel terdekat utk aki tekor"
cari_bengkel_terdekat,"bengkel mobil terdekat cepat plis bgt"
cari_bengkel_terdekat,"deket sini ada bengkel terdekat ga plis?"
cari_bengkel_terdekat,"butuh towing bengkel terdekat cpt plis"
cari_bengkel_terdekat,"bengkel terdekat yg bagus plis bgt dong"
cari_bengkel_terdekat,"ada bengkel deket skrg darurat plis?"
cari_bengkel_terdekat,"cari bengkel terdekat utk water pump bocor"
cari_bengkel_terdekat,"bengkel terdekat utk timing chain"
cari_bengkel_terdekat,"tolong bengkel terdekat utk motor skrg"
cari_bengkel_terdekat,"bengkel deket sini yg buka sekarang plis bgt"
cari_bengkel_terdekat,"motor mati butuh bengkel deket darurat"
cari_bengkel_terdekat,"bengkel 24 jam deket ada ga tolong?"
cari_bengkel_terdekat,"ada bengkel terdekat ga tolong darurat bgt"
cari_bengkel_terdekat,"butuh bengkel terdekat utk fuel injector"
cari_bengkel_terdekat,"bengkel terdekat utk master rem"
cari_bengkel_terdekat,"cari bengkel terdekat yg cpt plis bgt"
cari_bengkel_terdekat,"bengkel motor terdekat skrg plis bgt"
cari_bengkel_terdekat,"tolong cari bngkel terdekat utk ac mobil"
cari_bengkel_terdekat,"bengkel deket sini aja yg tersedia skrg plis"
cari_bengkel_terdekat,"nyari bengkel terdekat bgt dong skrg"
cari_bengkel_terdekat,"bengkel terdekat plis tolong bgt skrg"
cari_bengkel_terdekat,"ada bengkel deket ga darurat tolong skrg?"
cari_bengkel_terdekat,"butuh bengkel mobil terdekat skrg darurat"
cari_bengkel_terdekat,"bengkel terdekat utk radiator bocor parah"
cari_bengkel_terdekat,"cari bengkel deket sini utk kaca depan pecah"
cari_bengkel_terdekat,"bengkel terdekat yg bisa handle transmisi auto"
cari_bengkel_terdekat,"tolong bengkel terdekat skrg plis bgt dong"
cari_bengkel_terdekat,"motor butuh bengkel deket darurat skrg"
cari_bengkel_terdekat,"bengkel 24 jam terdekat tolong bgt skrg"
cari_bengkel_terdekat,"ada bengkel terdekat ngga tolong skrg darurat"
cari_bengkel_terdekat,"butuh bengkel terdekat utk kompresor ac mati"
cari_bengkel_terdekat,"bengkel terdekat utk power steering bocor"
cari_bengkel_terdekat,"nyari bengkel terdekat yg terdekat dong plis"
cari_bengkel_terdekat,"bengkel mobil terdekat plis cpt bgt skrg"
cari_bengkel_terdekat,"deket sini bengkel terdekat ngga ada tolong?"
cari_bengkel_terdekat,"butuh towing ke bengkel deket skrg plis bgt"
cari_bengkel_terdekat,"bengkel terdekat yg ok plis bgt dong"
cari_bengkel_terdekat,"ada bengkel terdekat buka ga tolong skrg?"
cari_bengkel_terdekat,"cari bengkel terdekat utk sensor oksigen"
cari_bengkel_terdekat,"bengkel terdekat utk exhaust manifold"
cari_bengkel_terdekat,"tolong bengkel deket sini utk rem blong"
cari_bengkel_terdekat,"bengkel deket sini yg darurat plis bgt skrg"
cari_bengkel_terdekat,"mobil butuh bengkel deket skrg darurat bgt"
cari_bengkel_terdekat,"bengkel 24 jam deket sini tolong bgt skrg"
cari_bengkel_terdekat,"ada bengkel terdekat ga skrg tolong bgt darurat"
cari_bengkel_terdekat,"butuh bengkel terdekat utk turbo kena blong"
cari_bengkel_terdekat,"bengkel terdekat utk intercooler bocor"
cari_bengkel_terdekat,"cari bengkel terdekat yg buka skrg plis bgt"
cari_bengkel_terdekat,"bengkel motor terdekat darurat plis bgt"
cari_bengkel_terdekat,"tolong bntuin cari bngkel terdekat cpt skrg"
cari_bengkel_terdekat,"bengkel deket sini aja yg penting ada skrg plis"
cari_bengkel_terdekat,"mobil mogok cari bengkel terdekat darurat skrg"
cari_bengkel_terdekat,"bengkel 24 jam terdekat darurat dong plis"
cari_bengkel_terdekat,"ada bengkel deket sini gak tolong bgt darurat?"
cari_bengkel_terdekat,"butuh bengkel terdekat utk head gasket jebol"
cari_bengkel_terdekat,"bengkel terdekat utk differential bunyi"
cari_bengkel_terdekat,"nyari bngkel terdekat utk aki tekor total"
cari_bengkel_terdekat,"bengkel mobil terdekat cepat plis bgt darurat"
cari_bengkel_terdekat,"deket sini ada bengkel terdekat ga plis bgt?"
cari_bengkel_terdekat,"butuh towing bengkel terdekat cpt plis skrg"
cari_bengkel_terdekat,"bengkel terdekat yg bagus plis bgt dong skrg"
cari_bengkel_terdekat,"ada bengkel deket skrg darurat plis bgt?"
cari_bengkel_terdekat,"cari bengkel terdekat utk water pump bocor berat"
cari_bengkel_terdekat,"bengkel terdekat utk timing chain kendor"
cari_bengkel_terdekat,"tolong bengkel terdekat utk motor skrg darurat"
cari_bengkel_terdekat,"bengkel deket sini yg buka sekarang plis bgt skrg"
cari_bengkel_terdekat,"motor mati butuh bengkel deket darurat total"
cari_bengkel_terdekat,"bengkel 24 jam deket ada ga tolong darurat?"
cari_bengkel_terdekat,"ada bengkel terdekat ga tolong darurat bgt skrg"
cari_bengkel_terdekat,"butuh bengkel terdekat utk fuel injector mampet"
cari_bengkel_terdekat,"bengkel terdekat utk master rem bocor"
cari_bengkel_terdekat,"cari bengkel terdekat yg cpt plis bgt skrg"
cari_bengkel_terdekat,"bengkel motor terdekat skrg plis bgt darurat"
cari_bengkel_terdekat,"tolong cari bngkel terdekat utk ac mobil ga dingin"
cari_bengkel_terdekat,"bengkel deket sini aja yg tersedia skrg plis bgt"
cari_bengkel_terdekat,"nyari bengkel terdekat bgt dong skrg darurat"
cari_bengkel_terdekat,"bengkel terdekat plis tolong bgt skrg"
cari_bengkel_terdekat,"ada bengkel deket ga darurat tolong skrg bgt?"