cari_bengkel_by_lokasi,"Apakah ada bengkel di kota Jakarta?"
cari_bengkel_by_lokasi,"Carikan aku bengkel di Surabaya dong"
cari_bengkel_by_lokasi,"Aku butuh towing di Surabaya malam ini"
cari_bengkel_by_lokasi,"Di mana bengkel terdekat di Bandung?"
cari_bengkel_by_lokasi,"Bengkel mobil di Medan ada yang buka 24 jam gak?"
cari_bengkel_by_lokasi,"Towing motor di Jogja yang cepet ada nggak?"
cari_bengkel_by_lokasi,"Cari bengkel di Semarang yang murah yuk"
cari_bengkel_by_lokasi,"Ada bengkel khusus motor matic di Malang nggak?"
cari_bengkel_by_lokasi,"Butuh towing mobil di Denpasar sekarang juga"
cari_bengkel_by_lokasi,"Bengkel yang oke di Makassar mana ya?"
cari_bengkel_by_lokasi,"Towing motor paling dekat di Palembang"
cari_bengkel_by_lokasi,"Bengkel mobil di Batam buka hari Minggu nggak?"
cari_bengkel_by_lokasi,"Cari bengkel di Pekanbaru yang bisa servis AC mobil"
cari_bengkel_by_lokasi,"Aku butuh towing di Balikpapan tengah malam"
cari_bengkel_by_lokasi,"Bengkel motor di Banjarmasin yang bagus mana?"
cari_bengkel_by_lokasi,"Towing mobil di Padang yang murah ada gak?"
cari_bengkel_by_lokasi,"Bengkel khusus mobil diesel di Pontianak ada nggak?"
cari_bengkel_by_lokasi,"bengkel di Samarinda yang buka malam"
cari_bengkel_by_lokasi,"Butuh towing motor di Manado sekarang"
cari_bengkel_by_lokasi,"Bengkel mobil di Jayapura buka 24 jam nggak?"
cari_bengkel_by_lokasi,"Towing motor di Ambon yang cepet"
cari_bengkel_by_lokasi,"Bengkel di Mataram yang bisa servis rem mobil"
cari_bengkel_by_lokasi,"Cari towing mobil di Kupang yang hemat biaya"
cari_bengkel_by_lokasi,"Aku butuh bengkel di Palu malam ini"
cari_bengkel_by_lokasi,"Bengkel motor di Kendari yang recommended"
cari_bengkel_by_lokasi,"Towing motor di Gorontalo ada yang 24 jam?"
cari_bengkel_by_lokasi,"Bengkel mobil di Banda Aceh yang terjangkau"
cari_bengkel_by_lokasi,"Cari bengkel di Bengkulu yang bisa servis mesin"
cari_bengkel_by_lokasi,"Butuh towing mobil di Jambi secepatnya"
cari_bengkel_by_lokasi,"Bengkel motor di Lampung yang top"
cari_bengkel_by_lokasi,"Towing motor di Serang yang responsif"
cari_bengkel_by_lokasi,"Bengkel di Cirebon buka hari Minggu gak?"
cari_bengkel_by_lokasi,"Cari bengkel di Tasikmalaya yang murah meriah"
cari_bengkel_by_lokasi,"Aku butuh towing di Purwakarta malam ini"
cari_bengkel_by_lokasi,"Bengkel mobil di Sukabumi yang bagus banget"
cari_bengkel_by_lokasi,"Towing motor di Bogor yang buka 24 jam"
cari_bengkel_by_lokasi,"Bengkel khusus mobil matic di Depok ada gak?"
cari_bengkel_by_lokasi,"Cari bengkel di Bekasi yang buka tengah malam"
cari_bengkel_by_lokasi,"Butuh towing mobil di Tangerang sekarang"
cari_bengkel_by_lokasi,"Bengkel motor di Karawang yang harganya oke"
cari_bengkel_by_lokasi,"Towing motor di Subang yang cepet dateng"
cari_bengkel_by_lokasi,"Bengkel di Indramayu yang terpercaya"
cari_bengkel_by_lokasi,"Cari bengkel di Cianjur yang bisa servis AC"
cari_bengkel_by_lokasi,"Aku butuh towing di Garut sekarang juga"
cari_bengkel_by_lokasi,"Bengkel mobil di Sumedang yang recommended banget"
cari_bengkel_by_lokasi,"Towing motor di Majalengka yang murah"
cari_bengkel_by_lokasi,"Bengkel khusus motor injeksi di Kuningan ada nggak?"
cari_bengkel_by_lokasi,"Cari bengkel di Ciamis yang buka 24 jam"
cari_bengkel_by_lokasi,"Butuh towing mobil di Pangandaran secepat mungkin"
cari_bengkel_by_lokasi,"Bengkel motor di Banjar yang bagus"
cari_bengkel_by_lokasi,"Towing motor di Cilacap yang sigap"
cari_bengkel_by_lokasi,"Bengkel di Purwokerto yang harganya bersahabat"
cari_bengkel_by_lokasi,"Cari bengkel di Banyumas yang bisa servis rem"
cari_bengkel_by_lokasi,"Aku butuh towing di Purbalingga malam ini"
cari_bengkel_by_lokasi,"Bengkel mobil di Kebumen yang top banget"
cari_bengkel_by_lokasi,"Towing motor di Wonosobo yang buka 24 jam"
cari_bengkel_by_lokasi,"Bengkel khusus mobil diesel di Magelang ada gak?"
cari_bengkel_by_lokasi,"Cari bengkel di Salatiga yang buka malam"
cari_bengkel_by_lokasi,"Butuh towing mobil di Kudus sekarang"
cari_bengkel_by_lokasi,"Bengkel motor di Pati yang murah"
cari_bengkel_by_lokasi,"Towing motor di Jepara yang cepet nyampe"
cari_bengkel_by_lokasi,"Bengkel di Rembang yang bagus banget"
cari_bengkel_by_lokasi,"Cari bengkel di Blora yang bisa servis AC mobil"
cari_bengkel_by_lokasi,"Aku butuh towing di Grobogan tengah malam"
cari_bengkel_by_lokasi,"Bengkel mobil di Sragen yang recommended"
cari_bengkel_by_lokasi,"Towing motor di Karanganyar yang hemat"
cari_bengkel_by_lokasi,"Bengkel khusus motor matic di Wonogiri ada nggak?"
cari_bengkel_by_lokasi,"Cari bengkel di Sukoharjo yang buka 24 jam"
cari_bengkel_by_lokasi,"Butuh towing mobil di Klaten secepatnya"
cari_bengkel_by_lokasi,"Bengkel motor di Boyolali yang oke punya"
cari_bengkel_by_lokasi,"Towing motor di Demak yang responsif"
cari_bengkel_by_lokasi,"Bengkel di Gresik yang murah meriah"
cari_bengkel_by_lokasi,"Cari bengkel di Sidoarjo yang bisa servis rem"
cari_bengkel_by_lokasi,"Aku butuh towing di Mojokerto malam ini"
cari_bengkel_by_lokasi,"Bengkel mobil di Jombang yang bagus banget"
cari_bengkel_by_lokasi,"Towing motor di Nganjuk yang buka 24 jam"
cari_bengkel_by_lokasi,"Bengkel khusus mobil diesel di Madiun ada gak?"
cari_bengkel_by_lokasi,"Cari bengkel di Ngawi yang buka tengah malam"
cari_bengkel_by_lokasi,"Butuh towing mobil di Magetan sekarang juga"
cari_bengkel_by_lokasi,"Bengkel motor di Ponorogo yang terjangkau"
cari_bengkel_by_lokasi,"Towing motor di Pacitan yang cepet"
cari_bengkel_by_lokasi,"Bengkel di Trenggalek yang recommended"
cari_bengkel_by_lokasi,"Cari bengkel di Tulungagung yang bisa servis AC"
cari_bengkel_by_lokasi,"Aku butuh towing di Blitar malam ini"
cari_bengkel_by_lokasi,"Bengkel mobil di Kediri yang top"
cari_bengkel_by_lokasi,"Towing motor di Malang yang murah banget"
cari_bengkel_by_lokasi,"Bengkel khusus motor injeksi di Batu ada nggak?"
cari_bengkel_by_lokasi,"Cari bengkel di Pasuruan yang buka 24 jam"
cari_bengkel_by_lokasi,"Butuh towing mobil di Probolinggo secepatnya"
cari_bengkel_by_lokasi,"Bengkel motor di Lumajang yang bagus"
cari_bengkel_by_lokasi,"Towing motor di Jember yang sigap"
cari_bengkel_by_lokasi,"Bengkel di Banyuwangi yang harganya oke"
cari_bengkel_by_lokasi,"Cari bengkel di Situbondo yang bisa servis rem"
cari_bengkel_by_lokasi,"Aku butuh towing di Bondowoso sekarang"
cari_bengkel_by_lokasi,"Bengkel mobil di Bangkalan yang recommended"
cari_bengkel_by_lokasi,"Towing motor di Sampang yang buka 24 jam"
cari_bengkel_by_lokasi,"Bengkel khusus mobil matic di Pamekasan ada gak?"
cari_bengkel_by_lokasi,"Cari bengkel di Sumenep yang buka malam"
cari_bengkel_by_lokasi,"Butuh towing mobil di Tuban sekarang juga"
cari_bengkel_by_lokasi,"Bengkel motor di Bojonegoro yang murah"
cari_bengkel_by_lokasi,"Towing motor di Lamongan yang cepet nyampe"
cari_bengkel_by_lokasi,"Bengkel di Jombang yang bagus banget"
cari_bengkel_by_lokasi,"Cari bengkel di Mojokerto yang bisa servis AC"
cari_bengkel_by_lokasi,"Aku butuh towing di Sidoarjo tengah malam"
cari_bengkel_by_lokasi,"Bengkel mobil di Gresik yang top"
cari_bengkel_by_lokasi,"Towing motor di Surabaya yang hemat biaya"
cari_bengkel_by_lokasi,"Bengkel khusus motor matic di Jakarta ada nggak?"
cari_bengkel_by_lokasi,"Cari bengkel di Bandung yang buka 24 jam dong"
cari_bengkel_by_lokasi,"Butuh towing mobil di Medan sekarang"
cari_bengkel_by_lokasi,"Bengkel motor di Jogja yang oke punya"
cari_bengkel_by_lokasi,"Towing motor di Semarang yang cepet"
cari_bengkel_by_lokasi,"Bengkel di Malang yang murah meriah"
cari_bengkel_by_lokasi,"Cari bengkel di Denpasar yang bisa servis rem"
cari_bengkel_by_lokasi,"Aku butuh towing di Makassar malam ini"
cari_bengkel_by_lokasi,"Bengkel mobil di Palembang yang recommended banget"
cari_bengkel_by_lokasi,"Towing motor di Batam yang buka 24 jam"
cari_bengkel_by_lokasi,"Bengkel khusus mobil diesel di Pekanbaru ada gak?"
cari_bengkel_by_lokasi,"Cari bengkel di Balikpapan yang buka tengah malam"
cari_bengkel_by_lokasi,"Butuh towing mobil di Banjarmasin secepatnya"
cari_bengkel_by_lokasi,"Bengkel motor di Padang yang harganya bersahabat"
cari_bengkel_by_lokasi,"Towing motor di Pontianak yang responsif"
cari_bengkel_by_lokasi,"Bengkel di Samarinda yang bagus"
cari_bengkel_by_lokasi,"Cari bengkel di Manado yang bisa servis AC"
cari_bengkel_by_lokasi,"Aku butuh towing di Jayapura sekarang"
cari_bengkel_by_lokasi,"Bengkel mobil di Ambon yang top banget"
cari_bengkel_by_lokasi,"Towing motor di Mataram yang murah"
cari_bengkel_by_lokasi,"Bengkel khusus motor injeksi di Kupang ada nggak?"
cari_bengkel_by_lokasi,"Cari bengkel di Palu yang buka 24 jam"
cari_bengkel_by_lokasi,"Butuh towing mobil di Kendari sekarang juga"
cari_bengkel_by_lokasi,"Bengkel motor di Gorontalo yang recommended"
cari_bengkel_by_lokasi,"Towing motor di Banda Aceh yang cepet nyampe"
cari_bengkel_by_lokasi,"Bengkel di Bengkulu yang murah banget"
cari_bengkel_by_lokasi,"Cari bengkel di Jambi yang bisa servis rem"
cari_bengkel_by_lokasi,"Aku butuh towing di Lampung malam ini"
cari_bengkel_by_lokasi,"Bengkel mobil di Serang yang bagus banget"
cari_bengkel_by_lokasi,"Towing motor di Cirebon yang buka 24 jam"
cari_bengkel_by_lokasi,"Bengkel khusus mobil matic di Tasikmalaya ada gak?"
cari_bengkel_by_lokasi,"Cari bengkel di Purwakarta yang buka tengah malam"
cari_bengkel_by_lokasi,"Butuh towing mobil di Sukabumi secepatnya"
cari_bengkel_by_lokasi,"Bengkel motor di Bogor yang terjangkau"
cari_bengkel_by_lokasi,"Towing motor di Depok yang cepet"
cari_bengkel_by_lokasi,"Bengkel di Bekasi yang recommended"
cari_bengkel_by_lokasi,"Cari bengkel di Tangerang yang bisa servis AC"
cari_bengkel_by_lokasi,"Aku butuh towing di Karawang sekarang"
cari_bengkel_by_lokasi,"Bengkel mobil di Subang yang top"
cari_bengkel_by_lokasi,"Towing motor di Indramayu yang murah banget"
cari_bengkel_by_lokasi,"Bengkel khusus motor matic di Cianjur ada gak?"
cari_bengkel_by_lokasi,"Cari bengkel di Garut yang buka 24 jam"
cari_bengkel_by_lokasi,"Butuh towing mobil di Sumedang sekarang juga"
cari_bengkel_by_lokasi,"Bengkel motor di Majalengka yang bagus"
cari_bengkel_by_lokasi,"Towing motor di Kuningan yang responsif"
cari_bengkel_by_lokasi,"Bengkel di Ciamis yang harganya oke"
cari_bengkel_by_lokasi,"Cari bengkel di Pangandaran yang bisa servis rem"
cari_bengkel_by_lokasi,"Aku butuh towing di Banjar tengah malam"
cari_bengkel_by_lokasi,"Bengkel mobil di Cilacap yang recommended"
cari_bengkel_by_lokasi,"Towing motor di Purwokerto yang buka 24 jam"
cari_bengkel_by_lokasi,"Bengkel khusus mobil diesel di Banyumas ada gak?"
cari_bengkel_by_lokasi,"Cari bengkel di Purbalingga yang buka malam"
cari_bengkel_by_lokasi,"Butuh towing mobil di Kebumen secepatnya"
cari_bengkel_by_lokasi,"Bengkel motor di Wonosobo yang murah"
cari_bengkel_by_lokasi,"Towing motor di Magelang yang cepet nyampe"
cari_bengkel_by_lokasi,"Bengkel di Salatiga yang bagus banget"
cari_bengkel_by_lokasi,"Cari bengkel di Kudus yang bisa servis AC"
cari_bengkel_by_lokasi,"Aku butuh towing di Pati sekarang"
cari_bengkel_by_lokasi,"Bengkel mobil di Jepara yang top banget"
cari_bengkel_by_lokasi,"Towing motor di Rembang yang hemat biaya"
cari_bengkel_by_lokasi,"Bengkel khusus motor injeksi di Blora ada gak?"
cari_bengkel_by_lokasi,"Cari bengkel di Grobogan yang buka 24 jam"
cari_bengkel_by_lokasi,"Butuh towing mobil di Sragen sekarang juga"
cari_bengkel_by_lokasi,"Bengkel motor di Karanganyar yang recommended"
cari_bengkel_by_lokasi,"Towing motor di Wonogiri yang cepet"
cari_bengkel_by_lokasi,"Bengkel di Sukoharjo yang murah meriah"
cari_bengkel_by_lokasi,"Cari bengkel di Klaten yang bisa servis rem"
cari_bengkel_by_lokasi,"Aku butuh towing di Boyolali malam ini"
cari_bengkel_by_lokasi,"Bengkel mobil di Demak yang bagus banget"
cari_bengkel_by_lokasi,"Towing motor di Gresik yang buka 24 jam"
cari_bengkel_by_lokasi,"Bengkel khusus mobil matic di Sidoarjo ada gak?"
cari_bengkel_by_lokasi,"Cari bengkel di Mojokerto yang buka tengah malam"
cari_bengkel_by_lokasi,"Butuh towing mobil di Jombang secepatnya"
cari_bengkel_by_lokasi,"Bengkel motor di Nganjuk yang terjangkau"
cari_bengkel_by_lokasi,"Towing motor di Madiun yang responsif"
cari_bengkel_by_lokasi,"Bengkel di Ngawi yang recommended"
cari_bengkel_by_lokasi,"Cari bengkel di Magetan yang bisa servis AC"
cari_bengkel_by_lokasi,"Aku butuh towing di Ponorogo sekarang"
cari_bengkel_by_lokasi,"Bengkel mobil di Pacitan yang top"
cari_bengkel_by_lokasi,"Towing motor di Trenggalek yang murah banget"
cari_bengkel_by_lokasi,"Bengkel khusus motor matic di Tulungagung ada gak?"
cari_bengkel_by_lokasi,"Cari bengkel di Blitar yang buka 24 jam"
cari_bengkel_by_lokasi,"Butuh towing mobil di Kediri sekarang juga"
cari_bengkel_by_lokasi,"Bengkel motor di Malang yang bagus"
cari_bengkel_by_lokasi,"Towing motor di Batu yang cepet nyampe"
cari_bengkel_by_lokasi,"Bengkel di Pasuruan yang harganya oke"
cari_bengkel_by_lokasi,"Cari bengkel di Probolinggo yang bisa servis rem"
cari_bengkel_by_lokasi,"Aku butuh towing di Lumajang tengah malam"
cari_bengkel_by_lokasi,"Bengkel mobil di Jember yang recommended"
cari_bengkel_by_lokasi,"Towing motor di Banyuwangi yang buka 24 jam"
cari_bengkel_by_lokasi,"Bengkel khusus mobil diesel di Situbondo ada gak?"
cari_bengkel_by_lokasi,"Cari bengkel di Bondowoso yang buka malam"
cari_bengkel_by_lokasi,"Butuh towing mobil di Bangkalan secepatnya"
cari_bengkel_by_lokasi,"Bengkel motor di Sampang yang murah"
cari_bengkel_by_lokasi,"Towing motor di Pamekasan yang responsif"
cari_bengkel_by_lokasi,"Bengkel di Sumenep yang bagus banget"
cari_bengkel_by_lokasi,"Cari bengkel di Tuban yang bisa servis AC"
cari_bengkel_by_lokasi,"Aku butuh towing di Bojonegoro sekarang"
cari_bengkel_by_lokasi,"Bengkel mobil di Lamongan yang top banget"
cari_bengkel_by_lokasi,"Towing motor di Jombang yang hemat biaya"
cari_bengkel_by_lokasi,"Bengkel khusus motor injeksi di Mojokerto ada gak?"
cari_bengkel_by_lokasi,"Cari bengkel di Sidoarjo yang buka 24 jam"
cari_bengkel_by_lokasi,"Butuh towing mobil di Gresik sekarang juga"
cari_bengkel_by_lokasi,"Bengkel motor di Surabaya yang recommended"
cari_bengkel_by_lokasi,"Towing motor di Jakarta yang cepet"
cari_bengkel_by_lokasi,"Bengkel di Bandung yang murah meriah"
cari_bengkel_by_lokasi,"Cari bengkel di Medan yang bisa servis rem"
cari_bengkel_by_lokasi,"Aku butuh towing di Jogja tengah malam"
cari_bengkel_by_lokasi,"Bengkel mobil di Semarang yang bagus banget"
cari_bengkel_by_lokasi,"Towing motor di Malang yang buka 24 jam"
cari_bengkel_by_lokasi,"Bengkel khusus mobil matic di Denpasar ada gak?"
cari_bengkel_by_lokasi,"Cari bengkel di Makassar yang buka malam"
cari_bengkel_by_lokasi,"Butuh towing mobil di Palembang secepatnya"
cari_bengkel_by_lokasi,"Bengkel motor di Batam yang terjangkau"
cari_bengkel_by_lokasi,"Towing motor di Pekanbaru yang responsif"
cari_bengkel_by_lokasi,"Bengkel di Balikpapan yang recommended"
cari_bengkel_by_lokasi,"Cari bengkel di Banjarmasin yang bisa servis AC"
cari_bengkel_by_lokasi,"Aku butuh towing di Padang sekarang"
cari_bengkel_by_lokasi,"Bengkel mobil di Pontianak yang top"
cari_bengkel_by_lokasi,"Towing motor di Samarinda yang murah banget"
cari_bengkel_by_lokasi,"Bengkel khusus motor matic di Manado ada gak?"
cari_bengkel_by_lokasi,"Cari bengkel di Jayapura yang buka 24 jam"
cari_bengkel_by_lokasi,"Butuh towing mobil di Ambon sekarang juga"
cari_bengkel_by_lokasi,"Bengkel motor di Mataram yang bagus"
cari_bengkel_by_lokasi,"Towing motor di Kupang yang cepet nyampe"
cari_bengkel_by_lokasi,"Bengkel di Palu yang harganya oke"
cari_bengkel_by_lokasi,"Cari bengkel di Kendari yang bisa servis rem"
cari_bengkel_by_lokasi,"Aku butuh towing di Gorontalo tengah malam"
cari_bengkel_by_lokasi,"Bengkel mobil di Banda Aceh yang recommended"
cari_bengkel_by_lokasi,"Towing motor di Bengkulu yang buka 24 jam"
cari_bengkel_by_lokasi,"Bengkel khusus mobil diesel di Jambi ada gak?"
cari_bengkel_by_lokasi,"Cari bengkel di Lampung yang buka malam"
cari_bengkel_by_lokasi,"Butuh towing mobil di Serang secepatnya"
cari_bengkel_by_lokasi,"Bengkel motor di Cirebon yang murah"
cari_bengkel_by_lokasi,"Towing motor di Tasikmalaya yang responsif"
cari_bengkel_by_lokasi,"Bengkel di Purwakarta yang bagus banget"
cari_bengkel_by_lokasi,"Cari bengkel di Sukabumi yang bisa servis AC"
cari_bengkel_by_lokasi,"Aku butuh towing di Bogor sekarang"
cari_bengkel_by_lokasi,"Bengkel mobil di Depok yang top banget"
cari_bengkel_by_lokasi,"Towing motor di Bekasi yang hemat biaya"
cari_bengkel_by_lokasi,"Bengkel khusus motor injeksi di Tangerang ada gak?"
cari_bengkel_by_lokasi,"Cari bengkel di Karawang yang buka 24 jam"
cari_bengkel_by_lokasi,"Butuh towing mobil di Subang sekarang juga"
cari_bengkel_by_lokasi,"Bengkel motor di Indramayu yang recommended"
cari_bengkel_by_lokasi,"Towing motor di Cianjur yang cepet"
cari_bengkel_by_lokasi,"Bengkel di Garut yang murah meriah"
cari_bengkel_by_lokasi,"Cari bengkel di Sumedang yang bisa servis rem"
cari_bengkel_by_lokasi,"Aku butuh towing di Majalengka tengah malam"
cari_bengkel_by_lokasi,"Bengkel mobil di Kuningan yang bagus banget"
cari_bengkel_by_lokasi,"Towing motor di Ciamis yang buka 24 jam"
cari_bengkel_by_lokasi,"Bengkel khusus mobil matic di Pangandaran ada gak?"
cari_bengkel_by_lokasi,"Cari bengkel di Banjar yang buka malam"
cari_bengkel_by_lokasi,"Butuh towing mobil di Cilacap secepatnya"
cari_bengkel_by_lokasi,"Bengkel motor di Purwokerto yang terjangkau"
cari_bengkel_by_lokasi,"Towing motor di Banyumas yang responsif"
cari_bengkel_by_lokasi,"Bengkel di Purbalingga yang recommended"
cari_bengkel_by_lokasi,"Cari bengkel di Kebumen yang bisa servis AC"
cari_bengkel_by_lokasi,"Aku butuh towing di Wonosobo sekarang"
cari_bengkel_by_lokasi,"Bengkel mobil di Magelang yang top"
cari_bengkel_by_lokasi,"Towing motor di Salatiga yang murah banget"
cari_bengkel_by_lokasi,"Bengkel khusus motor matic di Kudus ada gak?"
cari_bengkel_by_lokasi,"Cari bengkel di Pati yang buka 24 jam"
cari_bengkel_by_lokasi,"Butuh towing mobil di Jepara sekarang juga"
cari_bengkel_by_lokasi,"Bengkel motor di Rembang yang bagus"
cari_bengkel_by_lokasi,"Towing motor di Blora yang cepet nyampe"
cari_bengkel_by_lokasi,"Bengkel di Grobogan yang harganya oke"
cari_bengkel_by_lokasi,"Cari bengkel di Sragen yang bisa servis rem"
cari_bengkel_by_lokasi,"Aku butuh towing di Karanganyar tengah malam"
cari_bengkel_by_lokasi,"Bengkel mobil di Wonogiri yang recommended"
cari_bengkel_by_lokasi,"Towing motor di Sukoharjo yang buka 24 jam"
cari_bengkel_by_lokasi,"Bengkel khusus mobil diesel di Klaten ada gak?"
cari_bengkel_by_lokasi,"Cari bengkel di Boyolali yang buka malam"
cari_bengkel_by_lokasi,"Butuh towing mobil di Demak secepatnya"
cari_bengkel_by_lokasi,"Bengkel motor di Gresik yang murah"
cari_bengkel_by_lokasi,"Towing motor di Sidoarjo yang responsif"
cari_bengkel_by_lokasi,"Bengkel di Mojokerto yang bagus banget"
cari_bengkel_by_lokasi,"Cari bengkel di Jombang yang bisa servis AC"
cari_bengkel_by_lokasi,"Aku butuh towing di Nganjuk sekarang"
cari_bengkel_by_lokasi,"Bengkel mobil di Madiun yang top banget"
cari_bengkel_by_lokasi,"Towing motor di Ngawi yang hemat biaya"
cari_bengkel_by_lokasi,"Bengkel khusus motor injeksi di Magetan ada gak?"
cari_bengkel_by_lokasi,"Cari bengkel di Ponorogo yang buka 24 jam"
cari_bengkel_by_lokasi,"Butuh towing mobil di Pacitan sekarang juga"
cari_bengkel_by_lokasi,"Bengkel motor di Trenggalek yang recommended"
cari_bengkel_by_lokasi,"Towing motor di Tulungagung yang cepet"
cari_bengkel_by_lokasi,"Bengkel di Blitar yang murah meriah"
cari_bengkel_by_lokasi,"Cari bengkel di Kediri yang bisa servis rem"
cari_bengkel_by_lokasi,"Aku butuh towing di Malang tengah malam"
cari_bengkel_by_lokasi,"Bengkel mobil di Batu yang bagus banget"
cari_bengkel_by_lokasi,"Towing motor di Pasuruan yang buka 24 jam"
cari_bengkel_by_lokasi,"Bengkel khusus mobil matic di Probolinggo ada gak?"
cari_bengkel_by_lokasi,"Cari bengkel di Lumajang yang buka malam"
cari_bengkel_by_lokasi,"Butuh towing mobil di Jember secepatnya"
cari_bengkel_by_lokasi,"Bengkel motor di Banyuwangi yang terjangkau"
cari_bengkel_by_lokasi,"Towing motor di Situbondo yang responsif"
cari_bengkel_by_lokasi,"Bengkel di Bondowoso yang recommended"
cari_bengkel_by_lokasi,"Cari bengkel di Bangkalan yang bisa servis AC"
cari_bengkel_by_lokasi,"Aku butuh towing di Sampang sekarang"
cari_bengkel_by_lokasi,"Bengkel mobil di Pamekasan yang top"
cari_bengkel_by_lokasi,"Towing motor di Sumenep yang murah banget"
cari_bengkel_by_lokasi,"Bengkel khusus motor matic di Tuban ada gak?"
cari_bengkel_by_lokasi,"Cari bengkel di Bojonegoro yang buka 24 jam"
cari_bengkel_by_lokasi,"Butuh towing mobil di Lamongan sekarang juga"
cari_bengkel_by_lokasi,"Bengkel motor di Jombang yang bagus"
cari_bengkel_by_lokasi,"Towing motor di Mojokerto yang cepet nyampe"
cari_bengkel_by_lokasi,"Bengkel di Sidoarjo yang harganya oke"
cari_bengkel_by_lokasi,"Cari bengkel di Gresik yang bisa servis rem"
cari_bengkel_by_lokasi,"Aku butuh towing di Surabaya tengah malam"
cari_bengkel_by_lokasi,"Bengkel mobil di Jakarta yang recommended"
cari_bengkel_by_lokasi,"Towing motor di Bandung yang buka 24 jam"
cari_bengkel_by_lokasi,"Bengkel khusus mobil diesel di Medan ada gak?"
cari_bengkel_by_lokasi,"Cari bengkel di Jogja yang buka malam"
cari_bengkel_by_lokasi,"Butuh towing mobil di Semarang secepatnya"
cari_bengkel_by_lokasi,"Bengkel motor di Malang yang murah"
cari_bengkel_by_lokasi,"Towing motor di Denpasar yang responsif"
cari_bengkel_by_lokasi,"Bengkel di Makassar yang bagus banget"
cari_bengkel_by_lokasi,"Cari bengkel di Palembang yang bisa servis AC"
cari_bengkel_by_lokasi,"Aku butuh towing di Batam sekarang"
cari_bengkel_by_lokasi,"Bengkel mobil di Pekanbaru yang top banget"
cari_bengkel_by_lokasi,"Towing motor di Balikpapan yang hemat biaya"
cari_bengkel_by_lokasi,"Bengkel khusus motor injeksi di Banjarmasin ada gak?"
cari_bengkel_by_lokasi,"Cari bengkel di Padang yang buka 24 jam"
cari_bengkel_by_lokasi,"Butuh towing mobil di Pontianak sekarang juga"
cari_bengkel_by_lokasi,"Bengkel motor di Samarinda yang recommended"
cari_bengkel_by_lokasi,"Towing motor di Manado yang cepet"
cari_bengkel_by_lokasi,"Bengkel di Jayapura yang murah meriah"
cari_bengkel_by_lokasi,"Cari bengkel di Ambon yang bisa servis rem"
cari_bengkel_by_lokasi,"Aku butuh towing di Mataram tengah malam"
cari_bengkel_by_lokasi,"Bengkel mobil di Kupang yang bagus banget"
cari_bengkel_by_lokasi,"Towing motor di Palu yang buka 24 jam"
cari_bengkel_by_lokasi,"Bengkel khusus mobil matic di Kendari ada gak?"
cari_bengkel_by_lokasi,"Cari bengkel di Gorontalo yang buka malam"
cari_bengkel_by_lokasi,"Butuh towing mobil di Banda Aceh secepatnya"
cari_bengkel_by_lokasi,"Bengkel motor di Bengkulu yang terjangkau"
cari_bengkel_by_lokasi,"Towing motor di Jambi yang responsif"
cari_bengkel_by_lokasi,"Bengkel di Lampung yang recommended"
cari_bengkel_by_lokasi,"Cari bengkel di Serang yang bisa servis AC"
cari_bengkel_by_lokasi,"Aku butuh towing di Cirebon sekarang"
cari_bengkel_by_lokasi,"Bengkel mobil di Tasikmalaya yang top"
cari_bengkel_by_lokasi,"Towing motor di Purwakarta yang murah banget"
cari_bengkel_by_lokasi,"Bengkel khusus motor injeksi di Sukabumi ada gak?"
cari_bengkel_by_lokasi,"Cari bengkel di Bogor yang buka 24 jam"
cari_bengkel_by_lokasi,"Butuh towing mobil di Depok sekarang juga"
cari_bengkel_by_lokasi,"Bengkel motor di Bekasi yang bagus"
cari_bengkel_by_lokasi,"Towing motor di Tangerang yang cepet nyampe"
cari_bengkel_by_lokasi,"Bengkel di Karawang yang harganya oke"
cari_bengkel_by_lokasi,"Cari bengkel di Subang yang bisa servis rem"
cari_bengkel_by_lokasi,"Aku butuh towing di Indramayu tengah malam"
cari_bengkel_by_lokasi,"Bengkel mobil di Cianjur yang recommended"
cari_bengkel_by_lokasi,"Towing motor di Garut yang buka 24 jam"
cari_bengkel_by_lokasi,"Bengkel khusus mobil diesel di Sumedang ada gak?"
cari_bengkel_by_lokasi,"Cari bengkel di Majalengka yang buka malam"
cari_bengkel_by_lokasi,"Butuh towing mobil di Kuningan secepatnya"
cari_bengkel_by_lokasi,"Bengkel motor di Ciamis yang murah"
cari_bengkel_by_lokasi,"Towing motor di Pangandaran yang responsif"
cari_bengkel_by_lokasi,"Bengkel di Banjar yang bagus banget"
cari_bengkel_by_lokasi,"Cari bengkel di Cilacap yang bisa servis AC"
cari_bengkel_by_lokasi,"Aku butuh towing di Purwokerto sekarang"
cari_bengkel_by_lokasi,"Bengkel mobil di Banyumas yang top banget"
cari_bengkel_by_lokasi,"Towing motor di Purbalingga yang hemat biaya"
cari_bengkel_by_lokasi,"Bengkel khusus motor injeksi di Kebumen ada gak?"
cari_bengkel_by_lokasi,"Cari bengkel di Wonosobo yang buka 24 jam"
cari_bengkel_by_lokasi,"Butuh towing mobil di Magelang sekarang juga"
cari_bengkel_by_lokasi,"Bengkel motor di Salatiga yang recommended"
cari_bengkel_by_lokasi,"Towing motor di Kudus yang cepet"
cari_bengkel_by_lokasi,"Bengkel di Pati yang murah meriah"
cari_bengkel_by_lokasi,"Cari bengkel di Jepara yang bisa servis rem"
cari_bengkel_by_lokasi,"Aku butuh towing di Rembang tengah malam"
cari_bengkel_by_lokasi,"Bengkel mobil di Blora yang bagus banget"
cari_bengkel_by_lokasi,"Towing motor di Grobogan yang buka 24 jam"
cari_bengkel_by_lokasi,"Bengkel khusus mobil matic di Sragen ada gak?"
cari_bengkel_by_lokasi,"Cari bengkel di Karanganyar yang buka malam"
cari_bengkel_by_lokasi,"Butuh towing mobil di Wonogiri secepatnya"
cari_bengkel_by_lokasi,"Bengkel motor di Sukoharjo yang terjangkau"
cari_bengkel_by_lokasi,"Towing motor di Klaten yang responsif"
cari_bengkel_by_lokasi,"Bengkel di Boyolali yang recommended"
cari_bengkel_by_lokasi,"Cari bengkel di Demak yang bisa servis AC"
cari_bengkel_by_lokasi,"Aku butuh towing di Gresik sekarang"
cari_bengkel_by_lokasi,"Bengkel mobil di Sidoarjo yang top"
cari_bengkel_by_lokasi,"Towing motor di Mojokerto yang murah banget"
cari_bengkel_by_lokasi,"Bengkel khusus motor injeksi di Jombang ada gak?"
cari_bengkel_by_lokasi,"Cari bengkel di Nganjuk yang buka 24 jam"
cari_bengkel_by_lokasi,"Butuh towing mobil di Madiun sekarang juga"
cari_bengkel_by_lokasi,"Bengkel motor di Ngawi yang bagus"
cari_bengkel_by_lokasi,"Towing motor di Magetan yang cepet nyampe"
cari_bengkel_by_lokasi,"Bengkel di Ponorogo yang harganya oke"
cari_bengkel_by_lokasi,"Cari bengkel di Pacitan yang bisa servis rem"
cari_bengkel_by_lokasi,"Aku butuh towing di Trenggalek tengah malam"
cari_bengkel_by_lokasi,"Bengkel mobil di Tulungagung yang recommended"
cari_bengkel_by_lokasi,"Towing motor di Blitar yang buka 24 jam"
cari_bengkel_by_lokasi,"Bengkel khusus mobil diesel di Kediri ada gak?"
cari_bengkel_by_lokasi,"Cari bengkel di Malang yang buka malam"
cari_bengkel_by_lokasi,"Butuh towing mobil di Batu secepatnya"
cari_bengkel_by_lokasi,"Bengkel motor di Pasuruan yang murah"
cari_bengkel_by_lokasi,"Towing motor di Probolinggo yang responsif"
cari_bengkel_by_lokasi,"Bengkel di Lumajang yang bagus banget"
cari_bengkel_by_lokasi,"Cari bengkel di Jember yang bisa servis AC"
cari_bengkel_by_lokasi,"Aku butuh towing di Banyuwangi sekarang"
cari_bengkel_by_lokasi,"Bengkel mobil di Situbondo yang top banget"
cari_bengkel_by_lokasi,"Towing motor di Bondowoso yang hemat biaya"
cari_bengkel_by_lokasi,"Bengkel khusus motor matic di Bangkalan ada gak?"
cari_bengkel_by_lokasi,"Cari bengkel di Sampang yang buka 24 jam"
cari_bengkel_by_lokasi,"Butuh towing mobil di Pamekasan sekarang juga"
cari_bengkel_by_lokasi,"Bengkel motor di Sumenep yang recommended"
cari_bengkel_by_lokasi,"Towing motor di Tuban yang cepet"
cari_bengkel_by_lokasi,"Bengkel di Bojonegoro yang murah meriah"
cari_bengkel_by_lokasi,"Cari bengkel di Lamongan yang bisa servis rem"
cari_bengkel_by_lokasi,"Aku butuh towing di Jombang tengah malam"
cari_bengkel_by_lokasi,"Bengkel mobil di Mojokerto yang bagus banget"
cari_bengkel_by_lokasi,"Towing motor di Sidoarjo yang buka 24 jam"
cari_bengkel_by_lokasi,"Bengkel khusus mobil matic di Gresik ada gak?"
cari_bengkel_by_lokasi,"Cari bengkel di Surabaya yang buka malam"
cari_bengkel_by_lokasi,"Butuh towing mobil di Jakarta secepatnya"
cari_bengkel_by_lokasi,"Bengkel motor di Bandung yang terjangkau"
cari_bengkel_by_lokasi,"Towing motor di Medan yang responsif"
cari_bengkel_by_lokasi,"Bengkel di Jogja yang recommended"
cari_bengkel_by_lokasi,"Cari bengkel di Semarang yang bisa servis AC"
cari_bengkel_by_lokasi,"Aku butuh towing di Malang sekarang"
cari_bengkel_by_lokasi,"Bengkel mobil di Denpasar yang top"
cari_bengkel_by_lokasi,"Towing motor di Makassar yang murah banget"
cari_bengkel_by_lokasi,"Bengkel khusus motor injeksi di Palembang ada gak?"
cari_bengkel_by_lokasi,"Cari bengkel di Batam yang buka 24 jam"
cari_bengkel_by_lokasi,"Butuh towing mobil di Pekanbaru sekarang juga"
cari_bengkel_by_lokasi,"Bengkel motor di Balikpapan yang bagus"
cari_bengkel_by_lokasi,"Towing motor di Banjarmasin yang cepet nyampe"
cari_bengkel_by_lokasi,"Bengkel di Padang yang harganya oke"
cari_bengkel_by_lokasi,"Cari bengkel di Pontianak yang bisa servis rem"
cari_bengkel_by_lokasi,"Aku butuh towing di Samarinda tengah malam"
cari_bengkel_by_lokasi,"Bengkel mobil di Manado yang recommended"
cari_bengkel_by_lokasi,"Towing motor di Jayapura yang buka 24 jam"
cari_bengkel_by_lokasi,"Bengkel khusus mobil diesel di Ambon ada gak?"
cari_bengkel_by_lokasi,"Cari bengkel di Mataram yang buka malam"
cari_bengkel_by_lokasi,"Butuh towing mobil di Kupang secepatnya"
cari_bengkel_by_lokasi,"Bengkel motor di Palu yang murah"
cari_bengkel_by_lokasi,"Towing motor di Kendari yang responsif"
cari_bengkel_by_lokasi,"Bengkel di Gorontalo yang bagus banget"
cari_bengkel_by_lokasi,"Cari bengkel di Banda Aceh yang bisa servis AC"
cari_bengkel_by_lokasi,"Aku butuh towing di Bengkulu sekarang"
cari_bengkel_by_lokasi,"Bengkel mobil di Jambi yang top banget"
cari_bengkel_by_lokasi,"Towing motor di Lampung yang hemat biaya"
cari_bengkel_by_lokasi,"Bengkel khusus motor matic di Serang ada gak?"
cari_bengkel_by_lokasi,"Cari bengkel di Cirebon yang buka 24 jam"
cari_bengkel_by_lokasi,"Butuh towing mobil di Tasikmalaya sekarang juga"
cari_bengkel_by_lokasi,"Bengkel motor di Purwakarta yang recommended"
cari_bengkel_by_lokasi,"Towing motor di Sukabumi yang cepet"
cari_bengkel_by_lokasi,"Bengkel di Bogor yang murah meriah"
cari_bengkel_by_lokasi,"Cari bengkel di Depok yang bisa servis rem"
cari_bengkel_by_lokasi,"Aku butuh towing di Bekasi tengah malam"
cari_bengkel_by_lokasi,"Bengkel mobil di Tangerang yang bagus banget"
cari_bengkel_by_lokasi,"Towing motor di Karawang yang buka 24 jam"
cari_bengkel_by_lokasi,"Bengkel khusus mobil matic di Subang ada gak?"
cari_bengkel_by_lokasi,"Cari bengkel di Indramayu yang buka malam"
cari_bengkel_by_lokasi,"Butuh towing mobil di Cianjur secepatnya"
cari_bengkel_by_lokasi,"Bengkel motor di Garut yang terjangkau"
cari_bengkel_by_lokasi,"Towing motor di Sumedang yang responsif"
cari_bengkel_by_lokasi,"Bengkel di Majalengka yang recommended"
cari_bengkel_by_lokasi,"Cari bengkel di Kuningan yang bisa servis AC"
cari_bengkel_by_lokasi,"Aku butuh towing di Ciamis sekarang"
cari_bengkel_by_lokasi,"Bengkel mobil di Pangandaran yang top"
cari_bengkel_by_lokasi,"Towing motor di Banjar yang murah banget"
cari_bengkel_by_lokasi,"Bengkel khusus motor injeksi di Cilacap ada gak?"
cari_bengkel_by_lokasi,"Cari bengkel di Purwokerto yang buka 24 jam"
cari_bengkel_by_lokasi,"Butuh towing mobil di Banyumas sekarang juga"
cari_bengkel_by_lokasi,"Bengkel motor di Purbalingga yang bagus"
cari_bengkel_by_lokasi,"Towing motor di Kebumen yang cepet nyampe"
cari_bengkel_by_lokasi,"Bengkel di Wonosobo yang harganya oke"
cari_bengkel_by_lokasi,"Cari bengkel di Magelang yang bisa servis rem"
cari_bengkel_by_lokasi,"Aku butuh towing di Salatiga tengah malam"
cari_bengkel_by_lokasi,"Bengkel mobil di Kudus yang recommended"
cari_bengkel_by_lokasi,"Towing motor di Pati yang buka 24 jam"
cari_bengkel_by_lokasi,"Bengkel khusus mobil diesel di Jepara ada gak?"
cari_bengkel_by_lokasi,"Cari bengkel di Rembang yang buka malam"
cari_bengkel_by_lokasi,"Butuh towing mobil di Blora secepatnya"
cari_bengkel_by_lokasi,"Bengkel motor di Grobogan yang murah"
cari_bengkel_by_lokasi,"Towing motor di Sragen yang responsif"
cari_bengkel_by_lokasi,"Bengkel di Karanganyar yang bagus banget"
cari_bengkel_by_lokasi,"Cari bengkel di Wonogiri yang bisa servis AC"
cari_bengkel_by_lokasi,"Aku butuh towing di Sukoharjo sekarang"
cari_bengkel_by_lokasi,"Bengkel mobil di Klaten yang top banget"
cari_bengkel_by_lokasi,"Towing motor di Boyolali yang hemat biaya"
cari_bengkel_by_lokasi,"Bengkel khusus motor matic di Demak ada gak?"
cari_bengkel_by_lokasi,"Cari bengkel di Gresik yang buka 24 jam"
cari_bengkel_by_lokasi,"Butuh towing mobil di Sidoarjo sekarang juga"
cari_bengkel_by_lokasi,"Bengkel motor di Mojokerto yang recommended"
cari_bengkel_by_lokasi,"Towing motor di Jombang yang cepet"
cari_bengkel_by_lokasi,"Bengkel di Nganjuk yang murah meriah"
cari_bengkel_by_lokasi,"Cari bengkel di Madiun yang bisa servis rem"
cari_bengkel_by_lokasi,"Aku butuh towing di Ngawi tengah malam"
cari_bengkel_by_lokasi,"Bengkel mobil di Magetan yang bagus banget"
cari_bengkel_by_lokasi,"Towing motor di Ponorogo yang buka 24 jam"
cari_bengkel_by_lokasi,"Bengkel khusus mobil matic di Pacitan ada gak?"
cari_bengkel_by_lokasi,"Cari bengkel di Trenggalek yang buka malam"
cari_bengkel_by_lokasi,"Butuh towing mobil di Tulungagung secepatnya"
cari_bengkel_by_lokasi,"Bengkel motor di Blitar yang terjangkau"
cari_bengkel_by_lokasi,"Towing motor di Kediri yang responsif"
cari_bengkel_by_lokasi,"Bengkel di Malang yang recommended"
cari_bengkel_by_lokasi,"Cari bengkel di Batu yang bisa servis AC"
cari_bengkel_by_lokasi,"Aku butuh towing di Pasuruan sekarang"
cari_bengkel_by_lokasi,"Bengkel mobil di Probolinggo yang top"
cari_bengkel_by_lokasi,"Towing motor di Lumajang yang murah banget"
cari_bengkel_by_lokasi,"Bengkel khusus motor injeksi di Jember ada gak?"
cari_bengkel_by_lokasi,"Cari bengkel di Banyuwangi yang buka 24 jam"
cari_bengkel_by_lokasi,"Butuh towing mobil di Situbondo sekarang juga"
cari_bengkel_by_lokasi,"Bengkel motor di Bondowoso yang bagus"
cari_bengkel_by_lokasi,"Towing motor di Bangkalan yang cepet nyampe"
cari_bengkel_by_lokasi,"Bengkel di Sampang yang harganya oke"
cari_bengkel_by_lokasi,"Cari bengkel di Pamekasan yang bisa servis rem"
cari_bengkel_by_lokasi,"Aku butuh towing di Sumenep tengah malam"
cari_bengkel_by_lokasi,"Bengkel mobil di Tuban yang recommended"
cari_bengkel_by_lokasi,"Towing motor di Bojonegoro yang buka 24 jam"
cari_bengkel_by_lokasi,"Bengkel khusus mobil diesel di Lamongan ada gak?"
cari_bengkel_by_lokasi,"Cari bengkel di Jombang yang buka malam"
cari_bengkel_by_lokasi,"Butuh towing mobil di Mojokerto secepatnya"
cari_bengkel_by_lokasi,"Bengkel motor di Sidoarjo yang murah"
cari_bengkel_by_lokasi,"Towing motor di Gresik yang responsif"
cari_bengkel_by_lokasi,"Bengkel di Surabaya yang bagus banget"
cari_bengkel_by_lokasi,"Cari bengkel di Jakarta yang bisa servis AC"
cari_bengkel_by_lokasi,"Aku butuh towing di Bandung sekarang"
cari_bengkel_by_lokasi,"Bengkel mobil di Medan yang top banget"
cari_bengkel_by_lokasi,"Towing motor di Jogja yang hemat biaya"
cari_bengkel_by_lokasi,"Bengkel khusus motor matic di Semarang ada gak?"
cari_bengkel_by_lokasi,"Cari bengkel di Malang yang buka 24 jam"
cari_bengkel_by_lokasi,"Butuh towing mobil di Denpasar sekarang juga"
cari_bengkel_by_lokasi,"Bengkel motor di Makassar yang recommended"
cari_bengkel_by_lokasi,"Towing motor di Palembang yang cepet"
cari_bengkel_by_lokasi,"Bengkel di Batam yang murah meriah"
cari_bengkel_by_lokasi,"Ada bengkel 24 jam di Cikarang ga sih? Mobil gw kumat nih"
cari_bengkel_by_lokasi,"Gengs, butuh bengkel keren di BSD nih, ada rekom?"
cari_bengkel_by_lokasi,"Woy ada yg tau bengkel murah di Depok? Motor bunyi kenceng banget"
cari_bengkel_by_lokasi,"Pusing banget nyari bengkel AC mobil di Batam, ada yg bagus?"
cari_bengkel_by_lokasi,"Bengkel buat turun mesin di Palembang mana ya? Darurat!"
cari_bengkel_by_lokasi,"Di daerah Jogja mana bengkel yg jujur? Takut ditipu nih"
cari_bengkel_by_lokasi,"Ada bengkel spesialis European car di Surabaya barat ga?"
cari_bengkel_by_lokasi,"Butuh towing cepat di Makassar, nomornya ada ga?"
cari_bengkel_by_lokasi,"Lagi nyari bengkel body repair oke di Tangerang, help dong!"
cari_bengkel_by_lokasi,"Ada yg pernah servis di bengkel daerah Bandung? Rekomin dong"
cari_bengkel_by_lokasi,"Warga Bekasi sini tau bengkel buka Minggu ga?"
cari_bengkel_by_lokasi,"Bengkel khusus Honda di Medan yg bagus dimana ya?"
cari_bengkel_by_lokasi,"Kepepet nih butuh bengkel di Semarang yg buka malem"
cari_bengkel_by_lokasi,"Di Balikpapan ada bengkel khusus rem ga sih? Rem blong euy"
cari_bengkel_by_lokasi,"Nyari bengkel gigi mobil di Bogor yg harga ga gila-gilaan"
cari_bengkel_by_lokasi,"Ada bengkel jago kelistrikan di Denpasar? Mobil mati total"
cari_bengkel_by_lokasi,"Butuh towing dari Cirebon ke Jakarta, ada kontak?"
cari_bengkel_by_lokasi,"Woy bengkel di Malang yg bisa perbaiki turbo ada ga?"
cari_bengkel_by_lokasi,"Di sekitaran Pademangan Jakarta ada bengkel bagus ga?"
cari_bengkel_by_lokasi,"Kebon Jeruk area ada bengkel khusus BMW ga ya?"
cari_bengkel_by_lokasi,"Motor mogok di daerah Gresik, ada bengkel terdekat?"
cari_bengkel_by_lokasi,"SOS! Butuh bengkel darurat di Pekanbaru ASAP!"
cari_bengkel_by_lokasi,"Ada yg tau bengkel cat mobil murah di Tegal? Kena baret nih"
cari_bengkel_by_lokasi,"Di Samarinda mana bengkel yg jual onderdil ori?"
cari_bengkel_by_lokasi,"Bengkel buat ganti oli matic di Pontianak yg recommended"
cari_bengkel_by_lokasi,"Butuh bengkel jago turbo di Manado, ada referensi?"
cari_bengkel_by_lokasi,"Di Bintaro ada bengkel yg bisa handle Mercedes?"
cari_bengkel_by_lokasi,"Mobil kepanasan di Lombok, bengkel AC yg bagus dmn?"
cari_bengkel_by_lokasi,"Ada bengkel khusus Daihatsu di Yogyakarta? Aku butuh!"
cari_bengkel_by_lokasi,"Tolong info bengkel murah di Karawang buat motor tua"
cari_bengkel_by_lokasi,"Di sekitar SCBD ada bengkel premium ga sih? Mobil gw ngambek"
cari_bengkel_by_lokasi,"Warga Padang sini, bengkel 24 jam ada ga ya?"
cari_bengkel_by_lokasi,"Nyari bengkel jujur di Banjarmasin buat perbaiki mesin diesel"
cari_bengkel_by_lokasi,"Di Cibubur ada bengkel yg bisa handle hybrid car?"
cari_bengkel_by_lokasi,"Ada bengkel khusus kopling di Surakarta? Kopling licin nih"
cari_bengkel_by_lokasi,"Butuh towing cepat dari Depok ke Bogor, ada yg bisa?"
cari_bengkel_by_lokasi,"Di daerah Puncak ada bengkel buka akhir pekan ga?"
cari_bengkel_by_lokasi,"Bengkel AC truk di Cilegon yg bagus dmn ya?"
cari_bengkel_by_lokasi,"Woy di Kupang ada bengkel buat perbaiki radiator?"
cari_bengkel_by_lokasi,"Di Purwokerto mana bengkel yg jual ban murah?"
cari_bengkel_by_lokasi,"Ada bengkel jago kelistrikan di Jayapura? Mobil mati lampu"
cari_bengkel_by_lokasi,"Butuh bengkel khusus Nissan di Serang, ada info?"
cari_bengkel_by_lokasi,"Di Mataram ada bengkel yg bisa perbaiki injector?"
cari_bengkel_by_lokasi,"Bengkel buat ganti kampas rem di Madiun yg oke dmn?"
cari_bengkel_by_lokasi,"Ada yg tau bengkel murah di Kediri buat motor?"
cari_bengkel_by_lokasi,"Di Cikampek ada bengkel buka malem ga sih? Kepepet banget"
cari_bengkel_by_lokasi,"Butuh bengkel jago transmisi di Ambon, help!"
cari_bengkel_by_lokasi,"Bengkel khusus Peugeot di Bandung ada ga ya?"
cari_bengkel_by_lokasi,"Di Balaraja Tangerang ada bengkel rekomendasi ga?"
cari_bengkel_by_lokasi,"Warga Jember, bengkel buat turun mesin motor dimana?"
cari_bengkel_by_lokasi,"Ada bengkel spesialis suspensi di Pekalongan?"
cari_bengkel_by_lokasi,"Di Tarakan ada bengkel yg jual aki mobil?"
cari_bengkel_by_lokasi,"Butuh towing dari Sukabumi ke Bandung, kontak dong"
cari_bengkel_by_lokasi,"Bengkel AC bagus di Probolinggo dmn ya? Panas banget"
cari_bengkel_by_lokasi,"Di Sidoarjo ada bengkel yg bisa handle luxury car?"
cari_bengkel_by_lokasi,"Ada bengkel jujur di Banda Aceh? Takut ditipu"
cari_bengkel_by_lokasi,"Nyari bengkel khusus mesin diesel di Cirebon"
cari_bengkel_by_lokasi,"Di Salatiga ada bengkel yg buka hari libur ga?"
cari_bengkel_by_lokasi,"Woy di Garut mana bengkel buat perbaiki rem ABS?"
cari_bengkel_by_lokasi,"Butuh bengkel cepat di Tegal untuk ganti oli"
cari_bengkel_by_lokasi,"Ada bengkel 24 jam di Batam Centre? Mobil mogok"
cari_bengkel_by_lokasi,"Di Lampung ada bengkel spesialis kopling ga sih?"
cari_bengkel_by_lokasi,"Bengkel buat periksa getaran mesin di Bogor dmn?"
cari_bengkel_by_lokasi,"Di Balikpapan ada bengkel yg bisa handle Land Rover?"
cari_bengkel_by_lokasi,"Ada yg tau bengkel murah di Purwakarta buat motor?"
cari_bengkel_by_lokasi,"Butuh towing dari Semarang ke Solo, ada kontak?"
cari_bengkel_by_lokasi,"Di Manado mana bengkel yg jual onderdil Toyota?"
cari_bengkel_by_lokasi,"Bengkel khusus Hyundai di Depok ada ga ya?"
cari_bengkel_by_lokasi,"Warga Palembang, bengkel buat perbaiki AC dmn?"
cari_bengkel_by_lokasi,"Di Palu ada bengkel buka malem ga? Kepepet banget"
cari_bengkel_by_lokasi,"Ada bengkel jago karburator di Yogyakarta?"
cari_bengkel_by_lokasi,"Nyari bengkel body repair murah di Tangerang Selatan"
cari_bengkel_by_lokasi,"Di Samarinda mana bengkel yg bisa perbaiki turbo?"
cari_bengkel_by_lokasi,"Butuh bengkel spesialis rem di Malang, ada rekom?"
cari_bengkel_by_lokasi,"Ada bengkel khusus Suzuki di Pontianak?"
cari_bengkel_by_lokasi,"Di Cikarang ada bengkel yg jual ban mobil?"
cari_bengkel_by_lokasi,"Bengkel buat ganti kampas rem di Pekanbaru dmn?"
cari_bengkel_by_lokasi,"Woy di Makassar ada bengkel buka Minggu ga?"
cari_bengkel_by_lokasi,"Di Serpong ada bengkel premium buat European car?"
cari_bengkel_by_lokasi,"Butuh bengkel cepat di Bandung buat ganti aki"
cari_bengkel_by_lokasi,"Ada bengkel 24 jam di sekitar Kelapa Gading?"
cari_bengkel_by_lokasi,"Di Medan mana bengkel yg jujur buat servis rutin?"
cari_bengkel_by_lokasi,"Bengkel khusus Mitsubishi di Surabaya ada ga?"
cari_bengkel_by_lokasi,"Warga Banjar, bengkel buat turun mesin mobil dmn?"
cari_bengkel_by_lokasi,"Di Lombok ada bengkel yg bisa handle BMW?"
cari_bengkel_by_lokasi,"Ada bengkel spesialis kopling di Bogor?"
cari_bengkel_by_lokasi,"Nyari bengkel murah di Depok buat ganti oli motor"
cari_bengkel_by_lokasi,"Di Jayapura mana bengkel yg buka akhir pekan?"
cari_bengkel_by_lokasi,"Butuh towing dari Cirebon ke Bandung, kontak dong"
cari_bengkel_by_lokasi,"Bengkel AC bagus di Semarang dmn ya? Panas banget"
cari_bengkel_by_lokasi,"Di Tangerang ada bengkel yg bisa handle hybrid?"
cari_bengkel_by_lokasi,"Ada bengkel jujur di Mataram? Takut ditipu lagi"
cari_bengkel_by_lokasi,"Nyari bengkel khusus mesin diesel di Sidoarjo"
cari_bengkel_by_lokasi,"Di Salatiga ada bengkel buka hari libur ga?"
cari_bengkel_by_lokasi,"Woy di Garut mana bengkel buat perbaiki rem ABS?"
cari_bengkel_by_lokasi,"Butuh bengkel cepat di Tegal untuk ganti oli"
cari_bengkel_by_lokasi,"Ada bengkel 24 jam di Batam Centre? Mobil mogok"
cari_bengkel_by_lokasi,"Di Lampung ada bengkel spesialis kopling ga sih?"
cari_bengkel_by_lokasi,"Bengkel buat periksa getaran mesin di Bogor dmn?"
cari_bengkel_by_lokasi,"Di Balikpapan ada bengkel yg bisa handle Land Rover?"
cari_bengkel_by_lokasi,"Ada yg tau bengkel murah di Purwakarta buat motor?"
cari_bengkel_by_lokasi,"Butuh towing dari Semarang ke Solo, ada kontak?"
cari_bengkel_by_lokasi,"Di Manado mana bengkel yg jual onderdil Toyota?"
cari_bengkel_by_lokasi,"Bengkel khusus Hyundai di Depok ada ga ya?"
cari_bengkel_by_lokasi,"Warga Palembang, bengkel buat perbaiki AC dmn?"
cari_bengkel_by_lokasi,"Di Palu ada bengkel buka malem ga? Kepepet banget"
cari_bengkel_by_lokasi,"Ada bengkel jago karburator di Yogyakarta?"
cari_bengkel_by_lokasi,"Nyari bengkel body repair murah di Tangerang Selatan"
cari_bengkel_by_lokasi,"Di Samarinda mana bengkel yg bisa perbaiki turbo?"
cari_bengkel_by_lokasi,"Butuh bengkel spesialis rem di Malang, ada rekom?"
cari_bengkel_by_lokasi,"Ada bengkel khusus Suzuki di Pontianak?"
cari_bengkel_by_lokasi,"Di Cikarang ada bengkel yg jual ban mobil?"
cari_bengkel_by_lokasi,"Bengkel buat ganti kampas rem di Pekanbaru dmn?"
cari_bengkel_by_lokasi,"Woy di Makassar ada bengkel buka Minggu ga?"
cari_bengkel_by_lokasi,"Di Serpong ada bengkel premium buat European car?"
cari_bengkel_by_lokasi,"Butuh bengkel cepat di Bandung buat ganti aki"
cari_bengkel_by_lokasi,"Ada bengkel 24 jam di sekitar Kelapa Gading?"
cari_bengkel_by_lokasi,"Di Medan mana bengkel yg jujur buat servis rutin?"
cari_bengkel_by_lokasi,"Bengkel khusus Mitsubishi di Surabaya ada ga?"
cari_bengkel_by_lokasi,"Warga Banjar, bengkel buat turun mesin mobil dmn?"
cari_bengkel_by_lokasi,"Di Lombok ada bengkel yg bisa handle BMW?"
cari_bengkel_by_lokasi,"Ada bengkel spesialis kopling di Bogor?"
cari_bengkel_by_lokasi,"Nyari bengkel murah di Depok buat ganti oli motor"
cari_bengkel_by_lokasi,"Di Jayapura mana bengkel yg buka akhir pekan?"
cari_bengkel_by_lokasi,"Butuh towing dari Cirebon ke Bandung, kontak dong"
cari_bengkel_by_lokasi,"Bengkel AC bagus di Semarang dmn ya? Panas banget"
cari_bengkel_by_lokasi,"Di Tangerang ada bengkel yg bisa handle hybrid?"
cari_bengkel_by_lokasi,"Ada bengkel jujur di Mataram? Takut ditipu lagi"
cari_bengkel_by_lokasi,"Nyari bengkel khusus mesin diesel di Sidoarjo"
cari_bengkel_by_lokasi,"Di Salatiga ada bengkel buka hari libur ga?"
cari_bengkel_by_lokasi,"Woy di Garut mana bengkel buat perbaiki rem ABS?"
cari_bengkel_by_lokasi,"Butuh bengkel cepat di Tegal untuk ganti oli"
cari_bengkel_by_lokasi,"Ada bengkel 24 jam di Batam Centre? Mobil mogok"
cari_bengkel_by_lokasi,"Di Lampung ada bengkel spesialis kopling ga sih?"
cari_bengkel_by_lokasi,"Bengkel buat periksa getaran mesin di Bogor dmn?"
cari_bengkel_by_lokasi,"Di Balikpapan ada bengkel yg bisa handle Land Rover?"
cari_bengkel_by_lokasi,"Ada yg tau bengkel murah di Purwakarta buat motor?"
cari_bengkel_by_lokasi,"Butuh towing dari Semarang ke Solo, ada kontak?"
cari_bengkel_by_lokasi,"Di Manado mana bengkel yg jual onderdil Toyota?"
cari_bengkel_by_lokasi,"Bengkel khusus Hyundai di Depok ada ga ya?"
cari_bengkel_by_lokasi,"Warga Palembang, bengkel buat perbaiki AC dmn?"
cari_bengkel_by_lokasi,"Di Palu ada bengkel buka malem ga? Kepepet banget"
cari_bengkel_by_lokasi,"Ada bengkel jago karburator di Yogyakarta?"
cari_bengkel_by_lokasi,"Nyari bengkel body repair murah di Tangerang Selatan"
cari_bengkel_by_lokasi,"Di Samarinda mana bengkel yg bisa perbaiki turbo?"
cari_bengkel_by_lokasi,"Butuh bengkel spesialis rem di Malang, ada rekom?"
cari_bengkel_by_lokasi,"Ada bengkel khusus Suzuki di Pontianak?"
cari_bengkel_by_lokasi,"Di Cikarang ada bengkel yg jual ban mobil?"
cari_bengkel_by_lokasi,"Bengkel buat ganti kampas rem di Pekanbaru dmn?"
cari_bengkel_by_lokasi,"Woy di Makassar ada bengkel buka Minggu ga?"
cari_bengkel_by_lokasi,"Di Serpong ada bengkel premium buat European car?"
cari_bengkel_by_lokasi,"Butuh bengkel cepat di Bandung buat ganti aki"
cari_bengkel_by_lokasi,"Ada bengkel 24 jam di sekitar Kelapa Gading?"
cari_bengkel_by_lokasi,"Di Medan mana bengkel yg jujur buat servis rutin?"
cari_bengkel_by_lokasi,"Bengkel khusus Mitsubishi di Surabaya ada ga?"
cari_bengkel_by_lokasi,"Warga Banjar, bengkel buat turun mesin mobil dmn?"
cari_bengkel_by_lokasi,"Di Lombok ada bengkel yg bisa handle BMW?"
cari_bengkel_by_lokasi,"Ada bengkel spesialis kopling di Bogor?"
cari_bengkel_by_lokasi,"Nyari bengkel murah di Depok buat ganti oli motor"
cari_bengkel_by_lokasi,"Di Jayapura mana bengkel yg buka akhir pekan?"
cari_bengkel_by_lokasi,"Butuh towing dari Cirebon ke Bandung, kontak dong"
cari_bengkel_by_lokasi,"Bengkel AC bagus di Semarang dmn ya? Panas banget"
cari_bengkel_by_lokasi,"Di Tangerang ada bengkel yg bisa handle hybrid?"
cari_bengkel_by_lokasi,"Ada bengkel jujur di Mataram? Takut ditipu lagi"
cari_bengkel_by_lokasi,"Nyari bengkel khusus mesin diesel di Sidoarjo"
cari_bengkel_by_lokasi,"Di Salatiga ada bengkel buka hari libur ga?"
cari_bengkel_by_lokasi,"Woy di Garut mana bengkel buat perbaiki rem ABS?"
cari_bengkel_by_lokasi,"Butuh bengkel cepat di Tegal untuk ganti oli"
cari_bengkel_by_lokasi,"Ada bengkel 24 jam di Batam Centre? Mobil mogok"
cari_bengkel_by_lokasi,"Di Lampung ada bengkel spesialis kopling ga sih?"
cari_bengkel_by_lokasi,"Bengkel buat periksa getaran mesin di Bogor dmn?"
cari_bengkel_by_lokasi,"Di Balikpapan ada bengkel yg bisa handle Land Rover?"
cari_bengkel_by_lokasi,"Ada yg tau bengkel murah di Purwakarta buat motor?"
cari_bengkel_by_lokasi,"Butuh towing dari Semarang ke Solo, ada kontak?"
cari_bengkel_by_lokasi,"Di Manado mana bengkel yg jual onderdil Toyota?"
cari_bengkel_by_lokasi,"Bengkel khusus Hyundai di Depok ada ga ya?"
cari_bengkel_by_lokasi,"Warga Palembang, bengkel buat perbaiki AC dmn?"
cari_bengkel_by_lokasi,"Di Palu ada bengkel buka malem ga? Kepepet banget"
cari_bengkel_by_lokasi,"Ada bengkel jago karburator di Yogyakarta?"
cari_bengkel_by_lokasi,"Nyari bengkel body repair murah di Tangerang Selatan"
cari_bengkel_by_lokasi,"Di Samarinda mana bengkel yg bisa perbaiki turbo?"
cari_bengkel_by_lokasi,"Butuh bengkel spesialis rem di Malang, ada rekom?"
cari_bengkel_by_lokasi,"Ada bengkel khusus Suzuki di Pontianak?"
cari_bengkel_by_lokasi,"Di Cikarang ada bengkel yg jual ban mobil?"
cari_bengkel_by_lokasi,"Bengkel buat ganti kampas rem di Pekanbaru dmn?"
cari_bengkel_by_lokasi,"Woy di Makassar ada bengkel buka Minggu ga?"
cari_bengkel_by_lokasi,"Di Serpong ada bengkel premium buat European car?"
cari_bengkel_by_lokasi,"Butuh bengkel cepat di Bandung buat ganti aki"
cari_bengkel_by_lokasi,"Ada bengkel 24 jam di sekitar Kelapa Gading?"
cari_bengkel_by_lokasi,"Di Medan mana bengkel yg jujur buat servis rutin?"
cari_bengkel_by_lokasi,"Bengkel khusus Mitsubishi di Surabaya ada ga?"
cari_bengkel_by_lokasi,"Warga Banjar, bengkel buat turun mesin mobil dmn?"
cari_bengkel_by_lokasi,"Di Lombok ada bengkel yg bisa handle BMW?"
cari_bengkel_by_lokasi,"Ada bengkel spesialis kopling di Bogor?"
cari_bengkel_by_lokasi,"Nyari bengkel murah di Depok buat ganti oli motor"
cari_bengkel_by_lokasi,"Di Jayapura mana bengkel yg buka akhir pekan?"
cari_bengkel_by_lokasi,"Butuh towing dari Cirebon ke Bandung, kontak dong"
cari_bengkel_by_lokasi,"Bengkel AC bagus di Semarang dmn ya? Panas banget"
cari_bengkel_by_lokasi,"Di Tangerang ada bengkel yg bisa handle hybrid?"
cari_bengkel_by_lokasi,"Ada bengkel jujur di Mataram? Takut ditipu lagi"
cari_bengkel_by_lokasi,"Nyari bengkel khusus mesin diesel di Sidoarjo"
cari_bengkel_by_lokasi,"Di Salatiga ada bengkel buka hari libur ga?"
cari_bengkel_by_lokasi,"Woy di Garut mana bengkel buat perbaiki rem ABS?"
cari_bengkel_by_lokasi,"Butuh bengkel cepat di Tegal untuk ganti oli"
cari_bengkel_by_lokasi,"Ada bengkel 24 jam di Batam Centre? Mobil mogok"
cari_bengkel_by_lokasi,"Di Lampung ada bengkel spesialis kopling ga sih?"
cari_bengkel_by_lokasi,"Bengkel buat periksa getaran mesin di Bogor dmn?"
cari_bengkel_by_lokasi,"Di Balikpapan ada bengkel yg bisa handle Land Rover?"
cari_bengkel_by_lokasi,"Ada yg tau bengkel murah di Purwakarta buat motor?"
cari_bengkel_by_lokasi,"Butuh towing dari Semarang ke Solo, ada kontak?"
cari_bengkel_by_lokasi,"Di Manado mana bengkel yg jual onderdil Toyota?"
cari_bengkel_by_lokasi,"Bengkel khusus Hyundai di Depok ada ga ya?"
cari_bengkel_by_lokasi,"Warga Palembang, bengkel buat perbaiki AC dmn?"
cari_bengkel_by_lokasi,"Di Palu ada bengkel buka malem ga? Kepepet banget"
cari_bengkel_by_lokasi,"Ada bengkel jago karburator di Yogyakarta?"
cari_bengkel_by_lokasi,"Nyari bengkel body repair murah di Tangerang Selatan"
cari_bengkel_by_lokasi,"Di Samarinda mana bengkel yg bisa perbaiki turbo?"
cari_bengkel_by_lokasi,"Butuh bengkel spesialis rem di Malang, ada rekom?"
cari_bengkel_by_lokasi,"Ada bengkel khusus Suzuki di Pontianak?"
cari_bengkel_by_lokasi,"Di Cikarang ada bengkel yg jual ban mobil?"
cari_bengkel_by_lokasi,"Bengkel buat ganti kampas rem di Pekanbaru dmn?"
cari_bengkel_by_lokasi,"Woy di Makassar ada bengkel buka Minggu ga?"
cari_bengkel_by_lokasi,"Di Serpong ada bengkel premium buat European car?"
cari_bengkel_by_lokasi,"Butuh bengkel cepat di Bandung buat ganti aki"
cari_bengkel_by_lokasi,"Ada bengkel 24 jam di sekitar Kelapa Gading?"
cari_bengkel_by_lokasi,"Di Medan mana bengkel yg jujur buat servis rutin?"
cari_bengkel_by_lokasi,"Bengkel khusus Mitsubishi di Surabaya ada ga?"
cari_bengkel_by_lokasi,"Warga Banjar, bengkel buat turun mesin mobil dmn?"
cari_bengkel_by_lokasi,"Di Lombok ada bengkel yg bisa handle BMW?"
cari_bengkel_by_lokasi,"Ada bengkel spesialis kopling di Bogor?"
cari_bengkel_by_lokasi,"Nyari bengkel murah di Depok buat ganti oli motor"
cari_bengkel_by_lokasi,"Di Jayapura mana bengkel yg buka akhir pekan?"
cari_bengkel_by_lokasi,"Butuh towing dari Cirebon ke Bandung, kontak dong"
cari_bengkel_by_lokasi,"Bengkel AC bagus di Semarang dmn ya? Panas banget"
cari_bengkel_by_lokasi,"Di Tangerang ada bengkel yg bisa handle hybrid?"
cari_bengkel_by_lokasi,"Ada bengkel jujur di Mataram? Takut ditipu lagi"
cari_bengkel_by_lokasi,"Nyari bengkel khusus mesin diesel di Sidoarjo"
cari_bengkel_by_lokasi,"Di Salatiga ada bengkel buka hari libur ga?"
cari_bengkel_by_lokasi,"Woy di Garut mana bengkel buat perbaiki rem ABS?"
cari_bengkel_by_lokasi,"Butuh bengkel cepat di Tegal untuk ganti oli"
cari_bengkel_by_lokasi,"Ada bengkel 24 jam di Batam Centre? Mobil mogok"
cari_bengkel_by_lokasi,"Di Lampung ada bengkel spesialis kopling ga sih?"
cari_bengkel_by_lokasi,"Bengkel buat periksa getaran mesin di Bogor dmn?"
cari_bengkel_by_lokasi,"Di Balikpapan ada bengkel yg bisa handle Land Rover?"
cari_bengkel_by_lokasi,"Ada yg tau bengkel murah di Purwakarta buat motor?"
cari_bengkel_by_lokasi,"Butuh towing dari Semarang ke Solo, ada kontak?"
cari_bengkel_by_lokasi,"Di Manado mana bengkel yg jual onderdil Toyota?"
cari_bengkel_by_lokasi,"Bengkel khusus Hyundai di Depok ada ga ya?"
cari_bengkel_by_lokasi,"Warga Palembang, bengkel buat perbaiki AC dmn?"
cari_bengkel_by_lokasi,"Di Palu ada bengkel buka malem ga? Kepepet banget"
cari_bengkel_by_lokasi,"Ada bengkel jago karburator di Yogyakarta?"
cari_bengkel_by_lokasi,"Nyari bengkel body repair murah di Tangerang Selatan"
cari_bengkel_by_lokasi,"Di Samarinda mana bengkel yg bisa perbaiki turbo?"
cari_bengkel_by_lokasi,"Butuh bengkel spesialis rem di Malang, ada rekom?"
cari_bengkel_by_lokasi,"Ada bengkel khusus Suzuki di Pontianak?"
cari_bengkel_by_lokasi,"Di Cikarang ada bengkel yg jual ban mobil?"
cari_bengkel_by_lokasi,"Bengkel buat ganti kampas rem di Pekanbaru dmn?"
cari_bengkel_by_lokasi,"Woy di Makassar ada bengkel buka Minggu ga?"
cari_bengkel_by_lokasi,"Di Serpong ada bengkel premium buat European car?"
cari_bengkel_by_lokasi,"Butuh bengkel cepat di Bandung buat ganti aki"
cari_bengkel_by_lokasi,"Ada bengkel 24 jam di sekitar Kelapa Gading?"
cari_bengkel_by_lokasi,"Di Medan mana bengkel yg jujur buat servis rutin?"
cari_bengkel_by_lokasi,"Bengkel khusus Mitsubishi di Surabaya ada ga?"
cari_bengkel_by_lokasi,"Warga Banjar, bengkel buat turun mesin mobil dmn?"
cari_bengkel_by_lokasi,"Di Lombok ada bengkel yg bisa handle BMW?"
cari_bengkel_by_lokasi,"Ada bengkel spesialis kopling di Bogor?"
cari_bengkel_by_lokasi,"Nyari bengkel murah di Depok buat ganti oli motor"
cari_bengkel_by_lokasi,"Di Jayapura mana bengkel yg buka akhir pekan?"
cari_bengkel_by_lokasi,"Butuh towing dari Cirebon ke Bandung, kontak dong"
cari_bengkel_by_lokasi,"Bengkel AC bagus di Semarang dmn ya? Panas banget"
cari_bengkel_by_lokasi,"Di Tangerang ada bengkel yg bisa handle hybrid?"
cari_bengkel_by_lokasi,"Ada bengkel jujur di Mataram? Takut ditipu lagi"
cari_bengkel_by_lokasi,"Nyari bengkel khusus mesin diesel di Sidoarjo"
cari_bengkel_by_lokasi,"Di Salatiga ada bengkel buka hari libur ga?"
cari_bengkel_by_lokasi,"Woy di Garut mana bengkel buat perbaiki rem ABS?"
cari_bengkel_by_lokasi,"Butuh bengkel cepat di Tegal untuk ganti oli"
cari_bengkel_by_lokasi,"Ada bengkel 24 jam di Batam Centre? Mobil mogok"
cari_bengkel_by_lokasi,"Di Lampung ada bengkel spesialis kopling ga sih?"
cari_bengkel_by_lokasi,"Bengkel buat periksa getaran mesin di Bogor dmn?"
cari_bengkel_by_lokasi,"Di Balikpapan ada bengkel yg bisa handle Land Rover?"
cari_bengkel_by_lokasi,"Ada yg tau bengkel murah di Purwakarta buat motor?"
cari_bengkel_by_lokasi,"Butuh towing dari Semarang ke Solo, ada kontak?"
cari_bengkel_by_lokasi,"Di Manado mana bengkel yg jual onderdil Toyota?"
cari_bengkel_by_lokasi,"Bengkel khusus Hyundai di Depok ada ga ya?"
cari_bengkel_by_lokasi,"Warga Palembang, bengkel buat perbaiki AC dmn?"
cari_bengkel_by_lokasi,"Di Palu ada bengkel buka malem ga? Kepepet banget"
cari_bengkel_by_lokasi,"Ada bengkel jago karburator di Yogyakarta?"
cari_bengkel_by_lokasi,"Nyari bengkel body repair murah di Tangerang Selatan"
cari_bengkel_by_lokasi,"Di Samarinda mana bengkel yg bisa perbaiki turbo?"
cari_bengkel_by_lokasi,"Butuh bengkel spesialis rem di Malang, ada rekom?"
cari_bengkel_by_lokasi,"Ada bengkel khusus Suzuki di Pontianak?"
cari_bengkel_by_lokasi,"Di Cikarang ada bengkel yg jual ban mobil?"
cari_bengkel_by_lokasi,"Bengkel buat ganti kampas rem di Pekanbaru dmn?"
cari_bengkel_by_lokasi,"Woy di Makassar ada bengkel buka Minggu ga?"
cari_bengkel_by_lokasi,"Di Serpong ada bengkel premium buat European car?"
cari_bengkel_by_lokasi,"Butuh bengkel cepat di Bandung buat ganti aki"
cari_bengkel_by_lokasi,"Ada bengkel 24 jam di sekitar Kelapa Gading?"
cari_bengkel_by_lokasi,"Di Medan mana bengkel yg jujur buat servis rutin?"
cari_bengkel_by_lokasi,"Bengkel khusus Mitsubishi di Surabaya ada ga?"
cari_bengkel_by_lokasi,"Warga Banjar, bengkel buat turun mesin mobil dmn?"
cari_bengkel_by_lokasi,"Di Lombok ada bengkel yg bisa handle BMW?"
cari_bengkel_by_lokasi,"Ada bengkel spesialis kopling di Bogor?"
cari_bengkel_by_lokasi,"Nyari bengkel murah di Depok buat ganti oli motor"
cari_bengkel_by_lokasi,"Di Jayapura mana bengkel yg buka akhir pekan?"
cari_bengkel_by_lokasi,"Butuh towing dari Cirebon ke Bandung, kontak dong"
cari_bengkel_by_lokasi,"Bengkel AC bagus di Semarang dmn ya? Panas banget"
cari_bengkel_by_lokasi,"Di Tangerang ada bengkel yg bisa handle hybrid?"
cari_bengkel_by_lokasi,"Ada bengkel jujur di Mataram? Takut ditipu lagi"
cari_bengkel_by_lokasi,"Nyari bengkel khusus mesin diesel di Sidoarjo"
cari_bengkel_by_lokasi,"Di Salatiga ada bengkel buka hari libur ga?"
cari_bengkel_by_lokasi,"Woy di Garut mana bengkel buat perbaiki rem ABS?"
cari_bengkel_by_lokasi,"Butuh bengkel cepat di Tegal untuk ganti oli"
cari_bengkel_by_lokasi,"Ada bengkel 24 jam di Batam Centre? Mobil mogok"
cari_bengkel_by_lokasi,"Di Lampung ada bengkel spesialis kopling ga sih?"
cari_bengkel_by_lokasi,"Bengkel buat periksa getaran mesin di Bogor dmn?"
cari_bengkel_by_lokasi,"Di Balikpapan ada bengkel yg bisa handle Land Rover?"
cari_bengkel_by_lokasi,"Ada yg tau bengkel murah di Purwakarta buat motor?"
cari_bengkel_by_lokasi,"Butuh towing dari Semarang ke Solo, ada kontak?"
cari_bengkel_by_lokasi,"Di Manado mana bengkel yg jual onderdil Toyota?"
cari_bengkel_by_lokasi,"Bengkel khusus Hyundai di Depok ada ga ya?"
cari_bengkel_by_lokasi,"Warga Palembang, bengkel buat perbaiki AC dmn?"
cari_bengkel_by_lokasi,"Di Palu ada bengkel buka malem ga? Kepepet banget"
cari_bengkel_by_lokasi,"Ada bengkel jago karburator di Yogyakarta?"
cari_bengkel_by_lokasi,"Nyari bengkel body repair murah di Tangerang Selatan"
cari_bengkel_by_lokasi,"Di Samarinda mana bengkel yg bisa perbaiki turbo?"
cari_bengkel_by_lokasi,"Butuh bengkel spesialis rem di Malang, ada rekom?"
cari_bengkel_by_lokasi,"Ada bengkel khusus Suzuki di Pontianak?"
cari_bengkel_by_lokasi,"Di Cikarang ada bengkel yg jual ban mobil?"
cari_bengkel_by_lokasi,"Bengkel buat ganti kampas rem di Pekanbaru dmn?"
cari_bengkel_by_lokasi,"Woy di Makassar ada bengkel buka Minggu ga?"
cari_bengkel_by_lokasi,"Di Serpong ada bengkel premium buat European car?"
cari_bengkel_by_lokasi,"Butuh bengkel cepat di Bandung buat ganti aki"
cari_bengkel_by_lokasi,"Ada bengkel 24 jam di sekitar Kelapa Gading?"
cari_bengkel_by_lokasi,"Di Medan mana bengkel yg jujur buat servis rutin?"
cari_bengkel_by_lokasi,"Bengkel khusus Mitsubishi di Surabaya ada ga?"
cari_bengkel_by_lokasi,"Warga Banjar, bengkel buat turun mesin mobil dmn?"
cari_bengkel_by_lokasi,"Di Lombok ada bengkel yg bisa handle BMW?"
cari_bengkel_by_lokasi,"Ada bengkel spesialis kopling di Bogor?"
cari_bengkel_by_lokasi,"Nyari bengkel murah di Depok buat ganti oli motor"
cari_bengkel_by_lokasi,"Di Jayapura mana bengkel yg buka akhir pekan?"
cari_bengkel_by_lokasi,"Butuh towing dari Cirebon ke Bandung, kontak dong"
cari_bengkel_by_lokasi,"Bengkel AC bagus di Semarang dmn ya? Panas banget"
cari_bengkel_by_lokasi,"Di Tangerang ada bengkel yg bisa handle hybrid?"
cari_bengkel_by_lokasi,"Ada bengkel jujur di Mataram? Takut ditipu lagi"
cari_bengkel_by_lokasi,"Nyari bengkel khusus mesin diesel di Sidoarjo"
cari_bengkel_by_lokasi,"Di Salatiga ada bengkel buka hari libur ga?"
cari_bengkel_by_lokasi,"Woy di Garut mana bengkel buat perbaiki rem ABS?"
cari_bengkel_by_lokasi,"Butuh bengkel cepat di Tegal untuk ganti oli"
cari_bengkel_by_lokasi,"Ada bengkel 24 jam di Batam Centre? Mobil mogok"
cari_bengkel_by_lokasi,"Di Lampung ada bengkel spesialis kopling ga sih?"
cari_bengkel_by_lokasi,"Bengkel buat periksa getaran mesin di Bogor dmn?"
cari_bengkel_by_lokasi,"Di Balikpapan ada bengkel yg bisa handle Land Rover?"
cari_bengkel_by_lokasi,"Ada yg tau bengkel murah di Purwakarta buat motor?"
cari_bengkel_by_lokasi,"Butuh towing dari Semarang ke Solo, ada kontak?"
cari_bengkel_by_lokasi,"Di Manado mana bengkel yg jual onderdil Toyota?"
cari_bengkel_by_lokasi,"Bengkel khusus Hyundai di Depok ada ga ya?"
cari_bengkel_by_lokasi,"Warga Palembang, bengkel buat perbaiki AC dmn?"
cari_bengkel_by_lokasi,"Di Palu ada bengkel buka malem ga? Kepepet banget"
cari_bengkel_by_lokasi,"Ada bengkel jago karburator di Yogyakarta?"
cari_bengkel_by_lokasi,"Nyari bengkel body repair murah di Tangerang Selatan"
cari_bengkel_by_lokasi,"Di Samarinda mana bengkel yg bisa perbaiki turbo?"
cari_bengkel_by_lokasi,"Butuh bengkel spesialis rem di Malang, ada rekom?"
cari_bengkel_by_lokasi,"Ada bengkel khusus Suzuki di Pontianak?"
cari_bengkel_by_lokasi,"Di Cikarang ada bengkel yg jual ban mobil?"
cari_bengkel_by_lokasi,"Bengkel buat ganti kampas rem di Pekanbaru dmn?"
cari_bengkel_by_lokasi,"Woy di Makassar ada bengkel buka Minggu ga?"
cari_bengkel_by_lokasi,"Di Serpong ada bengkel premium buat European car?"
cari_bengkel_by_lokasi,"Butuh bengkel cepat di Bandung buat ganti aki"
cari_bengkel_by_lokasi,"Ada bengkel 24 jam di sekitar Kelapa Gading?"
cari_bengkel_by_lokasi,"Di Medan mana bengkel yg jujur buat servis rutin?"
cari_bengkel_by_lokasi,"Bengkel khusus Mitsubishi di Surabaya ada ga?"
cari_bengkel_by_lokasi,"Warga Banjar, bengkel buat turun mesin mobil dmn?"
cari_bengkel_by_lokasi,"Di Lombok ada bengkel yg bisa handle BMW?"
cari_bengkel_by_lokasi,"Ada bengkel spesialis kopling di Bogor?"
cari_bengkel_by_lokasi,"Nyari bengkel murah di Depok buat ganti oli motor"
cari_bengkel_by_lokasi,"Di Jayapura mana bengkel yg buka akhir pekan?"
cari_bengkel_by_lokasi,"Butuh towing dari Cirebon ke Bandung, kontak dong"
cari_bengkel_by_lokasi,"Bengkel AC bagus di Semarang dmn ya? Panas banget"
cari_bengkel_by_lokasi,"Di Tangerang ada bengkel yg bisa handle hybrid?"
cari_bengkel_by_lokasi,"Ada bengkel jujur di Mataram? Takut ditipu lagi"
cari_bengkel_by_lokasi,"Nyari bengkel khusus mesin diesel di Sidoarjo"
cari_bengkel_by_lokasi,"Di Salatiga ada bengkel buka hari libur ga?"
cari_bengkel_by_lokasi,"Woy di Garut mana bengkel buat perbaiki rem ABS?"
cari_bengkel_by_lokasi,"Butuh bengkel cepat di Tegal untuk ganti oli"
cari_bengkel_by_lokasi,"Ada bengkel 24 jam di Batam Centre? Mobil mogok"
cari_bengkel_by_lokasi,"Di Lampung ada bengkel spesialis kopling ga sih?"
cari_bengkel_by_lokasi,"Bengkel buat periksa getaran mesin di Bogor dmn?"
cari_bengkel_by_lokasi,"Di Balikpapan ada bengkel yg bisa handle Land Rover?"
cari_bengkel_by_lokasi,"Ada yg tau bengkel murah di Purwakarta buat motor?"
cari_bengkel_by_lokasi,"Butuh towing dari Semarang ke Solo, ada kontak?"
cari_bengkel_by_lokasi,"Di Manado mana bengkel yg jual onderdil Toyota?"
cari_bengkel_by_lokasi,"Bengkel khusus Hyundai di Depok ada ga ya?"
cari_bengkel_by_lokasi,"Warga Palembang, bengkel buat perbaiki AC dmn?"
cari_bengkel_by_lokasi,"Di Palu ada bengkel buka malem ga? Kepepet banget"
cari_bengkel_by_lokasi,"Ada bengkel jago karburator di Yogyakarta?"
cari_bengkel_by_lokasi,"Nyari bengkel body repair murah di Tangerang Selatan"
cari_bengkel_by_lokasi,"Di Samarinda mana bengkel yg bisa perbaiki turbo?"
cari_bengkel_by_lokasi,"Butuh bengkel spesialis rem di Malang, ada rekom?"
cari_bengkel_by_lokasi,"Ada bengkel khusus Suzuki di Pontianak?"
cari_bengkel_by_lokasi,"Di Cikarang ada bengkel yg jual ban mobil?"
cari_bengkel_by_lokasi,"Bengkel buat ganti kampas rem di Pekanbaru dmn?"
cari_bengkel_by_lokasi,"Woy di Makassar ada bengkel buka Minggu ga?"
cari_bengkel_by_lokasi,"Di Serpong ada bengkel premium buat European car?"
cari_bengkel_by_lokasi,"Butuh bengkel cepat di Bandung buat ganti aki"
cari_bengkel_by_lokasi,"Ada bengkel 24 jam di sekitar Kelapa Gading?"
cari_bengkel_by_lokasi,"Di Medan mana bengkel yg jujur buat servis rutin?"
cari_bengkel_by_lokasi,"Bengkel khusus Mitsubishi di Surabaya ada ga?"
cari_bengkel_by_lokasi,"Warga Banjar, bengkel buat turun mesin mobil dmn?"
cari_bengkel_by_lokasi,"Di Lombok ada bengkel yg bisa handle BMW?"
cari_bengkel_by_lokasi,"Ada bengkel spesialis kopling di Bogor?"
cari_bengkel_by_lokasi,"Nyari bengkel murah di Depok buat ganti oli motor"
cari_bengkel_by_lokasi,"Di Jayapura mana bengkel yg buka akhir pekan?"
cari_bengkel_by_lokasi,"Butuh towing dari Cirebon ke Bandung, kontak dong"
cari_bengkel_by_lokasi,"Bengkel AC bagus di Semarang dmn ya? Panas banget"
cari_bengkel_by_lokasi,"Di Tangerang ada bengkel yg bisa handle hybrid?"
cari_bengkel_by_lokasi,"Ada bengkel jujur di Mataram? Takut ditipu lagi"
cari_bengkel_by_lokasi,"Nyari bengkel khusus mesin diesel di Sidoarjo"
cari_bengkel_by_lokasi,"Di Salatiga ada bengkel buka hari libur ga?"
cari_bengkel_by_lokasi,"Woy di Garut mana bengkel buat perbaiki rem ABS?"
cari_bengkel_by_lokasi,"Butuh bengkel cepat di Tegal untuk ganti oli"
cari_bengkel_by_lokasi,"Ada bengkel 24 jam di Batam Centre? Mobil mogok"
cari_bengkel_by_lokasi,"Di Lampung ada bengkel spesialis kopling ga sih?"
cari_bengkel_by_lokasi,"Bengkel buat periksa getaran mesin di Bogor dmn?"
cari_bengkel_by_lokasi,"Di Balikpapan ada bengkel yg bisa handle Land Rover?"
cari_bengkel_by_lokasi,"Ada yg tau bengkel murah di Purwakarta buat motor?"
cari_bengkel_by_lokasi,"Butuh towing dari Semarang ke Solo, ada kontak?"
cari_bengkel_by_lokasi,"Di Manado mana bengkel yg jual onderdil Toyota?"
cari_bengkel_by_lokasi,"Bengkel khusus Hyundai di Depok ada ga ya?"
cari_bengkel_by_lokasi,"Warga Palembang, bengkel buat perbaiki AC dmn?"
cari_bengkel_by_lokasi,"Di Palu ada bengkel buka malem ga? Kepepet banget"
cari_bengkel_by_lokasi,"Ada bengkel jago karburator di Yogyakarta?"
cari_bengkel_by_lokasi,"Nyari bengkel body repair murah di Tangerang Selatan"
cari_bengkel_by_lokasi,"Di Samarinda mana bengkel yg bisa perbaiki turbo?"
cari_bengkel_by_lokasi,"Butuh bengkel spesialis rem di Malang, ada rekom?"
cari_bengkel_by_lokasi,"Ada bengkel khusus Suzuki di Pontianak?"
cari_bengkel_by_lokasi,"Di Cikarang ada bengkel yg jual ban mobil?"
cari_bengkel_by_lokasi,"Bengkel buat ganti kampas rem di Pekanbaru dmn?"
cari_bengkel_by_lokasi,"Woy di Makassar ada bengkel buka Minggu ga?"
cari_bengkel_by_lokasi,"Di Serpong ada bengkel premium buat European car?"
cari_bengkel_by_lokasi,"Butuh bengkel cepat di Bandung buat ganti aki"
cari_bengkel_by_lokasi,"Ada bengkel 24 jam di sekitar Kelapa Gading?"
cari_bengkel_by_lokasi,"Di Medan mana bengkel yg jujur buat servis rutin?"
cari_bengkel_by_lokasi,"Bengkel khusus Mitsubishi di Surabaya ada ga?"
cari_bengkel_by_lokasi,"Warga Banjar, bengkel buat turun mesin mobil dmn?"
cari_bengkel_by_lokasi,"Di Lombok ada bengkel yg bisa handle BMW?"
cari_bengkel_by_lokasi,"Ada bengkel spesialis kopling di Bogor?"
cari_bengkel_by_lokasi,"Nyari bengkel murah di Depok buat ganti oli motor"
cari_bengkel_by_lokasi,"Di Jayapura mana bengkel yg buka akhir pekan?"
cari_bengkel_by_lokasi,"Butuh towing dari Cirebon ke Bandung, kontak dong"
cari_bengkel_by_lokasi,"Bengkel AC bagus di Semarang dmn ya? Panas banget"
cari_bengkel_by_lokasi,"Di Tangerang ada bengkel yg bisa handle hybrid?"
cari_bengkel_by_lokasi,"Ada bengkel jujur di Mataram? Takut ditipu lagi"
cari_bengkel_by_lokasi,"Nyari bengkel khusus mesin diesel di Sidoarjo"
cari_bengkel_by_lokasi,"Di Salatiga ada bengkel buka hari libur ga?"
cari_bengkel_by_lokasi,"Woy di Garut mana bengkel buat perbaiki rem ABS?"
cari_bengkel_by_lokasi,"Butuh bengkel cepat di Tegal untuk ganti oli"
cari_bengkel_by_lokasi,"Ada bengkel 24 jam di Batam Centre? Mobil mogok"
cari_bengkel_by_lokasi,"Di Lampung ada bengkel spesialis kopling ga sih?"
cari_bengkel_by_lokasi,"Bengkel buat periksa getaran mesin di Bogor dmn?"
cari_bengkel_by_lokasi,"Di Balikpapan ada bengkel yg bisa handle Land Rover?"
cari_bengkel_by_lokasi,"Ada yg tau bengkel murah di Purwakarta buat motor?"
cari_bengkel_by_lokasi,"Butuh towing dari Semarang ke Solo, ada kontak?"
cari_bengkel_by_lokasi,"Di Manado mana bengkel yg jual onderdil Toyota?"
cari_bengkel_by_lokasi,"Bengkel khusus Hyundai di Depok ada ga ya?"
cari_bengkel_by_lokasi,"Warga Palembang, bengkel buat perbaiki AC dmn?"
cari_bengkel_by_lokasi,"Di Palu ada bengkel buka malem ga? Kepepet banget"
cari_bengkel_by_lokasi,"Ada bengkel jago karburator di Yogyakarta?"
cari_bengkel_by_lokasi,"Nyari bengkel body repair murah di Tangerang Selatan"
cari_bengkel_by_lokasi,"Di Samarinda mana bengkel yg bisa perbaiki turbo?"
cari_bengkel_by_lokasi,"Butuh bengkel spesialis rem di Malang, ada rekom?"
cari_bengkel_by_lokasi,"Ada bengkel khusus Suzuki di Pontianak?"
cari_bengkel_by_lokasi,"Di Cikarang ada bengkel yg jual ban mobil?"
cari_bengkel_by_lokasi,"Bengkel buat ganti kampas rem di Pekanbaru dmn?"
cari_bengkel_by_lokasi,"Woy di Makassar ada bengkel buka Minggu ga?"
cari_bengkel_by_lokasi,"Di Serpong ada bengkel premium buat European car?"
cari_bengkel_by_lokasi,"Butuh bengkel cepat di Bandung buat ganti aki"
cari_bengkel_by_lokasi,"Ada bengkel 24 jam di sekitar Kelapa Gading?"
cari_bengkel_by_lokasi,"Di Medan mana bengkel yg jujur buat servis rutin?"
cari_bengkel_by_lokasi,"Bengkel khusus Mitsubishi di Surabaya ada ga?"
cari_bengkel_by_lokasi,"Warga Banjar, bengkel buat turun mesin mobil dmn?"
cari_bengkel_by_lokasi,"Di Lombok ada bengkel yg bisa handle BMW?"
cari_bengkel_by_lokasi,"Ada bengkel spesialis kopling di Bogor?"
cari_bengkel_by_lokasi,"Nyari bengkel murah di Depok buat ganti oli motor"
cari_bengkel_by_lokasi,"Di Jayapura mana bengkel yg buka akhir pekan?"
cari_bengkel_by_lokasi,"Butuh towing dari Cirebon ke Bandung, kontak dong"
cari_bengkel_by_lokasi,"Bengkel AC bagus di Semarang dmn ya? Panas banget"
cari_bengkel_by_lokasi,"Di Tangerang ada bengkel yg bisa handle hybrid?"
cari_bengkel_by_lokasi,"Ada bengkel jujur di Mataram? Takut ditipu lagi"
cari_bengkel_by_lokasi,"Nyari bengkel khusus mesin diesel di Sidoarjo"
cari_bengkel_by_lokasi,"Di Salatiga ada bengkel buka hari libur ga?"
cari_bengkel_by_lokasi,"Woy di Garut mana bengkel buat perbaiki rem ABS?"
cari_bengkel_by_lokasi,"Butuh bengkel cepat di Tegal untuk ganti oli"
cari_bengkel_by_lokasi,"Ada bengkel 24 jam di Batam Centre? Mobil mogok"
cari_bengkel_by_lokasi,"Di Lampung ada bengkel spesialis kopling ga sih?"
cari_bengkel_by_lokasi,"Bengkel buat periksa getaran mesin di Bogor dmn?"
cari_bengkel_by_lokasi,"Di Balikpapan ada bengkel yg bisa handle Land Rover?"
cari_bengkel_by_lokasi,"Ada yg tau bengkel murah di Purwakarta buat motor?"
cari_bengkel_by_lokasi,"Butuh towing dari Semarang ke Solo, ada kontak?"
cari_bengkel_by_lokasi,"Di Manado mana bengkel yg jual onderdil Toyota?"
cari_bengkel_by_lokasi,"Bengkel khusus Hyundai di Depok ada ga ya?"
cari_bengkel_by_lokasi,"Warga Palembang, bengkel buat perbaiki AC dmn?"
cari_bengkel_by_lokasi,"Di Palu ada bengkel buka malem ga? Kepepet banget"
cari_bengkel_by_lokasi,"Ada bengkel jago karburator di Yogyakarta?"
cari_bengkel_by_lokasi,"Nyari bengkel body repair murah di Tangerang Selatan"
cari_bengkel_by_lokasi,"Di Samarinda mana bengkel yg bisa perbaiki turbo?"
cari_bengkel_by_lokasi,"Butuh bengkel spesialis rem di Malang, ada rekom?"
cari_bengkel_by_lokasi,"Ada bengkel khusus Suzuki di Pontianak?"
cari_bengkel_by_lokasi,"Di Cikarang ada bengkel yg jual ban mobil?"
cari_bengkel_by_lokasi,"Bengkel buat ganti kampas rem di Pekanbaru dmn?"
cari_bengkel_by_lokasi,"Woy di Makassar ada bengkel buka Minggu ga?"
cari_bengkel_by_lokasi,"Di Serpong ada bengkel premium buat European car?"
cari_bengkel_by_lokasi,"Butuh bengkel cepat di Bandung buat ganti aki"
cari_bengkel_by_lokasi,"Ada bengkel 24 jam di sekitar Kelapa Gading?"
cari_bengkel_by_lokasi,"Di Medan mana bengkel yg jujur buat servis rutin?"
cari_bengkel_by_lokasi,"Bengkel khusus Mitsubishi di Surabaya ada ga?"
cari_bengkel_by_lokasi,"Warga Banjar, bengkel buat turun mesin mobil dmn?"
cari_bengkel_by_lokasi,"Di Lombok ada bengkel yg bisa handle BMW?"
cari_bengkel_by_lokasi,"Ada bengkel spesialis kopling di Bogor?"
cari_bengkel_by_lokasi,"Nyari bengkel murah di Depok buat ganti oli motor"
cari_bengkel_by_lokasi,"Di Jayapura mana bengkel yg buka akhir pekan?"
cari_bengkel_by_lokasi,"Butuh towing dari Cirebon ke Bandung, kontak dong"
cari_bengkel_by_lokasi,"Bengkel AC bagus di Semarang dmn ya? Panas banget"
cari_bengkel_by_lokasi,"Di Tangerang ada bengkel yg bisa handle hybrid?"
cari_bengkel_by_lokasi,"Ada bengkel jujur di Mataram? Takut ditipu lagi"
cari_bengkel_by_lokasi,"Nyari bengkel khusus mesin diesel di Sidoarjo"
cari_bengkel_by_lokasi,"Di Salatiga ada bengkel buka hari libur ga?"
cari_bengkel_by_lokasi,"Woy di Garut mana bengkel buat perbaiki rem ABS?"
cari_bengkel_by_lokasi,"Butuh bengkel cepat di Tegal untuk ganti oli"
cari_bengkel_by_lokasi,"Ada bengkel 24 jam di Batam Centre? Mobil mogok"
cari_bengkel_by_lokasi,"Di Lampung ada bengkel spesialis kopling ga sih?"
cari_bengkel_by_lokasi,"Bengkel buat periksa getaran mesin di Bogor dmn?"
cari_bengkel_by_lokasi,"Di Balikpapan ada bengkel yg bisa handle Land Rover?"
cari_bengkel_by_lokasi,"Ada yg tau bengkel murah di Purwakarta buat motor?"
cari_bengkel_by_lokasi,"Butuh towing dari Semarang ke Solo, ada kontak?"
cari_bengkel_by_lokasi,"Di Manado mana bengkel yg jual onderdil Toyota?"
cari_bengkel_by_lokasi,"Bengkel khusus Hyundai di Depok ada ga ya?"
cari_bengkel_by_lokasi,"Warga Palembang, bengkel buat perbaiki AC dmn?"
cari_bengkel_by_lokasi,"Di Palu ada bengkel buka malem ga? Kepepet banget"
cari_bengkel_by_lokasi,"Ada bengkel jago karburator di Yogyakarta?"
cari_bengkel_by_lokasi,"Nyari bengkel body repair murah di Tangerang Selatan"
cari_bengkel_by_lokasi,"Di Samarinda mana bengkel yg bisa perbaiki turbo?"
cari_bengkel_by_lokasi,"Butuh bengkel spesialis rem di Malang, ada rekom?"
cari_bengkel_by_lokasi,"Ada bengkel khusus Suzuki di Pontianak?"
cari_bengkel_by_lokasi,"Di Cikarang ada bengkel yg jual ban mobil?"
cari_bengkel_by_lokasi,"Bengkel buat ganti kampas rem di Pekanbaru dmn?"
cari_bengkel_by_lokasi,"Woy di Makassar ada bengkel buka Minggu ga?"
cari_bengkel_by_lokasi,"Di Serpong ada bengkel premium buat European car?"
cari_bengkel_by_lokasi,"Butuh bengkel cepat di Bandung buat ganti aki"
cari_bengkel_by_lokasi,"Ada bengkel 24 jam di sekitar Kelapa Gading?"
cari_bengkel_by_lokasi,"Di Medan mana bengkel yg jujur buat servis rutin?"
cari_bengkel_by_lokasi,"Bengkel khusus Mitsubishi di Surabaya ada ga?"
cari_bengkel_by_lokasi,"Warga Banjar, bengkel buat turun mesin mobil dmn?"
cari_bengkel_by_lokasi,"Di Lombok ada bengkel yg bisa handle BMW?"
cari_bengkel_by_lokasi,"Ada bengkel spesialis kopling di Bogor?"
cari_bengkel_by_lokasi,"Nyari bengkel murah di Depok buat ganti oli motor"
cari_bengkel_by_lokasi,"Di Jayapura mana bengkel yg buka akhir pekan?"
cari_bengkel_by_lokasi,"Butuh towing dari Cirebon ke Bandung, kontak dong"
cari_bengkel_by_lokasi,"Bengkel AC bagus di Semarang dmn ya? Panas banget"
cari_bengkel_by_lokasi,"Di Tangerang ada bengkel yg bisa handle hybrid?"
cari_bengkel_by_lokasi,"Ada bengkel jujur di Mataram? Takut ditipu lagi"
cari_bengkel_by_lokasi,"Nyari bengkel khusus mesin diesel di Sidoarjo"
cari_bengkel_by_lokasi,"Di Salatiga ada bengkel buka hari libur ga?"
cari_bengkel_by_lokasi,"Woy di Garut mana bengkel buat perbaiki rem ABS?"
cari_bengkel_by_lokasi,"Butuh bengkel cepat di Tegal untuk ganti oli"
cari_bengkel_by_lokasi,"Ada bengkel 24 jam di Batam Centre? Mobil mogok"
cari_bengkel_by_lokasi,"Di Lampung ada bengkel spesialis kopling ga sih?"
cari_bengkel_by_lokasi,"Bengkel buat periksa getaran mesin di Bogor dmn?"
cari_bengkel_by_lokasi,"Di Balikpapan ada bengkel yg bisa handle Land Rover?"
cari_bengkel_by_lokasi,"Ada yg tau bengkel murah di Purwakarta buat motor?"
cari_bengkel_by_lokasi,"Butuh towing dari Semarang ke Solo, ada kontak?"
cari_bengkel_by_lokasi,"Di Manado mana bengkel yg jual onderdil Toyota?"
cari_bengkel_by_lokasi,"Bengkel khusus Hyundai di Depok ada ga ya?"
cari_bengkel_by_lokasi,"Warga Palembang, bengkel buat perbaiki AC dmn?"
cari_bengkel_by_lokasi,"Di Palu ada bengkel buka malem ga? Kepepet banget"
cari_bengkel_by_lokasi,"Ada bengkel jago karburator di Yogyakarta?"
cari_bengkel_by_lokasi,"Nyari bengkel body repair murah di Tangerang Selatan"
cari_bengkel_by_lokasi,"Di Samarinda mana bengkel yg bisa perbaiki turbo?"
cari_bengkel_by_lokasi,"Butuh bengkel spesialis rem di Malang, ada rekom?"
cari_bengkel_by_lokasi,"Ada bengkel khusus Suzuki di Pontianak?"
cari_bengkel_by_lokasi,"Di Cikarang ada bengkel yg jual ban mobil?"
cari_bengkel_by_lokasi,"Bengkel buat ganti kampas rem di Pekanbaru dmn?"
cari_bengkel_by_lokasi,"Woy di Makassar ada bengkel buka Minggu ga?"
cari_bengkel_by_lokasi,"Di Serpong ada bengkel premium buat European car?"
cari_bengkel_by_lokasi,"Butuh bengkel cepat di Bandung buat ganti aki"
cari_bengkel_by_lokasi,"Ada bengkel 24 jam di sekitar Kelapa Gading?"
cari_bengkel_by_lokasi,"Di Medan mana bengkel yg jujur buat servis rutin?"
cari_bengkel_by_lokasi,"Bengkel khusus Mitsubishi di Surabaya ada ga?"
cari_bengkel_by_lokasi,"Warga Banjar, bengkel buat turun mesin mobil dmn?"
cari_bengkel_by_lokasi,"Di Lombok ada bengkel yg bisa handle BMW?"
cari_bengkel_by_lokasi,"Ada bengkel spesialis kopling di Bogor?"
cari_bengkel_by_lokasi,"Nyari bengkel murah di Depok buat ganti oli motor"
cari_bengkel_by_lokasi,"Di Jayapura mana bengkel yg buka akhir pekan?"
cari_bengkel_by_lokasi,"Butuh towing dari Cirebon ke Bandung, kontak dong"
cari_bengkel_by_lokasi,"Bengkel AC bagus di Semarang dmn ya? Panas banget"
cari_bengkel_by_lokasi,"Di Tangerang ada bengkel yg bisa handle hybrid?"
cari_bengkel_by_lokasi,"Ada bengkel jujur di Mataram? Takut ditipu lagi"
cari_bengkel_by_lokasi,"Nyari bengkel khusus mesin diesel di Sidoarjo"
cari_bengkel_by_lokasi,"Di Salatiga ada bengkel buka hari libur ga?"
cari_bengkel_by_lokasi,"Woy di Garut mana bengkel buat perbaiki rem ABS?"
cari_bengkel_by_lokasi,"Butuh bengkel cepat di Tegal untuk ganti oli"
cari_bengkel_by_lokasi,"Ada bengkel 24 jam di Batam Centre? Mobil mogok"
cari_bengkel_by_lokasi,"Di Lampung ada bengkel spesialis kopling ga sih?"
cari_bengkel_by_lokasi,"Bengkel buat periksa getaran mesin di Bogor dmn?"
cari_bengkel_by_lokasi,"Di Balikpapan ada bengkel yg bisa handle Land Rover?"
cari_bengkel_by_lokasi,"Ada yg tau bengkel murah di Purwakarta buat motor?"
cari_bengkel_by_lokasi,"Butuh towing dari Semarang ke Solo, ada kontak?"
cari_bengkel_by_lokasi,"Di Manado mana bengkel yg jual onderdil Toyota?"
cari_bengkel_by_lokasi,"Bengkel khusus Hyundai di Depok ada ga ya?"
cari_bengkel_by_lokasi,"Warga Palembang, bengkel buat perbaiki AC dmn?"
cari_bengkel_by_lokasi,"Di Palu ada bengkel buka malem ga? Kepepet banget"
cari_bengkel_by_lokasi,"Ada bengkel jago karburator di Yogyakarta?"
cari_bengkel_by_lokasi,"Nyari bengkel body repair murah di Tangerang Selatan"
cari_bengkel_by_lokasi,"Di Samarinda mana bengkel yg bisa perbaiki turbo?"
cari_bengkel_by_lokasi,"Butuh bengkel spesialis rem di Malang, ada rekom?"
cari_bengkel_by_lokasi,"Ada bengkel khusus Suzuki di Pontianak?"
cari_bengkel_by_lokasi,"Di Cikarang ada bengkel yg jual ban mobil?"
cari_bengkel_by_lokasi,"Bengkel buat ganti kampas rem di Pekanbaru dmn?"
cari_bengkel_by_lokasi,"Woy di Makassar ada bengkel buka Minggu ga?"
cari_bengkel_by_lokasi,"Di Serpong ada bengkel premium buat European car?"
cari_bengkel_by_lokasi,"Butuh bengkel cepat di Bandung buat ganti aki"
cari_bengkel_by_lokasi,"Ada bengkel 24 jam di sekitar Kelapa Gading?"
cari_bengkel_by_lokasi,"Di Medan mana bengkel yg jujur buat servis rutin?"
cari_bengkel_by_lokasi,"Bengkel khusus Mitsubishi di Surabaya ada ga?"
cari_bengkel_by_lokasi,"Warga Banjar, bengkel buat turun mesin mobil dmn?"
cari_bengkel_by_lokasi,"Di Lombok ada bengkel yg bisa handle BMW?"
cari_bengkel_by_lokasi,"Ada bengkel spesialis kopling di Bogor?"
cari_bengkel_by_lokasi,"Nyari bengkel murah di Depok buat ganti oli motor"
cari_bengkel_by_lokasi,"Di Jayapura mana bengkel yg buka akhir pekan?"
cari_bengkel_by_lokasi,"Butuh towing dari Cirebon ke Bandung, kontak dong"
cari_bengkel_by_lokasi,"Bengkel AC bagus di Semarang dmn ya? Panas banget"
cari_bengkel_by_lokasi,"Di Tangerang ada bengkel yg bisa handle hybrid?"
cari_bengkel_by_lokasi,"Ada bengkel jujur di Mataram? Takut ditipu lagi"
cari_bengkel_by_lokasi,"Nyari bengkel khusus mesin diesel di Sidoarjo"
cari_bengkel_by_lokasi,"Di Salatiga ada bengkel buka hari libur ga?"
cari_bengkel_by_lokasi,"Woy di Garut mana bengkel buat perbaiki rem ABS?"
cari_bengkel_by_lokasi,"Butuh bengkel cepat di Tegal untuk ganti oli"
cari_bengkel_by_lokasi,"Ada bengkel 24 jam di Batam Centre? Mobil mogok"
cari_bengkel_by_lokasi,"Di Lampung ada bengkel spesialis kopling ga sih?"
cari_bengkel_by_lokasi,"Bengkel buat periksa getaran mesin di Bogor dmn?"
cari_bengkel_by_lokasi,"Di Balikpapan ada bengkel yg bisa handle Land Rover?"
cari_bengkel_by_lokasi,"Ada yg tau bengkel murah di Purwakarta buat motor?"
cari_bengkel_by_lokasi,"Butuh towing dari Semarang ke Solo, ada kontak?"
cari_bengkel_by_lokasi,"Di Manado mana bengkel yg jual onderdil Toyota?"
cari_bengkel_by_lokasi,"Bengkel khusus Hyundai di Depok ada ga ya?"
cari_bengkel_by_lokasi,"Warga Palembang, bengkel buat perbaiki AC dmn?"
cari_bengkel_by_lokasi,"Di Palu ada bengkel buka malem ga? Kepepet banget"
cari_bengkel_by_lokasi,"Ada bengkel jago karburator di Yogyakarta?"
cari_bengkel_by_lokasi,"Nyari bengkel body repair murah di Tangerang Selatan"
cari_bengkel_by_lokasi,"Di Samarinda mana bengkel yg bisa perbaiki turbo?"
cari_bengkel_by_lokasi,"Butuh bengkel spesialis rem di Malang, ada rekom?"
cari_bengkel_by_lokasi,"Ada bengkel khusus Suzuki di Pontianak?"
cari_bengkel_by_lokasi,"Di Cikarang ada bengkel yg jual ban mobil?"
cari_bengkel_by_lokasi,"Bengkel buat ganti kampas rem di Pekanbaru dmn?"
cari_bengkel_by_lokasi,"Woy di Makassar ada bengkel buka Minggu ga?"
cari_bengkel_by_lokasi,"Di Serpong ada bengkel premium buat European car?"
cari_bengkel_by_lokasi,"Butuh bengkel cepat di Bandung buat ganti aki"
cari_bengkel_by_lokasi,"Ada bengkel 24 jam di sekitar Kelapa Gading?"
cari_bengkel_by_lokasi,"Di Medan mana bengkel yg jujur buat servis rutin?"
cari_bengkel_by_lokasi,"Bengkel khusus Mitsubishi di Surabaya ada ga?"
cari_bengkel_by_lokasi,"Warga Banjar, bengkel buat turun mesin mobil dmn?"
cari_bengkel_by_lokasi,"Di Lombok ada bengkel yg bisa handle BMW?"
cari_bengkel_by_lokasi,"Ada bengkel spesialis kopling di Bogor?"
cari_bengkel_by_lokasi,"Nyari bengkel murah di Depok buat ganti oli motor"
cari_bengkel_by_lokasi,"Di Jayapura mana bengkel yg buka akhir pekan?"
cari_bengkel_by_lokasi,"Butuh towing dari Cirebon ke Bandung, kontak dong"
cari_bengkel_by_lokasi,"Bengkel AC bagus di Semarang dmn ya? Panas banget"
cari_bengkel_by_lokasi,"Di Tangerang ada bengkel yg bisa handle hybrid?"
cari_bengkel_by_lokasi,"Ada bengkel jujur di Mataram? Takut ditipu lagi"
cari_bengkel_by_lokasi,"Nyari bengkel khusus mesin diesel di Sidoarjo"
cari_bengkel_by_lokasi,"Di Salatiga ada bengkel buka hari libur ga?"
cari_bengkel_by_lokasi,"Woy di Garut mana bengkel buat perbaiki rem ABS?"
cari_bengkel_by_lokasi,"Butuh bengkel cepat di Tegal untuk ganti oli"
cari_bengkel_by_lokasi,"Ada bengkel 24 jam di Batam Centre? Mobil mogok"
cari_bengkel_by_lokasi,"Di Lampung ada bengkel spesialis kopling ga sih?"
cari_bengkel_by_lokasi,"Bengkel buat periksa getaran mesin di Bogor dmn?"
cari_bengkel_by_lokasi,"Di Balikpapan ada bengkel yg bisa handle Land Rover?"
cari_bengkel_by_lokasi,"Ada yg tau bengkel murah di Purwakarta buat motor?"
cari_bengkel_by_lokasi,"Butuh towing dari Semarang ke Solo, ada kontak?"
cari_bengkel_by_lokasi,"Di Manado mana bengkel yg jual onderdil Toyota?"
cari_bengkel_by_lokasi,"Bengkel khusus Hyundai di Depok ada ga ya?"
cari_bengkel_by_lokasi,"Warga Palembang, bengkel buat perbaiki AC dmn?"
cari_bengkel_by_lokasi,"Di Palu ada bengkel buka malem ga? Kepepet banget"
cari_bengkel_by_lokasi,"Ada bengkel jago karburator di Yogyakarta?"
cari_bengkel_by_lokasi,"Nyari bengkel body repair murah di Tangerang Selatan"
cari_bengkel_by_lokasi,"Di Samarinda mana bengkel yg bisa perbaiki turbo?"
cari_bengkel_by_lokasi,"Butuh bengkel spesialis rem di Malang, ada rekom?"
cari_bengkel_by_lokasi,"Ada bengkel khusus Suzuki di Pontianak?"
cari_bengkel_by_lokasi,"Di Cikarang ada bengkel yg jual ban mobil?"
cari_bengkel_by_lokasi,"Bengkel buat ganti kampas rem di Pekanbaru dmn?"
cari_bengkel_by_lokasi,"Woy di Makassar ada bengkel buka Minggu ga?"
cari_bengkel_by_lokasi,"Di Serpong ada bengkel premium buat European car?"
cari_bengkel_by_lokasi,"Butuh bengkel cepat di Bandung buat ganti aki"
cari_bengkel_by_lokasi,"Ada bengkel 24 jam di sekitar Kelapa Gading?"
cari_bengkel_by_lokasi,"Di Medan mana bengkel yg jujur buat servis rutin?"
cari_bengkel_by_lokasi,"Bengkel khusus Mitsubishi di Surabaya ada ga?"
cari_bengkel_by_lokasi,"Warga Banjar, bengkel buat turun mesin mobil dmn?"
cari_bengkel_by_lokasi,"Di Lombok ada bengkel yg bisa handle BMW?"
cari_bengkel_by_lokasi,"Ada bengkel spesialis kopling di Bogor?"
cari_bengkel_by_lokasi,"Nyari bengkel murah di Depok buat ganti oli motor"
cari_bengkel_by_lokasi,"Di Jayapura mana bengkel yg buka akhir pekan?"
cari_bengkel_by_lokasi,"Butuh towing dari Cirebon ke Bandung, kontak dong"
cari_bengkel_by_lokasi,"Bengkel AC bagus di Semarang dmn ya? Panas banget"
cari_bengkel_by_lokasi,"Di Tangerang ada bengkel yg bisa handle hybrid?"
cari_bengkel_by_lokasi,"Ada bengkel jujur di Mataram? Takut ditipu lagi"
cari_bengkel_by_lokasi,"Nyari bengkel khusus mesin diesel di Sidoarjo"
cari_bengkel_by_lokasi,"Di Salatiga ada bengkel buka hari libur ga?"
cari_bengkel_by_lokasi,"Woy di Garut mana bengkel buat perbaiki rem ABS?"
cari_bengkel_by_lokasi,"Butuh bengkel cepat di Tegal untuk ganti oli"
cari_bengkel_by_lokasi,"Ada bengkel 24 jam di Batam Centre? Mobil mogok"
cari_bengkel_by_lokasi,"Di Lampung ada bengkel spesialis kopling ga sih?"
cari_bengkel_by_lokasi,"Bengkel buat periksa getaran mesin di Bogor dmn?"
cari_bengkel_by_lokasi,"Di Balikpapan ada bengkel yg bisa handle Land Rover?"
cari_bengkel_by_lokasi,"Ada yg tau bengkel murah di Purwakarta buat motor?"
cari_bengkel_by_lokasi,"Butuh towing dari Semarang ke Solo, ada kontak?"
cari_bengkel_by_lokasi,"Di Manado mana bengkel yg jual onderdil Toyota?"
cari_bengkel_by_lokasi,"Bengkel khusus Hyundai di Depok ada ga ya?"
cari_bengkel_by_lokasi,"Warga Palembang, bengkel buat perbaiki AC dmn?"
cari_bengkel_by_lokasi,"Di Palu ada bengkel buka malem ga? Kepepet banget"
cari_bengkel_by_lokasi,"Ada bengkel jago karburator di Yogyakarta?"
cari_bengkel_by_lokasi,"Nyari bengkel body repair murah di Tangerang Selatan"
cari_bengkel_by_lokasi,"Di Samarinda mana bengkel yg bisa perbaiki turbo?"
cari_bengkel_by_lokasi,"Butuh bengkel spesialis rem di Malang, ada rekom?"
cari_bengkel_by_lokasi,"Ada bengkel khusus Suzuki di Pontianak?"
cari_bengkel_by_lokasi,"Di Cikarang ada bengkel yg jual ban mobil?"
cari_bengkel_by_lokasi,"Bengkel buat ganti kampas rem di Pekanbaru dmn?"
cari_bengkel_by_lokasi,"Woy di Makassar ada bengkel buka Minggu ga?"
cari_bengkel_by_lokasi,"Di Serpong ada bengkel premium buat European car?"
cari_bengkel_by_lokasi,"Butuh bengkel cepat di Bandung buat ganti aki"
cari_bengkel_by_lokasi,"Ada bengkel 24 jam di sekitar Kelapa Gading?"
cari_bengkel_by_lokasi,"Di Medan mana bengkel yg jujur buat servis rutin?"
cari_bengkel_by_lokasi,"Bengkel khusus Mitsubishi di Surabaya ada ga?"
cari_bengkel_by_lokasi,"Warga Banjar, bengkel buat turun mesin mobil dmn?"
cari_bengkel_by_lokasi,"Di Lombok ada bengkel yg bisa handle BMW?"
cari_bengkel_by_lokasi,"Ada bengkel spesialis kopling di Bogor?"
cari_bengkel_by_lokasi,"Nyari bengkel murah di Depok buat ganti oli motor"
cari_bengkel_by_lokasi,"Di Jayapura mana bengkel yg buka akhir pekan?"
cari_bengkel_by_lokasi,"Butuh towing dari Cirebon ke Bandung, kontak dong"
cari_bengkel_by_lokasi,"Bengkel AC bagus di Semarang dmn ya? Panas banget"
cari_bengkel_by_lokasi,"Di Tangerang ada bengkel yg bisa handle hybrid?"
cari_bengkel_by_lokasi,"Ada bengkel jujur di Mataram? Takut ditipu lagi"
cari_bengkel_by_lokasi,"Nyari bengkel khusus mesin diesel di Sidoarjo"
cari_bengkel_by_lokasi,"Di Salatiga ada bengkel buka hari libur ga?"
cari_bengkel_by_lokasi,"Woy di Garut mana bengkel buat perbaiki rem ABS?"
cari_bengkel_by_lokasi,"Butuh bengkel cepat di Tegal untuk ganti oli"
cari_bengkel_by_lokasi,"Ada bengkel 24 jam di Batam Centre? Mobil mogok"
cari_bengkel_by_lokasi,"Di Lampung ada bengkel spesialis kopling ga sih?"
cari_bengkel_by_lokasi,"Bengkel buat periksa getaran mesin di Bogor dmn?"
cari_bengkel_by_lokasi,"Di Balikpapan ada bengkel yg bisa handle Land Rover?"
cari_bengkel_by_lokasi,"Ada yg tau bengkel murah di Purwakarta buat motor?"
cari_bengkel_by_lokasi,"Butuh towing dari Semarang ke Solo, ada kontak?"
cari_bengkel_by_lokasi,"Di Manado mana bengkel yg jual onderdil Toyota?"
cari_bengkel_by_lokasi,"Bengkel khusus Hyundai di Depok ada ga ya?"
cari_bengkel_by_lokasi,"Warga Palembang, bengkel buat perbaiki AC dmn?"
cari_bengkel_by_lokasi,"Di Palu ada bengkel buka malem ga? Kepepet banget"
cari_bengkel_by_lokasi,"Ada bengkel jago karburator di Yogyakarta?"
cari_bengkel_by_lokasi,"Nyari bengkel body repair murah di Tangerang Selatan"
cari_bengkel_by_lokasi,"Di Samarinda mana bengkel yg bisa perbaiki turbo?"
cari_bengkel_by_lokasi,"Butuh bengkel spesialis rem di Malang, ada rekom?"
cari_bengkel_by_lokasi,"Ada bengkel khusus Suzuki di Pontianak?"
cari_bengkel_by_lokasi,"Di Cikarang ada bengkel yg jual ban mobil?"
cari_bengkel_by_lokasi,"Bengkel buat ganti kampas rem di Pekanbaru dmn?"
cari_bengkel_by_lokasi,"Woy di Makassar ada bengkel buka Minggu ga?"
cari_bengkel_by_lokasi,"Di Serpong ada bengkel premium buat European car?"
cari_bengkel_by_lokasi,"Butuh bengkel cepat di Bandung buat ganti aki"
cari_bengkel_by_lokasi,"Ada bengkel 24 jam di sekitar Kelapa Gading?"
cari_bengkel_by_lokasi,"Di Medan mana bengkel yg jujur buat servis rutin?"
cari_bengkel_by_lokasi,"Bengkel khusus Mitsubishi di Surabaya ada ga?"
cari_bengkel_by_lokasi,"Warga Banjar, bengkel buat turun mesin mobil dmn?"
cari_bengkel_by_lokasi,"Di Lombok ada bengkel yg bisa handle BMW?"
cari_bengkel_by_lokasi,"Ada bengkel spesialis kopling di Bogor?"
cari_bengkel_by_lokasi,"Nyari bengkel murah di Depok buat ganti oli motor"
cari_bengkel_by_lokasi,"Di Jayapura mana bengkel yg buka akhir pekan?"
cari_bengkel_by_lokasi,"Butuh towing dari Cirebon ke Bandung, kontak dong"
cari_bengkel_by_lokasi,"Bengkel AC bagus di Semarang dmn ya? Panas banget"
cari_bengkel_by_lokasi,"Di Tangerang ada bengkel yg bisa handle hybrid?"
cari_bengkel_by_lokasi,"Ada bengkel jujur di Mataram? Takut ditipu lagi"
cari_bengkel_by_lokasi,"Nyari bengkel khusus mesin diesel di Sidoarjo"
cari_bengkel_by_lokasi,"Di Salatiga ada bengkel buka hari libur ga?"
cari_bengkel_by_lokasi,"Woy di Garut mana bengkel buat perbaiki rem ABS?"
cari_bengkel_by_lokasi,"Butuh bengkel cepat di Tegal untuk ganti oli"
cari_bengkel_by_lokasi,"Ada bengkel 24 jam di Batam Centre? Mobil mogok"
cari_bengkel_by_lokasi,"Di Lampung ada bengkel spesialis kopling ga sih?"
cari_bengkel_by_lokasi,"Bengkel buat periksa getaran mesin di Bogor dmn?"
cari_bengkel_by_lokasi,"Di Balikpapan ada bengkel yg bisa handle Land Rover?"
cari_bengkel_by_lokasi,"Ada yg tau bengkel murah di Purwakarta buat motor?"
cari_bengkel_by_lokasi,"Butuh towing dari Semarang ke Solo, ada kontak?"
cari_bengkel_by_lokasi,"Di Manado mana bengkel yg jual onderdil Toyota?"
cari_bengkel_by_lokasi,"Bengkel khusus Hyundai di Depok ada ga ya?"
cari_bengkel_by_lokasi,"Warga Palembang, bengkel buat perbaiki AC dmn?"
cari_bengkel_by_lokasi,"Di Palu ada bengkel buka malem ga? Kepepet banget"
cari_bengkel_by_lokasi,"Ada bengkel jago karburator di Yogyakarta?"
cari_bengkel_by_lokasi,"Nyari bengkel body repair murah di Tangerang Selatan"
cari_bengkel_by_lokasi,"Di Samarinda mana bengkel yg bisa perbaiki turbo?"
cari_bengkel_by_lokasi,"Butuh bengkel spesialis rem di Malang, ada rekom?"
cari_bengkel_by_lokasi,"Ada bengkel khusus Suzuki di Pontianak?"
cari_bengkel_by_lokasi,"Di Cikarang ada bengkel yg jual ban mobil?"
cari_bengkel_by_lokasi,"Bengkel buat ganti kampas rem di Pekanbaru dmn?"
cari_bengkel_by_lokasi,"Woy di Makassar ada bengkel buka Minggu ga?"
cari_bengkel_by_lokasi,"Di Serpong ada bengkel premium buat European car?"
cari_bengkel_by_lokasi,"Butuh bengkel cepat di Bandung buat ganti aki"
cari_bengkel_by_lokasi,"Ada bengkel 24 jam di sekitar Kelapa Gading?"
cari_bengkel_by_lokasi,"Di Medan mana bengkel yg jujur buat servis rutin?"
cari_bengkel_by_lokasi,"Bengkel khusus Mitsubishi di Surabaya ada ga?"
cari_bengkel_by_lokasi,"Warga Banjar, bengkel buat turun mesin mobil dmn?"
cari_bengkel_by_lokasi,"Di Lombok ada bengkel yg bisa handle BMW?"
cari_bengkel_by_lokasi,"Ada bengkel spesialis kopling di Bogor?"
cari_bengkel_by_lokasi,"Nyari bengkel murah di Depok buat ganti oli motor"
cari_bengkel_by_lokasi,"Di Jayapura mana bengkel yg buka akhir pekan?"
cari_bengkel_by_lokasi,"Butuh towing dari Cirebon ke Bandung, kontak dong"
cari_bengkel_by_lokasi,"Bengkel AC bagus di Semarang dmn ya? Panas banget"
cari_bengkel_by_lokasi,"Di Tangerang ada bengkel yg bisa handle hybrid?"
cari_bengkel_by_lokasi,"Ada bengkel jujur di Mataram? Takut ditipu lagi"
cari_bengkel_by_lokasi,"Nyari bengkel khusus mesin diesel di Sidoarjo"
cari_bengkel_by_lokasi,"Di Salatiga ada bengkel buka hari libur ga?"
cari_bengkel_by_lokasi,"Woy di Garut mana bengkel buat perbaiki rem ABS?"
cari_bengkel_by_lokasi,"Butuh bengkel cepat di Tegal untuk ganti oli"
cari_bengkel_by_lokasi,"Ada bengkel 24 jam di Batam Centre? Mobil mogok"
cari_bengkel_by_lokasi,"Di Lampung ada bengkel spesialis kopling ga sih?"
cari_bengkel_by_lokasi,"Bengkel buat periksa getaran mesin di Bogor dmn?"
cari_bengkel_by_lokasi,"Di Balikpapan ada bengkel yg bisa handle Land Rover?"
cari_bengkel_by_lokasi,"Ada yg tau bengkel murah di Purwakarta buat motor?"
cari_bengkel_by_lokasi,"Butuh towing dari Semarang ke Solo, ada kontak?"
cari_bengkel_by_lokasi,"Di Manado mana bengkel yg jual onderdil Toyota?"
cari_bengkel_by_lokasi,"Bengkel khusus Hyundai di Depok ada ga ya?"
cari_bengkel_by_lokasi,"Warga Palembang, bengkel buat perbaiki AC dmn?"
cari_bengkel_by_lokasi,"Di Palu ada bengkel buka malem ga? Kepepet banget"
cari_bengkel_by_lokasi,"Ada bengkel jago karburator di Yogyakarta?"
cari_bengkel_by_lokasi,"Nyari bengkel body repair murah di Tangerang Selatan"
cari_bengkel_by_lokasi,"Di Samarinda mana bengkel yg bisa perbaiki turbo?"
cari_bengkel_by_lokasi,"Butuh bengkel spesialis rem di Malang, ada rekom?"
cari_bengkel_by_lokasi,"Ada bengkel khusus Suzuki di Pontianak?"
cari_bengkel_by_lokasi,"Di Cikarang ada bengkel yg jual ban mobil?"
cari_bengkel_by_lokasi,"Bengkel buat ganti kampas rem di Pekanbaru dmn?"
cari_bengkel_by_lokasi,"Woy di Makassar ada bengkel buka Minggu ga?"
cari_bengkel_by_lokasi,"Di Serpong ada bengkel premium buat European car?"
cari_bengkel_by_lokasi,"Butuh bengkel cepat di Bandung buat ganti aki"
cari_bengkel_by_lokasi,"Ada bengkel 24 jam di sekitar Kelapa Gading?"
cari_bengkel_by_lokasi,"Di Medan mana bengkel yg jujur buat servis rutin?"
cari_bengkel_by_lokasi,"Bengkel khusus Mitsubishi di Surabaya ada ga?"
cari_bengkel_by_lokasi,"Warga Banjar, bengkel buat turun mesin mobil dmn?"
cari_bengkel_by_lokasi,"Di Lombok ada bengkel yg bisa handle BMW?"
cari_bengkel_by_lokasi,"Ada bengkel spesialis kopling di Bogor?"
cari_bengkel_by_lokasi,"Nyari bengkel murah di Depok buat ganti oli motor"
cari_bengkel_by_lokasi,"Di Jayapura mana bengkel yg buka akhir pekan?"
cari_bengkel_by_lokasi,"Butuh towing dari Cirebon ke Bandung, kontak dong"
cari_bengkel_by_lokasi,"Bengkel AC bagus di Semarang dmn ya? Panas banget"
cari_bengkel_by_lokasi,"Di Tangerang ada bengkel yg bisa handle hybrid?"
cari_bengkel_by_lokasi,"Ada bengkel jujur di Mataram? Takut ditipu lagi"
cari_bengkel_by_lokasi,"Nyari bengkel khusus mesin diesel di Sidoarjo"
cari_bengkel_by_lokasi,"Di Salatiga ada bengkel buka hari libur ga?"
cari_bengkel_by_lokasi,"Woy di Garut mana bengkel buat perbaiki rem ABS?"
cari_bengkel_by_lokasi,"Butuh bengkel cepat di Tegal untuk ganti oli"
cari_bengkel_by_lokasi,"Ada bengkel 24 jam di Batam Centre? Mobil mogok"
cari_bengkel_by_lokasi,"Di Lampung ada bengkel spesialis kopling ga sih?"
cari_bengkel_by_lokasi,"Bengkel buat periksa getaran mesin di Bogor dmn?"
cari_bengkel_by_lokasi,"Di Balikpapan ada bengkel yg bisa handle Land Rover?"
cari_bengkel_by_lokasi,"Ada yg tau bengkel murah di Purwakarta buat motor?"
cari_bengkel_by_lokasi,"Butuh towing dari Semarang ke Solo, ada kontak?"
cari_bengkel_by_lokasi,"Di Manado mana bengkel yg jual onderdil Toyota?"
cari_bengkel_by_lokasi,"Bengkel khusus Hyundai di Depok ada ga ya?"
cari_bengkel_by_lokasi,"Warga Palembang, bengkel buat perbaiki AC dmn?"
cari_bengkel_by_lokasi,"Di Palu ada bengkel buka malem ga? Kepepet banget"
cari_bengkel_by_lokasi,"Ada bengkel jago karburator di Yogyakarta?"
cari_bengkel_by_lokasi,"Nyari bengkel body repair murah di Tangerang Selatan"
cari_bengkel_by_lokasi,"Di Samarinda mana bengkel yg bisa perbaiki turbo?"
cari_bengkel_by_lokasi,"Butuh bengkel spesialis rem di Malang, ada rekom?"
cari_bengkel_by_lokasi,"Ada bengkel khusus Suzuki di Pontianak?"
cari_bengkel_by_lokasi,"Di Cikarang ada bengkel yg jual ban mobil?"
cari_bengkel_by_lokasi,"Bengkel buat ganti kampas rem di Pekanbaru dmn?"
cari_bengkel_by_lokasi,"Woy di Makassar ada bengkel buka Minggu ga?"
cari_bengkel_by_lokasi,"Di Serpong ada bengkel premium buat European car?"
cari_bengkel_by_lokasi,"Butuh bengkel cepat di Bandung buat ganti aki"
cari_bengkel_by_lokasi,"Ada bengkel 24 jam di sekitar Kelapa Gading?"
cari_bengkel_by_lokasi,"Di Medan mana bengkel yg jujur buat servis rutin?"
cari_bengkel_by_lokasi,"Bengkel khusus Mitsubishi di Surabaya ada ga?"
cari_bengkel_by_lokasi,"Warga Banjar, bengkel buat turun mesin mobil dmn?"
cari_bengkel_by_lokasi,"Di Lombok ada bengkel yg bisa handle BMW?"
cari_bengkel_by_lokasi,"Ada bengkel spesialis kopling di Bogor?"
cari_bengkel_by_lokasi,"Nyari bengkel murah di Depok buat ganti oli motor"
cari_bengkel_by_lokasi,"Di Jayapura mana bengkel yg buka akhir pekan?"
cari_bengkel_by_lokasi,"Butuh towing dari Cirebon ke Bandung, kontak dong"
cari_bengkel_by_lokasi,"Bengkel AC bagus di Semarang dmn ya? Panas banget"
cari_bengkel_by_lokasi,"Di Tangerang ada bengkel yg bisa handle hybrid?"
cari_bengkel_by_lokasi,"Ada bengkel jujur di Mataram? Takut ditipu lagi"
cari_bengkel_by_lokasi,"Nyari bengkel khusus mesin diesel di Sidoarjo"
cari_bengkel_by_lokasi,"Di Salatiga ada bengkel buka hari libur ga?"
cari_bengkel_by_lokasi,"Woy di Garut mana bengkel buat perbaiki rem ABS?"
cari_bengkel_by_lokasi,"Butuh bengkel cepat di Tegal untuk ganti oli"
cari_bengkel_by_lokasi,"Ada bengkel 24 jam di Batam Centre? Mobil mogok"
cari_bengkel_by_lokasi,"Di Lampung ada bengkel spesialis kopling ga sih?"
cari_bengkel_by_lokasi,"Bengkel buat periksa getaran mesin di Bogor dmn?"
cari_bengkel_by_lokasi,"Di Balikpapan ada bengkel yg bisa handle Land Rover?"
cari_bengkel_by_lokasi,"Ada yg tau bengkel murah di Purwakarta buat motor?"
cari_bengkel_by_lokasi,"Butuh towing dari Semarang ke Solo, ada kontak?"
cari_bengkel_by_lokasi,"Di Manado mana bengkel yg jual onderdil Toyota?"
cari_bengkel_by_lokasi,"Bengkel khusus Hyundai di Depok ada ga ya?"
cari_bengkel_by_lokasi,"Warga Palembang, bengkel buat perbaiki AC dmn?"
cari_bengkel_by_lokasi,"Di Palu ada bengkel buka malem ga? Kepepet banget"
cari_bengkel_by_lokasi,"Ada bengkel jago karburator di Yogyakarta?"
cari_bengkel_by_lokasi,"Nyari bengkel body repair murah di Tangerang Selatan"
cari_bengkel_by_lokasi,"Di Samarinda mana bengkel yg bisa perbaiki turbo?"
cari_bengkel_by_lokasi,"Butuh bengkel spesialis rem di Malang, ada rekom?"
cari_bengkel_by_lokasi,"Ada bengkel khusus Suzuki di Pontianak?"
cari_bengkel_by_lokasi,"Di Cikarang ada bengkel yg jual ban mobil?"
cari_bengkel_by_lokasi,"Bengkel buat ganti kampas rem di Pekanbaru dmn?"
cari_bengkel_by_lokasi,"Woy di Makassar ada bengkel buka Minggu ga?"
cari_bengkel_by_lokasi,"Di Serpong ada bengkel premium buat European car?"
cari_bengkel_by_lokasi,"Butuh bengkel cepat di Bandung buat ganti aki"
cari_bengkel_by_lokasi,"Ada bengkel 24 jam di sekitar Kelapa Gading?"
cari_bengkel_by_lokasi,"Di Medan mana bengkel yg jujur buat servis rutin?"
cari_bengkel_by_lokasi,"Bengkel khusus Mitsubishi di Surabaya ada ga?"
cari_bengkel_by_lokasi,"Warga Banjar, bengkel buat turun mesin mobil dmn?"
cari_bengkel_by_lokasi,"Di Lombok ada bengkel yg bisa handle BMW?"
cari_bengkel_by_lokasi,"Ada bengkel spesialis kopling di Bogor?"
cari_bengkel_by_lokasi,"Nyari bengkel murah di Depok buat ganti oli motor"
cari_bengkel_by_lokasi,"Di Jayapura mana bengkel yg buka akhir pekan?"
cari_bengkel_by_lokasi,"Butuh towing dari Cirebon ke Bandung, kontak dong"
cari_bengkel_by_lokasi,"Bengkel AC bagus di Semarang dmn ya? Panas banget"
cari_bengkel_by_lokasi,"Di Tangerang ada bengkel yg bisa handle hybrid?"
cari_bengkel_by_lokasi,"Ada bengkel jujur di Mataram? Takut ditipu lagi"
cari_bengkel_by_lokasi,"Nyari bengkel khusus mesin diesel di Sidoarjo"
cari_bengkel_by_lokasi,"Di Salatiga ada bengkel buka hari libur ga?"
cari_bengkel_by_lokasi,"Woy di Garut mana bengkel buat perbaiki rem ABS?"
cari_bengkel_by_lokasi,"Butuh bengkel cepat di Tegal untuk ganti oli"
cari_bengkel_by_lokasi,"Ada bengkel 24 jam di Batam Centre? Mobil mogok"
cari_bengkel_by_lokasi,"Di Lampung ada bengkel spesialis kopling ga sih?"
cari_bengkel_by_lokasi,"Bengkel buat periksa getaran mesin di Bogor dmn?"
cari_bengkel_by_lokasi,"Di Balikpapan ada bengkel yg bisa handle Land Rover?"
cari_bengkel_by_lokasi,"Ada yg tau bengkel murah di Purwakarta buat motor?"
cari_bengkel_by_lokasi,"Butuh towing dari Semarang ke Solo, ada kontak?"
cari_bengkel_by_lokasi,"Di Manado mana bengkel yg jual onderdil Toyota?"
cari_bengkel_by_lokasi,"Bengkel khusus Hyundai di Depok ada ga ya?"
cari_bengkel_by_lokasi,"Warga Palembang, bengkel buat perbaiki AC dmn?"
cari_bengkel_by_lokasi,"Di Palu ada bengkel buka malem ga? Kepepet banget"
cari_bengkel_by_lokasi,"Ada bengkel jago karburator di Yogyakarta?"
cari_bengkel_by_lokasi,"Nyari bengkel body repair murah di Tangerang Selatan"
cari_bengkel_by_lokasi,"Di Samarinda mana bengkel yg bisa perbaiki turbo?"
cari_bengkel_by_lokasi,"Butuh bengkel spesialis rem di Malang, ada rekom?"
cari_bengkel_by_lokasi,"Ada bengkel khusus Suzuki di Pontianak?"
cari_bengkel_by_lokasi,"Di Cikarang ada bengkel yg jual ban mobil?"
cari_bengkel_by_lokasi,"Bengkel buat ganti kampas rem di Pekanbaru dmn?"
cari_bengkel_by_lokasi,"Woy di Makassar ada bengkel buka Minggu ga?"
cari_bengkel_by_lokasi,"Di Serpong ada bengkel premium buat European car?"
cari_bengkel_by_lokasi,"Butuh bengkel cepat di Bandung buat ganti aki"
cari_bengkel_by_lokasi,"Ada bengkel 24 jam di sekitar Kelapa Gading?"
cari_bengkel_by_lokasi,"Di Medan mana bengkel yg jujur buat servis rutin?"
cari_bengkel_by_lokasi,"Bengkel khusus Mitsubishi di Surabaya ada ga?"
cari_bengkel_by_lokasi,"Warga Banjar, bengkel buat turun mesin mobil dmn?"
cari_bengkel_by_lokasi,"Di Lombok ada bengkel yg bisa handle BMW?"
cari_bengkel_by_lokasi,"Ada bengkel spesialis kopling di Bogor?"
cari_bengkel_by_lokasi,"Nyari bengkel murah di Depok buat ganti oli motor"
cari_bengkel_by_lokasi,"Di Jayapura mana bengkel yg buka akhir pekan?"
cari_bengkel_by_lokasi,"Butuh towing dari Cirebon ke Bandung, kontak dong"
cari_bengkel_by_lokasi,"Bengkel AC bagus di Semarang dmn ya? Panas banget"
cari_bengkel_by_lokasi,"Di Tangerang ada bengkel yg bisa handle hybrid?"
cari_bengkel_by_lokasi,"Ada bengkel jujur di Mataram? Takut ditipu lagi"
cari_bengkel_by_lokasi,"Nyari bengkel khusus mesin diesel di Sidoarjo"
cari_bengkel_by_lokasi,"Di Salatiga ada bengkel buka hari libur ga?"
cari_bengkel_by_lokasi,"Woy di Garut mana bengkel buat perbaiki rem ABS?"
cari_bengkel_by_lokasi,"Butuh bengkel cepat di Tegal untuk ganti oli"
cari_bengkel_by_lokasi,"Ada bengkel 24 jam di Batam Centre? Mobil mogok"
cari_bengkel_by_lokasi,"Di Lampung ada bengkel spesialis kopling ga sih?"
cari_bengkel_by_lokasi,"Bengkel buat periksa getaran mesin di Bogor dmn?"
cari_bengkel_by_lokasi,"Di Balikpapan ada bengkel yg bisa handle Land Rover?"
cari_bengkel_by_lokasi,"Ada yg tau bengkel murah di Purwakarta buat motor?"
cari_bengkel_by_lokasi,"Butuh towing dari Semarang ke Solo, ada kontak?"
cari_bengkel_by_lokasi,"Di Manado mana bengkel yg jual onderdil Toyota?"
cari_bengkel_by_lokasi,"Bengkel khusus Hyundai di Depok ada ga ya?"
cari_bengkel_by_lokasi,"Warga Palembang, bengkel buat perbaiki AC dmn?"
cari_bengkel_by_lokasi,"Di Palu ada bengkel buka malem ga? Kepepet banget"
cari_bengkel_by_lokasi,"Ada bengkel jago karburator di Yogyakarta?"
cari_bengkel_by_lokasi,"Nyari bengkel body repair murah di Tangerang Selatan"
cari_bengkel_by_lokasi,"Di Samarinda mana bengkel yg bisa perbaiki turbo?"
cari_bengkel_by_lokasi,"Butuh bengkel spesialis rem di Malang, ada rekom?"
cari_bengkel_by_lokasi,"Ada bengkel khusus Suzuki di Pontianak?"
cari_bengkel_by_lokasi,"Di Cikarang ada bengkel yg jual ban mobil?"
cari_bengkel_by_lokasi,"Bengkel buat ganti kampas rem di Pekanbaru dmn?"
cari_bengkel_by_lokasi,"Woy di Makassar ada bengkel buka Minggu ga?"
cari_bengkel_by_lokasi,"Di Serpong ada bengkel premium buat European car?"
cari_bengkel_by_lokasi,"Butuh bengkel cepat di Bandung buat ganti aki"
cari_bengkel_by_lokasi,"Ada bengkel 24 jam di sekitar Kelapa Gading?"
cari_bengkel_by_lokasi,"Di Medan mana bengkel yg jujur buat servis rutin?"
cari_bengkel_by_lokasi,"Bengkel khusus Mitsubishi di Surabaya ada ga?"
cari_bengkel_by_lokasi,"Warga Banjar, bengkel buat turun mesin mobil dmn?"
cari_bengkel_by_lokasi,"Di Lombok ada bengkel yg bisa handle BMW?"
cari_bengkel_by_lokasi,"Ada bengkel spesialis kopling di Bogor?"
cari_bengkel_by_lokasi,"Nyari bengkel murah di Depok buat ganti oli motor"
cari_bengkel_by_lokasi,"Di Jayapura mana bengkel yg buka akhir pekan?"
cari_bengkel_by_lokasi,"Butuh towing dari Cirebon ke Bandung, kontak dong"
cari_bengkel_by_lokasi,"Bengkel AC bagus di Semarang dmn ya? Panas banget"
cari_bengkel_by_lokasi,"Di Tangerang ada bengkel yg bisa handle hybrid?"
cari_bengkel_by_lokasi,"Ada bengkel jujur di Mataram? Takut ditipu lagi"
cari_bengkel_by_lokasi,"Nyari bengkel khusus mesin diesel di Sidoarjo"
cari_bengkel_by_lokasi,"Di Salatiga ada bengkel buka hari libur ga?"
cari_bengkel_by_lokasi,"Woy di Garut mana bengkel buat perbaiki rem ABS?"
cari_bengkel_by_lokasi,"Butuh bengkel cepat di Tegal untuk ganti oli"
cari_bengkel_by_lokasi,"Ada bengkel 24 jam di Batam Centre? Mobil mogok"
cari_bengkel_by_lokasi,"Di Lampung ada bengkel spesialis kopling ga sih?"
cari_bengkel_by_lokasi,"Bengkel buat periksa getaran mesin di Bogor dmn?"
cari_bengkel_by_lokasi,"Di Balikpapan ada bengkel yg bisa handle Land Rover?"
cari_bengkel_by_lokasi,"Ada yg tau bengkel murah di Purwakarta buat motor?"
cari_bengkel_by_lokasi,"Butuh towing dari Semarang ke Solo, ada kontak?"
cari_bengkel_by_lokasi,"Di Manado mana bengkel yg jual onderdil Toyota?"
cari_bengkel_by_lokasi,"Bengkel khusus Hyundai di Depok ada ga ya?"
cari_bengkel_by_lokasi,"Warga Palembang, bengkel buat perbaiki AC dmn?"
cari_bengkel_by_lokasi,"Di Palu ada bengkel buka malem ga? Kepepet banget"
cari_bengkel_by_lokasi,"Ada bengkel jago karburator di Yogyakarta?"
cari_bengkel_by_lokasi,"Nyari bengkel body repair murah di Tangerang Selatan"
cari_bengkel_by_lokasi,"Di Samarinda mana bengkel yg bisa perbaiki turbo?"
cari_bengkel_by_lokasi,"Butuh bengkel spesialis rem di Malang, ada rekom?"
cari_bengkel_by_lokasi,"Ada bengkel khusus Suzuki di Pontianak?"
cari_bengkel_by_lokasi,"Di Cikarang ada bengkel yg jual ban mobil?"
cari_bengkel_by_lokasi,"Bengkel buat ganti kampas rem di Pekanbaru dmn?"
cari_bengkel_by_lokasi,"Woy di Makassar ada bengkel buka Minggu ga?"
cari_bengkel_by_lokasi,"Di Serpong ada bengkel premium buat European car?"
cari_bengkel_by_lokasi,"Butuh bengkel cepat di Bandung buat ganti aki"
cari_bengkel_by_lokasi,"Ada bengkel 24 jam di sekitar Kelapa Gading?"
cari_bengkel_by_lokasi,"Di Medan mana bengkel yg jujur buat servis rutin?"
cari_bengkel_by_lokasi,"Bengkel khusus Mitsubishi di Surabaya ada ga?"
cari_bengkel_by_lokasi,"Warga Banjar, bengkel buat turun mesin mobil dmn?"
cari_bengkel_by_lokasi,"Di Lombok ada bengkel yg bisa handle BMW?"
cari_bengkel_by_lokasi,"Ada bengkel spesialis kopling di Bogor?"
cari_bengkel_by_lokasi,"Nyari bengkel murah di Depok buat ganti oli motor"
cari_bengkel_by_lokasi,"Di Jayapura mana bengkel yg buka akhir pekan?"
cari_bengkel_by_lokasi,"Butuh towing dari Cirebon ke Bandung, kontak dong"
cari_bengkel_by_lokasi,"Bengkel AC bagus di Semarang dmn ya? Panas banget"
cari_bengkel_by_lokasi,"Di Tangerang ada bengkel yg bisa handle hybrid?"
cari_bengkel_by_lokasi,"Ada bengkel jujur di Mataram? Takut ditipu lagi"
cari_bengkel_by_lokasi,"Nyari bengkel khusus mesin diesel di Sidoarjo"
cari_bengkel_by_lokasi,"Di Salatiga ada bengkel buka hari libur ga?"
cari_bengkel_by_lokasi,"Woy di Garut mana bengkel buat perbaiki rem ABS?"
cari_bengkel_by_lokasi,"Butuh bengkel cepat di Tegal untuk ganti oli"
cari_bengkel_by_lokasi,"Ada bengkel 24 jam di Batam Centre? Mobil mogok"
cari_bengkel_by_lokasi,"Di Lampung ada bengkel spesialis kopling ga sih?"
cari_bengkel_by_lokasi,"Bengkel buat periksa getaran mesin di Bogor dmn?"
cari_bengkel_by_lokasi,"Di Balikpapan ada bengkel yg bisa handle Land Rover?"
cari_bengkel_by_lokasi,"Ada yg tau bengkel murah di Purwakarta buat motor?"
cari_bengkel_by_lokasi,"Butuh towing dari Semarang ke Solo, ada kontak?"
cari_bengkel_by_lokasi,"Di Manado mana bengkel yg jual onderdil Toyota?"
cari_bengkel_by_lokasi,"Bengkel khusus Hyundai di Depok ada ga ya?"
cari_bengkel_by_lokasi,"Warga Palembang, bengkel buat perbaiki AC dmn?"
cari_bengkel_by_lokasi,"Di Palu ada bengkel buka malem ga? Kepepet banget"  
cari_bengkel_by_lokasi,"Ada bengkel 24 jam di daerah Bekasi yang recommended nggak?"
cari_bengkel_by_lokasi,"Tolong cariin bengkel mobil di Surabaya yang bisa servis rem ABS."
cari_bengkel_by_lokasi,"Di Jakarta Selatan ada bengkel AC mobil yang bagus gak ya?"
cari_bengkel_by_lokasi,"Bisa bantu cari towing di Denpasar untuk malam ini?"
cari_bengkel_by_lokasi,"Mohon info bengkel motor yang buka di area Medan Tembung."
cari_bengkel_by_lokasi,"Ada yang tahu bengkel spesialis transmisi matic di Bandung?"
cari_bengkel_by_lokasi,"Di Yogyakarta ada bengkel yang bisa benerin kaca mobil retak nggak?"
cari_bengkel_by_lokasi,"Tolong kasih rekomendasi bengkel cat mobil di Semarang."
cari_bengkel_by_lokasi,"Mobilku mogok, ada towing di Makassar yang bisa cepet datang?"
cari_bengkel_by_lokasi,"Di Malang ada bengkel yang buka Minggu pagi nggak?"
cari_bengkel_by_lokasi,"Cari bengkel terpercaya di Depok buat servis rutin motor."
cari_bengkel_by_lokasi,"Ada bengkel di Tangerang yang spesialis mesin diesel?"
cari_bengkel_by_lokasi,"Bisa bantu cari towing 24 jam di Palembang?"
cari_bengkel_by_lokasi,"Di Bogor ada bengkel yang bisa benerin ECU mobil nggak?"
cari_bengkel_by_lokasi,"Tolong rekomendasi bengkel ban mobil di Pekanbaru."
cari_bengkel_by_lokasi,"Ada yang tahu bengkel motor di Balikpapan yang buka malam?"
cari_bengkel_by_lokasi,"Di Surakarta ada bengkel yang bagus buat servis karburator?"
cari_bengkel_by_lokasi,"Mohon info towing di Bandar Lampung yang murah."
cari_bengkel_by_lokasi,"Cari bengkel di Manado yang bisa ganti oli mesin mobil."
cari_bengkel_by_lokasi,"Ada bengkel 24 jam di Cirebon nggak bro?"
cari_bengkel_by_lokasi,"Tolong cariin bengkel di Kuta Bali yang bisa benerin motor matik."
cari_bengkel_by_lokasi,"Di Padang ada bengkel yang spesialis AC mobil nggak?"
cari_bengkel_by_lokasi,"Bisa bantu cari towing di Samarinda yang cepet respon?"
cari_bengkel_by_lokasi,"Ada rekomendasi bengkel cat mobil di Pontianak?"
cari_bengkel_by_lokasi,"Di Batam ada bengkel motor yang buka sampai malam nggak?"
cari_bengkel_by_lokasi,"Tolong info bengkel di Jakarta Barat yang bagus buat servis rem."
cari_bengkel_by_lokasi,"Ada bengkel di Solo yang bisa benerin lampu mobil?"
cari_bengkel_by_lokasi,"Cari towing di Medan Amplas yang bisa datang sekarang."
cari_bengkel_by_lokasi,"Di Bekasi Timur ada bengkel yang spesialis kaki-kaki mobil?"
cari_bengkel_by_lokasi,"Mohon bantu cari bengkel motor di Denpasar Selatan."
cari_bengkel_by_lokasi,"Ada yang tahu bengkel di Surabaya Barat yang bagus?"
cari_bengkel_by_lokasi,"Di Jakarta Utara ada towing yang operasi 24 jam nggak?"
cari_bengkel_by_lokasi,"Tolong cari bengkel di Bandung yang bisa servis injektor."
cari_bengkel_by_lokasi,"Ada bengkel motor di Yogyakarta yang buka pagi banget?"
cari_bengkel_by_lokasi,"Di Semarang ada towing yang murah dan cepet nggak?"
cari_bengkel_by_lokasi,"Cari bengkel di Malang yang bisa benerin power window."
cari_bengkel_by_lokasi,"Ada rekomendasi bengkel di Depok untuk servis motor matic?"
cari_bengkel_by_lokasi,"Di Tangerang Selatan ada bengkel yang bagus buat cat ulang mobil?"
cari_bengkel_by_lokasi,"Tolong info towing di Palembang yang buka malam ini."
cari_bengkel_by_lokasi,"Ada bengkel di Bogor yang spesialis mesin bensin?"
cari_bengkel_by_lokasi,"Di Pekanbaru ada bengkel motor yang recommended nggak?"
cari_bengkel_by_lokasi,"Cari bengkel di Balikpapan yang bisa ganti kampas rem mobil."
cari_bengkel_by_lokasi,"Ada towing di Surakarta yang bisa angkut mobil besar?"
cari_bengkel_by_lokasi,"Di Bandar Lampung ada bengkel yang buka hari Minggu?"
cari_bengkel_by_lokasi,"Tolong cari bengkel di Manado yang bisa servis AC mobil."
cari_bengkel_by_lokasi,"Ada bengkel 24 jam di Cirebon yang bisa bantu ban kempes?"
cari_bengkel_by_lokasi,"Di Kuta Bali ada towing yang operasi tengah malam?"
cari_bengkel_by_lokasi,"Cari bengkel di Padang yang spesialis suspensi mobil."
cari_bengkel_by_lokasi,"Ada rekomendasi bengkel motor di Samarinda?"
cari_bengkel_by_lokasi,"Di Pontianak ada bengkel yang bisa benerin radiator mobil?"
cari_bengkel_by_lokasi,"Tolong info bengkel di Batam yang bagus untuk servis rutin."
cari_bengkel_by_lokasi,"Ada bengkel di Jakarta Timur yang spesialis transmisi?"
cari_bengkel_by_lokasi,"Cari towing di Solo yang bisa datang cepet malam ini."
cari_bengkel_by_lokasi,"Di Medan Marelan ada bengkel motor yang terpercaya?"
cari_bengkel_by_lokasi,"Ada bengkel di Bekasi Barat yang buka sampai malam?"
cari_bengkel_by_lokasi,"Tolong cari bengkel di Denpasar Utara buat servis karburator."
cari_bengkel_by_lokasi,"Di Surabaya Timur ada towing yang murah nggak?"
cari_bengkel_by_lokasi,"Cari bengkel di Jakarta Pusat yang bisa benerin kaca spion."
cari_bengkel_by_lokasi,"Ada rekomendasi bengkel di Bandung Timur untuk cat mobil?"
cari_bengkel_by_lokasi,"Di Yogyakarta ada bengkel motor yang spesialis mesin 2-tak?"
cari_bengkel_by_lokasi,"Tolong info towing di Semarang yang operasi 24 jam."
cari_bengkel_by_lokasi,"Ada bengkel di Malang yang bagus buat servis rem tromol?"
cari_bengkel_by_lokasi,"Cari bengkel di Depok yang bisa benerin alternator mobil."
cari_bengkel_by_lokasi,"Di Tangerang ada towing yang cepet datang malam ini?"
cari_bengkel_by_lokasi,"Ada bengkel di Palembang yang spesialis mesin diesel?"
cari_bengkel_by_lokasi,"Tolong cari bengkel motor di Bogor Selatan yang recommended."
cari_bengkel_by_lokasi,"Di Pekanbaru ada towing yang buka tengah malam?"
cari_bengkel_by_lokasi,"Cari bengkel di Balikpapan yang bisa servis AC mobil."
cari_bengkel_by_lokasi,"Ada bengkel di Surakarta yang bagus buat ganti ban motor?"
cari_bengkel_by_lokasi,"Di Bandar Lampung ada bengkel yang bisa benerin power steering?"
cari_bengkel_by_lokasi,"Tolong info bengkel di Manado yang buka pagi ini."
cari_bengkel_by_lokasi,"Ada towing di Cirebon yang bisa angkut mobil SUV?"
cari_bengkel_by_lokasi,"Di Kuta Bali ada bengkel motor yang murah dan bagus?"
cari_bengkel_by_lokasi,"Cari bengkel di Padang yang spesialis cat ulang mobil."
cari_bengkel_by_lokasi,"Ada rekomendasi towing di Samarinda yang cepet?"
cari_bengkel_by_lokasi,"Di Pontianak ada bengkel yang bisa benerin lampu mobil?"
cari_bengkel_by_lokasi,"Tolong cari bengkel di Batam untuk servis mesin motor."
cari_bengkel_by_lokasi,"Ada bengkel di Jakarta Selatan yang spesialis kaki-kaki?"
cari_bengkel_by_lokasi,"Cari towing di Solo Baru yang bisa datang sekarang."
cari_bengkel_by_lokasi,"Di Medan Sunggal ada bengkel motor yang buka malam?"
cari_bengkel_by_lokasi,"Ada bengkel di Bekasi Selatan yang bagus buat servis AC?"
cari_bengkel_by_lokasi,"Tolong info bengkel di Denpasar Barat untuk ganti oli."
cari_bengkel_by_lokasi,"Di Surabaya Selatan ada towing yang operasi 24 jam?"
cari_bengkel_by_lokasi,"Cari bengkel di Jakarta Barat yang bisa benerin radiator."
cari_bengkel_by_lokasi,"Ada rekomendasi bengkel di Bandung Selatan untuk transmisi?"
cari_bengkel_by_lokasi,"Di Yogyakarta ada towing yang murah dan cepet?"
cari_bengkel_by_lokasi,"Tolong cari bengkel di Semarang Barat buat servis rem."
cari_bengkel_by_lokasi,"Ada bengkel di Malang yang spesialis mesin bensin?"
cari_bengkel_by_lokasi,"Cari bengkel motor di Depok yang buka pagi ini."
cari_bengkel_by_lokasi,"Di Tangerang ada bengkel yang bagus buat cat mobil?"
cari_bengkel_by_lokasi,"Tolong info towing di Palembang yang bisa datang cepet."
cari_bengkel_by_lokasi,"Ada bengkel di Bogor yang bisa benerin ECU motor?"
cari_bengkel_by_lokasi,"Di Pekanbaru ada bengkel yang spesialis suspensi?"
cari_bengkel_by_lokasi,"Cari towing di Balikpapan yang buka malam ini."
cari_bengkel_by_lokasi,"Ada bengkel di Surakarta yang bisa ganti kampas kopling?"
cari_bengkel_by_lokasi,"Di Bandar Lampung ada bengkel motor yang recommended?"
cari_bengkel_by_lokasi,"Tolong cari bengkel di Manado untuk servis rutin mobil."
cari_bengkel_by_lokasi,"Ada towing di Cirebon yang cepet dan murah?"
cari_bengkel_by_lokasi,"Di Kuta Bali ada bengkel yang bisa benerin ban motor?"
cari_bengkel_by_lokasi,"Cari bengkel di Padang yang bagus buat servis AC mobil."
cari_bengkel_by_lokasi,"Ada rekomendasi bengkel di Samarinda untuk cat ulang?"
cari_bengkel_by_lokasi,"Di Pontianak ada towing yang operasi 24 jam?"
cari_bengkel_by_lokasi,"Tolong info bengkel di Batam yang spesialis mesin diesel."
cari_bengkel_by_lokasi,"Ada bengkel di Jakarta Timur yang buka sampai malam?"
cari_bengkel_by_lokasi,"Cari bengkel motor di Solo yang bisa servis injektor."
cari_bengkel_by_lokasi,"Di Medan Denai ada towing yang bisa datang cepet?"
cari_bengkel_by_lokasi,"Ada bengkel di Bekasi Utara yang bagus buat ganti oli?"
cari_bengkel_by_lokasi,"Tolong cari bengkel di Denpasar Timur untuk rem tromol."
cari_bengkel_by_lokasi,"Di Surabaya Utara ada bengkel yang spesialis kaca mobil?"
cari_bengkel_by_lokasi,"Cari towing di Jakarta Pusat yang murah dan cepet."
cari_bengkel_by_lokasi,"Ada rekomendasi bengkel di Bandung Barat untuk mesin?"
cari_bengkel_by_lokasi,"Di Yogyakarta ada bengkel motor yang buka Minggu?"
cari_bengkel_by_lokasi,"Tolong info bengkel di Semarang Timur untuk servis AC."
cari_bengkel_by_lokasi,"Ada bengkel di Malang yang bisa benerin power window?"
cari_bengkel_by_lokasi,"Cari bengkel di Depok yang spesialis transmisi matic."
cari_bengkel_by_lokasi,"Di Tangerang ada towing yang buka tengah malam?"
cari_bengkel_by_lokasi,"Ada bengkel di Palembang yang bagus buat servis rem?"
cari_bengkel_by_lokasi,"Tolong cari bengkel motor di Bogor Utara yang murah."
cari_bengkel_by_lokasi,"Di Pekanbaru ada bengkel yang bisa benerin lampu mobil?"
cari_bengkel_by_lokasi,"Cari towing di Balikpapan yang cepet respon malam ini."
cari_bengkel_by_lokasi,"Ada bengkel di Surakarta yang spesialis kaki-kaki mobil?"
cari_bengkel_by_lokasi,"Di Bandar Lampung ada bengkel motor yang buka pagi?"
cari_bengkel_by_lokasi,"Tolong info towing di Manado yang murah dan cepet."
cari_bengkel_by_lokasi,"Ada bengkel di Cirebon yang bisa servis mesin diesel?"
cari_bengkel_by_lokasi,"Di Kuta Bali ada bengkel yang bagus buat ganti ban?"
cari_bengkel_by_lokasi,"Cari bengkel di Padang yang spesialis power steering."
cari_bengkel_by_lokasi,"Ada rekomendasi bengkel motor di Samarinda yang bagus?"
cari_bengkel_by_lokasi,"Di Pontianak ada towing yang bisa angkut mobil besar?"
cari_bengkel_by_lokasi,"Tolong cari bengkel di Batam untuk servis rutin motor."
cari_bengkel_by_lokasi,"Ada bengkel di Jakarta Selatan yang bisa benerin radiator?"
cari_bengkel_by_lokasi,"Cari towing di Solo yang operasi 24 jam."
cari_bengkel_by_lokasi,"Di Medan Helvetia ada bengkel yang spesialis AC mobil?"
cari_bengkel_by_lokasi,"Ada bengkel di Bekasi Timur yang buka sampai malam?"
cari_bengkel_by_lokasi,"Tolong info bengkel di Denpasar Selatan untuk ganti oli."
cari_bengkel_by_lokasi,"Di Surabaya Barat ada towing yang cepet datang?"
cari_bengkel_by_lokasi,"Cari bengkel di Jakarta Barat yang bagus buat cat mobil."
cari_bengkel_by_lokasi,"Ada rekomendasi bengkel di Bandung Utara untuk rem?"
cari_bengkel_by_lokasi,"Di Yogyakarta ada bengkel yang spesialis mesin 2-tak?"
cari_bengkel_by_lokasi,"Tolong cari towing di Semarang yang murah malam ini."
cari_bengkel_by_lokasi,"Ada bengkel di Malang yang bisa benerin kaca spion?"
cari_bengkel_by_lokasi,"Cari bengkel motor di Depok yang buka pagi banget."
cari_bengkel_by_lokasi,"Di Tangerang Selatan ada bengkel yang bagus buat transmisi?"
cari_bengkel_by_lokasi,"Tolong info towing di Palembang yang operasi 24 jam."
cari_bengkel_by_lokasi,"Ada bengkel di Bogor yang spesialis ECU mobil?"
cari_bengkel_by_lokasi,"Di Pekanbaru ada bengkel motor yang recommended?"
cari_bengkel_by_lokasi,"Cari towing di Balikpapan yang bisa datang cepet."
cari_bengkel_by_lokasi,"Ada bengkel di Surakarta yang bagus buat servis AC?"
cari_bengkel_by_lokasi,"Di Bandar Lampung ada bengkel yang bisa benerin suspensi?"
cari_bengkel_by_lokasi,"Tolong cari bengkel di Manado untuk ganti ban mobil."
cari_bengkel_by_lokasi,"Ada towing di Cirebon yang murah dan cepet?"
cari_bengkel_by_lokasi,"Di Kuta Bali ada bengkel motor yang spesialis injektor?"
cari_bengkel_by_lokasi,"Cari bengkel di Padang yang bagus buat servis rutin."
cari_bengkel_by_lokasi,"Ada rekomendasi bengkel di Samarinda untuk mesin diesel?"
cari_bengkel_by_lokasi,"Di Pontianak ada bengkel yang bisa benerin power window?"
cari_bengkel_by_lokasi,"Tolong info bengkel di Batam yang buka Minggu pagi."
cari_bengkel_by_lokasi,"Ada bengkel di Jakarta Timur yang spesialis cat mobil?"
cari_bengkel_by_lokasi,"Cari towing di Solo yang bisa angkut mobil SUV."
cari_bengkel_by_lokasi,"Di Medan Amplas ada bengkel motor yang bagus?"
cari_bengkel_by_lokasi,"Ada bengkel di Bekasi Barat yang bisa servis rem tromol?"
cari_bengkel_by_lokasi,"Tolong cari bengkel di Denpasar Utara untuk kaki-kaki."
cari_bengkel_by_lokasi,"Di Surabaya Timur ada towing yang operasi malam ini?"
cari_bengkel_by_lokasi,"Cari bengkel di Jakarta Pusat yang spesialis mesin bensin."
cari_bengkel_by_lokasi,"Ada rekomendasi bengkel di Bandung Selatan untuk oli?"
cari_bengkel_by_lokasi,"Di Yogyakarta ada bengkel motor yang buka malam?"
cari_bengkel_by_lokasi,"Tolong info towing di Semarang yang cepet datang."
cari_bengkel_by_lokasi,"Ada bengkel di Malang yang bisa benerin lampu mobil?"
cari_bengkel_by_lokasi,"Cari bengkel motor di Depok yang spesialis karburator."
cari_bengkel_by_lokasi,"Di Tangerang ada bengkel yang bagus buat servis AC?"
cari_bengkel_by_lokasi,"Tolong cari towing di Palembang yang murah malam ini."
cari_bengkel_by_lokasi,"Ada bengkel di Bogor yang spesialis transmisi matic?"
cari_bengkel_by_lokasi,"Di Pekanbaru ada bengkel motor yang buka pagi ini?"
cari_bengkel_by_lokasi,"Cari towing di Balikpapan yang bisa angkut mobil besar."
cari_bengkel_by_lokasi,"Ada bengkel di Surakarta yang bagus buat ganti ban?"
cari_bengkel_by_lokasi,"Di Bandar Lampung ada bengkel yang bisa benerin radiator?"
cari_bengkel_by_lokasi,"Tolong info bengkel di Manado yang spesialis kaca mobil."
cari_bengkel_by_lokasi,"Ada towing di Cirebon yang cepet respon malam ini?"
cari_bengkel_by_lokasi,"Di Kuta Bali ada bengkel yang bagus buat servis mesin?"
cari_bengkel_by_lokasi,"Cari bengkel di Padang yang spesialis power steering."
cari_bengkel_by_lokasi,"Ada rekomendasi bengkel motor di Samarinda yang murah?"
cari_bengkel_by_lokasi,"Di Pontianak ada bengkel yang bisa benerin suspensi?"
cari_bengkel_by_lokasi,"Tolong cari bengkel di Batam untuk ganti oli mobil."
cari_bengkel_by_lokasi,"Ada bengkel di Jakarta Selatan yang spesialis ECU?"
cari_bengkel_by_lokasi,"Cari towing di Solo yang buka tengah malam."
cari_bengkel_by_lokasi,"Di Medan Sunggal ada bengkel motor yang recommended?"
cari_bengkel_by_lokasi,"Ada bengkel di Bekasi Selatan yang bisa servis cat mobil?"
cari_bengkel_by_lokasi,"Tolong info bengkel di Denpasar Barat untuk rem tromol."
cari_bengkel_by_lokasi,"Di Surabaya Selatan ada towing yang cepet datang?"
cari_bengkel_by_lokasi,"Cari bengkel di Jakarta Barat yang spesialis kaki-kaki."
cari_bengkel_by_lokasi,"Ada rekomendasi bengkel di Bandung Utara untuk AC?"
cari_bengkel_by_lokasi,"Di Yogyakarta ada bengkel motor yang spesialis 2-tak?"
cari_bengkel_by_lokasi,"Tolong cari towing di Semarang yang murah dan cepet."
cari_bengkel_by_lokasi,"Ada bengkel di Malang yang bisa benerin power window?"
cari_bengkel_by_lokasi,"Cari bengkel motor di Depok yang bagus buat injektor."
cari_bengkel_by_lokasi,"Di Tangerang Selatan ada bengkel yang spesialis cat?"
cari_bengkel_by_lokasi,"Tolong info towing di Palembang yang operasi malam."
cari_bengkel_by_lokasi,"Ada bengkel di Bogor yang bisa benerin lampu motor?"
cari_bengkel_by_lokasi,"Di Pekanbaru ada bengkel yang spesialis mesin diesel?"
cari_bengkel_by_lokasi,"Cari towing di Balikpapan yang buka pagi ini."
cari_bengkel_by_lokasi,"Ada bengkel di Surakarta yang bagus buat servis rem?"
cari_bengkel_by_lokasi,"Di Bandar Lampung ada bengkel motor yang buka malam?"
cari_bengkel_by_lokasi,"Tolong cari bengkel di Manado untuk ganti ban mobil."
cari_bengkel_by_lokasi,"Ada towing di Cirebon yang bisa angkut mobil SUV?"
cari_bengkel_by_lokasi,"Di Kuta Bali ada bengkel yang spesialis transmisi?"
cari_bengkel_by_lokasi,"Cari bengkel di Padang yang bagus buat servis rutin."
cari_bengkel_by_lokasi,"Ada rekomendasi bengkel di Samarinda untuk kaca mobil?"
cari_bengkel_by_lokasi,"Di Pontianak ada bengkel motor yang recommended?"
cari_bengkel_by_lokasi,"Tolong info bengkel di Batam yang bisa benerin radiator."
cari_bengkel_by_lokasi,"Ada bengkel di Jakarta Timur yang spesialis AC mobil?"
cari_bengkel_by_lokasi,"Cari towing di Solo yang cepet datang malam ini."
cari_bengkel_by_lokasi,"Di Medan Denai ada bengkel yang bagus buat cat mobil?"
cari_bengkel_by_lokasi,"Ada bengkel di Bekasi Utara yang bisa servis mesin?"
cari_bengkel_by_lokasi,"Tolong cari bengkel di Denpasar Timur untuk ganti oli."
cari_bengkel_by_lokasi,"Di Surabaya Utara ada towing yang murah dan cepet?"
cari_bengkel_by_lokasi,"Cari bengkel di Jakarta Pusat yang spesialis suspensi."
cari_bengkel_by_lokasi,"Ada rekomendasi bengkel di Bandung Barat untuk rem?"
cari_bengkel_by_lokasi,"Di Yogyakarta ada bengkel yang bisa benerin ECU?"
cari_bengkel_by_lokasi,"Tolong info towing di Semarang yang buka 24 jam."
cari_bengkel_by_lokasi,"Ada bengkel di Malang yang spesialis kaki-kaki mobil?"
cari_bengkel_by_lokasi,"Cari bengkel motor di Depok yang buka pagi ini."
cari_bengkel_by_lokasi,"Di Tangerang ada bengkel yang bagus buat power steering?"
cari_bengkel_by_lokasi,"Tolong cari towing di Palembang yang cepet respon."
cari_bengkel_by_lokasi,"Ada bengkel di Bogor yang bisa servis injektor motor?"
cari_bengkel_by_lokasi,"Di Pekanbaru ada bengkel motor yang spesialis 2-tak?"
cari_bengkel_by_lokasi,"Cari towing di Balikpapan yang operasi malam ini."
cari_bengkel_by_lokasi,"Ada bengkel di Surakarta yang bagus buat ganti oli?"
cari_bengkel_by_lokasi,"Di Bandar Lampung ada bengkel yang spesialis AC?"
cari_bengkel_by_lokasi,"Tolong info bengkel di Manado yang bisa benerin ban."
cari_bengkel_by_lokasi,"Ada towing di Cirebon yang murah malam ini?"
cari_bengkel_by_lokasi,"Di Kuta Bali ada bengkel motor yang bagus buat servis?"
cari_bengkel_by_lokasi,"Cari bengkel di Padang yang spesialis cat ulang."
cari_bengkel_by_lokasi,"Ada rekomendasi bengkel di Samarinda untuk transmisi?"
cari_bengkel_by_lokasi,"Di Pontianak ada bengkel yang bisa benerin lampu?"
cari_bengkel_by_lokasi,"Tolong cari bengkel di Batam untuk servis mesin diesel."
cari_bengkel_by_lokasi,"Ada bengkel di Jakarta Selatan yang buka Minggu?"
cari_bengkel_by_lokasi,"Cari towing di Solo yang bisa angkut mobil besar."
cari_bengkel_by_lokasi,"Di Medan Helvetia ada bengkel motor yang bagus?"
cari_bengkel_by_lokasi,"Ada bengkel di Bekasi Selatan yang spesialis rem tromol?"
cari_bengkel_by_lokasi,"Tolong info bengkel di Denpasar Barat untuk kaca mobil."
cari_bengkel_by_lokasi,"Di Surabaya Selatan ada towing yang buka pagi ini?"
cari_bengkel_by_lokasi,"Cari bengkel di Jakarta Barat yang spesialis ECU?"
cari_bengkel_by_lokasi,"Ada rekomendasi bengkel di Bandung Utara untuk cat?"
cari_bengkel_by_lokasi,"Di Yogyakarta ada bengkel yang bagus buat servis AC?"
cari_bengkel_by_lokasi,"Tolong cari towing di Semarang yang cepet datang."
cari_bengkel_by_lokasi,"Ada bengkel di Malang yang bisa benerin power steering?"
cari_bengkel_by_lokasi,"Cari bengkel motor di Depok yang spesialis injektor."
cari_bengkel_by_lokasi,"Di Tangerang Selatan ada bengkel yang bagus buat oli?"
cari_bengkel_by_lokasi,"Tolong info towing di Palembang yang operasi 24 jam."
cari_bengkel_by_lokasi,"Ada bengkel di Bogor yang spesialis kaki-kaki motor?"
cari_bengkel_by_lokasi,"Di Pekanbaru ada bengkel yang bisa servis radiator?"
cari_bengkel_by_lokasi,"Cari towing di Balikpapan yang murah malam ini."
cari_bengkel_by_lokasi,"Ada bengkel di Surakarta yang spesialis mesin bensin?"
cari_bengkel_by_lokasi,"Di Bandar Lampung ada bengkel motor yang buka pagi?"
cari_bengkel_by_lokasi,"Tolong cari bengkel di Manado untuk ganti ban motor."
cari_bengkel_by_lokasi,"Ada towing di Cirebon yang cepet respon pagi ini?"
cari_bengkel_by_lokasi,"Di Kuta Bali ada bengkel yang bagus buat transmisi?"
cari_bengkel_by_lokasi,"Cari bengkel di Padang yang spesialis servis rutin."
cari_bengkel_by_lokasi,"Ada rekomendasi bengkel di Samarinda untuk kaca mobil?"
cari_bengkel_by_lokasi,"Di Pontianak ada bengkel motor yang spesialis 2-tak?"
cari_bengkel_by_lokasi,"Tolong info bengkel di Batam yang bisa benerin AC."
cari_bengkel_by_lokasi,"Ada bengkel di Jakarta Timur yang bagus buat cat mobil?"
cari_bengkel_by_lokasi,"Cari towing di Solo yang operasi malam ini."
cari_bengkel_by_lokasi,"Di Medan Denai ada bengkel yang spesialis rem?"
cari_bengkel_by_lokasi,"Ada bengkel di Bekasi Utara yang bisa servis mesin?"
cari_bengkel_by_lokasi,"Tolong cari bengkel di Denpasar Timur untuk ganti oli."
cari_bengkel_by_lokasi,"Di Surabaya Utara ada towing yang cepet datang?"
cari_bengkel_by_lokasi,"Cari bengkel di Jakarta Pusat yang spesialis suspensi."
cari_bengkel_by_lokasi,"Ada rekomendasi bengkel di Bandung Barat untuk AC?"
cari_bengkel_by_lokasi,"Di Yogyakarta ada bengkel yang bisa benerin ECU?"
cari_bengkel_by_lokasi,"Tolong info towing di Semarang yang murah dan cepet."
cari_bengkel_by_lokasi,"Ada bengkel di Malang yang spesialis kaki-kaki mobil?"
cari_bengkel_by_lokasi,"Cari bengkel motor di Depok yang buka pagi ini."
cari_bengkel_by_lokasi,"Di Tangerang ada bengkel yang bagus buat power steering?"
cari_bengkel_by_lokasi,"Tolong cari towing di Palembang yang cepet respon."
cari_bengkel_by_lokasi,"Ada bengkel di Bogor yang bisa servis injektor motor?"
cari_bengkel_by_lokasi,"Di Pekanbaru ada bengkel motor yang spesialis 2-tak?"
cari_bengkel_by_lokasi,"Cari towing di Balikpapan yang operasi malam ini."
cari_bengkel_by_lokasi,"Ada bengkel di Surakarta yang bagus buat ganti oli?"
cari_bengkel_by_lokasi,"Di Bandar Lampung ada bengkel yang spesialis AC?"
cari_bengkel_by_lokasi,"Tolong info bengkel di Manado yang bisa benerin ban."
cari_bengkel_by_lokasi,"Ada towing di Cirebon yang murah malam ini?"
cari_bengkel_by_lokasi,"Di Kuta Bali ada bengkel motor yang bagus buat servis?"
cari_bengkel_by_lokasi,"Cari bengkel di Padang yang spesialis cat ulang."
cari_bengkel_by_lokasi,"Ada rekomendasi bengkel di Samarinda untuk transmisi?"
cari_bengkel_by_lokasi,"Di Pontianak ada bengkel yang bisa benerin lampu?"
cari_bengkel_by_lokasi,"Tolong cari bengkel di Batam untuk servis mesin diesel."
cari_bengkel_by_lokasi,"Ada bengkel di Jakarta Selatan yang buka Minggu?"
cari_bengkel_by_lokasi,"Cari towing di Solo yang bisa angkut mobil besar."
cari_bengkel_by_lokasi,"Di Medan Helvetia ada bengkel motor yang bagus?"
cari_bengkel_by_lokasi,"Ada bengkel di Bekasi Selatan yang spesialis rem tromol?"
cari_bengkel_by_lokasi,"Tolong info bengkel di Denpasar Barat untuk kaca mobil."
cari_bengkel_by_lokasi,"Di Surabaya Selatan ada towing yang buka pagi ini?"
cari_bengkel_by_lokasi,"Cari bengkel di Jakarta Barat yang spesialis ECU?"
cari_bengkel_by_lokasi,"Ada rekomendasi bengkel di Bandung Utara untuk cat?"
cari_bengkel_by_lokasi,"Di Yogyakarta ada bengkel yang bagus buat servis AC?"
cari_bengkel_by_lokasi,"Tolong cari towing di Semarang yang cepet datang."
cari_bengkel_by_lokasi,"Ada bengkel di Malang yang bisa benerin power steering?"
cari_bengkel_by_lokasi,"Cari bengkel motor di Depok yang spesialis injektor."
cari_bengkel_by_lokasi,"Di Tangerang Selatan ada bengkel yang bagus buat oli?"
cari_bengkel_by_lokasi,"Tolong info towing di Palembang yang operasi 24 jam."
cari_bengkel_by_lokasi,"Ada bengkel di Bogor yang spesialis kaki-kaki motor?"
cari_bengkel_by_lokasi,"Di Pekanbaru ada bengkel yang bisa servis radiator?"
cari_bengkel_by_lokasi,"Cari towing di Balikpapan yang murah malam ini."
cari_bengkel_by_lokasi,"Ada bengkel di Surakarta yang spesialis mesin bensin?"
cari_bengkel_by_lokasi,"Di Bandar Lampung ada bengkel motor yang buka pagi?"
cari_bengkel_by_lokasi,"Tolong cari bengkel di Manado untuk ganti ban motor."
cari_bengkel_by_lokasi,"Ada towing di Cirebon yang cepet respon pagi ini?"
cari_bengkel_by_lokasi,"Di Kuta Bali ada bengkel yang bagus buat transmisi?"
cari_bengkel_by_lokasi,"Cari bengkel di Padang yang spesialis servis rutin."
cari_bengkel_by_lokasi,"Ada rekomendasi bengkel di Samarinda untuk kaca mobil?"
cari_bengkel_by_lokasi,"Di Pontianak ada bengkel motor yang spesialis 2-tak?"
cari_bengkel_by_lokasi,"Tolong info bengkel di Batam yang bisa benerin AC."
cari_bengkel_by_lokasi,"Ada bengkel di Jakarta Timur yang bagus buat cat mobil?"
cari_bengkel_by_lokasi,"Cari towing di Solo yang operasi malam ini."
cari_bengkel_by_lokasi,"Di Medan Denai ada bengkel yang spesialis rem?"
cari_bengkel_by_lokasi,"Ada bengkel di Bekasi Utara yang bisa servis mesin?"
cari_bengkel_by_lokasi,"Tolong cari bengkel di Denpasar Timur untuk ganti oli."
cari_bengkel_by_lokasi,"Di Surabaya Utara ada towing yang cepet datang?"
cari_bengkel_by_lokasi,"Cari bengkel di Jakarta Pusat yang spesialis suspensi."
cari_bengkel_by_lokasi,"Ada rekomendasi bengkel di Bandung Barat untuk AC?"
cari_bengkel_by_lokasi,"Di Yogyakarta ada bengkel yang bisa benerin ECU?"
cari_bengkel_by_lokasi,"Tolong info towing di Semarang yang murah dan cepet."
cari_bengkel_by_lokasi,"Ada bengkel di Malang yang spesialis kaki-kaki mobil?"
cari_bengkel_by_lokasi,"Cari bengkel motor di Depok yang buka pagi ini."
cari_bengkel_by_lokasi,"Di Tangerang ada bengkel yang bagus buat power steering?"
cari_bengkel_by_lokasi,"Tolong cari towing di Palembang yang cepet respon."
cari_bengkel_by_lokasi,"Ada bengkel di Bogor yang bisa servis injektor motor?"
cari_bengkel_by_lokasi,"Di Pekanbaru ada bengkel motor yang spesialis 2-tak?"
cari_bengkel_by_lokasi,"Cari towing di Balikpapan yang operasi malam ini."
cari_bengkel_by_lokasi,"Ada bengkel di Surakarta yang bagus buat ganti oli?"
cari_bengkel_by_lokasi,"Di Bandar Lampung ada bengkel yang spesialis AC?"
cari_bengkel_by_lokasi,"Tolong info bengkel di Manado yang bisa benerin ban."
cari_bengkel_by_lokasi,"Ada towing di Cirebon yang murah malam ini?"
cari_bengkel_by_lokasi,"Di Kuta Bali ada bengkel motor yang bagus buat servis?"
cari_bengkel_by_lokasi,"Cari bengkel di Padang yang spesialis cat ulang."
cari_bengkel_by_lokasi,"Ada rekomendasi bengkel di Samarinda untuk transmisi?"
cari_bengkel_by_lokasi,"Di Pontianak ada bengkel yang bisa benerin lampu?"
cari_bengkel_by_lokasi,"Tolong cari bengkel di Batam untuk servis mesin diesel."
cari_bengkel_by_lokasi,"Ada bengkel di Jakarta Selatan yang buka Minggu?"
cari_bengkel_by_lokasi,"Cari towing di Solo yang bisa angkut mobil besar."
cari_bengkel_by_lokasi,"Di Medan Helvetia ada bengkel motor yang bagus?"
cari_bengkel_by_lokasi,"Ada bengkel di Bekasi Selatan yang spesialis rem tromol?"
cari_bengkel_by_lokasi,"Tolong info bengkel di Denpasar Barat untuk kaca mobil."
cari_bengkel_by_lokasi,"Di Surabaya Selatan ada towing yang buka pagi ini?"
cari_bengkel_by_lokasi,"Cari bengkel di Jakarta Barat yang spesialis ECU?"
cari_bengkel_by_lokasi,"Ada rekomendasi bengkel di Bandung Utara untuk cat?"
cari_bengkel_by_lokasi,"Di Yogyakarta ada bengkel yang bagus buat servis AC?"
cari_bengkel_by_lokasi,"Tolong cari towing di Semarang yang cepet datang."
cari_bengkel_by_lokasi,"Ada bengkel di Malang yang bisa benerin power steering?"
cari_bengkel_by_lokasi,"Cari bengkel motor di Depok yang spesialis injektor."
cari_bengkel_by_lokasi,"Di Tangerang Selatan ada bengkel yang bagus buat oli?"
cari_bengkel_by_lokasi,"Tolong info towing di Palembang yang operasi 24 jam."
cari_bengkel_by_lokasi,"Ada bengkel di Bogor yang spesialis kaki-kaki motor?"
cari_bengkel_by_lokasi,"Di Pekanbaru ada bengkel yang bisa servis radiator?"
cari_bengkel_by_lokasi,"Cari towing di Balikpapan yang murah malam ini."
cari_bengkel_by_lokasi,"Ada bengkel di Surakarta yang spesialis mesin bensin?"
cari_bengkel_by_lokasi,"Di Bandar Lampung ada bengkel motor yang buka pagi?"
cari_bengkel_by_lokasi,"Tolong cari bengkel di Manado untuk ganti ban motor."
cari_bengkel_by_lokasi,"Ada towing di Cirebon yang cepet respon pagi ini?"
cari_bengkel_by_lokasi,"Di Kuta Bali ada bengkel yang bagus buat transmisi?"
cari_bengkel_by_lokasi,"Cari bengkel di Padang yang spesialis servis rutin."
cari_bengkel_by_lokasi,"Ada rekomendasi bengkel di Samarinda untuk kaca mobil?"
cari_bengkel_by_lokasi,"Di Pontianak ada bengkel motor yang spesialis 2-tak?"
cari_bengkel_by_lokasi,"Tolong info bengkel di Batam yang bisa benerin AC."
cari_bengkel_by_lokasi,"Ada bengkel di Jakarta Timur yang bagus buat cat mobil?"
cari_bengkel_by_lokasi,"Cari towing di Solo yang operasi malam ini."
cari_bengkel_by_lokasi,"Di Medan Denai ada bengkel yang spesialis rem?"
cari_bengkel_by_lokasi,"Ada bengkel di Bekasi Utara yang bisa servis mesin?"
cari_bengkel_by_lokasi,"Tolong cari bengkel di Denpasar Timur untuk ganti oli."
cari_bengkel_by_lokasi,"Di Surabaya Utara ada towing yang cepet datang?"
cari_bengkel_by_lokasi,"Cari bengkel di Jakarta Pusat yang spesialis suspensi."
cari_bengkel_by_lokasi,"Ada rekomendasi bengkel di Bandung Barat untuk AC?"
cari_bengkel_by_lokasi,"Di Yogyakarta ada bengkel yang bisa benerin ECU?"
cari_bengkel_by_lokasi,"Tolong info towing di Semarang yang murah dan cepet."
cari_bengkel_by_lokasi,"Ada bengkel di Malang yang spesialis kaki-kaki mobil?"
cari_bengkel_by_lokasi,"Cari bengkel motor di Depok yang buka pagi ini."
cari_bengkel_by_lokasi,"Di Tangerang ada bengkel yang bagus buat power steering?"
cari_bengkel_by_lokasi,"Tolong cari towing di Palembang yang cepet respon."
cari_bengkel_by_lokasi,"Ada bengkel di Bogor yang bisa servis injektor motor?"
cari_bengkel_by_lokasi,"Di Pekanbaru ada bengkel motor yang spesialis 2-tak?"
cari_bengkel_by_lokasi,"Cari towing di Balikpapan yang operasi malam ini."
cari_bengkel_by_lokasi,"Ada bengkel di Surakarta yang bagus buat ganti oli?"
cari_bengkel_by_lokasi,"Di Bandar Lampung ada bengkel yang spesialis AC?"
cari_bengkel_by_lokasi,"Tolong info bengkel di Manado yang bisa benerin ban."
cari_bengkel_by_lokasi,"Ada towing di Cirebon yang murah malam ini?"
cari_bengkel_by_lokasi,"Di Kuta Bali ada bengkel motor yang bagus buat servis?"
cari_bengkel_by_lokasi,"Cari bengkel di Padang yang spesialis cat ulang."
cari_bengkel_by_lokasi,"Ada rekomendasi bengkel di Samarinda untuk transmisi?"
cari_bengkel_by_lokasi,"Di Pontianak ada bengkel yang bisa benerin lampu?"
cari_bengkel_by_lokasi,"Tolong cari bengkel di Batam untuk servis mesin diesel."
cari_bengkel_by_lokasi,"Ada bengkel di Jakarta Selatan yang buka Minggu?"
cari_bengkel_by_lokasi,"Cari towing di Solo yang bisa angkut mobil besar."
cari_bengkel_by_lokasi,"Di Medan Helvetia ada bengkel motor yang bagus?"
cari_bengkel_by_lokasi,"Ada bengkel di Bekasi Selatan yang spesialis rem tromol?"
cari_bengkel_by_lokasi,"Tolong info bengkel di Denpasar Barat untuk kaca mobil."
cari_bengkel_by_lokasi,"Di Surabaya Selatan ada towing yang buka pagi ini?"
cari_bengkel_by_lokasi,"Cari bengkel di Jakarta Barat yang spesialis ECU?"
cari_bengkel_by_lokasi,"Ada rekomendasi bengkel di Bandung Utara untuk cat?"
cari_bengkel_by_lokasi,"Di Yogyakarta ada bengkel yang bagus buat servis AC?"
cari_bengkel_by_lokasi,"Tolong cari towing di Semarang yang cepet datang."
cari_bengkel_by_lokasi,"Ada bengkel di Malang yang bisa benerin power steering?"
cari_bengkel_by_lokasi,"Cari bengkel motor di Depok yang spesialis injektor."
cari_bengkel_by_lokasi,"Di Tangerang Selatan ada bengkel yang bagus buat oli?"
cari_bengkel_by_lokasi,"Tolong info towing di Palembang yang operasi 24 jam."
cari_bengkel_by_lokasi,"Ada bengkel di Bogor yang spesialis kaki-kaki motor?"
cari_bengkel_by_lokasi,"Di Pekanbaru ada bengkel yang bisa servis radiator?"
cari_bengkel_by_lokasi,"Cari towing di Balikpapan yang murah malam ini."
cari_bengkel_by_lokasi,"Ada bengkel di Surakarta yang spesialis mesin bensin?"
cari_bengkel_by_lokasi,"Di Bandar Lampung ada bengkel motor yang buka pagi?"
cari_bengkel_by_lokasi,"Tolong cari bengkel di Manado untuk ganti ban motor."
cari_bengkel_by_lokasi,"Ada towing di Cirebon yang cepet respon pagi ini?"
cari_bengkel_by_lokasi,"Di Kuta Bali ada bengkel yang bagus buat transmisi?"
cari_bengkel_by_lokasi,"Cari bengkel di Padang yang spesialis servis rutin."
cari_bengkel_by_lokasi,"Ada rekomendasi bengkel di Samarinda untuk kaca mobil?"
cari_bengkel_by_lokasi,"Di Pontianak ada bengkel motor yang spesialis 2-tak?"
cari_bengkel_by_lokasi,"Tolong info bengkel di Batam yang bisa benerin AC."
cari_bengkel_by_lokasi,"Ada bengkel di Jakarta Timur yang bagus buat cat mobil?"
cari_bengkel_by_lokasi,"Cari towing di Solo yang operasi malam ini."
cari_bengkel_by_lokasi,"Di Medan Denai ada bengkel yang spesialis rem?"
cari_bengkel_by_lokasi,"Ada bengkel di Bekasi Utara yang bisa servis mesin?"
cari_bengkel_by_lokasi,"Tolong cari bengkel di Denpasar Timur untuk ganti oli."
cari_bengkel_by_lokasi,"Di Surabaya Utara ada towing yang cepet datang?"
cari_bengkel_by_lokasi,"Cari bengkel di Jakarta Pusat yang spesialis suspensi."
cari_bengkel_by_lokasi,"Ada rekomendasi bengkel di Bandung Barat untuk AC?"
cari_bengkel_by_lokasi,"Di Yogyakarta ada bengkel yang bisa benerin ECU?"
cari_bengkel_by_lokasi,"Tolong info towing di Semarang yang murah dan cepet."
cari_bengkel_by_lokasi,"Ada bengkel di Malang yang spesialis kaki-kaki mobil?"
cari_bengkel_by_lokasi,"Cari bengkel motor di Depok yang buka pagi ini."
cari_bengkel_by_lokasi,"Di Tangerang ada bengkel yang bagus buat power steering?"
cari_bengkel_by_lokasi,"Tolong cari towing di Palembang yang cepet respon."
cari_bengkel_by_lokasi,"Ada bengkel di Bogor yang bisa servis injektor motor?"
cari_bengkel_by_lokasi,"Di Pekanbaru ada bengkel motor yang spesialis 2-tak?"
cari_bengkel_by_lokasi,"Cari towing di Balikpapan yang operasi malam ini."
cari_bengkel_by_lokasi,"Ada bengkel di Surakarta yang bagus buat ganti oli?"
cari_bengkel_by_lokasi,"Di Bandar Lampung ada bengkel yang spesialis AC?"
cari_bengkel_by_lokasi,"Tolong info bengkel di Manado yang bisa benerin ban."
cari_bengkel_by_lokasi,"Ada towing di Cirebon yang murah malam ini?"
cari_bengkel_by_lokasi,"Di Kuta Bali ada bengkel motor yang bagus buat servis?"
cari_bengkel_by_lokasi,"Cari bengkel di Padang yang spesialis cat ulang."
cari_bengkel_by_lokasi,"Ada rekomendasi bengkel di Samarinda untuk transmisi?"
cari_bengkel_by_lokasi,"Di Pontianak ada bengkel yang bisa benerin lampu?"
cari_bengkel_by_lokasi,"Tolong cari bengkel di Batam untuk servis mesin diesel."
cari_bengkel_by_lokasi,"Ada bengkel di Jakarta Selatan yang buka Minggu?"
cari_bengkel_by_lokasi,"Cari towing di Solo yang bisa angkut mobil besar."
cari_bengkel_by_lokasi,"Di Medan Helvetia ada bengkel motor yang bagus?"
cari_bengkel_by_lokasi,"Ada bengkel di Bekasi Selatan yang spesialis rem tromol?"
cari_bengkel_by_lokasi,"Tolong info bengkel di Denpasar Barat untuk kaca mobil."
cari_bengkel_by_lokasi,"Di Surabaya Selatan ada towing yang buka pagi ini?"
cari_bengkel_by_lokasi,"Cari bengkel di Jakarta Barat yang spesialis ECU?"
cari_bengkel_by_lokasi,"Ada rekomendasi bengkel di Bandung Utara untuk cat?"
cari_bengkel_by_lokasi,"Di Yogyakarta ada bengkel yang bagus buat servis AC?"
cari_bengkel_by_lokasi,"Tolong cari towing di Semarang yang cepet datang."
cari_bengkel_by_lokasi,"Ada bengkel di Malang yang bisa benerin power steering?"
cari_bengkel_by_lokasi,"Cari bengkel motor di Depok yang spesialis injektor."
cari_bengkel_by_lokasi,"Di Tangerang Selatan ada bengkel yang bagus buat oli?"
cari_bengkel_by_lokasi,"Tolong info towing di Palembang yang operasi 24 jam."
cari_bengkel_by_lokasi,"Ada bengkel di Bogor yang spesialis kaki-kaki motor?"
cari_bengkel_by_lokasi,"Di Pekanbaru ada bengkel yang bisa servis radiator?"
cari_bengkel_by_lokasi,"Cari towing di Balikpapan yang murah malam ini."
cari_bengkel_by_lokasi,"Ada bengkel di Surakarta yang spesialis mesin bensin?"
cari_bengkel_by_lokasi,"Di Bandar Lampung ada bengkel motor yang buka pagi?"
cari_bengkel_by_lokasi,"Tolong cari bengkel di Manado untuk ganti ban motor."
cari_bengkel_by_lokasi,"Ada towing di Cirebon yang cepet respon pagi ini?"
cari_bengkel_by_lokasi,"Di Kuta Bali ada bengkel yang bagus buat transmisi?"
cari_bengkel_by_lokasi,"Cari bengkel di Padang yang spesialis servis rutin."
cari_bengkel_by_lokasi,"Ada rekomendasi bengkel di Samarinda untuk kaca mobil?"
cari_bengkel_by_lokasi,"Di Pontianak ada bengkel motor yang spesialis 2-tak?"
cari_bengkel_by_lokasi,"Tolong info bengkel di Batam yang bisa benerin AC."
cari_bengkel_by_lokasi,"Ada bengkel di Jakarta Timur yang bagus buat cat mobil?"
cari_bengkel_by_lokasi,"Cari towing di Solo yang operasi malam ini."
cari_bengkel_by_lokasi,"Di Medan Denai ada bengkel yang spesialis rem?"
cari_bengkel_by_lokasi,"Ada bengkel di Bekasi Utara yang bisa servis mesin?"
cari_bengkel_by_lokasi,"Tolong cari bengkel di Denpasar Timur untuk ganti oli."
cari_bengkel_by_lokasi,"Di Surabaya Utara ada towing yang cepet datang?"
cari_bengkel_by_lokasi,"Cari bengkel di Jakarta Pusat yang spesialis suspensi."
cari_bengkel_by_lokasi,"Ada rekomendasi bengkel di Bandung Barat untuk AC?"
cari_bengkel_by_lokasi,"Di Yogyakarta ada bengkel yang bisa benerin ECU?"
cari_bengkel_by_lokasi,"Tolong info towing di Semarang yang murah dan cepet."
cari_bengkel_by_lokasi,"Ada bengkel di Malang yang spesialis kaki-kaki mobil?"
cari_bengkel_by_lokasi,"Cari bengkel motor di Depok yang buka pagi ini."
cari_bengkel_by_lokasi,"Di Tangerang ada bengkel yang bagus buat power steering?"
cari_bengkel_by_lokasi,"Tolong cari towing di Palembang yang cepet respon."
cari_bengkel_by_lokasi,"Ada bengkel di Bogor yang bisa servis injektor motor?"
cari_bengkel_by_lokasi,"Di Pekanbaru ada bengkel motor yang spesialis 2-tak?"
cari_bengkel_by_lokasi,"Cari towing di Balikpapan yang operasi malam ini."
cari_bengkel_by_lokasi,"Ada bengkel di Surakarta yang bagus buat ganti oli?"
cari_bengkel_by_lokasi,"Di Bandar Lampung ada bengkel yang spesialis AC?"
cari_bengkel_by_lokasi,"Tolong info bengkel di Manado yang bisa benerin ban."
cari_bengkel_by_lokasi,"Ada towing di Cirebon yang murah malam ini?"
cari_bengkel_by_lokasi,"Di Kuta Bali ada bengkel motor yang bagus buat servis?"
cari_bengkel_by_lokasi,"Cari bengkel di Padang yang spesialis cat ulang."
cari_bengkel_by_lokasi,"Ada rekomendasi bengkel di Samarinda untuk transmisi?"
cari_bengkel_by_lokasi,"Di Pontianak ada bengkel yang bisa benerin lampu?"
cari_bengkel_by_lokasi,"Tolong cari bengkel di Batam untuk servis mesin diesel."
cari_bengkel_by_lokasi,"Ada bengkel di Jakarta Selatan yang buka Minggu?"
cari_bengkel_by_lokasi,"Cari towing di Solo yang bisa angkut mobil besar."
cari_bengkel_by_lokasi,"Di Medan Helvetia ada bengkel motor yang bagus?"
cari_bengkel_by_lokasi,"Ada bengkel di Bekasi Selatan yang spesialis rem tromol?"
cari_bengkel_by_lokasi,"Tolong info bengkel di Denpasar Barat untuk kaca mobil."
cari_bengkel_by_lokasi,"Di Surabaya Selatan ada towing yang buka pagi ini?"
cari_bengkel_by_lokasi,"Cari bengkel di Jakarta Barat yang spesialis ECU?"
cari_bengkel_by_lokasi,"Ada rekomendasi bengkel di Bandung Utara untuk cat?"
cari_bengkel_by_lokasi,"Di Yogyakarta ada bengkel yang bagus buat servis AC?"
cari_bengkel_by_lokasi,"Tolong cari towing di Semarang yang cepet datang."
cari_bengkel_by_lokasi,"Ada bengkel di Malang yang bisa benerin power steering?"
cari_bengkel_by_lokasi,"Cari bengkel motor di Depok yang spesialis injektor."
cari_bengkel_by_lokasi,"Di Tangerang Selatan ada bengkel yang bagus buat oli?"
cari_bengkel_by_lokasi,"Tolong info towing di Palembang yang operasi 24 jam."
cari_bengkel_by_lokasi,"Ada bengkel di Bogor yang spesialis kaki-kaki motor?"
cari_bengkel_by_lokasi,"Di Pekanbaru ada bengkel yang bisa servis radiator?"
cari_bengkel_by_lokasi,"Cari towing di Balikpapan yang murah malam ini."
cari_bengkel_by_lokasi,"Ada bengkel di Surakarta yang spesialis mesin bensin?"
cari_bengkel_by_lokasi,"Di Bandar Lampung ada bengkel motor yang buka pagi?"
cari_bengkel_by_lokasi,"Tolong cari bengkel di Manado untuk ganti ban motor."
cari_bengkel_by_lokasi,"Ada towing di Cirebon yang cepet respon pagi ini?"
cari_bengkel_by_lokasi,"Di Kuta Bali ada bengkel yang bagus buat transmisi?"
cari_bengkel_by_lokasi,"Cari bengkel di Padang yang spesialis servis rutin."
cari_bengkel_by_lokasi,"Ada rekomendasi bengkel di Samarinda untuk kaca mobil?"
cari_bengkel_by_lokasi,"Di Pontianak ada bengkel motor yang spesialis 2-tak?"
cari_bengkel_by_lokasi,"Tolong info bengkel di Batam yang bisa benerin AC."
cari_bengkel_by_lokasi,"Ada bengkel di Jakarta Timur yang bagus buat cat mobil?"
cari_bengkel_by_lokasi,"Cari towing di Solo yang operasi malam ini."
cari_bengkel_by_lokasi,"Di Medan Denai ada bengkel yang spesialis rem?"
cari_bengkel_by_lokasi,"Ada bengkel di Bekasi Utara yang bisa servis mesin?"
cari_bengkel_by_lokasi,"Tolong cari bengkel di Denpasar Timur untuk ganti oli."
cari_bengkel_by_lokasi,"Di Surabaya Utara ada towing yang cepet datang?"
cari_bengkel_by_lokasi,"Cari bengkel di Jakarta Pusat yang spesialis suspensi."
cari_bengkel_by_lokasi,"Ada rekomendasi bengkel di Bandung Barat untuk AC?"
cari_bengkel_by_lokasi,"Di Yogyakarta ada bengkel yang bisa benerin ECU?"
cari_bengkel_by_lokasi,"Tolong info towing di Semarang yang murah dan cepet."
cari_bengkel_by_lokasi,"Ada bengkel di Malang yang spesialis kaki-kaki mobil?"
cari_bengkel_by_lokasi,"Cari bengkel motor di Depok yang buka pagi ini."
cari_bengkel_by_lokasi,"Di Tangerang ada bengkel yang bagus buat power steering?"
cari_bengkel_by_lokasi,"Tolong cari towing di Palembang yang cepet respon."
cari_bengkel_by_lokasi,"Ada bengkel di Bogor yang bisa servis injektor motor?"
cari_bengkel_by_lokasi,"Di Pekanbaru ada bengkel motor yang spesialis 2-tak?"
cari_bengkel_by_lokasi,"Cari towing di Balikpapan yang operasi malam ini."
cari_bengkel_by_lokasi,"Ada bengkel di Surakarta yang bagus buat ganti oli?"
cari_bengkel_by_lokasi,"Di Bandar Lampung ada bengkel yang spesialis AC?"
cari_bengkel_by_lokasi,"Tolong info bengkel di Manado yang bisa benerin ban."
cari_bengkel_by_lokasi,"Ada towing di Cirebon yang murah malam ini?"
cari_bengkel_by_lokasi,"Di Kuta Bali ada bengkel motor yang bagus buat servis?"
cari_bengkel_by_lokasi,"Cari bengkel di Padang yang spesialis cat ulang."
cari_bengkel_by_lokasi,"Ada rekomendasi bengkel di Samarinda untuk transmisi?"
cari_bengkel_by_lokasi,"Di Pontianak ada bengkel yang bisa benerin lampu?"
cari_bengkel_by_lokasi,"Tolong cari bengkel di Batam untuk servis mesin diesel."
cari_bengkel_by_lokasi,"Ada bengkel di Jakarta Selatan yang buka Minggu?"
cari_bengkel_by_lokasi,"Cari towing di Solo yang bisa angkut mobil besar."
cari_bengkel_by_lokasi,"Di Medan Helvetia ada bengkel motor yang bagus?"
cari_bengkel_by_lokasi,"Ada bengkel di Bekasi Selatan yang spesialis rem tromol?"
cari_bengkel_by_lokasi,"Tolong info bengkel di Denpasar Barat untuk kaca mobil."
cari_bengkel_by_lokasi,"Di Surabaya Selatan ada towing yang buka pagi ini?"
cari_bengkel_by_lokasi,"Cari bengkel di Jakarta Barat yang spesialis ECU?"
cari_bengkel_by_lokasi,"Ada rekomendasi bengkel di Bandung Utara untuk cat?"
cari_bengkel_by_lokasi,"Di Yogyakarta ada bengkel yang bagus buat servis AC?"
cari_bengkel_by_lokasi,"Tolong cari towing di Semarang yang cepet datang."
cari_bengkel_by_lokasi,"Ada bengkel di Malang yang bisa benerin power steering?"
cari_bengkel_by_lokasi,"Cari bengkel motor di Depok yang spesialis injektor."
cari_bengkel_by_lokasi,"Di Tangerang Selatan ada bengkel yang bagus buat oli?"
cari_bengkel_by_lokasi,"Tolong info towing di Palembang yang operasi 24 jam."
cari_bengkel_by_lokasi,"Ada bengkel di Bogor yang spesialis kaki-kaki motor?"
cari_bengkel_by_lokasi,"Di Pekanbaru ada bengkel yang bisa servis radiator?"
cari_bengkel_by_lokasi,"Cari towing di Balikpapan yang murah malam ini."
cari_bengkel_by_lokasi,"Ada bengkel di Surakarta yang spesialis mesin bensin?"
cari_bengkel_by_lokasi,"Di Bandar Lampung ada bengkel motor yang buka pagi?"
cari_bengkel_by_lokasi,"Tolong cari bengkel di Manado untuk ganti ban motor."
cari_bengkel_by_lokasi,"Ada towing di Cirebon yang cepet respon pagi ini?"
cari_bengkel_by_lokasi,"Di Kuta Bali ada bengkel yang bagus buat transmisi?"
cari_bengkel_by_lokasi,"Cari bengkel di Padang yang spesialis servis rutin."
cari_bengkel_by_lokasi,"Ada rekomendasi bengkel di Samarinda untuk kaca mobil?"
cari_bengkel_by_lokasi,"Di Pontianak ada bengkel motor yang spesialis 2-tak?"
cari_bengkel_by_lokasi,"Tolong info bengkel di Batam yang bisa benerin AC."
cari_bengkel_by_lokasi,"Ada bengkel di Jakarta Timur yang bagus buat cat mobil?"
cari_bengkel_by_lokasi,"Cari towing di Solo yang operasi malam ini."
cari_bengkel_by_lokasi,"Di Medan Denai ada bengkel yang spesialis rem?"
cari_bengkel_by_lokasi,"Ada bengkel di Bekasi Utara yang bisa servis mesin?"
cari_bengkel_by_lokasi,"Tolong cari bengkel di Denpasar Timur untuk ganti oli."
cari_bengkel_by_lokasi,"Di Surabaya Utara ada towing yang cepet datang?"
cari_bengkel_by_lokasi,"Cari bengkel di Jakarta Pusat yang spesialis suspensi."
cari_bengkel_by_lokasi,"Ada rekomendasi bengkel di Bandung Barat untuk AC?"
cari_bengkel_by_lokasi,"Di Yogyakarta ada bengkel yang bisa benerin ECU?"
cari_bengkel_by_lokasi,"Tolong info towing di Semarang yang murah dan cepet."
cari_bengkel_by_lokasi,"Ada bengkel di Malang yang spesialis kaki-kaki mobil?"
cari_bengkel_by_lokasi,"Cari bengkel motor di Depok yang buka pagi ini."
cari_bengkel_by_lokasi,"Di Tangerang ada bengkel yang bagus buat power steering?"
cari_bengkel_by_lokasi,"Tolong cari towing di Palembang yang cepet respon."
cari_bengkel_by_lokasi,"Ada bengkel di Bogor yang bisa servis injektor motor?"
cari_bengkel_by_lokasi,"Di Pekanbaru ada bengkel motor yang spesialis 2-tak?"
cari_bengkel_by_lokasi,"Cari towing di Balikpapan yang operasi malam ini."
cari_bengkel_by_lokasi,"Ada bengkel di Surakarta yang bagus buat ganti oli?"
cari_bengkel_by_lokasi,"Di Bandar Lampung ada bengkel yang spesialis AC?"
cari_bengkel_by_lokasi,"Tolong info bengkel di Manado yang bisa benerin ban."
cari_bengkel_by_lokasi,"Ada towing di Cirebon yang murah malam ini?"
cari_bengkel_by_lokasi,"Di Kuta Bali ada bengkel motor yang bagus buat servis?"
cari_bengkel_by_lokasi,"Cari bengkel di Padang yang spesialis cat ulang."
cari_bengkel_by_lokasi,"Ada rekomendasi bengkel di Samarinda untuk transmisi?"
cari_bengkel_by_lokasi,"Di Pontianak ada bengkel yang bisa benerin lampu?"
cari_bengkel_by_lokasi,"Tolong cari bengkel di Batam untuk servis mesin diesel."
cari_bengkel_by_lokasi,"Ada bengkel di Jakarta Selatan yang buka Minggu?"
cari_bengkel_by_lokasi,"Cari towing di Solo yang bisa angkut mobil besar."
cari_bengkel_by_lokasi,"Di Medan Helvetia ada bengkel motor yang bagus?"
cari_bengkel_by_lokasi,"Ada bengkel di Bekasi Selatan yang spesialis rem tromol?"
cari_bengkel_by_lokasi,"Tolong info bengkel di Denpasar Barat untuk kaca mobil."
cari_bengkel_by_lokasi,"Di Surabaya Selatan ada towing yang buka pagi ini?"
cari_bengkel_by_lokasi,"Cari bengkel di Jakarta Barat yang spesialis ECU?"
cari_bengkel_by_lokasi,"Ada rekomendasi bengkel di Bandung Utara untuk cat?"
cari_bengkel_by_lokasi,"Di Yogyakarta ada bengkel yang bagus buat servis AC?"
cari_bengkel_by_lokasi,"Tolong cari towing di Semarang yang cepet datang."
cari_bengkel_by_lokasi,"Ada bengkel di Malang yang bisa benerin power steering?"
cari_bengkel_by_lokasi,"Cari bengkel motor di Depok yang spesialis injektor."
cari_bengkel_by_lokasi,"Di Tangerang Selatan ada bengkel yang bagus buat oli?"
cari_bengkel_by_lokasi,"Tolong info towing di Palembang yang operasi 24 jam."
cari_bengkel_by_lokasi,"Ada bengkel di Bogor yang spesialis kaki-kaki motor?"
cari_bengkel_by_lokasi,"Di Pekanbaru ada bengkel yang bisa servis radiator?"
cari_bengkel_by_lokasi,"Cari towing di Balikpapan yang murah malam ini."
cari_bengkel_by_lokasi,"Ada bengkel di Surakarta yang spesialis mesin bensin?"
cari_bengkel_by_lokasi,"Di Bandar Lampung ada bengkel motor yang buka pagi?"
cari_bengkel_by_lokasi,"Tolong cari bengkel di Manado untuk ganti ban motor."
cari_bengkel_by_lokasi,"Ada towing di Cirebon yang cepet respon pagi ini?"
cari_bengkel_by_lokasi,"Di Kuta Bali ada bengkel yang bagus buat transmisi?"
cari_bengkel_by_lokasi,"Cari bengkel di Padang yang spesialis servis rutin."
cari_bengkel_by_lokasi,"Ada rekomendasi bengkel di Samarinda untuk kaca mobil?"
cari_bengkel_by_lokasi,"Di Pontianak ada bengkel motor yang spesialis 2-tak?"
cari_bengkel_by_lokasi,"Tolong info bengkel di Batam yang bisa benerin AC."
cari_bengkel_by_lokasi,"Ada bengkel di Jakarta Timur yang bagus buat cat mobil?"
cari_bengkel_by_lokasi,"Cari towing di Solo yang operasi malam ini."
cari_bengkel_by_lokasi,"Di Medan Denai ada bengkel yang spesialis rem?"
cari_bengkel_by_lokasi,"Ada bengkel di Bekasi Utara yang bisa servis mesin?"
cari_bengkel_by_lokasi,"Tolong cari bengkel di Denpasar Timur untuk ganti oli."
cari_bengkel_by_lokasi,"Di Surabaya Utara ada towing yang cepet datang?"
cari_bengkel_by_lokasi,"Cari bengkel di Jakarta Pusat yang spesialis suspensi."
cari_bengkel_by_lokasi,"Ada rekomendasi bengkel di Bandung Barat untuk AC?"
cari_bengkel_by_lokasi,"Di Yogyakarta ada bengkel yang bisa benerin ECU?"
cari_bengkel_by_lokasi,"Tolong info towing di Semarang yang murah dan cepet."
cari_bengkel_by_lokasi,"Ada bengkel di Malang yang spesialis kaki-kaki mobil?"
cari_bengkel_by_lokasi,"Cari bengkel motor di Depok yang buka pagi ini."
cari_bengkel_by_lokasi,"Di Tangerang ada bengkel yang bagus buat power steering?"
cari_bengkel_by_lokasi,"Tolong cari towing di Palembang yang cepet respon."
cari_bengkel_by_lokasi,"Ada bengkel di Bogor yang bisa servis injektor motor?"
cari_bengkel_by_lokasi,"Di Pekanbaru ada bengkel motor yang spesialis 2-tak?"
cari_bengkel_by_lokasi,"Cari towing di Balikpapan yang operasi malam ini."
cari_bengkel_by_lokasi,"Ada bengkel di Surakarta yang bagus buat ganti oli?"
cari_bengkel_by_lokasi,"Di Bandar Lampung ada bengkel yang spesialis AC?"
cari_bengkel_by_lokasi,"Tolong info bengkel di Manado yang bisa benerin ban."
cari_bengkel_by_lokasi,"Ada towing di Cirebon yang murah malam ini?"
cari_bengkel_by_lokasi,"Di Kuta Bali ada bengkel motor yang bagus buat servis?"
cari_bengkel_by_lokasi,"Cari bengkel di Padang yang spesialis cat ulang."
cari_bengkel_by_lokasi,"Ada rekomendasi bengkel di Samarinda untuk transmisi?"
cari_bengkel_by_lokasi,"Di Pontianak ada bengkel yang bisa benerin lampu?"
cari_bengkel_by_lokasi,"Tolong cari bengkel di Batam untuk servis mesin diesel."
cari_bengkel_by_lokasi,"Ada bengkel di Jakarta Selatan yang buka?"
cari_bengkel_by_lokasi,"Bro, ada bengkel 24 jam di Bekasi yang oke gak?"
cari_bengkel_by_lokasi,"Di Surabaya ada bengkel mobil yang bisa benerin rem ABS nggak?"
cari_bengkel_by_lokasi,"Guys, cari bengkel AC mobil di Jakarta Selatan, yang bagus dong!"
cari_bengkel_by_lokasi,"Tolong dong, cariin towing di Denpasar buat malam ini, urgent!"
cari_bengkel_by_lokasi,"Ada bengkel motor di Medan Tembung yang buka sampe malem?"
cari_bengkel_by_lokasi,"Di Bandung ada bengkel yang jago benerin transmisi matic nggak?"
cari_bengkel_by_lokasi,"Mobilku kaca retak, ada bengkel di Jogja yang bisa bantu?"
cari_bengkel_by_lokasi,"Cari bengkel cat mobil di Semarang, yang hasilnya mulus bro!"
cari_bengkel_by_lokasi,"Mogok nih, ada towing di Makassar yang cepet dateng?"
cari_bengkel_by_lokasi,"Di Malang ada bengkel yang buka Minggu pagi gak ya?"
cari_bengkel_by_lokasi,"Cari bengkel motor di Depok yang ok buat servis rutin, dong!"
cari_bengkel_by_lokasi,"Ada bengkel di Tangerang yang jago mesin diesel nggak?"
cari_bengkel_by_lokasi,"Towing 24 jam di Palembang ada gak bro? Butuh banget!"
cari_bengkel_by_lokasi,"Di Bogor ada bengkel yang bisa benerin ECU mobil nggak?"
cari_bengkel_by_lokasi,"Cari bengkel ban mobil di Pekanbaru, yang murah tapi bagus!"
cari_bengkel_by_lokasi,"Ada bengkel motor di Balikpapan yang buka malem-malem?"
cari_bengkel_by_lokasi,"Di Solo ada bengkel yang oke buat servis karburator gak?"
cari_bengkel_by_lokasi,"Bro, towing di Bandar Lampung yang murah ada rekomendasi?"
cari_bengkel_by_lokasi,"Cari bengkel di Manado yang bisa ganti oli mobil, dong!"
cari_bengkel_by_lokasi,"Ada bengkel 24 jam di Cirebon yang bisa bantu ban kempes?"
cari_bengkel_by_lokasi,"Di Kuta Bali ada bengkel motor matik yang bagus nggak?"
cari_bengkel_by_lokasi,"Cari bengkel AC mobil di Padang, yang jago bro!"
cari_bengkel_by_lokasi,"Towing di Samarinda yang cepet respon ada gak nih?"
cari_bengkel_by_lokasi,"Di Pontianak ada bengkel cat mobil yang hasilnya kece?"
cari_bengkel_by_lokasi,"Ada bengkel motor di Batam yang buka sampe malem gak?"
cari_bengkel_by_lokasi,"Cari bengkel di Jakarta Barat yang jago benerin rem, bro!"
cari_bengkel_by_lokasi,"Di Solo ada bengkel yang bisa benerin lampu mobil nggak?"
cari_bengkel_by_lokasi,"Towing di Medan Amplas yang bisa dateng sekarang ada gak?"
cari_bengkel_by_lokasi,"Di Bekasi Timur ada bengkel kaki-kaki mobil yang oke?"
cari_bengkel_by_lokasi,"Cari bengkel motor di Denpasar Selatan, yang murah dong!"
cari_bengkel_by_lokasi,"Di Surabaya Barat ada bengkel yang recommended gak bro?"
cari_bengkel_by_lokasi,"Towing 24 jam di Jakarta Utara ada gak nih?"
cari_bengkel_by_lokasi,"Cari bengkel di Bandung yang jago servis injektor, bro!"
cari_bengkel_by_lokasi,"Ada bengkel motor di Jogja yang buka pagi-pagi banget?"
cari_bengkel_by_lokasi,"Towing di Semarang yang murah dan cepet ada gak?"
cari_bengkel_by_lokasi,"Di Malang ada bengkel yang bisa benerin power window nggak?"
cari_bengkel_by_lokasi,"Cari bengkel motor matik di Depok, yang oke punya!"
cari_bengkel_by_lokasi,"Di Tangerang Selatan ada bengkel cat mobil yang kece?"
cari_bengkel_by_lokasi,"Towing di Palembang yang buka malem ini ada gak bro?"
cari_bengkel_by_lokasi,"Di Bogor ada bengkel yang jago mesin bensin nggak?"
cari_bengkel_by_lokasi,"Cari bengkel motor di Pekanbaru yang recommended, dong!"
cari_bengkel_by_lokasi,"Di Balikpapan ada bengkel yang bisa ganti kampas rem mobil?"
cari_bengkel_by_lokasi,"Towing di Solo yang bisa angkut mobil gede ada gak?"
cari_bengkel_by_lokasi,"Di Bandar Lampung ada bengkel yang buka hari Minggu?"
cari_bengkel_by_lokasi,"Cari bengkel AC mobil di Manado, yang oke bro!"
cari_bengkel_by_lokasi,"Towing di Cirebon yang bisa bantu ban kempes ada gak?"
cari_bengkel_by_lokasi,"Di Kuta Bali ada towing yang buka tengah malem?"
cari_bengkel_by_lokasi,"Cari bengkel suspensi mobil di Padang, yang jago dong!"
cari_bengkel_by_lokasi,"Di Samarinda ada bengkel motor yang recommended gak?"
cari_bengkel_by_lokasi,"Bengkel radiator mobil di Pontianak ada gak bro?"
cari_bengkel_by_lokasi,"Cari bengkel servis rutin di Batam, yang murah tapi oke!"
cari_bengkel_by_lokasi,"Di Jakarta Timur ada bengkel transmisi yang bagus gak?"
cari_bengkel_by_lokasi,"Towing di Solo Baru yang bisa dateng sekarang ada gak?"
cari_bengkel_by_lokasi,"Di Medan Marelan ada bengkel motor yang oke punya?"
cari_bengkel_by_lokasi,"Bengkel di Bekasi Barat yang buka sampe malem ada gak?"
cari_bengkel_by_lokasi,"Cari bengkel karburator di Denpasar Utara, bro!"
cari_bengkel_by_lokasi,"Towing di Surabaya Timur yang murah ada gak nih?"
cari_bengkel_by_lokasi,"Di Jakarta Pusat ada bengkel yang bisa benerin kaca spion?"
cari_bengkel_by_lokasi,"Bengkel cat mobil di Bandung Timur yang kece ada gak?"
cari_bengkel_by_lokasi,"Di Jogja ada bengkel motor 2-tak yang jago nggak?"
cari_bengkel_by_lokasi,"Towing 24 jam di Semarang ada gak bro? Butuh cepet!"
cari_bengkel_by_lokasi,"Di Malang ada bengkel yang bisa benerin rem tromol?"
cari_bengkel_by_lokasi,"Cari bengkel alternator mobil di Depok, yang oke dong!"
cari_bengkel_by_lokasi,"Towing di Tangerang yang cepet dateng malem ini ada?"
cari_bengkel_by_lokasi,"Di Palembang ada bengkel mesin diesel yang bagus gak?"
cari_bengkel_by_lokasi,"Cari bengkel motor di Bogor Selatan, yang murah bro!"
cari_bengkel_by_lokasi,"Towing di Pekanbaru yang buka tengah malem ada gak?"
cari_bengkel_by_lokasi,"Di Balikpapan ada bengkel AC mobil yang recommended?"
cari_bengkel_by_lokasi,"Bengkel ban motor di Solo yang bagus ada gak bro?"
cari_bengkel_by_lokasi,"Di Bandar Lampung ada bengkel power steering yang oke?"
cari_bengkel_by_lokasi,"Cari bengkel di Manado yang buka pagi ini, dong!"
cari_bengkel_by_lokasi,"Towing di Cirebon yang bisa angkut SUV ada gak?"
cari_bengkel_by_lokasi,"Di Kuta Bali ada bengkel motor yang murah dan kece?"
cari_bengkel_by_lokasi,"Bengkel cat mobil di Padang yang hasilnya oke ada gak?"
cari_bengkel_by_lokasi,"Di Samarinda ada towing yang cepet dateng gak bro?"
cari_bengkel_by_lokasi,"Bengkel lampu mobil di Pontianak ada gak nih?"
cari_bengkel_by_lokasi,"Cari bengkel servis mesin motor di Batam, yang jago!"
cari_bengkel_by_lokasi,"Di Jakarta Selatan ada bengkel kaki-kaki yang oke gak?"
cari_bengkel_by_lokasi,"Towing di Solo yang bisa dateng cepet malem ini?"
cari_bengkel_by_lokasi,"Di Medan Sunggal ada bengkel motor yang recommended?"
cari_bengkel_by_lokasi,"Bengkel AC mobil di Bekasi Selatan yang bagus ada gak?"
cari_bengkel_by_lokasi,"Cari bengkel ganti oli di Denpasar Barat, bro!"
cari_bengkel_by_lokasi,"Towing di Surabaya Selatan yang cepet ada gak?"
cari_bengkel_by_lokasi,"Di Jakarta Barat ada bengkel radiator yang oke nggak?"
cari_bengkel_by_lokasi,"Bengkel transmisi di Bandung Utara yang kece ada gak?"
cari_bengkel_by_lokasi,"Di Jogja ada bengkel motor 2-tak yang buka malem?"
cari_bengkel_by_lokasi,"Towing di Semarang yang murah dan cepet ada gak bro?"
cari_bengkel_by_lokasi,"Di Malang ada bengkel power window yang jago nggak?"
cari_bengkel_by_lokasi,"Cari bengkel motor matik di Depok, yang murah dong!"
cari_bengkel_by_lokasi,"Di Tangerang Selatan ada bengkel cat mobil yang oke?"
cari_bengkel_by_lokasi,"Towing di Palembang yang buka malem ini ada gak?"
cari_bengkel_by_lokasi,"Di Bogor ada bengkel ECU mobil yang recommended?"
cari_bengkel_by_lokasi,"Bengkel suspensi di Pekanbaru yang bagus ada gak bro?"
cari_bengkel_by_lokasi,"Towing di Balikpapan yang cepet dateng malem ini?"
cari_bengkel_by_lokasi,"Di Solo ada bengkel kaki-kaki mobil yang oke nggak?"
cari_bengkel_by_lokasi,"Bengkel motor di Bandar Lampung yang buka pagi ada?"
cari_bengkel_by_lokasi,"Cari bengkel AC mobil di Manado, yang kece dong!"
cari_bengkel_by_lokasi,"Towing di Cirebon yang murah dan cepet ada gak?"
cari_bengkel_by_lokasi,"Di Kuta Bali ada bengkel motor injektor yang bagus?"
cari_bengkel_by_lokasi,"Bengkel servis rutin di Padang yang oke ada gak bro?"
cari_bengkel_by_lokasi,"Di Samarinda ada bengkel transmisi yang recommended?"
cari_bengkel_by_lokasi,"Bengkel lampu mobil di Pontianak yang jago ada gak?"
cari_bengkel_by_lokasi,"Cari bengkel mesin diesel di Batam, yang murah bro!"
cari_bengkel_by_lokasi,"Di Jakarta Timur ada bengkel cat mobil yang kece?"
cari_bengkel_by_lokasi,"Towing di Solo yang buka tengah malem ada gak?"
cari_bengkel_by_lokasi,"Di Medan Denai ada bengkel motor yang oke punya?"
cari_bengkel_by_lokasi,"Bengkel rem di Bekasi Utara yang bagus ada gak bro?"
cari_bengkel_by_lokasi,"Cari bengkel ganti oli di Denpasar Timur, dong!"
cari_bengkel_by_lokasi,"Towing di Surabaya Utara yang cepet dateng ada?"
cari_bengkel_by_lokasi,"Di Jakarta Pusat ada bengkel suspensi yang jago?"
cari_bengkel_by_lokasi,"Bengkel AC di Bandung Barat yang kece ada gak?"
cari_bengkel_by_lokasi,"Di Jogja ada bengkel ECU motor yang oke nggak?"
cari_bengkel_by_lokasi,"Towing 24 jam di Semarang yang murah ada gak bro?"
cari_bengkel_by_lokasi,"Di Malang ada bengkel kaki-kaki mobil yang bagus?"
cari_bengkel_by_lokasi,"Cari bengkel motor injektor di Depok, yang murah!"
cari_bengkel_by_lokasi,"Di Tangerang ada bengkel power steering yang oke?"
cari_bengkel_by_lokasi,"Towing di Palembang yang cepet respon ada gak?"
cari_bengkel_by_lokasi,"Di Bogor ada bengkel motor 2-tak yang jago nggak?"
cari_bengkel_by_lokasi,"Bengkel radiator di Pekanbaru yang bagus ada gak?"
cari_bengkel_by_lokasi,"Towing di Balikpapan yang buka malem ini ada?"
cari_bengkel_by_lokasi,"Di Solo ada bengkel mesin bensin yang oke nggak?"
cari_bengkel_by_lokasi,"Bengkel motor di Bandar Lampung yang buka pagi?"
cari_bengkel_by_lokasi,"Cari bengkel ban motor di Manado, yang kece dong!"
cari_bengkel_by_lokasi,"Towing di Cirebon yang cepet dateng pagi ini?"
cari_bengkel_by_lokasi,"Di Kuta Bali ada bengkel transmisi yang bagus?"
cari_bengkel_by_lokasi,"Bengkel servis rutin di Padang yang oke ada gak?"
cari_bengkel_by_lokasi,"Di Samarinda ada bengkel kaca mobil yang recommended?"
cari_bengkel_by_lokasi,"Bengkel motor 2-tak di Pontianak ada gak bro?"
cari_bengkel_by_lokasi,"Cari bengkel AC mobil di Batam, yang murah dong!"
cari_bengkel_by_lokasi,"Di Jakarta Timur ada bengkel cat mobil yang kece?"
cari_bengkel_by_lokasi,"Towing di Solo yang buka malem ini ada gak?"
cari_bengkel_by_lokasi,"Di Medan Helvetia ada bengkel motor yang oke?"
cari_bengkel_by_lokasi,"Bengkel rem tromol di Bekasi Selatan ada gak bro?"
cari_bengkel_by_lokasi,"Cari bengkel kaca mobil di Denpasar Barat, dong!"
cari_bengkel_by_lokasi,"Towing di Surabaya Selatan yang buka pagi ini?"
cari_bengkel_by_lokasi,"Di Jakarta Barat ada bengkel ECU yang jago?"
cari_bengkel_by_lokasi,"Bengkel cat mobil di Bandung Utara yang oke ada?"
cari_bengkel_by_lokasi,"Di Jogja ada bengkel AC motor yang bagus gak?"
cari_bengkel_by_lokasi,"Towing di Semarang yang cepet dateng ada gak?"
cari_bengkel_by_lokasi,"Di Malang ada bengkel power steering yang kece?"
cari_bengkel_by_lokasi,"Cari bengkel injektor motor di Depok, yang murah!"
cari_bengkel_by_lokasi,"Di Tangerang Selatan ada bengkel oli yang oke?"
cari_bengkel_by_lokasi,"Towing 24 jam di Palembang ada gak bro?"
cari_bengkel_by_lokasi,"Di Bogor ada bengkel kaki-kaki motor yang jago?"
cari_bengkel_by_lokasi,"Bengkel radiator di Pekanbaru yang bagus ada gak?"
cari_bengkel_by_lokasi,"Towing di Balikpapan yang murah malem ini ada?"
cari_bengkel_by_lokasi,"Di Solo ada bengkel mesin bensin yang oke nggak?"
cari_bengkel_by_lokasi,"Bengkel motor di Bandar Lampung yang buka pagi?"
cari_bengkel_by_lokasi,"Cari bengkel ban motor di Manado, yang kece dong!"
cari_bengkel_by_lokasi,"Towing di Cirebon yang cepet dateng pagi ini?"
cari_bengkel_by_lokasi,"Di Kuta Bali ada bengkel transmisi yang bagus?"
cari_bengkel_by_lokasi,"Bengkel servis rutin di Padang yang oke ada gak?"
cari_bengkel_by_lokasi,"Di Samarinda ada bengkel kaca mobil yang recommended?"
cari_bengkel_by_lokasi,"Bengkel motor 2-tak di Pontianak ada gak bro?"
cari_bengkel_by_lokasi,"Cari bengkel AC mobil di Batam, yang murah dong!"
cari_bengkel_by_lokasi,"Di Jakarta Timur ada bengkel cat mobil yang kece?"
cari_bengkel_by_lokasi,"Towing di Solo yang buka malem ini ada gak?"
cari_bengkel_by_lokasi,"Di Medan Denai ada bengkel rem yang oke?"
cari_bengkel_by_lokasi,"Bengkel mesin di Bekasi Utara yang bagus ada gak?"
cari_bengkel_by_lokasi,"Cari bengkel ganti oli di Denpasar Timur, bro!"
cari_bengkel_by_lokasi,"Towing di Surabaya Utara yang cepet dateng ada?"
cari_bengkel_by_lokasi,"Di Jakarta Pusat ada bengkel suspensi yang jago?"
cari_bengkel_by_lokasi,"Bengkel AC di Bandung Barat yang kece ada gak?"
cari_bengkel_by_lokasi,"Di Jogja ada bengkel ECU motor yang oke nggak?"
cari_bengkel_by_lokasi,"Towing 24 jam di Semarang yang murah ada gak?"
cari_bengkel_by_lokasi,"Di Malang ada bengkel kaki-kaki mobil yang bagus?"
cari_bengkel_by_lokasi,"Cari bengkel injektor motor di Depok, yang murah!"
cari_bengkel_by_lokasi,"Di Tangerang ada bengkel power steering yang oke?"
cari_bengkel_by_lokasi,"Towing di Palembang yang cepet respon ada gak?"
cari_bengkel_by_lokasi,"Di Bogor ada bengkel motor 2-tak yang jago nggak?"
cari_bengkel_by_lokasi,"Bengkel radiator di Pekanbaru yang bagus ada gak?"
cari_bengkel_by_lokasi,"Towing di Balikpapan yang murah malem ini ada?"
cari_bengkel_by_lokasi,"Di Solo ada bengkel mesin bensin yang oke nggak?"
cari_bengkel_by_lokasi,"Bengkel motor di Bandar Lampung yang buka pagi?"
cari_bengkel_by_lokasi,"Cari bengkel ban motor di Manado, yang kece dong!"
cari_bengkel_by_lokasi,"Towing di Cirebon yang cepet dateng pagi ini?"
cari_bengkel_by_lokasi,"Di Kuta Bali ada bengkel transmisi yang bagus?"
cari_bengkel_by_lokasi,"Bengkel servis rutin di Padang yang oke ada gak?"
cari_bengkel_by_lokasi,"Di Samarinda ada bengkel kaca mobil yang recommended?"
cari_bengkel_by_lokasi,"Bengkel motor 2-tak di Pontianak ada gak bro?"
cari_bengkel_by_lokasi,"Cari bengkel AC mobil di Batam, yang murah dong!"
cari_bengkel_by_lokasi,"Di Jakarta Timur ada bengkel cat mobil yang kece?"
cari_bengkel_by_lokasi,"Towing di Solo yang buka malem ini ada gak?"
cari_bengkel_by_lokasi,"Di Medan Helvetia ada bengkel motor yang oke?"
cari_bengkel_by_lokasi,"Bengkel rem tromol di Bekasi Selatan ada gak bro?"
cari_bengkel_by_lokasi,"Cari bengkel kaca mobil di Denpasar Barat, dong!"
cari_bengkel_by_lokasi,"Towing di Surabaya Selatan yang buka pagi ini?"
cari_bengkel_by_lokasi,"Di Jakarta Barat ada bengkel ECU yang jago?"
cari_bengkel_by_lokasi,"Bengkel cat mobil di Bandung Utara yang oke ada?"
cari_bengkel_by_lokasi,"Di Jogja ada bengkel AC motor yang bagus gak?"
cari_bengkel_by_lokasi,"Towing di Semarang yang cepet dateng ada gak?"
cari_bengkel_by_lokasi,"Di Malang ada bengkel power steering yang kece?"
cari_bengkel_by_lokasi,"Cari bengkel injektor motor di Depok, yang murah!"
cari_bengkel_by_lokasi,"Di Tangerang Selatan ada bengkel oli yang oke?"
cari_bengkel_by_lokasi,"Towing 24 jam di Palembang ada gak bro?"
cari_bengkel_by_lokasi,"Di Bogor ada bengkel kaki-kaki motor yang jago?"
cari_bengkel_by_lokasi,"Bengkel radiator di Pekanbaru yang bagus ada gak?"
cari_bengkel_by_lokasi,"Towing di Balikpapan yang murah malem ini ada?"
cari_bengkel_by_lokasi,"Di Solo ada bengkel mesin bensin yang oke nggak?"
cari_bengkel_by_lokasi,"Bengkel motor di Bandar Lampung yang buka pagi?"
cari_bengkel_by_lokasi,"Cari bengkel ban motor di Manado, yang kece dong!"
cari_bengkel_by_lokasi,"Towing di Cirebon yang cepet dateng pagi ini?"
cari_bengkel_by_lokasi,"Di Kuta Bali ada bengkel transmisi yang bagus?"
cari_bengkel_by_lokasi,"Bengkel servis rutin di Padang yang oke ada gak?"
cari_bengkel_by_lokasi,"Di Samarinda ada bengkel kaca mobil yang recommended?"
cari_bengkel_by_lokasi,"Bengkel motor 2-tak di Pontianak ada gak bro?"
cari_bengkel_by_lokasi,"Cari bengkel AC mobil di Batam, yang murah dong!"
cari_bengkel_by_lokasi,"Di Jakarta Timur ada bengkel cat mobil yang kece?"
cari_bengkel_by_lokasi,"Towing di Solo yang buka malem ini ada gak?"
cari_bengkel_by_lokasi,"Di Medan Denai ada bengkel rem yang oke?"
cari_bengkel_by_lokasi,"Bengkel mesin di Bekasi Utara yang bagus ada gak?"
cari_bengkel_by_lokasi,"Cari bengkel ganti oli di Denpasar Timur, bro!"
cari_bengkel_by_lokasi,"Towing di Surabaya Utara yang cepet dateng ada?"
cari_bengkel_by_lokasi,"Di Jakarta Pusat ada bengkel suspensi yang jago?"
cari_bengkel_by_lokasi,"Bengkel AC di Bandung Barat yang kece ada gak?"
cari_bengkel_by_lokasi,"Di Jogja ada bengkel ECU motor yang oke nggak?"
cari_bengkel_by_lokasi,"Towing 24 jam di Semarang yang murah ada gak?"
cari_bengkel_by_lokasi,"Di Malang ada bengkel kaki-kaki mobil yang bagus?"
cari_bengkel_by_lokasi,"Cari bengkel injektor motor di Depok, yang murah!"
cari_bengkel_by_lokasi,"Di Tangerang ada bengkel power steering yang oke?"
cari_bengkel_by_lokasi,"Towing di Palembang yang cepet respon ada gak?"
cari_bengkel_by_lokasi,"Di Bogor ada bengkel motor 2-tak yang jago nggak?"
cari_bengkel_by_lokasi,"Bengkel radiator di Pekanbaru yang bagus ada gak?"
cari_bengkel_by_lokasi,"Towing di Balikpapan yang murah malem ini ada?"
cari_bengkel_by_lokasi,"Di Solo ada bengkel mesin bensin yang oke nggak?"
cari_bengkel_by_lokasi,"Bengkel motor di Bandar Lampung yang buka pagi?"
cari_bengkel_by_lokasi,"Cari bengkel ban motor di Manado, yang kece dong!"
cari_bengkel_by_lokasi,"Towing di Cirebon yang cepet dateng pagi ini?"
cari_bengkel_by_lokasi,"Di Kuta Bali ada bengkel transmisi yang bagus?"
cari_bengkel_by_lokasi,"Bengkel servis rutin di Padang yang oke ada gak?"
cari_bengkel_by_lokasi,"Di Samarinda ada bengkel kaca mobil yang recommended?"
cari_bengkel_by_lokasi,"Bengkel motor 2-tak di Pontianak ada gak bro?"
cari_bengkel_by_lokasi,"Cari bengkel AC mobil di Batam, yang murah dong!"
cari_bengkel_by_lokasi,"Di Jakarta Timur ada bengkel cat mobil yang kece?"
cari_bengkel_by_lokasi,"Towing di Solo yang buka malem ini ada gak?"
cari_bengkel_by_lokasi,"Di Medan Helvetia ada bengkel motor yang oke?"
cari_bengkel_by_lokasi,"Bengkel rem tromol di Bekasi Selatan ada gak bro?"
cari_bengkel_by_lokasi,"Cari bengkel kaca mobil di Denpasar Barat, dong!"
cari_bengkel_by_lokasi,"Towing di Surabaya Selatan yang buka pagi ini?"
cari_bengkel_by_lokasi,"Di Jakarta Barat ada bengkel ECU yang jago?"
cari_bengkel_by_lokasi,"Bengkel cat mobil di Bandung Utara yang oke ada?"
cari_bengkel_by_lokasi,"Di Jogja ada bengkel AC motor yang bagus gak?"
cari_bengkel_by_lokasi,"Towing di Semarang yang cepet dateng ada gak?"
cari_bengkel_by_lokasi,"Di Malang ada bengkel power steering yang kece?"
cari_bengkel_by_lokasi,"Cari bengkel injektor motor di Depok, yang murah!"
cari_bengkel_by_lokasi,"Di Tangerang Selatan ada bengkel oli yang oke?"
cari_bengkel_by_lokasi,"Towing 24 jam di Palembang ada gak bro?"
cari_bengkel_by_lokasi,"Di Bogor ada bengkel kaki-kaki motor yang jago?"
cari_bengkel_by_lokasi,"Bengkel radiator di Pekanbaru yang bagus ada gak?"
cari_bengkel_by_lokasi,"Towing di Balikpapan yang murah malem ini ada?"
cari_bengkel_by_lokasi,"Di Solo ada bengkel mesin bensin yang oke nggak?"
cari_bengkel_by_lokasi,"Bengkel motor di Bandar Lampung yang buka pagi?"
cari_bengkel_by_lokasi,"Cari bengkel ban motor di Manado, yang kece dong!"
cari_bengkel_by_lokasi,"Towing di Cirebon yang cepet dateng pagi ini?"
cari_bengkel_by_lokasi,"Di Kuta Bali ada bengkel transmisi yang bagus?"
cari_bengkel_by_lokasi,"Bengkel servis rutin di Padang yang oke ada gak?"
cari_bengkel_by_lokasi,"Di Samarinda ada bengkel kaca mobil yang recommended?"
cari_bengkel_by_lokasi,"Bengkel motor 2-tak di Pontianak ada gak bro?"
cari_bengkel_by_lokasi,"Cari bengkel AC mobil di Batam, yang murah dong!"
cari_bengkel_by_lokasi,"Di Jakarta Timur ada bengkel cat mobil yang kece?"
cari_bengkel_by_lokasi,"Towing di Solo yang buka malem ini ada gak?"
cari_bengkel_by_lokasi,"Di Medan Denai ada bengkel rem yang oke?"
cari_bengkel_by_lokasi,"Bengkel mesin di Bekasi Utara yang bagus ada gak?"
cari_bengkel_by_lokasi,"Cari bengkel ganti oli di Denpasar Timur, bro!"
cari_bengkel_by_lokasi,"Towing di Surabaya Utara yang cepet dateng ada?"
cari_bengkel_by_lokasi,"Di Jakarta Pusat ada bengkel suspensi yang jago?"
cari_bengkel_by_lokasi,"Bengkel AC di Bandung Barat yang kece ada gak?"
cari_bengkel_by_lokasi,"Di Jogja ada bengkel ECU motor yang oke nggak?"
cari_bengkel_by_lokasi,"Towing 24 jam di Semarang yang murah ada gak?"
cari_bengkel_by_lokasi,"Di Malang ada bengkel kaki-kaki mobil yang bagus?"
cari_bengkel_by_lokasi,"Cari bengkel injektor motor di Depok, yang murah!"
cari_bengkel_by_lokasi,"Di Tangerang ada bengkel power steering yang oke?"
cari_bengkel_by_lokasi,"Towing di Palembang yang cepet respon ada gak?"
cari_bengkel_by_lokasi,"Di Bogor ada bengkel motor 2-tak yang jago nggak?"
cari_bengkel_by_lokasi,"Bengkel radiator di Pekanbaru yang bagus ada gak?"
cari_bengkel_by_lokasi,"Towing di Balikpapan yang murah malem ini ada?"
cari_bengkel_by_lokasi,"Di Solo ada bengkel mesin bensin yang oke nggak?"
cari_bengkel_by_lokasi,"Bengkel motor di Bandar Lampung yang buka pagi?"
cari_bengkel_by_lokasi,"Cari bengkel ban motor di Manado, yang kece dong!"
cari_bengkel_by_lokasi,"Towing di Cirebon yang cepet dateng pagi ini?"
cari_bengkel_by_lokasi,"Di Kuta Bali ada bengkel transmisi yang bagus?"
cari_bengkel_by_lokasi,"Bengkel servis rutin di Padang yang oke ada gak?"
cari_bengkel_by_lokasi,"Di Samarinda ada bengkel kaca mobil yang recommended?"
cari_bengkel_by_lokasi,"Bengkel motor 2-tak di Pontianak ada gak bro?"
cari_bengkel_by_lokasi,"Cari bengkel AC mobil di Batam, yang murah dong!"
cari_bengkel_by_lokasi,"Di Jakarta Timur ada bengkel cat mobil yang kece?"
cari_bengkel_by_lokasi,"Towing di Solo yang buka malem ini ada gak?"
cari_bengkel_by_lokasi,"Di Medan Helvetia ada bengkel motor yang oke?"
cari_bengkel_by_lokasi,"Bengkel rem tromol di Bekasi Selatan ada gak bro?"
cari_bengkel_by_lokasi,"Cari bengkel kaca mobil di Denpasar Barat, dong!"
cari_bengkel_by_lokasi,"Towing di Surabaya Selatan yang buka pagi ini?"
cari_bengkel_by_lokasi,"Di Jakarta Barat ada bengkel ECU yang jago?"
cari_bengkel_by_lokasi,"Bengkel cat mobil di Bandung Utara yang oke ada?"
cari_bengkel_by_lokasi,"Di Jogja ada bengkel AC motor yang bagus gak?"
cari_bengkel_by_lokasi,"Towing di Semarang yang cepet dateng ada gak?"
cari_bengkel_by_lokasi,"Di Malang ada bengkel power steering yang kece?"
cari_bengkel_by_lokasi,"Cari bengkel injektor motor di Depok, yang murah!"
cari_bengkel_by_lokasi,"Di Tangerang Selatan ada bengkel oli yang oke?"
cari_bengkel_by_lokasi,"Towing 24 jam di Palembang ada gak bro?"
cari_bengkel_by_lokasi,"Di Bogor ada bengkel kaki-kaki motor yang jago?"
cari_bengkel_by_lokasi,"Bengkel radiator di Pekanbaru yang bagus ada gak?"
cari_bengkel_by_lokasi,"Towing di Balikpapan yang murah malem ini ada?"
cari_bengkel_by_lokasi,"Di Solo ada bengkel mesin bensin yang oke nggak?"
cari_bengkel_by_lokasi,"Bengkel motor di Bandar Lampung yang buka pagi?"
cari_bengkel_by_lokasi,"Cari bengkel ban motor di Manado, yang kece dong!"
cari_bengkel_by_lokasi,"Towing di Cirebon yang cepet dateng pagi ini?"
cari_bengkel_by_lokasi,"Di Kuta Bali ada bengkel transmisi yang bagus?"
cari_bengkel_by_lokasi,"Bengkel servis rutin di Padang yang oke ada gak?"
cari_bengkel_by_lokasi,"Di Samarinda ada bengkel kaca mobil yang recommended?"
cari_bengkel_by_lokasi,"Bengkel motor 2-tak di Pontianak ada gak bro?"
cari_bengkel_by_lokasi,"Cari bengkel AC mobil di Batam, yang murah dong!"
cari_bengkel_by_lokasi,"Di Jakarta Timur ada bengkel cat mobil yang kece?"
cari_bengkel_by_lokasi,"Towing di Solo yang buka malem ini ada gak?"
cari_bengkel_by_lokasi,"Di Medan Denai ada bengkel rem yang oke?"
cari_bengkel_by_lokasi,"Bengkel mesin di Bekasi Utara yang bagus ada gak?"
cari_bengkel_by_lokasi,"Cari bengkel ganti oli di Denpasar Timur, bro!"
cari_bengkel_by_lokasi,"Towing di Surabaya Utara yang cepet dateng ada?"
cari_bengkel_by_lokasi,"Di Jakarta Pusat ada bengkel suspensi yang jago?"
cari_bengkel_by_lokasi,"Bengkel AC di Bandung Barat yang kece ada gak?"
cari_bengkel_by_lokasi,"Di Jogja ada bengkel ECU motor yang oke nggak?"
cari_bengkel_by_lokasi,"Towing 24 jam di Semarang yang murah ada gak?"
cari_bengkel_by_lokasi,"Di Malang ada bengkel kaki-kaki mobil yang bagus?"
cari_bengkel_by_lokasi,"Cari bengkel injektor motor di Depok, yang murah!"
cari_bengkel_by_lokasi,"Di Tangerang ada bengkel power steering yang oke?"
cari_bengkel_by_lokasi,"Towing di Palembang yang cepet respon ada gak?"
cari_bengkel_by_lokasi,"Di Bogor ada bengkel motor 2-tak yang jago nggak?"
cari_bengkel_by_lokasi,"Bengkel radiator di Pekanbaru yang bagus ada gak?"
cari_bengkel_by_lokasi,"Towing di Balikpapan yang murah malem ini ada?"
cari_bengkel_by_lokasi,"Di Solo ada bengkel mesin bensin yang oke nggak?"
cari_bengkel_by_lokasi,"Bengkel motor di Bandar Lampung yang buka pagi?"
cari_bengkel_by_lokasi,"Cari bengkel ban motor di Manado, yang kece dong!"
cari_bengkel_by_lokasi,"Towing di Cirebon yang cepet dateng pagi ini?"
cari_bengkel_by_lokasi,"Di Kuta Bali ada bengkel transmisi yang bagus?"
cari_bengkel_by_lokasi,"Bengkel servis rutin di Padang yang oke ada gak?"
cari_bengkel_by_lokasi,"Di Samarinda ada bengkel kaca mobil yang recommended?"
cari_bengkel_by_lokasi,"Bengkel motor 2-tak di Pontianak ada gak bro?"
cari_bengkel_by_lokasi,"Cari bengkel AC mobil di Batam, yang murah dong!"
cari_bengkel_by_lokasi,"Di Jakarta Timur ada bengkel cat mobil yang kece?"
cari_bengkel_by_lokasi,"Towing di Solo yang buka malem ini ada gak?"
cari_bengkel_by_lokasi,"Di Medan Helvetia ada bengkel motor yang oke?"
cari_bengkel_by_lokasi,"Bengkel rem tromol di Bekasi Selatan ada gak bro?"
cari_bengkel_by_lokasi,"Cari bengkel kaca mobil di Denpasar Barat, dong!"
cari_bengkel_by_lokasi,"Towing di Surabaya Selatan yang buka pagi ini?"
cari_bengkel_by_lokasi,"Di Jakarta Barat ada bengkel ECU yang jago?"
cari_bengkel_by_lokasi,"Bengkel cat mobil di Bandung Utara yang oke ada?"
cari_bengkel_by_lokasi,"Di Jogja ada bengkel AC motor yang bagus gak?"
cari_bengkel_by_lokasi,"Towing di Semarang yang cepet dateng ada gak?"
cari_bengkel_by_lokasi,"Di Malang ada bengkel power steering yang kece?"
cari_bengkel_by_lokasi,"Cari bengkel injektor motor di Depok, yang murah!"
cari_bengkel_by_lokasi,"Di Tangerang Selatan ada bengkel oli yang oke?"
cari_bengkel_by_lokasi,"Towing 24 jam di Palembang ada gak bro?"
cari_bengkel_by_lokasi,"Di Bogor ada bengkel kaki-kaki motor yang jago?"
cari_bengkel_by_lokasi,"Bengkel radiator di Pekanbaru yang bagus ada gak?"
cari_bengkel_by_lokasi,"Towing di Balikpapan yang murah malem ini ada?"
cari_bengkel_by_lokasi,"Di Solo ada bengkel mesin bensin yang oke nggak?"
cari_bengkel_by_lokasi,"Bengkel motor di Bandar Lampung yang buka pagi?"
cari_bengkel_by_lokasi,"Cari bengkel ban motor di Manado, yang kece dong!"
cari_bengkel_by_lokasi,"Towing di Cirebon yang cepet dateng pagi ini?"
cari_bengkel_by_lokasi,"Di Kuta Bali ada bengkel transmisi yang bagus?"
cari_bengkel_by_lokasi,"Bengkel servis rutin di Padang yang oke ada gak?"
cari_bengkel_by_lokasi,"Di Samarinda ada bengkel kaca mobil yang recommended?"
cari_bengkel_by_lokasi,"Bengkel motor 2-tak di Pontianak ada gak bro?"
cari_bengkel_by_lokasi,"Cari bengkel AC mobil di Batam, yang murah dong!"
cari_bengkel_by_lokasi,"Di Jakarta Timur ada bengkel cat mobil yang kece?"
cari_bengkel_by_lokasi,"Towing di Solo yang buka malem ini ada gak?"
cari_bengkel_by_lokasi,"Di Medan Denai ada bengkel rem yang oke?"
cari_bengkel_by_lokasi,"Bengkel mesin di Bekasi Utara yang bagus ada gak?"
cari_bengkel_by_lokasi,"Cari bengkel ganti oli di Denpasar Timur, bro!"
cari_bengkel_by_lokasi,"Towing di Surabaya Utara yang cepet dateng ada?"
cari_bengkel_by_lokasi,"Di Jakarta Pusat ada bengkel suspensi yang jago?"
cari_bengkel_by_lokasi,"Bengkel AC di Bandung Barat yang kece ada gak?"
cari_bengkel_by_lokasi,"Di Jogja ada bengkel ECU motor yang oke nggak?"
cari_bengkel_by_lokasi,"Towing 24 jam di Semarang yang murah ada gak?"
cari_bengkel_by_lokasi,"Di Malang ada bengkel kaki-kaki mobil yang bagus?"
cari_bengkel_by_lokasi,"Cari bengkel injektor motor di Depok, yang murah!"
cari_bengkel_by_lokasi,"Di Tangerang ada bengkel power steering yang oke?"
cari_bengkel_by_lokasi,"Towing di Palembang yang cepet respon ada gak?"
cari_bengkel_by_lokasi,"Di Bogor ada bengkel motor 2-tak yang jago nggak?"
cari_bengkel_by_lokasi,"Bengkel radiator di Pekanbaru yang bagus ada gak?"
cari_bengkel_by_lokasi,"Towing di Balikpapan yang murah malem ini ada?"
cari_bengkel_by_lokasi,"Di Solo ada bengkel mesin bensin yang oke nggak?"
cari_bengkel_by_lokasi,"Bengkel motor di Bandar Lampung yang buka pagi?"
cari_bengkel_by_lokasi,"Cari bengkel ban motor di Manado, yang kece dong!"
cari_bengkel_by_lokasi,"Towing di Cirebon yang cepet dateng pagi ini?"
cari_bengkel_by_lokasi,"Di Kuta Bali ada bengkel transmisi yang bagus?"
cari_bengkel_by_lokasi,"Bengkel servis rutin di Padang yang oke ada gak?"
cari_bengkel_by_lokasi,"Di Samarinda ada bengkel kaca mobil yang recommended?"
cari_bengkel_by_lokasi,"Bengkel motor 2-tak di Pontianak ada gak bro?"
cari_bengkel_by_lokasi,"Cari bengkel AC mobil di Batam, yang murah dong!"
cari_bengkel_by_lokasi,"Di Jakarta Timur ada bengkel cat mobil yang kece?"
cari_bengkel_by_lokasi,"Towing di Solo yang buka malem ini ada gak?"
cari_bengkel_by_lokasi,"Di Medan Helvetia ada bengkel motor yang oke?"
cari_bengkel_by_lokasi,"Bengkel rem tromol di Bekasi Selatan ada gak bro?"
cari_bengkel_by_lokasi,"Cari bengkel kaca mobil di Denpasar Barat, dong!"
cari_bengkel_by_lokasi,"Towing di Surabaya Selatan yang buka pagi ini?"
cari_bengkel_by_lokasi,"Di Jakarta Barat ada bengkel ECU yang jago?"
cari_bengkel_by_lokasi,"Bengkel cat mobil di Bandung Utara yang oke ada?"
cari_bengkel_by_lokasi,"Di Jogja ada bengkel AC motor yang bagus gak?"
cari_bengkel_by_lokasi,"Towing di Semarang yang cepet dateng ada gak?"
cari_bengkel_by_lokasi,"Di Malang ada bengkel power steering yang kece?"
cari_bengkel_by_lokasi,"Cari bengkel injektor motor di Depok, yang murah!"
cari_bengkel_by_lokasi,"Di Tangerang Selatan ada bengkel oli yang oke?"
cari_bengkel_by_lokasi,"Towing 24 jam di Palembang ada gak bro?"
cari_bengkel_by_lokasi,"Di Bogor ada bengkel kaki-kaki motor yang jago?"
cari_bengkel_by_lokasi,"Bengkel radiator di Pekanbaru yang bagus ada gak?"
cari_bengkel_by_lokasi,"Towing di Balikpapan yang murah malem ini ada?"
cari_bengkel_by_lokasi,"Di Solo ada bengkel mesin bensin yang oke nggak?"
cari_bengkel_by_lokasi,"Bengkel motor di Bandar Lampung yang buka pagi?"
cari_bengkel_by_lokasi,"Cari bengkel ban motor di Manado, yang kece dong!"
cari_bengkel_by_lokasi,"Towing di Cirebon yang cepet dateng pagi ini?"
cari_bengkel_by_lokasi,"Di Kuta Bali ada bengkel transmisi yang bagus?"
cari_bengkel_by_lokasi,"Bengkel servis rutin di Padang yang oke ada gak?"
cari_bengkel_by_lokasi,"Di Samarinda ada bengkel kaca mobil yang recommended?"
cari_bengkel_by_lokasi,"Bengkel motor 2-tak di Pontianak ada gak bro?"
cari_bengkel_by_lokasi,"Cari bengkel AC mobil di Batam, yang murah dong!"
cari_bengkel_by_lokasi,"Di Jakarta Timur ada bengkel cat mobil yang kece?"
cari_bengkel_by_lokasi,"Towing di Solo yang buka malem ini ada gak?"
cari_bengkel_by_lokasi,"Di Medan Denai ada bengkel rem yang oke?"
cari_bengkel_by_lokasi,"Bengkel mesin di Bekasi Utara yang bagus ada gak?"
cari_bengkel_by_lokasi,"Cari bengkel ganti oli di Denpasar Timur, bro!"
cari_bengkel_by_lokasi,"Towing di Surabaya Utara yang cepet dateng ada?"
cari_bengkel_by_lokasi,"Di Jakarta Pusat ada bengkel suspensi yang jago?"
cari_bengkel_by_lokasi,"Bengkel AC di Bandung Barat yang kece ada gak?"
cari_bengkel_by_lokasi,"Di Jogja ada bengkel ECU motor yang oke nggak?"
cari_bengkel_by_lokasi,"Towing 24 jam di Semarang yang murah ada gak?"
cari_bengkel_by_lokasi,"Di Malang ada bengkel kaki-kaki mobil yang bagus?"
cari_bengkel_by_lokasi,"Cari bengkel injektor motor di Depok, yang murah!"
cari_bengkel_by_lokasi,"Di Tangerang ada bengkel power steering yang oke?"
cari_bengkel_by_lokasi,"Towing di Palembang yang cepet respon ada gak?"
cari_bengkel_by_lokasi,"Di Bogor ada bengkel motor 2-tak yang jago nggak?"
cari_bengkel_by_lokasi,"Bengkel radiator di Pekanbaru yang bagus ada gak?"
cari_bengkel_by_lokasi,"Towing di Balikpapan yang murah malem ini ada?"
cari_bengkel_by_lokasi,"Di Solo ada bengkel mesin bensin yang oke nggak?"
cari_bengkel_by_lokasi,"Bengkel motor di Bandar Lampung yang buka pagi?"
cari_bengkel_by_lokasi,"Cari bengkel ban motor di Manado, yang kece dong!"
cari_bengkel_by_lokasi,"Towing di Cirebon yang cepet dateng pagi ini?"
cari_bengkel_by_lokasi,"Di Kuta Bali ada bengkel transmisi yang bagus?"
cari_bengkel_by_lokasi,"Bengkel servis rutin di Padang yang oke ada gak?"
cari_bengkel_by_lokasi,"Di Samarinda ada bengkel kaca mobil yang recommended?"
cari_bengkel_by_lokasi,"Bengkel motor 2-tak di Pontianak ada gak bro?"
cari_bengkel_by_lokasi,"Cari bengkel AC mobil di Batam, yang murah dong!"
cari_bengkel_by_lokasi,"Di Jakarta Timur ada bengkel cat mobil yang kece?"
cari_bengkel_by_lokasi,"Towing di Solo yang buka malem ini ada gak?"
cari_bengkel_by_lokasi,"Di Medan Helvetia ada bengkel motor yang oke?"
cari_bengkel_by_lokasi,"Bengkel rem tromol di Bekasi Selatan ada gak bro?"
cari_bengkel_by_lokasi,"Cari bengkel kaca mobil di Denpasar Barat, dong!"
cari_bengkel_by_lokasi,"Towing di Surabaya Selatan yang buka pagi ini?"
cari_bengkel_by_lokasi,"Di Jakarta Barat ada bengkel ECU yang jago?"
cari_bengkel_by_lokasi,"Bengkel cat mobil di Bandung Utara yang oke ada?"
cari_bengkel_by_lokasi,"Di Jogja ada bengkel AC motor yang bagus gak?"
cari_bengkel_by_lokasi,"Towing di Semarang yang cepet dateng ada gak?"
cari_bengkel_by_lokasi,"Di Malang ada bengkel power steering yang kece?"
cari_bengkel_by_lokasi,"Cari bengkel injektor motor di Depok, yang murah!"
cari_bengkel_by_lokasi,"Di Tangerang Selatan ada bengkel oli yang oke?"
cari_bengkel_by_lokasi,"Towing 24 jam di Palembang ada gak bro?"
cari_bengkel_by_lokasi,"Di Bogor ada bengkel kaki-kaki motor yang jago?"
cari_bengkel_by_lokasi,"Bengkel radiator di Pekanbaru yang bagus ada gak?"
cari_bengkel_by_lokasi,"Towing di Balikpapan yang murah malem ini ada?"
cari_bengkel_by_lokasi,"Di Solo ada bengkel mesin bensin yang oke nggak?"
cari_bengkel_by_lokasi,"Bengkel motor di Bandar Lampung yang buka pagi?"
cari_bengkel_by_lokasi,"Cari bengkel ban motor di Manado, yang kece dong!"
cari_bengkel_by_lokasi,"Towing di Cirebon yang cepet dateng pagi ini?"
cari_bengkel_by_lokasi,"Di Kuta Bali ada bengkel transmisi yang bagus?"
cari_bengkel_by_lokasi,"Bengkel servis rutin di Padang yang oke ada gak?"
cari_bengkel_by_lokasi,"Di Samarinda ada bengkel kaca mobil yang recommended?"
cari_bengkel_by_lokasi,"Bengkel motor 2-tak di Pontianak ada gak bro?"
cari_bengkel_by_lokasi,"Cari bengkel AC mobil di Batam, yang murah dong!"
cari_bengkel_by_lokasi,"Di Jakarta Timur ada bengkel cat mobil yang kece?"
cari_bengkel_by_lokasi,"Towing di Solo yang buka malem ini ada gak?"
cari_bengkel_by_lokasi,"Di Medan Denai ada bengkel rem yang oke?"
cari_bengkel_by_lokasi,"Bengkel mesin di Bekasi Utara yang bagus ada gak?"
cari_bengkel_by_lokasi,"Cari bengkel ganti oli di Denpasar Timur, bro!"
cari_bengkel_by_lokasi,"Towing di Surabaya Utara yang cepet dateng ada?"
cari_bengkel_by_lokasi,"Di Jakarta Pusat ada bengkel suspensi yang jago?"
cari_bengkel_by_lokasi,"Bengkel AC di Bandung Barat yang kece ada gak?"
cari_bengkel_by_lokasi,"Di Jogja ada bengkel ECU motor yang oke nggak?"
cari_bengkel_by_lokasi,"Towing 24 jam di Semarang yang murah ada gak?"
cari_bengkel_by_lokasi,"Di Malang ada bengkel kaki-kaki mobil yang bagus?"
cari_bengkel_by_lokasi,"Cari bengkel injektor motor di Depok, yang murah!"
cari_bengkel_by_lokasi,"Di Tangerang ada bengkel power steering yang oke?"
cari_bengkel_by_lokasi,"Towing di Palembang yang cepet respon ada gak?"
cari_bengkel_by_lokasi,"Di Bogor ada bengkel motor 2-tak yang jago nggak?"
cari_bengkel_by_lokasi,"Bengkel radiator di Pekanbaru yang bagus ada gak?"
cari_bengkel_by_lokasi,"Towing di Balikpapan yang murah malem ini ada?"
cari_bengkel_by_lokasi,"Di Solo ada bengkel mesin bensin yang oke nggak?"
cari_bengkel_by_lokasi,"Bengkel motor di Bandar Lampung yang buka pagi?"
cari_bengkel_by_lokasi,"Cari bengkel ban motor di Manado, yang kece dong!"
cari_bengkel_by_lokasi,"Towing di Cirebon yang cepet dateng pagi ini?"
cari_bengkel_by_lokasi,"Di Kuta Bali ada bengkel transmisi yang bagus?"
cari_bengkel_by_lokasi,"Bengkel servis rutin di Padang yang oke ada gak?"
cari_bengkel_by_lokasi,"Di Samarinda ada bengkel kaca mobil yang recommended?"
cari_bengkel_by_lokasi,"Bengkel motor 2-tak di Pontianak ada gak bro?"
cari_bengkel_by_lokasi,"Cari bengkel AC mobil di Batam, yang murah dong!"
cari_bengkel_by_lokasi,"Di Jakarta Timur ada bengkel cat mobil yang kece?"
cari_bengkel_by_lokasi,"Towing di Solo yang buka malem ini ada gak?"
cari_bengkel_by_lokasi,"Di Medan Helvetia ada bengkel motor yang oke?"
cari_bengkel_by_lokasi,"Bengkel rem tromol di Bekasi Selatan ada gak bro?"
cari_bengkel_by_lokasi,"Cari bengkel kaca mobil di Denpasar Barat, dong!"
cari_bengkel_by_lokasi,"Towing di Surabaya Selatan yang buka pagi ini?"
cari_bengkel_by_lokasi,"Di Jakarta Barat ada bengkel ECU yang jago?"
cari_bengkel_by_lokasi,"Bengkel cat mobil di Bandung Utara yang oke ada?"
cari_bengkel_by_lokasi,"Di Jogja ada bengkel AC motor yang bagus gak?"
cari_bengkel_by_lokasi,"Towing di Semarang yang cepet dateng ada gak?"
cari_bengkel_by_lokasi,"Di Malang ada bengkel power steering yang kece?"
cari_bengkel_by_lokasi,"Cari bengkel injektor motor di Depok, yang murah!"
cari_bengkel_by_lokasi,"Di Tangerang Selatan ada bengkel oli yang oke?"
cari_bengkel_by_lokasi,"Towing 24 jam di Palembang ada gak bro?"
cari_bengkel_by_lokasi,"Di Bogor ada bengkel kaki-kaki motor yang jago?"
cari_bengkel_by_lokasi,"Bengkel radiator di Pekanbaru yang bagus ada gak?"
cari_bengkel_by_lokasi,"Towing di Balikpapan yang murah malem ini ada?"
cari_bengkel_by_lokasi,"Di Solo ada bengkel mesin bensin yang oke nggak?"
cari_bengkel_by_lokasi,"Bengkel motor di Bandar Lampung yang buka pagi?"
cari_bengkel_by_lokasi,"Cari bengkel ban motor di Manado, yang kece dong!"
cari_bengkel_by_lokasi,"Towing di Cirebon yang cepet dateng pagi ini?"
cari_bengkel_by_lokasi,"Di Kuta Bali ada bengkel transmisi yang bagus?"
cari_bengkel_by_lokasi,"Bengkel servis rutin di Padang yang oke ada gak?"
cari_bengkel_by_lokasi,"Di Samarinda ada bengkel kaca mobil yang recommended?"
cari_bengkel_by_lokasi,"Bengkel motor 2-tak di Pontianak ada gak bro?"
cari_bengkel_by_lokasi,"Cari bengkel AC mobil di Batam, yang murah dong!"
cari_bengkel_by_lokasi,"Di Jakarta Timur ada bengkel cat mobil yang kece?"
cari_bengkel_by_lokasi,"Towing di Solo yang buka malem ini ada gak?"
cari_bengkel_by_lokasi,"Di Medan Denai ada bengkel rem yang oke?"
cari_bengkel_by_lokasi,"Bengkel mesin di Bekasi Utara yang bagus ada gak?"
cari_bengkel_by_lokasi,"Cari bengkel ganti oli di Denpasar Timur, bro!"
cari_bengkel_by_lokasi,"Towing di Surabaya Utara yang cepet dateng ada?"
cari_bengkel_by_lokasi,"Di Jakarta Pusat ada bengkel suspensi yang jago?"
cari_bengkel_by_lokasi,"Bengkel AC di Bandung Barat yang kece ada gak?"
cari_bengkel_by_lokasi,"Di Jogja ada bengkel ECU motor yang oke nggak?"
cari_bengkel_by_lokasi,"Towing 24 jam di Semarang yang murah ada gak?"
cari_bengkel_by_lokasi,"Di Malang ada bengkel kaki-kaki mobil yang bagus?"
cari_bengkel_by_lokasi,"Cari bengkel injektor motor di Depok, yang murah!"
cari_bengkel_by_lokasi,"Di Tangerang ada bengkel power steering yang oke?"
cari_bengkel_by_lokasi,"Towing di Palembang yang cepet respon ada gak?"
cari_bengkel_by_lokasi,"Di Bogor ada bengkel motor 2-tak yang jago nggak?"
cari_bengkel_by_lokasi,"Bengkel radiator di Pekanbaru yang bagus ada gak?"
cari_bengkel_by_lokasi,"Towing di Balikpapan yang murah malem ini ada?"
cari_bengkel_by_lokasi,"Di Solo ada bengkel mesin bensin yang oke nggak?"
cari_bengkel_by_lokasi,"Bengkel motor di Bandar Lampung yang buka pagi?"
cari_bengkel_by_lokasi,"Cari bengkel ban motor di Manado, yang kece dong!"
cari_bengkel_by_lokasi,"Towing di Cirebon yang cepet dateng pagi ini?"
cari_bengkel_by_lokasi,"Di Kuta Bali ada bengkel transmisi yang bagus?"
cari_bengkel_by_lokasi,"Bengkel servis rutin di Padang yang oke ada gak?"
cari_bengkel_by_lokasi,"Di Samarinda ada bengkel kaca mobil yang recommended?"
cari_bengkel_by_lokasi,"Bengkel motor 2-tak di Pontianak ada gak bro?"
cari_bengkel_by_lokasi,"Cari bengkel AC mobil di Batam, yang murah dong!"
cari_bengkel_by_lokasi,"Di Jakarta Timur ada bengkel cat mobil yang kece?"
cari_bengkel_by_lokasi,"Towing di Solo yang buka malem ini ada gak?"
cari_bengkel_by_lokasi,"Di Medan Helvetia ada bengkel motor yang oke?"
cari_bengkel_by_lokasi,"Bengkel rem tromol di Bekasi Selatan ada gak bro?"
cari_bengkel_by_lokasi,"Cari bengkel kaca mobil di Denpasar Barat, dong!"
cari_bengkel_by_lokasi,"Towing di Surabaya Selatan yang buka pagi ini?"
cari_bengkel_by_lokasi,"Di Jakarta Barat ada bengkel ECU yang jago?"
cari_bengkel_by_lokasi,"Bengkel cat mobil di Bandung Utara yang oke ada?"
cari_bengkel_by_lokasi,"Di Jogja ada bengkel AC motor yang bagus gak?"
cari_bengkel_by_lokasi,"Towing di Semarang yang cepet dateng ada gak?"
cari_bengkel_by_lokasi,"Di Malang ada bengkel power steering yang kece?"
cari_bengkel_by_lokasi,"Cari bengkel injektor motor di Depok, yang murah!"
cari_bengkel_by_lokasi,"Di Tangerang Selatan ada bengkel oli yang oke?"
cari_bengkel_by_lokasi,"Towing 24 jam di Palembang ada gak bro?"
cari_bengkel_by_lokasi,"Di Bogor ada bengkel kaki-kaki motor yang jago?"
cari_bengkel_by_lokasi,"Bengkel radiator di Pekanbaru yang bagus ada gak?"
cari_bengkel_by_lokasi,"Towing di Balikpapan yang murah malem ini ada?"
cari_bengkel_by_lokasi,"Di Solo ada bengkel mesin bensin yang oke nggak?"
cari_bengkel_by_lokasi,"Bengkel motor di Bandar Lampung yang buka pagi?"
cari_bengkel_by_lokasi,"Cari bengkel ban motor di Manado, yang kece dong!"
cari_bengkel_by_lokasi,"Towing di Cirebon yang cepet dateng pagi ini?"
cari_bengkel_by_lokasi,"Di Kuta Bali ada bengkel transmisi yang bagus?"
cari_bengkel_by_lokasi,"Bengkel servis rutin di Padang yang oke ada gak?"
cari_bengkel_by_lokasi,"Di Samarinda ada bengkel kaca mobil yang recommended?"
cari_bengkel_by_lokasi,"Bengkel motor 2-tak di Pontianak ada gak bro?"
cari_bengkel_by_lokasi,"Cari bengkel AC mobil di Batam, yang murah dong!"
cari_bengkel_by_lokasi,"Di Jakarta Timur ada bengkel cat mobil yang kece?"
cari_bengkel_by_lokasi,"Towing di Solo yang buka malem ini ada gak?"
cari_bengkel_by_lokasi,"Di Medan Denai ada bengkel rem yang oke?"
cari_bengkel_by_lokasi,"Bengkel mesin di Bekasi Utara yang bagus ada gak?"
cari_bengkel_by_lokasi,"Cari bengkel ganti oli di Denpasar Timur, bro!"
cari_bengkel_by_lokasi,"Towing di Surabaya Utara yang cepet dateng ada?"
cari_bengkel_by_lokasi,"Di Jakarta Pusat ada bengkel suspensi yang jago?"
cari_bengkel_by_lokasi,"Bengkel AC di Bandung Barat yang kece ada gak?"
cari_bengkel_by_lokasi,"Di Jogja ada bengkel ECU motor yang oke nggak?"
cari_bengkel_by_lokasi,"Towing 24 jam di Semarang yang murah ada gak?"
cari_bengkel_by_lokasi,"Di Malang ada bengkel kaki-kaki mobil yang bagus?"
cari_bengkel_by_lokasi,"Cari bengkel injektor motor di Depok, yang murah!"
cari_bengkel_by_lokasi,"Di Tangerang ada bengkel power steering yang oke?"
cari_bengkel_by_lokasi,"Towing di Palembang yang cepet respon ada gak?"
cari_bengkel_by_lokasi,"Di Bogor ada bengkel motor 2-tak yang jago nggak?"
cari_bengkel_by_lokasi,"Bengkel radiator di Pekanbaru yang bagus ada gak?"
cari_bengkel_by_lokasi,"Towing di Balikpapan yang murah malem ini ada?"
cari_bengkel_by_lokasi,"Di Solo ada bengkel mesin bensin yang oke nggak?"
cari_bengkel_by_lokasi,"Bengkel motor di Bandar Lampung yang buka pagi?"
cari_bengkel_by_lokasi,"Cari bengkel ban motor di Manado, yang kece dong!"
cari_bengkel_by_lokasi,"Towing di Cirebon yang cepet dateng pagi ini?"
cari_bengkel_by_lokasi,"Di Kuta Bali ada bengkel transmisi yang bagus?"
cari_bengkel_by_lokasi,"Bengkel servis rutin di Padang yang oke ada gak?"
cari_bengkel_by_lokasi,"Di Samarinda ada bengkel kaca mobil yang recommended?"
cari_bengkel_by_lokasi,"Bengkel motor 2-tak di Pontianak ada gak bro?"
cari_bengkel_by_lokasi,"Cari bengkel AC mobil di Batam, yang murah dong!"
cari_bengkel_by_lokasi,"Di Jakarta Timur ada bengkel cat mobil yang kece?"
cari_bengkel_by_lokasi,"Towing di Solo yang buka malem ini ada gak?"
cari_bengkel_by_lokasi,"Di Medan Helvetia ada bengkel motor yang oke?"
cari_bengkel_by_lokasi,"Bengkel rem tromol di Bekasi Selatan ada gak bro?"
cari_bengkel_by_lokasi,"Cari bengkel kaca mobil di Denpasar Barat, dong!"
cari_bengkel_by_lokasi,"Towing di Surabaya Selatan yang buka pagi ini?"
cari_bengkel_by_lokasi,"Di Jakarta Barat ada bengkel ECU yang jago?"
cari_bengkel_by_lokasi,"Bengkel cat mobil di Bandung Utara yang oke ada?"
cari_bengkel_by_lokasi,"Di Jogja ada bengkel AC motor yang bagus gak?"
cari_bengkel_by_lokasi,"Towing di Semarang yang cepet dateng ada gak?"
cari_bengkel_by_lokasi,"Di Malang ada bengkel power steering yang kece?"
cari_bengkel_by_lokasi,"Cari bengkel injektor motor di Depok, yang murah!"
cari_bengkel_by_lokasi,"Di Tangerang Selatan ada bengkel oli yang oke?"
cari_bengkel_by_lokasi,"Towing 24 jam di Palembang ada gak bro?"
cari_bengkel_by_lokasi,"Di Bogor ada bengkel kaki-kaki motor yang jago?"
cari_bengkel_by_lokasi,"Bengkel radiator di Pekanbaru yang bagus ada gak?"
cari_bengkel_by_lokasi,"Towing di Balikpapan yang murah malem ini ada?"
cari_bengkel_by_lokasi,"Di Solo ada bengkel mesin bensin yang oke nggak?"
cari_bengkel_by_lokasi,"Bengkel motor di Bandar Lampung yang buka pagi?"
cari_bengkel_by_lokasi,"Cari bengkel ban motor di Manado, yang kece dong!"
cari_bengkel_by_lokasi,"Towing di Cirebon yang cepet dateng pagi ini?"
cari_bengkel_by_lokasi,"Di Kuta Bali ada bengkel transmisi yang bagus?"
cari_bengkel_by_lokasi,"Bengkel servis rutin di Padang yang oke ada gak?"
cari_bengkel_by_lokasi,"Di Samarinda ada bengkel kaca mobil yang recommended?"
cari_bengkel_by_lokasi,"Bengkel motor 2-tak di Pontianak ada gak bro?"
cari_bengkel_by_lokasi,"Cari bengkel AC mobil di Batam, yang murah dong!"
cari_bengkel_by_lokasi,"Di Jakarta Timur ada bengkel cat mobil yang kece?"
cari_bengkel_by_lokasi,"Towing di Solo yang buka malem ini ada gak?"
cari_bengkel_by_lokasi,"Di Medan Denai ada bengkel rem yang oke?"
cari_bengkel_by_lokasi,"Bengkel mesin di Bekasi Utara yang bagus ada gak?"
cari_bengkel_by_lokasi,"Cari bengkel ganti oli di Denpasar Timur, bro!"
cari_bengkel_by_lokasi,"Towing di Surabaya Utara yang cepet dateng ada?"
cari_bengkel_by_lokasi,"Di Jakarta Pusat ada bengkel suspensi yang jago?"
cari_bengkel_by_lokasi,"Bengkel AC di Bandung Barat yang kece ada gak?"
cari_bengkel_by_lokasi,"Di Jogja ada bengkel ECU motor yang oke nggak?"
cari_bengkel_by_lokasi,"Towing 24 jam di Semarang yang murah ada gak?"
cari_bengkel_by_lokasi,"Di Malang ada bengkel kaki-kaki mobil yang bagus?"
cari_bengkel_by_lokasi,"Cari bengkel injektor motor di Depok, yang murah!"
cari_bengkel_by_lokasi,"Di Tangerang ada bengkel power steering yang oke?"
cari_bengkel_by_lokasi,"Towing di Palembang yang cepet respon ada gak?"
cari_bengkel_by_lokasi,"Di Bogor ada bengkel motor 2-tak yang jago nggak?"
cari_bengkel_by_lokasi,"Bengkel radiator di Pekanbaru yang bagus ada gak?"
cari_bengkel_by_lokasi,"Towing di Balikpapan yang murah malem ini ada?"
cari_bengkel_by_lokasi,"Di Solo ada bengkel mesin bensin yang oke nggak?"
cari_bengkel_by_lokasi,"Bengkel motor di Bandar Lampung yang buka pagi?"
cari_bengkel_by_lokasi,"Cari bengkel ban motor di Manado, yang kece dong!"
cari_bengkel_by_lokasi,"Towing di Cirebon yang cepet dateng pagi ini?"
cari_bengkel_by_lokasi,"Di Kuta Bali ada bengkel transmisi yang bagus?"
cari_bengkel_by_lokasi,"Bengkel servis rutin di Padang yang oke ada gak?"
cari_bengkel_by_lokasi,"Di Samarinda ada bengkel kaca mobil yang recommended?"
cari_bengkel_by_lokasi,"Bengkel motor 2-tak di Pontianak ada gak bro?"
cari_bengkel_by_lokasi,"Cari bengkel AC mobil di Batam, yang murah dong!"
cari_bengkel_by_lokasi,"Di Jakarta Timur ada bengkel cat mobil yang kece?"
cari_bengkel_by_lokasi,"Towing di Solo yang buka malem ini ada gak?"
cari_bengkel_by_lokasi,"Di Medan Helvetia ada bengkel motor yang oke?"      
cari_bengkel_by_lokasi,"Ada bengkel 24 jam di Cikarang ga sih? Mobil gw kumat nih"
cari_bengkel_by_lokasi,"Gengs, butuh bengkel keren di BSD nih, ada rekom?"
cari_bengkel_by_lokasi,"Woy ada yg tau bengkel murah di Depok? Motor bunyi kenceng banget"
cari_bengkel_by_lokasi,"Pusing banget nyari bengkel AC mobil di Batam, ada yg bagus?"
cari_bengkel_by_lokasi,"Bengkel buat turun mesin di Palembang mana ya? Darurat!"
cari_bengkel_by_lokasi,"Di daerah Jogja mana bengkel yg jujur? Takut ditipu nih"
cari_bengkel_by_lokasi,"Ada bengkel spesialis European car di Surabaya barat ga?"
cari_bengkel_by_lokasi,"Butuh towing cepat di Makassar, nomornya ada ga?"
cari_bengkel_by_lokasi,"Lagi nyari bengkel body repair oke di Tangerang, help dong!"
cari_bengkel_by_lokasi,"Ada yg pernah servis di bengkel daerah Bandung? Rekomin dong"
cari_bengkel_by_lokasi,"Warga Bekasi sini tau bengkel buka Minggu ga?"
cari_bengkel_by_lokasi,"Bengkel khusus Honda di Medan yg bagus dimana ya?"
cari_bengkel_by_lokasi,"Kepepet nih butuh bengkel di Semarang yg buka malem"
cari_bengkel_by_lokasi,"Di Balikpapan ada bengkel khusus rem ga sih? Rem blong euy"
cari_bengkel_by_lokasi,"Nyari bengkel gigi mobil di Bogor yg harga ga gila-gilaan"
cari_bengkel_by_lokasi,"Ada bengkel jago kelistrikan di Denpasar? Mobil mati total"
cari_bengkel_by_lokasi,"Butuh towing dari Cirebon ke Jakarta, ada kontak?"
cari_bengkel_by_lokasi,"Woy bengkel di Malang yg bisa perbaiki turbo ada ga?"
cari_bengkel_by_lokasi,"Di sekitaran Pademangan Jakarta ada bengkel bagus ga?"
cari_bengkel_by_lokasi,"Kebon Jeruk area ada bengkel khusus BMW ga ya?"
cari_bengkel_by_lokasi,"Motor mogok di daerah Gresik, ada bengkel terdekat?"
cari_bengkel_by_lokasi,"SOS! Butuh bengkel darurat di Pekanbaru ASAP!"
cari_bengkel_by_lokasi,"Ada yg tau bengkel cat mobil murah di Tegal? Kena baret nih"
cari_bengkel_by_lokasi,"Di Samarinda mana bengkel yg jual onderdil ori?"
cari_bengkel_by_lokasi,"Bengkel buat ganti oli matic di Pontianak yg recommended"
cari_bengkel_by_lokasi,"Butuh bengkel jago turbo di Manado, ada referensi?"
cari_bengkel_by_lokasi,"Di Bintaro ada bengkel yg bisa handle Mercedes?"
cari_bengkel_by_lokasi,"Mobil kepanasan di Lombok, bengkel AC yg bagus dmn?"
cari_bengkel_by_lokasi,"Ada bengkel khusus Daihatsu di Yogyakarta? Aku butuh!"
cari_bengkel_by_lokasi,"Tolong info bengkel murah di Karawang buat motor tua"
cari_bengkel_by_lokasi,"Di sekitar SCBD ada bengkel premium ga sih? Mobil gw ngambek"
cari_bengkel_by_lokasi,"Warga Padang sini, bengkel 24 jam ada ga ya?"
cari_bengkel_by_lokasi,"Nyari bengkel jujur di Banjarmasin buat perbaiki mesin diesel"
cari_bengkel_by_lokasi,"Di Cibubur ada bengkel yg bisa handle hybrid car?"
cari_bengkel_by_lokasi,"Ada bengkel khusus kopling di Surakarta? Kopling licin nih"
cari_bengkel_by_lokasi,"Butuh towing cepat dari Depok ke Bogor, ada yg bisa?"
cari_bengkel_by_lokasi,"Di daerah Puncak ada bengkel buka akhir pekan ga?"
cari_bengkel_by_lokasi,"Bengkel AC truk di Cilegon yg bagus dmn ya?"
cari_bengkel_by_lokasi,"Woy di Kupang ada bengkel buat perbaiki radiator?"
cari_bengkel_by_lokasi,"Di Purwokerto mana bengkel yg jual ban murah?"
cari_bengkel_by_lokasi,"Ada bengkel jago kelistrikan di Jayapura? Mobil mati lampu"
cari_bengkel_by_lokasi,"Butuh bengkel khusus Nissan di Serang, ada info?"
cari_bengkel_by_lokasi,"Di Mataram ada bengkel yg bisa perbaiki injector?"
cari_bengkel_by_lokasi,"Bengkel buat ganti kampas rem di Madiun yg oke dmn?"
cari_bengkel_by_lokasi,"Ada yg tau bengkel murah di Kediri buat motor?"
cari_bengkel_by_lokasi,"Di Cikampek ada bengkel buka malem ga sih? Kepepet banget"
cari_bengkel_by_lokasi,"Butuh bengkel jago transmisi di Ambon, help!"
cari_bengkel_by_lokasi,"Bengkel khusus Peugeot di Bandung ada ga ya?"
cari_bengkel_by_lokasi,"Di Balaraja Tangerang ada bengkel rekomendasi ga?"
cari_bengkel_by_lokasi,"Warga Jember, bengkel buat turun mesin motor dimana?"
cari_bengkel_by_lokasi,"Ada bengkel spesialis suspensi di Pekalongan?"
cari_bengkel_by_lokasi,"Di Tarakan ada bengkel yg jual aki mobil?"
cari_bengkel_by_lokasi,"Butuh towing dari Sukabumi ke Bandung, kontak dong"
cari_bengkel_by_lokasi,"Bengkel AC bagus di Probolinggo dmn ya? Panas banget"
cari_bengkel_by_lokasi,"Di Sidoarjo ada bengkel yg bisa handle luxury car?"
cari_bengkel_by_lokasi,"Ada bengkel jujur di Banda Aceh? Takut ditipu"
cari_bengkel_by_lokasi,"Nyari bengkel khusus mesin diesel di Cirebon"
cari_bengkel_by_lokasi,"Di Salatiga ada bengkel yg buka hari libur ga?"
cari_bengkel_by_lokasi,"Woy di Garut mana bengkel buat perbaiki rem ABS?"
cari_bengkel_by_lokasi,"Butuh bengkel cepat di Tegal untuk ganti oli"
cari_bengkel_by_lokasi,"Ada bengkel 24 jam di Batam Centre? Mobil mogok"
cari_bengkel_by_lokasi,"Di Lampung ada bengkel spesialis kopling ga sih?"
cari_bengkel_by_lokasi,"Bengkel buat periksa getaran mesin di Bogor dmn?"
cari_bengkel_by_lokasi,"Di Balikpapan ada bengkel yg bisa handle Land Rover?"
cari_bengkel_by_lokasi,"Ada yg tau bengkel murah di Purwakarta buat motor?"
cari_bengkel_by_lokasi,"Butuh towing dari Semarang ke Solo, ada kontak?"
cari_bengkel_by_lokasi,"Di Manado mana bengkel yg jual onderdil Toyota?"
cari_bengkel_by_lokasi,"Bengkel khusus Hyundai di Depok ada ga ya?"
cari_bengkel_by_lokasi,"Warga Palembang, bengkel buat perbaiki AC dmn?"
cari_bengkel_by_lokasi,"Di Palu ada bengkel buka malem ga? Kepepet banget"
cari_bengkel_by_lokasi,"Ada bengkel jago karburator di Yogyakarta?"
cari_bengkel_by_lokasi,"Nyari bengkel body repair murah di Tangerang Selatan"
cari_bengkel_by_lokasi,"Di Samarinda mana bengkel yg bisa perbaiki turbo?"
cari_bengkel_by_lokasi,"Butuh bengkel spesialis rem di Malang, ada rekom?"
cari_bengkel_by_lokasi,"Ada bengkel khusus Suzuki di Pontianak?"
cari_bengkel_by_lokasi,"Di Cikarang ada bengkel yg jual ban mobil?"
cari_bengkel_by_lokasi,"Bengkel buat ganti kampas rem di Pekanbaru dmn?"
cari_bengkel_by_lokasi,"Woy di Makassar ada bengkel buka Minggu ga?"
cari_bengkel_by_lokasi,"Di Serpong ada bengkel premium buat European car?"
cari_bengkel_by_lokasi,"Butuh bengkel cepat di Bandung buat ganti aki"
cari_bengkel_by_lokasi,"Ada bengkel 24 jam di sekitar Kelapa Gading?"
cari_bengkel_by_lokasi,"Di Medan mana bengkel yg jujur buat servis rutin?"
cari_bengkel_by_lokasi,"Bengkel khusus Mitsubishi di Surabaya ada ga?"
cari_bengkel_by_lokasi,"Warga Banjar, bengkel buat turun mesin mobil dmn?"
cari_bengkel_by_lokasi,"Di Lombok ada bengkel yg bisa handle BMW?"
cari_bengkel_by_lokasi,"Ada bengkel spesialis kopling di Bogor?"
cari_bengkel_by_lokasi,"Nyari bengkel murah di Depok buat ganti oli motor"
cari_bengkel_by_lokasi,"Di Jayapura mana bengkel yg buka akhir pekan?"
cari_bengkel_by_lokasi,"Butuh towing dari Cirebon ke Bandung, kontak dong"
cari_bengkel_by_lokasi,"Bengkel AC bagus di Semarang dmn ya? Panas banget"
cari_bengkel_by_lokasi,"Di Tangerang ada bengkel yg bisa handle hybrid?"
cari_bengkel_by_lokasi,"Ada bengkel jujur di Mataram? Takut ditipu lagi"
cari_bengkel_by_lokasi,"Nyari bengkel khusus mesin diesel di Sidoarjo"
cari_bengkel_by_lokasi,"Di Salatiga ada bengkel buka hari libur ga?"
cari_bengkel_by_lokasi,"Woy di Garut mana bengkel buat perbaiki rem ABS?"
cari_bengkel_by_lokasi,"Butuh bengkel cepat di Tegal untuk ganti oli"
cari_bengkel_by_lokasi,"Ada bengkel 24 jam di Batam Centre? Mobil mogok"
cari_bengkel_by_lokasi,"Di Lampung ada bengkel spesialis kopling ga sih?"
cari_bengkel_by_lokasi,"Bengkel buat periksa getaran mesin di Bogor dmn?"
cari_bengkel_by_lokasi,"Di Balikpapan ada bengkel yg bisa handle Land Rover?"
cari_bengkel_by_lokasi,"Ada yg tau bengkel murah di Purwakarta buat motor?"
cari_bengkel_by_lokasi,"Butuh towing dari Semarang ke Solo, ada kontak?"
cari_bengkel_by_lokasi,"Di Manado mana bengkel yg jual onderdil Toyota?"
cari_bengkel_by_lokasi,"Bengkel khusus Hyundai di Depok ada ga ya?"
cari_bengkel_by_lokasi,"Warga Palembang, bengkel buat perbaiki AC dmn?"
cari_bengkel_by_lokasi,"Di Palu ada bengkel buka malem ga? Kepepet banget"
cari_bengkel_by_lokasi,"Ada bengkel jago karburator di Yogyakarta?"
cari_bengkel_by_lokasi,"Nyari bengkel body repair murah di Tangerang Selatan"
cari_bengkel_by_lokasi,"Di Samarinda mana bengkel yg bisa perbaiki turbo?"
cari_bengkel_by_lokasi,"Butuh bengkel spesialis rem di Malang, ada rekom?"
cari_bengkel_by_lokasi,"Ada bengkel khusus Suzuki di Pontianak?"
cari_bengkel_by_lokasi,"Di Cikarang ada bengkel yg jual ban mobil?"
cari_bengkel_by_lokasi,"Bengkel buat ganti kampas rem di Pekanbaru dmn?"
cari_bengkel_by_lokasi,"Woy di Makassar ada bengkel buka Minggu ga?"
cari_bengkel_by_lokasi,"Di Serpong ada bengkel premium buat European car?"
cari_bengkel_by_lokasi,"Butuh bengkel cepat di Bandung buat ganti aki"
cari_bengkel_by_lokasi,"Ada bengkel 24 jam di sekitar Kelapa Gading?"
cari_bengkel_by_lokasi,"Di Medan mana bengkel yg jujur buat servis rutin?"
cari_bengkel_by_lokasi,"Bengkel khusus Mitsubishi di Surabaya ada ga?"
cari_bengkel_by_lokasi,"Warga Banjar, bengkel buat turun mesin mobil dmn?"
cari_bengkel_by_lokasi,"Di Lombok ada bengkel yg bisa handle BMW?"
cari_bengkel_by_lokasi,"Ada bengkel spesialis kopling di Bogor?"
cari_bengkel_by_lokasi,"Nyari bengkel murah di Depok buat ganti oli motor"
cari_bengkel_by_lokasi,"Di Jayapura mana bengkel yg buka akhir pekan?"
cari_bengkel_by_lokasi,"Butuh towing dari Cirebon ke Bandung, kontak dong"
cari_bengkel_by_lokasi,"Bengkel AC bagus di Semarang dmn ya? Panas banget"
cari_bengkel_by_lokasi,"Di Tangerang ada bengkel yg bisa handle hybrid?"
cari_bengkel_by_lokasi,"Ada bengkel jujur di Mataram? Takut ditipu lagi"
cari_bengkel_by_lokasi,"Nyari bengkel khusus mesin diesel di Sidoarjo"
cari_bengkel_by_lokasi,"Di Salatiga ada bengkel buka hari libur ga?"
cari_bengkel_by_lokasi,"Woy di Garut mana bengkel buat perbaiki rem ABS?"
cari_bengkel_by_lokasi,"Butuh bengkel cepat di Tegal untuk ganti oli"
cari_bengkel_by_lokasi,"Ada bengkel 24 jam di Batam Centre? Mobil mogok"
cari_bengkel_by_lokasi,"Di Lampung ada bengkel spesialis kopling ga sih?"
cari_bengkel_by_lokasi,"Bengkel buat periksa getaran mesin di Bogor dmn?"
cari_bengkel_by_lokasi,"Di Balikpapan ada bengkel yg bisa handle Land Rover?"
cari_bengkel_by_lokasi,"Ada yg tau bengkel murah di Purwakarta buat motor?"
cari_bengkel_by_lokasi,"Butuh towing dari Semarang ke Solo, ada kontak?"
cari_bengkel_by_lokasi,"Di Manado mana bengkel yg jual onderdil Toyota?"
cari_bengkel_by_lokasi,"Bengkel khusus Hyundai di Depok ada ga ya?"
cari_bengkel_by_lokasi,"Warga Palembang, bengkel buat perbaiki AC dmn?"
cari_bengkel_by_lokasi,"Di Palu ada bengkel buka malem ga? Kepepet banget"
cari_bengkel_by_lokasi,"Ada bengkel jago karburator di Yogyakarta?"
cari_bengkel_by_lokasi,"Nyari bengkel body repair murah di Tangerang Selatan"
cari_bengkel_by_lokasi,"Di Samarinda mana bengkel yg bisa perbaiki turbo?"
cari_bengkel_by_lokasi,"Butuh bengkel spesialis rem di Malang, ada rekom?"
cari_bengkel_by_lokasi,"Ada bengkel khusus Suzuki di Pontianak?"
cari_bengkel_by_lokasi,"Di Cikarang ada bengkel yg jual ban mobil?"
cari_bengkel_by_lokasi,"Bengkel buat ganti kampas rem di Pekanbaru dmn?"
cari_bengkel_by_lokasi,"Woy di Makassar ada bengkel buka Minggu ga?"
cari_bengkel_by_lokasi,"Di Serpong ada bengkel premium buat European car?"
cari_bengkel_by_lokasi,"Butuh bengkel cepat di Bandung buat ganti aki"
cari_bengkel_by_lokasi,"Ada bengkel 24 jam di sekitar Kelapa Gading?"
cari_bengkel_by_lokasi,"Di Medan mana bengkel yg jujur buat servis rutin?"
cari_bengkel_by_lokasi,"Bengkel khusus Mitsubishi di Surabaya ada ga?"
cari_bengkel_by_lokasi,"Warga Banjar, bengkel buat turun mesin mobil dmn?"
cari_bengkel_by_lokasi,"Di Lombok ada bengkel yg bisa handle BMW?"
cari_bengkel_by_lokasi,"Ada bengkel spesialis kopling di Bogor?"
cari_bengkel_by_lokasi,"Nyari bengkel murah di Depok buat ganti oli motor"
cari_bengkel_by_lokasi,"Di Jayapura mana bengkel yg buka akhir pekan?"
cari_bengkel_by_lokasi,"Butuh towing dari Cirebon ke Bandung, kontak dong"
cari_bengkel_by_lokasi,"Bengkel AC bagus di Semarang dmn ya? Panas banget"
cari_bengkel_by_lokasi,"Di Tangerang ada bengkel yg bisa handle hybrid?"
cari_bengkel_by_lokasi,"Ada bengkel jujur di Mataram? Takut ditipu lagi"
cari_bengkel_by_lokasi,"Nyari bengkel khusus mesin diesel di Sidoarjo"
cari_bengkel_by_lokasi,"Di Salatiga ada bengkel buka hari libur ga?"
cari_bengkel_by_lokasi,"Woy di Garut mana bengkel buat perbaiki rem ABS?"
cari_bengkel_by_lokasi,"Butuh bengkel cepat di Tegal untuk ganti oli"
cari_bengkel_by_lokasi,"Ada bengkel 24 jam di Batam Centre? Mobil mogok"
cari_bengkel_by_lokasi,"Di Lampung ada bengkel spesialis kopling ga sih?"
cari_bengkel_by_lokasi,"Bengkel buat periksa getaran mesin di Bogor dmn?"
cari_bengkel_by_lokasi,"Di Balikpapan ada bengkel yg bisa handle Land Rover?"
cari_bengkel_by_lokasi,"Ada yg tau bengkel murah di Purwakarta buat motor?"
cari_bengkel_by_lokasi,"Butuh towing dari Semarang ke Solo, ada kontak?"
cari_bengkel_by_lokasi,"Di Manado mana bengkel yg jual onderdil Toyota?"
cari_bengkel_by_lokasi,"Bengkel khusus Hyundai di Depok ada ga ya?"
cari_bengkel_by_lokasi,"Warga Palembang, bengkel buat perbaiki AC dmn?"
cari_bengkel_by_lokasi,"Di Palu ada bengkel buka malem ga? Kepepet banget"
cari_bengkel_by_lokasi,"Ada bengkel jago karburator di Yogyakarta?"
cari_bengkel_by_lokasi,"Nyari bengkel body repair murah di Tangerang Selatan"
cari_bengkel_by_lokasi,"Di Samarinda mana bengkel yg bisa perbaiki turbo?"
cari_bengkel_by_lokasi,"Butuh bengkel spesialis rem di Malang, ada rekom?"
cari_bengkel_by_lokasi,"Ada bengkel khusus Suzuki di Pontianak?"
cari_bengkel_by_lokasi,"Di Cikarang ada bengkel yg jual ban mobil?"
cari_bengkel_by_lokasi,"Bengkel buat ganti kampas rem di Pekanbaru dmn?"
cari_bengkel_by_lokasi,"Woy di Makassar ada bengkel buka Minggu ga?"
cari_bengkel_by_lokasi,"Di Serpong ada bengkel premium buat European car?"
cari_bengkel_by_lokasi,"Butuh bengkel cepat di Bandung buat ganti aki"
cari_bengkel_by_lokasi,"Ada bengkel 24 jam di sekitar Kelapa Gading?"
cari_bengkel_by_lokasi,"Di Medan mana bengkel yg jujur buat servis rutin?"
cari_bengkel_by_lokasi,"Bengkel khusus Mitsubishi di Surabaya ada ga?"
cari_bengkel_by_lokasi,"Warga Banjar, bengkel buat turun mesin mobil dmn?"
cari_bengkel_by_lokasi,"Di Lombok ada bengkel yg bisa handle BMW?"
cari_bengkel_by_lokasi,"Ada bengkel spesialis kopling di Bogor?"
cari_bengkel_by_lokasi,"Nyari bengkel murah di Depok buat ganti oli motor"
cari_bengkel_by_lokasi,"Di Jayapura mana bengkel yg buka akhir pekan?"
cari_bengkel_by_lokasi,"Butuh towing dari Cirebon ke Bandung, kontak dong"
cari_bengkel_by_lokasi,"Bengkel AC bagus di Semarang dmn ya? Panas banget"
cari_bengkel_by_lokasi,"Di Tangerang ada bengkel yg bisa handle hybrid?"
cari_bengkel_by_lokasi,"Ada bengkel jujur di Mataram? Takut ditipu lagi"
cari_bengkel_by_lokasi,"Nyari bengkel khusus mesin diesel di Sidoarjo"
cari_bengkel_by_lokasi,"Di Salatiga ada bengkel buka hari libur ga?"
cari_bengkel_by_lokasi,"Woy di Garut mana bengkel buat perbaiki rem ABS?"
cari_bengkel_by_lokasi,"Butuh bengkel cepat di Tegal untuk ganti oli"
cari_bengkel_by_lokasi,"Ada bengkel 24 jam di Batam Centre? Mobil mogok"
cari_bengkel_by_lokasi,"Di Lampung ada bengkel spesialis kopling ga sih?"
cari_bengkel_by_lokasi,"Bengkel buat periksa getaran mesin di Bogor dmn?"
cari_bengkel_by_lokasi,"Di Balikpapan ada bengkel yg bisa handle Land Rover?"
cari_bengkel_by_lokasi,"Ada yg tau bengkel murah di Purwakarta buat motor?"
cari_bengkel_by_lokasi,"Butuh towing dari Semarang ke Solo, ada kontak?"
cari_bengkel_by_lokasi,"Di Manado mana bengkel yg jual onderdil Toyota?"
cari_bengkel_by_lokasi,"Bengkel khusus Hyundai di Depok ada ga ya?"
cari_bengkel_by_lokasi,"Warga Palembang, bengkel buat perbaiki AC dmn?"
cari_bengkel_by_lokasi,"Di Palu ada bengkel buka malem ga? Kepepet banget"
cari_bengkel_by_lokasi,"Ada bengkel jago karburator di Yogyakarta?"
cari_bengkel_by_lokasi,"Nyari bengkel body repair murah di Tangerang Selatan"
cari_bengkel_by_lokasi,"Di Samarinda mana bengkel yg bisa perbaiki turbo?"
cari_bengkel_by_lokasi,"Butuh bengkel spesialis rem di Malang, ada rekom?"
cari_bengkel_by_lokasi,"Ada bengkel khusus Suzuki di Pontianak?"
cari_bengkel_by_lokasi,"Di Cikarang ada bengkel yg jual ban mobil?"
cari_bengkel_by_lokasi,"Bengkel buat ganti kampas rem di Pekanbaru dmn?"
cari_bengkel_by_lokasi,"Woy di Makassar ada bengkel buka Minggu ga?"
cari_bengkel_by_lokasi,"Di Serpong ada bengkel premium buat European car?"
cari_bengkel_by_lokasi,"Butuh bengkel cepat di Bandung buat ganti aki"
cari_bengkel_by_lokasi,"Ada bengkel 24 jam di sekitar Kelapa Gading?"
cari_bengkel_by_lokasi,"Di Medan mana bengkel yg jujur buat servis rutin?"
cari_bengkel_by_lokasi,"Bengkel khusus Mitsubishi di Surabaya ada ga?"
cari_bengkel_by_lokasi,"Warga Banjar, bengkel buat turun mesin mobil dmn?"
cari_bengkel_by_lokasi,"Di Lombok ada bengkel yg bisa handle BMW?"
cari_bengkel_by_lokasi,"Ada bengkel spesialis kopling di Bogor?"
cari_bengkel_by_lokasi,"Nyari bengkel murah di Depok buat ganti oli motor"
cari_bengkel_by_lokasi,"Di Jayapura mana bengkel yg buka akhir pekan?"
cari_bengkel_by_lokasi,"Butuh towing dari Cirebon ke Bandung, kontak dong"
cari_bengkel_by_lokasi,"Bengkel AC bagus di Semarang dmn ya? Panas banget"
cari_bengkel_by_lokasi,"Di Tangerang ada bengkel yg bisa handle hybrid?"
cari_bengkel_by_lokasi,"Ada bengkel jujur di Mataram? Takut ditipu lagi"
cari_bengkel_by_lokasi,"Nyari bengkel khusus mesin diesel di Sidoarjo"
cari_bengkel_by_lokasi,"Di Salatiga ada bengkel buka hari libur ga?"
cari_bengkel_by_lokasi,"Woy di Garut mana bengkel buat perbaiki rem ABS?"
cari_bengkel_by_lokasi,"Butuh bengkel cepat di Tegal untuk ganti oli"
cari_bengkel_by_lokasi,"Ada bengkel 24 jam di Batam Centre? Mobil mogok"
cari_bengkel_by_lokasi,"Di Lampung ada bengkel spesialis kopling ga sih?"
cari_bengkel_by_lokasi,"Bengkel buat periksa getaran mesin di Bogor dmn?"
cari_bengkel_by_lokasi,"Di Balikpapan ada bengkel yg bisa handle Land Rover?"
cari_bengkel_by_lokasi,"Ada yg tau bengkel murah di Purwakarta buat motor?"
cari_bengkel_by_lokasi,"Butuh towing dari Semarang ke Solo, ada kontak?"
cari_bengkel_by_lokasi,"Di Manado mana bengkel yg jual onderdil Toyota?"
cari_bengkel_by_lokasi,"Bengkel khusus Hyundai di Depok ada ga ya?"
cari_bengkel_by_lokasi,"Warga Palembang, bengkel buat perbaiki AC dmn?"
cari_bengkel_by_lokasi,"Di Palu ada bengkel buka malem ga? Kepepet banget"
cari_bengkel_by_lokasi,"Ada bengkel jago karburator di Yogyakarta?"
cari_bengkel_by_lokasi,"Nyari bengkel body repair murah di Tangerang Selatan"
cari_bengkel_by_lokasi,"Di Samarinda mana bengkel yg bisa perbaiki turbo?"
cari_bengkel_by_lokasi,"Butuh bengkel spesialis rem di Malang, ada rekom?"
cari_bengkel_by_lokasi,"Ada bengkel khusus Suzuki di Pontianak?"
cari_bengkel_by_lokasi,"Di Cikarang ada bengkel yg jual ban mobil?"
cari_bengkel_by_lokasi,"Bengkel buat ganti kampas rem di Pekanbaru dmn?"
cari_bengkel_by_lokasi,"Woy di Makassar ada bengkel buka Minggu ga?"
cari_bengkel_by_lokasi,"Di Serpong ada bengkel premium buat European car?"
cari_bengkel_by_lokasi,"Butuh bengkel cepat di Bandung buat ganti aki"
cari_bengkel_by_lokasi,"Ada bengkel 24 jam di sekitar Kelapa Gading?"
cari_bengkel_by_lokasi,"Di Medan mana bengkel yg jujur buat servis rutin?"
cari_bengkel_by_lokasi,"Bengkel khusus Mitsubishi di Surabaya ada ga?"
cari_bengkel_by_lokasi,"Warga Banjar, bengkel buat turun mesin mobil dmn?"
cari_bengkel_by_lokasi,"Di Lombok ada bengkel yg bisa handle BMW?"
cari_bengkel_by_lokasi,"Ada bengkel spesialis kopling di Bogor?"
cari_bengkel_by_lokasi,"Nyari bengkel murah di Depok buat ganti oli motor"
cari_bengkel_by_lokasi,"Di Jayapura mana bengkel yg buka akhir pekan?"
cari_bengkel_by_lokasi,"Butuh towing dari Cirebon ke Bandung, kontak dong"
cari_bengkel_by_lokasi,"Bengkel AC bagus di Semarang dmn ya? Panas banget"
cari_bengkel_by_lokasi,"Di Tangerang ada bengkel yg bisa handle hybrid?"
cari_bengkel_by_lokasi,"Ada bengkel jujur di Mataram? Takut ditipu lagi"
cari_bengkel_by_lokasi,"Nyari bengkel khusus mesin diesel di Sidoarjo"
cari_bengkel_by_lokasi,"Di Salatiga ada bengkel buka hari libur ga?"
cari_bengkel_by_lokasi,"Woy di Garut mana bengkel buat perbaiki rem ABS?"
cari_bengkel_by_lokasi,"Butuh bengkel cepat di Tegal untuk ganti oli"
cari_bengkel_by_lokasi,"Ada bengkel 24 jam di Batam Centre? Mobil mogok"
cari_bengkel_by_lokasi,"Di Lampung ada bengkel spesialis kopling ga sih?"
cari_bengkel_by_lokasi,"Bengkel buat periksa getaran mesin di Bogor dmn?"
cari_bengkel_by_lokasi,"Di Balikpapan ada bengkel yg bisa handle Land Rover?"
cari_bengkel_by_lokasi,"Ada yg tau bengkel murah di Purwakarta buat motor?"
cari_bengkel_by_lokasi,"Butuh towing dari Semarang ke Solo, ada kontak?"
cari_bengkel_by_lokasi,"Di Manado mana bengkel yg jual onderdil Toyota?"
cari_bengkel_by_lokasi,"Bengkel khusus Hyundai di Depok ada ga ya?"
cari_bengkel_by_lokasi,"Warga Palembang, bengkel buat perbaiki AC dmn?"
cari_bengkel_by_lokasi,"Di Palu ada bengkel buka malem ga? Kepepet banget"
cari_bengkel_by_lokasi,"Ada bengkel jago karburator di Yogyakarta?"
cari_bengkel_by_lokasi,"Nyari bengkel body repair murah di Tangerang Selatan"
cari_bengkel_by_lokasi,"Di Samarinda mana bengkel yg bisa perbaiki turbo?"
cari_bengkel_by_lokasi,"Butuh bengkel spesialis rem di Malang, ada rekom?"
cari_bengkel_by_lokasi,"Ada bengkel khusus Suzuki di Pontianak?"
cari_bengkel_by_lokasi,"Di Cikarang ada bengkel yg jual ban mobil?"
cari_bengkel_by_lokasi,"Bengkel buat ganti kampas rem di Pekanbaru dmn?"
cari_bengkel_by_lokasi,"Woy di Makassar ada bengkel buka Minggu ga?"
cari_bengkel_by_lokasi,"Di Serpong ada bengkel premium buat European car?"
cari_bengkel_by_lokasi,"Butuh bengkel cepat di Bandung buat ganti aki"
cari_bengkel_by_lokasi,"Ada bengkel 24 jam di sekitar Kelapa Gading?"
cari_bengkel_by_lokasi,"Di Medan mana bengkel yg jujur buat servis rutin?"
cari_bengkel_by_lokasi,"Bengkel khusus Mitsubishi di Surabaya ada ga?"
cari_bengkel_by_lokasi,"Warga Banjar, bengkel buat turun mesin mobil dmn?"
cari_bengkel_by_lokasi,"Di Lombok ada bengkel yg bisa handle BMW?"
cari_bengkel_by_lokasi,"Ada bengkel spesialis kopling di Bogor?"
cari_bengkel_by_lokasi,"Nyari bengkel murah di Depok buat ganti oli motor"
cari_bengkel_by_lokasi,"Di Jayapura mana bengkel yg buka akhir pekan?"
cari_bengkel_by_lokasi,"Butuh towing dari Cirebon ke Bandung, kontak dong"
cari_bengkel_by_lokasi,"Bengkel AC bagus di Semarang dmn ya? Panas banget"
cari_bengkel_by_lokasi,"Di Tangerang ada bengkel yg bisa handle hybrid?"
cari_bengkel_by_lokasi,"Ada bengkel jujur di Mataram? Takut ditipu lagi"
cari_bengkel_by_lokasi,"Nyari bengkel khusus mesin diesel di Sidoarjo"
cari_bengkel_by_lokasi,"Di Salatiga ada bengkel buka hari libur ga?"
cari_bengkel_by_lokasi,"Woy di Garut mana bengkel buat perbaiki rem ABS?"
cari_bengkel_by_lokasi,"Butuh bengkel cepat di Tegal untuk ganti oli"
cari_bengkel_by_lokasi,"Ada bengkel 24 jam di Batam Centre? Mobil mogok"
cari_bengkel_by_lokasi,"Di Lampung ada bengkel spesialis kopling ga sih?"
cari_bengkel_by_lokasi,"Bengkel buat periksa getaran mesin di Bogor dmn?"
cari_bengkel_by_lokasi,"Di Balikpapan ada bengkel yg bisa handle Land Rover?"
cari_bengkel_by_lokasi,"Ada yg tau bengkel murah di Purwakarta buat motor?"
cari_bengkel_by_lokasi,"Butuh towing dari Semarang ke Solo, ada kontak?"
cari_bengkel_by_lokasi,"Di Manado mana bengkel yg jual onderdil Toyota?"
cari_bengkel_by_lokasi,"Bengkel khusus Hyundai di Depok ada ga ya?"
cari_bengkel_by_lokasi,"Warga Palembang, bengkel buat perbaiki AC dmn?"
cari_bengkel_by_lokasi,"Di Palu ada bengkel buka malem ga? Kepepet banget"
cari_bengkel_by_lokasi,"Ada bengkel jago karburator di Yogyakarta?"
cari_bengkel_by_lokasi,"Nyari bengkel body repair murah di Tangerang Selatan"
cari_bengkel_by_lokasi,"Di Samarinda mana bengkel yg bisa perbaiki turbo?"
cari_bengkel_by_lokasi,"Butuh bengkel spesialis rem di Malang, ada rekom?"
cari_bengkel_by_lokasi,"Ada bengkel khusus Suzuki di Pontianak?"
cari_bengkel_by_lokasi,"Di Cikarang ada bengkel yg jual ban mobil?"
cari_bengkel_by_lokasi,"Bengkel buat ganti kampas rem di Pekanbaru dmn?"
cari_bengkel_by_lokasi,"Woy di Makassar ada bengkel buka Minggu ga?"
cari_bengkel_by_lokasi,"Di Serpong ada bengkel premium buat European car?"
cari_bengkel_by_lokasi,"Butuh bengkel cepat di Bandung buat ganti aki"
cari_bengkel_by_lokasi,"Ada bengkel 24 jam di sekitar Kelapa Gading?"
cari_bengkel_by_lokasi,"Di Medan mana bengkel yg jujur buat servis rutin?"
cari_bengkel_by_lokasi,"Bengkel khusus Mitsubishi di Surabaya ada ga?"
cari_bengkel_by_lokasi,"Warga Banjar, bengkel buat turun mesin mobil dmn?"
cari_bengkel_by_lokasi,"Di Lombok ada bengkel yg bisa handle BMW?"
cari_bengkel_by_lokasi,"Ada bengkel spesialis kopling di Bogor?"
cari_bengkel_by_lokasi,"Nyari bengkel murah di Depok buat ganti oli motor"
cari_bengkel_by_lokasi,"Di Jayapura mana bengkel yg buka akhir pekan?"
cari_bengkel_by_lokasi,"Butuh towing dari Cirebon ke Bandung, kontak dong"
cari_bengkel_by_lokasi,"Bengkel AC bagus di Semarang dmn ya? Panas banget"
cari_bengkel_by_lokasi,"Di Tangerang ada bengkel yg bisa handle hybrid?"
cari_bengkel_by_lokasi,"Ada bengkel jujur di Mataram? Takut ditipu lagi"
cari_bengkel_by_lokasi,"Nyari bengkel khusus mesin diesel di Sidoarjo"
cari_bengkel_by_lokasi,"Di Salatiga ada bengkel buka hari libur ga?"
cari_bengkel_by_lokasi,"Woy di Garut mana bengkel buat perbaiki rem ABS?"
cari_bengkel_by_lokasi,"Butuh bengkel cepat di Tegal untuk ganti oli"
cari_bengkel_by_lokasi,"Ada bengkel 24 jam di Batam Centre? Mobil mogok"
cari_bengkel_by_lokasi,"Di Lampung ada bengkel spesialis kopling ga sih?"
cari_bengkel_by_lokasi,"Bengkel buat periksa getaran mesin di Bogor dmn?"
cari_bengkel_by_lokasi,"Di Balikpapan ada bengkel yg bisa handle Land Rover?"
cari_bengkel_by_lokasi,"Ada yg tau bengkel murah di Purwakarta buat motor?"
cari_bengkel_by_lokasi,"Butuh towing dari Semarang ke Solo, ada kontak?"
cari_bengkel_by_lokasi,"Di Manado mana bengkel yg jual onderdil Toyota?"
cari_bengkel_by_lokasi,"Bengkel khusus Hyundai di Depok ada ga ya?"
cari_bengkel_by_lokasi,"Warga Palembang, bengkel buat perbaiki AC dmn?"
cari_bengkel_by_lokasi,"Di Palu ada bengkel buka malem ga? Kepepet banget"
cari_bengkel_by_lokasi,"Ada bengkel jago karburator di Yogyakarta?"
cari_bengkel_by_lokasi,"Nyari bengkel body repair murah di Tangerang Selatan"
cari_bengkel_by_lokasi,"Di Samarinda mana bengkel yg bisa perbaiki turbo?"
cari_bengkel_by_lokasi,"Butuh bengkel spesialis rem di Malang, ada rekom?"
cari_bengkel_by_lokasi,"Ada bengkel khusus Suzuki di Pontianak?"
cari_bengkel_by_lokasi,"Di Cikarang ada bengkel yg jual ban mobil?"
cari_bengkel_by_lokasi,"Bengkel buat ganti kampas rem di Pekanbaru dmn?"
cari_bengkel_by_lokasi,"Woy di Makassar ada bengkel buka Minggu ga?"
cari_bengkel_by_lokasi,"Di Serpong ada bengkel premium buat European car?"
cari_bengkel_by_lokasi,"Butuh bengkel cepat di Bandung buat ganti aki"
cari_bengkel_by_lokasi,"Ada bengkel 24 jam di sekitar Kelapa Gading?"
cari_bengkel_by_lokasi,"Di Medan mana bengkel yg jujur buat servis rutin?"
cari_bengkel_by_lokasi,"Bengkel khusus Mitsubishi di Surabaya ada ga?"
cari_bengkel_by_lokasi,"Warga Banjar, bengkel buat turun mesin mobil dmn?"
cari_bengkel_by_lokasi,"Di Lombok ada bengkel yg bisa handle BMW?"
cari_bengkel_by_lokasi,"Ada bengkel spesialis kopling di Bogor?"
cari_bengkel_by_lokasi,"Nyari bengkel murah di Depok buat ganti oli motor"
cari_bengkel_by_lokasi,"Di Jayapura mana bengkel yg buka akhir pekan?"
cari_bengkel_by_lokasi,"Butuh towing dari Cirebon ke Bandung, kontak dong"
cari_bengkel_by_lokasi,"Bengkel AC bagus di Semarang dmn ya? Panas banget"
cari_bengkel_by_lokasi,"Di Tangerang ada bengkel yg bisa handle hybrid?"
cari_bengkel_by_lokasi,"Ada bengkel jujur di Mataram? Takut ditipu lagi"
cari_bengkel_by_lokasi,"Nyari bengkel khusus mesin diesel di Sidoarjo"
cari_bengkel_by_lokasi,"Di Salatiga ada bengkel buka hari libur ga?"
cari_bengkel_by_lokasi,"Woy di Garut mana bengkel buat perbaiki rem ABS?"
cari_bengkel_by_lokasi,"Butuh bengkel cepat di Tegal untuk ganti oli"
cari_bengkel_by_lokasi,"Ada bengkel 24 jam di Batam Centre? Mobil mogok"
cari_bengkel_by_lokasi,"Di Lampung ada bengkel spesialis kopling ga sih?"
cari_bengkel_by_lokasi,"Bengkel buat periksa getaran mesin di Bogor dmn?"
cari_bengkel_by_lokasi,"Di Balikpapan ada bengkel yg bisa handle Land Rover?"
cari_bengkel_by_lokasi,"Ada yg tau bengkel murah di Purwakarta buat motor?"
cari_bengkel_by_lokasi,"Butuh towing dari Semarang ke Solo, ada kontak?"
cari_bengkel_by_lokasi,"Di Manado mana bengkel yg jual onderdil Toyota?"
cari_bengkel_by_lokasi,"Bengkel khusus Hyundai di Depok ada ga ya?"
cari_bengkel_by_lokasi,"Warga Palembang, bengkel buat perbaiki AC dmn?"
cari_bengkel_by_lokasi,"Di Palu ada bengkel buka malem ga? Kepepet banget"
cari_bengkel_by_lokasi,"Ada bengkel jago karburator di Yogyakarta?"
cari_bengkel_by_lokasi,"Nyari bengkel body repair murah di Tangerang Selatan"
cari_bengkel_by_lokasi,"Di Samarinda mana bengkel yg bisa perbaiki turbo?"
cari_bengkel_by_lokasi,"Butuh bengkel spesialis rem di Malang, ada rekom?"
cari_bengkel_by_lokasi,"Ada bengkel khusus Suzuki di Pontianak?"
cari_bengkel_by_lokasi,"Di Cikarang ada bengkel yg jual ban mobil?"
cari_bengkel_by_lokasi,"Bengkel buat ganti kampas rem di Pekanbaru dmn?"
cari_bengkel_by_lokasi,"Woy di Makassar ada bengkel buka Minggu ga?"
cari_bengkel_by_lokasi,"Di Serpong ada bengkel premium buat European car?"
cari_bengkel_by_lokasi,"Butuh bengkel cepat di Bandung buat ganti aki"
cari_bengkel_by_lokasi,"Ada bengkel 24 jam di sekitar Kelapa Gading?"
cari_bengkel_by_lokasi,"Di Medan mana bengkel yg jujur buat servis rutin?"
cari_bengkel_by_lokasi,"Bengkel khusus Mitsubishi di Surabaya ada ga?"
cari_bengkel_by_lokasi,"Warga Banjar, bengkel buat turun mesin mobil dmn?"
cari_bengkel_by_lokasi,"Di Lombok ada bengkel yg bisa handle BMW?"
cari_bengkel_by_lokasi,"Ada bengkel spesialis kopling di Bogor?"
cari_bengkel_by_lokasi,"Nyari bengkel murah di Depok buat ganti oli motor"
cari_bengkel_by_lokasi,"Di Jayapura mana bengkel yg buka akhir pekan?"
cari_bengkel_by_lokasi,"Butuh towing dari Cirebon ke Bandung, kontak dong"
cari_bengkel_by_lokasi,"Bengkel AC bagus di Semarang dmn ya? Panas banget"
cari_bengkel_by_lokasi,"Di Tangerang ada bengkel yg bisa handle hybrid?"
cari_bengkel_by_lokasi,"Ada bengkel jujur di Mataram? Takut ditipu lagi"
cari_bengkel_by_lokasi,"Nyari bengkel khusus mesin diesel di Sidoarjo"
cari_bengkel_by_lokasi,"Di Salatiga ada bengkel buka hari libur ga?"
cari_bengkel_by_lokasi,"Woy di Garut mana bengkel buat perbaiki rem ABS?"
cari_bengkel_by_lokasi,"Butuh bengkel cepat di Tegal untuk ganti oli"
cari_bengkel_by_lokasi,"Ada bengkel 24 jam di Batam Centre? Mobil mogok"
cari_bengkel_by_lokasi,"Di Lampung ada bengkel spesialis kopling ga sih?"
cari_bengkel_by_lokasi,"Bengkel buat periksa getaran mesin di Bogor dmn?"
cari_bengkel_by_lokasi,"Di Balikpapan ada bengkel yg bisa handle Land Rover?"
cari_bengkel_by_lokasi,"Ada yg tau bengkel murah di Purwakarta buat motor?"
cari_bengkel_by_lokasi,"Butuh towing dari Semarang ke Solo, ada kontak?"
cari_bengkel_by_lokasi,"Di Manado mana bengkel yg jual onderdil Toyota?"
cari_bengkel_by_lokasi,"Bengkel khusus Hyundai di Depok ada ga ya?"
cari_bengkel_by_lokasi,"Warga Palembang, bengkel buat perbaiki AC dmn?"
cari_bengkel_by_lokasi,"Di Palu ada bengkel buka malem ga? Kepepet banget"
cari_bengkel_by_lokasi,"Ada bengkel jago karburator di Yogyakarta?"
cari_bengkel_by_lokasi,"Nyari bengkel body repair murah di Tangerang Selatan"
cari_bengkel_by_lokasi,"Di Samarinda mana bengkel yg bisa perbaiki turbo?"
cari_bengkel_by_lokasi,"Butuh bengkel spesialis rem di Malang, ada rekom?"
cari_bengkel_by_lokasi,"Ada bengkel khusus Suzuki di Pontianak?"
cari_bengkel_by_lokasi,"Di Cikarang ada bengkel yg jual ban mobil?"
cari_bengkel_by_lokasi,"Bengkel buat ganti kampas rem di Pekanbaru dmn?"
cari_bengkel_by_lokasi,"Woy di Makassar ada bengkel buka Minggu ga?"
cari_bengkel_by_lokasi,"Di Serpong ada bengkel premium buat European car?"
cari_bengkel_by_lokasi,"Butuh bengkel cepat di Bandung buat ganti aki"
cari_bengkel_by_lokasi,"Ada bengkel 24 jam di sekitar Kelapa Gading?"
cari_bengkel_by_lokasi,"Di Medan mana bengkel yg jujur buat servis rutin?"
cari_bengkel_by_lokasi,"Bengkel khusus Mitsubishi di Surabaya ada ga?"
cari_bengkel_by_lokasi,"Warga Banjar, bengkel buat turun mesin mobil dmn?"
cari_bengkel_by_lokasi,"Di Lombok ada bengkel yg bisa handle BMW?"
cari_bengkel_by_lokasi,"Ada bengkel spesialis kopling di Bogor?"
cari_bengkel_by_lokasi,"Nyari bengkel murah di Depok buat ganti oli motor"
cari_bengkel_by_lokasi,"Di Jayapura mana bengkel yg buka akhir pekan?"
cari_bengkel_by_lokasi,"Butuh towing dari Cirebon ke Bandung, kontak dong"
cari_bengkel_by_lokasi,"Bengkel AC bagus di Semarang dmn ya? Panas banget"
cari_bengkel_by_lokasi,"Di Tangerang ada bengkel yg bisa handle hybrid?"
cari_bengkel_by_lokasi,"Ada bengkel jujur di Mataram? Takut ditipu lagi"
cari_bengkel_by_lokasi,"Nyari bengkel khusus mesin diesel di Sidoarjo"
cari_bengkel_by_lokasi,"Di Salatiga ada bengkel buka hari libur ga?"
cari_bengkel_by_lokasi,"Woy di Garut mana bengkel buat perbaiki rem ABS?"
cari_bengkel_by_lokasi,"Butuh bengkel cepat di Tegal untuk ganti oli"
cari_bengkel_by_lokasi,"Ada bengkel 24 jam di Batam Centre? Mobil mogok"
cari_bengkel_by_lokasi,"Di Lampung ada bengkel spesialis kopling ga sih?"
cari_bengkel_by_lokasi,"Bengkel buat periksa getaran mesin di Bogor dmn?"
cari_bengkel_by_lokasi,"Di Balikpapan ada bengkel yg bisa handle Land Rover?"
cari_bengkel_by_lokasi,"Ada yg tau bengkel murah di Purwakarta buat motor?"
cari_bengkel_by_lokasi,"Butuh towing dari Semarang ke Solo, ada kontak?"
cari_bengkel_by_lokasi,"Di Manado mana bengkel yg jual onderdil Toyota?"
cari_bengkel_by_lokasi,"Bengkel khusus Hyundai di Depok ada ga ya?"
cari_bengkel_by_lokasi,"Warga Palembang, bengkel buat perbaiki AC dmn?"
cari_bengkel_by_lokasi,"Di Palu ada bengkel buka malem ga? Kepepet banget"
cari_bengkel_by_lokasi,"Ada bengkel jago karburator di Yogyakarta?"
cari_bengkel_by_lokasi,"Nyari bengkel body repair murah di Tangerang Selatan"
cari_bengkel_by_lokasi,"Di Samarinda mana bengkel yg bisa perbaiki turbo?"
cari_bengkel_by_lokasi,"Butuh bengkel spesialis rem di Malang, ada rekom?"
cari_bengkel_by_lokasi,"Ada bengkel khusus Suzuki di Pontianak?"
cari_bengkel_by_lokasi,"Di Cikarang ada bengkel yg jual ban mobil?"
cari_bengkel_by_lokasi,"Bengkel buat ganti kampas rem di Pekanbaru dmn?"
cari_bengkel_by_lokasi,"Woy di Makassar ada bengkel buka Minggu ga?"
cari_bengkel_by_lokasi,"Di Serpong ada bengkel premium buat European car?"
cari_bengkel_by_lokasi,"Butuh bengkel cepat di Bandung buat ganti aki"
cari_bengkel_by_lokasi,"Ada bengkel 24 jam di sekitar Kelapa Gading?"
cari_bengkel_by_lokasi,"Di Medan mana bengkel yg jujur buat servis rutin?"
cari_bengkel_by_lokasi,"Bengkel khusus Mitsubishi di Surabaya ada ga?"
cari_bengkel_by_lokasi,"Warga Banjar, bengkel buat turun mesin mobil dmn?"
cari_bengkel_by_lokasi,"Di Lombok ada bengkel yg bisa handle BMW?"
cari_bengkel_by_lokasi,"Ada bengkel spesialis kopling di Bogor?"
cari_bengkel_by_lokasi,"Nyari bengkel murah di Depok buat ganti oli motor"
cari_bengkel_by_lokasi,"Di Jayapura mana bengkel yg buka akhir pekan?"
cari_bengkel_by_lokasi,"Butuh towing dari Cirebon ke Bandung, kontak dong"
cari_bengkel_by_lokasi,"Bengkel AC bagus di Semarang dmn ya? Panas banget"
cari_bengkel_by_lokasi,"Di Tangerang ada bengkel yg bisa handle hybrid?"
cari_bengkel_by_lokasi,"Ada bengkel jujur di Mataram? Takut ditipu lagi"
cari_bengkel_by_lokasi,"Nyari bengkel khusus mesin diesel di Sidoarjo"
cari_bengkel_by_lokasi,"Di Salatiga ada bengkel buka hari libur ga?"
cari_bengkel_by_lokasi,"Woy di Garut mana bengkel buat perbaiki rem ABS?"
cari_bengkel_by_lokasi,"Butuh bengkel cepat di Tegal untuk ganti oli"
cari_bengkel_by_lokasi,"Ada bengkel 24 jam di Batam Centre? Mobil mogok"
cari_bengkel_by_lokasi,"Di Lampung ada bengkel spesialis kopling ga sih?"
cari_bengkel_by_lokasi,"Bengkel buat periksa getaran mesin di Bogor dmn?"
cari_bengkel_by_lokasi,"Di Balikpapan ada bengkel yg bisa handle Land Rover?"
cari_bengkel_by_lokasi,"Ada yg tau bengkel murah di Purwakarta buat motor?"
cari_bengkel_by_lokasi,"Butuh towing dari Semarang ke Solo, ada kontak?"
cari_bengkel_by_lokasi,"Di Manado mana bengkel yg jual onderdil Toyota?"
cari_bengkel_by_lokasi,"Bengkel khusus Hyundai di Depok ada ga ya?"
cari_bengkel_by_lokasi,"Warga Palembang, bengkel buat perbaiki AC dmn?"
cari_bengkel_by_lokasi,"Di Palu ada bengkel buka malem ga? Kepepet banget"
cari_bengkel_by_lokasi,"Ada bengkel jago karburator di Yogyakarta?"
cari_bengkel_by_lokasi,"Nyari bengkel body repair murah di Tangerang Selatan"
cari_bengkel_by_lokasi,"Di Samarinda mana bengkel yg bisa perbaiki turbo?"
cari_bengkel_by_lokasi,"Butuh bengkel spesialis rem di Malang, ada rekom?"
cari_bengkel_by_lokasi,"Ada bengkel khusus Suzuki di Pontianak?"
cari_bengkel_by_lokasi,"Di Cikarang ada bengkel yg jual ban mobil?"
cari_bengkel_by_lokasi,"Bengkel buat ganti kampas rem di Pekanbaru dmn?"
cari_bengkel_by_lokasi,"Woy di Makassar ada bengkel buka Minggu ga?"
cari_bengkel_by_lokasi,"Di Serpong ada bengkel premium buat European car?"
cari_bengkel_by_lokasi,"Butuh bengkel cepat di Bandung buat ganti aki"
cari_bengkel_by_lokasi,"Ada bengkel 24 jam di sekitar Kelapa Gading?"
cari_bengkel_by_lokasi,"Di Medan mana bengkel yg jujur buat servis rutin?"
cari_bengkel_by_lokasi,"Bengkel khusus Mitsubishi di Surabaya ada ga?"
cari_bengkel_by_lokasi,"Warga Banjar, bengkel buat turun mesin mobil dmn?"
cari_bengkel_by_lokasi,"Di Lombok ada bengkel yg bisa handle BMW?"
cari_bengkel_by_lokasi,"Ada bengkel spesialis kopling di Bogor?"
cari_bengkel_by_lokasi,"Nyari bengkel murah di Depok buat ganti oli motor"
cari_bengkel_by_lokasi,"Di Jayapura mana bengkel yg buka akhir pekan?"
cari_bengkel_by_lokasi,"Butuh towing dari Cirebon ke Bandung, kontak dong"
cari_bengkel_by_lokasi,"Bengkel AC bagus di Semarang dmn ya? Panas banget"
cari_bengkel_by_lokasi,"Di Tangerang ada bengkel yg bisa handle hybrid?"
cari_bengkel_by_lokasi,"Ada bengkel jujur di Mataram? Takut ditipu lagi"
cari_bengkel_by_lokasi,"Nyari bengkel khusus mesin diesel di Sidoarjo"
cari_bengkel_by_lokasi,"Di Salatiga ada bengkel buka hari libur ga?"
cari_bengkel_by_lokasi,"Woy di Garut mana bengkel buat perbaiki rem ABS?"
cari_bengkel_by_lokasi,"Butuh bengkel cepat di Tegal untuk ganti oli"
cari_bengkel_by_lokasi,"Ada bengkel 24 jam di Batam Centre? Mobil mogok"
cari_bengkel_by_lokasi,"Di Lampung ada bengkel spesialis kopling ga sih?"
cari_bengkel_by_lokasi,"Bengkel buat periksa getaran mesin di Bogor dmn?"
cari_bengkel_by_lokasi,"Di Balikpapan ada bengkel yg bisa handle Land Rover?"
cari_bengkel_by_lokasi,"Ada yg tau bengkel murah di Purwakarta buat motor?"
cari_bengkel_by_lokasi,"Butuh towing dari Semarang ke Solo, ada kontak?"
cari_bengkel_by_lokasi,"Di Manado mana bengkel yg jual onderdil Toyota?"
cari_bengkel_by_lokasi,"Bengkel khusus Hyundai di Depok ada ga ya?"
cari_bengkel_by_lokasi,"Warga Palembang, bengkel buat perbaiki AC dmn?"
cari_bengkel_by_lokasi,"Di Palu ada bengkel buka malem ga? Kepepet banget"
cari_bengkel_by_lokasi,"Ada bengkel jago karburator di Yogyakarta?"
cari_bengkel_by_lokasi,"Nyari bengkel body repair murah di Tangerang Selatan"
cari_bengkel_by_lokasi,"Di Samarinda mana bengkel yg bisa perbaiki turbo?"
cari_bengkel_by_lokasi,"Butuh bengkel spesialis rem di Malang, ada rekom?"
cari_bengkel_by_lokasi,"Ada bengkel khusus Suzuki di Pontianak?"
cari_bengkel_by_lokasi,"Di Cikarang ada bengkel yg jual ban mobil?"
cari_bengkel_by_lokasi,"Bengkel buat ganti kampas rem di Pekanbaru dmn?"
cari_bengkel_by_lokasi,"Woy di Makassar ada bengkel buka Minggu ga?"
cari_bengkel_by_lokasi,"Di Serpong ada bengkel premium buat European car?"
cari_bengkel_by_lokasi,"Butuh bengkel cepat di Bandung buat ganti aki"
cari_bengkel_by_lokasi,"Ada bengkel 24 jam di sekitar Kelapa Gading?"
cari_bengkel_by_lokasi,"Di Medan mana bengkel yg jujur buat servis rutin?"
cari_bengkel_by_lokasi,"Bengkel khusus Mitsubishi di Surabaya ada ga?"
cari_bengkel_by_lokasi,"Warga Banjar, bengkel buat turun mesin mobil dmn?"
cari_bengkel_by_lokasi,"Di Lombok ada bengkel yg bisa handle BMW?"
cari_bengkel_by_lokasi,"Ada bengkel spesialis kopling di Bogor?"
cari_bengkel_by_lokasi,"Nyari bengkel murah di Depok buat ganti oli motor"
cari_bengkel_by_lokasi,"Di Jayapura mana bengkel yg buka akhir pekan?"
cari_bengkel_by_lokasi,"Butuh towing dari Cirebon ke Bandung, kontak dong"
cari_bengkel_by_lokasi,"Bengkel AC bagus di Semarang dmn ya? Panas banget"
cari_bengkel_by_lokasi,"Di Tangerang ada bengkel yg bisa handle hybrid?"
cari_bengkel_by_lokasi,"Ada bengkel jujur di Mataram? Takut ditipu lagi"
cari_bengkel_by_lokasi,"Nyari bengkel khusus mesin diesel di Sidoarjo"
cari_bengkel_by_lokasi,"Di Salatiga ada bengkel buka hari libur ga?"
cari_bengkel_by_lokasi,"Woy di Garut mana bengkel buat perbaiki rem ABS?"
cari_bengkel_by_lokasi,"Butuh bengkel cepat di Tegal untuk ganti oli"
cari_bengkel_by_lokasi,"Ada bengkel 24 jam di Batam Centre? Mobil mogok"
cari_bengkel_by_lokasi,"Di Lampung ada bengkel spesialis kopling ga sih?"
cari_bengkel_by_lokasi,"Bengkel buat periksa getaran mesin di Bogor dmn?"
cari_bengkel_by_lokasi,"Di Balikpapan ada bengkel yg bisa handle Land Rover?"
cari_bengkel_by_lokasi,"Ada yg tau bengkel murah di Purwakarta buat motor?"
cari_bengkel_by_lokasi,"Butuh towing dari Semarang ke Solo, ada kontak?"
cari_bengkel_by_lokasi,"Di Manado mana bengkel yg jual onderdil Toyota?"
cari_bengkel_by_lokasi,"Bengkel khusus Hyundai di Depok ada ga ya?"
cari_bengkel_by_lokasi,"Warga Palembang, bengkel buat perbaiki AC dmn?"
cari_bengkel_by_lokasi,"Di Palu ada bengkel buka malem ga? Kepepet banget"
cari_bengkel_by_lokasi,"Ada bengkel jago karburator di Yogyakarta?"
cari_bengkel_by_lokasi,"Nyari bengkel body repair murah di Tangerang Selatan"
cari_bengkel_by_lokasi,"Di Samarinda mana bengkel yg bisa perbaiki turbo?"
cari_bengkel_by_lokasi,"Butuh bengkel spesialis rem di Malang, ada rekom?"
cari_bengkel_by_lokasi,"Ada bengkel khusus Suzuki di Pontianak?"
cari_bengkel_by_lokasi,"Di Cikarang ada bengkel yg jual ban mobil?"
cari_bengkel_by_lokasi,"Bengkel buat ganti kampas rem di Pekanbaru dmn?"
cari_bengkel_by_lokasi,"Woy di Makassar ada bengkel buka Minggu ga?"
cari_bengkel_by_lokasi,"Di Serpong ada bengkel premium buat European car?"
cari_bengkel_by_lokasi,"Butuh bengkel cepat di Bandung buat ganti aki"
cari_bengkel_by_lokasi,"Ada bengkel 24 jam di sekitar Kelapa Gading?"
cari_bengkel_by_lokasi,"Di Medan mana bengkel yg jujur buat servis rutin?"
cari_bengkel_by_lokasi,"Bengkel khusus Mitsubishi di Surabaya ada ga?"
cari_bengkel_by_lokasi,"Warga Banjar, bengkel buat turun mesin mobil dmn?"
cari_bengkel_by_lokasi,"Di Lombok ada bengkel yg bisa handle BMW?"
cari_bengkel_by_lokasi,"Ada bengkel spesialis kopling di Bogor?"
cari_bengkel_by_lokasi,"Nyari bengkel murah di Depok buat ganti oli motor"
cari_bengkel_by_lokasi,"Di Jayapura mana bengkel yg buka akhir pekan?"
cari_bengkel_by_lokasi,"Butuh towing dari Cirebon ke Bandung, kontak dong"
cari_bengkel_by_lokasi,"Bengkel AC bagus di Semarang dmn ya? Panas banget"
cari_bengkel_by_lokasi,"Di Tangerang ada bengkel yg bisa handle hybrid?"
cari_bengkel_by_lokasi,"Ada bengkel jujur di Mataram? Takut ditipu lagi"
cari_bengkel_by_lokasi,"Nyari bengkel khusus mesin diesel di Sidoarjo"
cari_bengkel_by_lokasi,"Di Salatiga ada bengkel buka hari libur ga?"
cari_bengkel_by_lokasi,"Woy di Garut mana bengkel buat perbaiki rem ABS?"
cari_bengkel_by_lokasi,"Butuh bengkel cepat di Tegal untuk ganti oli"
cari_bengkel_by_lokasi,"Ada bengkel 24 jam di Batam Centre? Mobil mogok"
cari_bengkel_by_lokasi,"Di Lampung ada bengkel spesialis kopling ga sih?"
cari_bengkel_by_lokasi,"Bengkel buat periksa getaran mesin di Bogor dmn?"
cari_bengkel_by_lokasi,"Di Balikpapan ada bengkel yg bisa handle Land Rover?"
cari_bengkel_by_lokasi,"Ada yg tau bengkel murah di Purwakarta buat motor?"
cari_bengkel_by_lokasi,"Butuh towing dari Semarang ke Solo, ada kontak?"
cari_bengkel_by_lokasi,"Di Manado mana bengkel yg jual onderdil Toyota?"
cari_bengkel_by_lokasi,"Bengkel khusus Hyundai di Depok ada ga ya?"
cari_bengkel_by_lokasi,"Warga Palembang, bengkel buat perbaiki AC dmn?"
cari_bengkel_by_lokasi,"Di Palu ada bengkel buka malem ga? Kepepet banget"
cari_bengkel_by_lokasi,"Ada bengkel jago karburator di Yogyakarta?"
cari_bengkel_by_lokasi,"Nyari bengkel body repair murah di Tangerang Selatan"
cari_bengkel_by_lokasi,"Di Samarinda mana bengkel yg bisa perbaiki turbo?"
cari_bengkel_by_lokasi,"Butuh bengkel spesialis rem di Malang, ada rekom?"
cari_bengkel_by_lokasi,"Ada bengkel khusus Suzuki di Pontianak?"
cari_bengkel_by_lokasi,"Di Cikarang ada bengkel yg jual ban mobil?"
cari_bengkel_by_lokasi,"Bengkel buat ganti kampas rem di Pekanbaru dmn?"
cari_bengkel_by_lokasi,"Woy di Makassar ada bengkel buka Minggu ga?"
cari_bengkel_by_lokasi,"Di Serpong ada bengkel premium buat European car?"
cari_bengkel_by_lokasi,"Butuh bengkel cepat di Bandung buat ganti aki"
cari_bengkel_by_lokasi,"Ada bengkel 24 jam di sekitar Kelapa Gading?"
cari_bengkel_by_lokasi,"Di Medan mana bengkel yg jujur buat servis rutin?"
cari_bengkel_by_lokasi,"Bengkel khusus Mitsubishi di Surabaya ada ga?"
cari_bengkel_by_lokasi,"Warga Banjar, bengkel buat turun mesin mobil dmn?"
cari_bengkel_by_lokasi,"Di Lombok ada bengkel yg bisa handle BMW?"
cari_bengkel_by_lokasi,"Ada bengkel spesialis kopling di Bogor?"
cari_bengkel_by_lokasi,"Nyari bengkel murah di Depok buat ganti oli motor"
cari_bengkel_by_lokasi,"Di Jayapura mana bengkel yg buka akhir pekan?"
cari_bengkel_by_lokasi,"Butuh towing dari Cirebon ke Bandung, kontak dong"
cari_bengkel_by_lokasi,"Bengkel AC bagus di Semarang dmn ya? Panas banget"
cari_bengkel_by_lokasi,"Di Tangerang ada bengkel yg bisa handle hybrid?"
cari_bengkel_by_lokasi,"Ada bengkel jujur di Mataram? Takut ditipu lagi"
cari_bengkel_by_lokasi,"Nyari bengkel khusus mesin diesel di Sidoarjo"
cari_bengkel_by_lokasi,"Di Salatiga ada bengkel buka hari libur ga?"
cari_bengkel_by_lokasi,"Woy di Garut mana bengkel buat perbaiki rem ABS?"
cari_bengkel_by_lokasi,"Butuh bengkel cepat di Tegal untuk ganti oli"
cari_bengkel_by_lokasi,"Ada bengkel 24 jam di Batam Centre? Mobil mogok"
cari_bengkel_by_lokasi,"Di Lampung ada bengkel spesialis kopling ga sih?"
cari_bengkel_by_lokasi,"Bengkel buat periksa getaran mesin di Bogor dmn?"
cari_bengkel_by_lokasi,"Di Balikpapan ada bengkel yg bisa handle Land Rover?"
cari_bengkel_by_lokasi,"Ada yg tau bengkel murah di Purwakarta buat motor?"
cari_bengkel_by_lokasi,"Butuh towing dari Semarang ke Solo, ada kontak?"
cari_bengkel_by_lokasi,"Di Manado mana bengkel yg jual onderdil Toyota?"
cari_bengkel_by_lokasi,"Bengkel khusus Hyundai di Depok ada ga ya?"
cari_bengkel_by_lokasi,"Warga Palembang, bengkel buat perbaiki AC dmn?"
cari_bengkel_by_lokasi,"Di Palu ada bengkel buka malem ga? Kepepet banget"
cari_bengkel_by_lokasi,"Ada bengkel jago karburator di Yogyakarta?"
cari_bengkel_by_lokasi,"Nyari bengkel body repair murah di Tangerang Selatan"
cari_bengkel_by_lokasi,"Di Samarinda mana bengkel yg bisa perbaiki turbo?"
cari_bengkel_by_lokasi,"Butuh bengkel spesialis rem di Malang, ada rekom?"
cari_bengkel_by_lokasi,"Ada bengkel khusus Suzuki di Pontianak?"
cari_bengkel_by_lokasi,"Di Cikarang ada bengkel yg jual ban mobil?"
cari_bengkel_by_lokasi,"Bengkel buat ganti kampas rem di Pekanbaru dmn?"
cari_bengkel_by_lokasi,"Woy di Makassar ada bengkel buka Minggu ga?"
cari_bengkel_by_lokasi,"Di Serpong ada bengkel premium buat European car?"
cari_bengkel_by_lokasi,"Butuh bengkel cepat di Bandung buat ganti aki"
cari_bengkel_by_lokasi,"Ada bengkel 24 jam di sekitar Kelapa Gading?"
cari_bengkel_by_lokasi,"Di Medan mana bengkel yg jujur buat servis rutin?"
cari_bengkel_by_lokasi,"Bengkel khusus Mitsubishi di Surabaya ada ga?"
cari_bengkel_by_lokasi,"Warga Banjar, bengkel buat turun mesin mobil dmn?"
cari_bengkel_by_lokasi,"Di Lombok ada bengkel yg bisa handle BMW?"
cari_bengkel_by_lokasi,"Ada bengkel spesialis kopling di Bogor?"
cari_bengkel_by_lokasi,"Nyari bengkel murah di Depok buat ganti oli motor"
cari_bengkel_by_lokasi,"Di Jayapura mana bengkel yg buka akhir pekan?"
cari_bengkel_by_lokasi,"Butuh towing dari Cirebon ke Bandung, kontak dong"
cari_bengkel_by_lokasi,"Bengkel AC bagus di Semarang dmn ya? Panas banget"
cari_bengkel_by_lokasi,"Di Tangerang ada bengkel yg bisa handle hybrid?"
cari_bengkel_by_lokasi,"Ada bengkel jujur di Mataram? Takut ditipu lagi"
cari_bengkel_by_lokasi,"Nyari bengkel khusus mesin diesel di Sidoarjo"
cari_bengkel_by_lokasi,"Di Salatiga ada bengkel buka hari libur ga?"
cari_bengkel_by_lokasi,"Woy di Garut mana bengkel buat perbaiki rem ABS?"
cari_bengkel_by_lokasi,"Butuh bengkel cepat di Tegal untuk ganti oli"
cari_bengkel_by_lokasi,"Ada bengkel 24 jam di Batam Centre? Mobil mogok"
cari_bengkel_by_lokasi,"Di Lampung ada bengkel spesialis kopling ga sih?"
cari_bengkel_by_lokasi,"Bengkel buat periksa getaran mesin di Bogor dmn?"
cari_bengkel_by_lokasi,"Di Balikpapan ada bengkel yg bisa handle Land Rover?"
cari_bengkel_by_lokasi,"Ada yg tau bengkel murah di Purwakarta buat motor?"
cari_bengkel_by_lokasi,"Butuh towing dari Semarang ke Solo, ada kontak?"
cari_bengkel_by_lokasi,"Di Manado mana bengkel yg jual onderdil Toyota?"
cari_bengkel_by_lokasi,"Bengkel khusus Hyundai di Depok ada ga ya?"
cari_bengkel_by_lokasi,"Warga Palembang, bengkel buat perbaiki AC dmn?"
cari_bengkel_by_lokasi,"Di Palu ada bengkel buka malem ga? Kepepet banget"
cari_bengkel_by_lokasi,"Ada bengkel jago karburator di Yogyakarta?"
cari_bengkel_by_lokasi,"Nyari bengkel body repair murah di Tangerang Selatan"
cari_bengkel_by_lokasi,"Di Samarinda mana bengkel yg bisa perbaiki turbo?"
cari_bengkel_by_lokasi,"Butuh bengkel spesialis rem di Malang, ada rekom?"
cari_bengkel_by_lokasi,"Ada bengkel khusus Suzuki di Pontianak?"
cari_bengkel_by_lokasi,"Di Cikarang ada bengkel yg jual ban mobil?"
cari_bengkel_by_lokasi,"Bengkel buat ganti kampas rem di Pekanbaru dmn?"
cari_bengkel_by_lokasi,"Woy di Makassar ada bengkel buka Minggu ga?"
cari_bengkel_by_lokasi,"Di Serpong ada bengkel premium buat European car?"
cari_bengkel_by_lokasi,"Butuh bengkel cepat di Bandung buat ganti aki"
cari_bengkel_by_lokasi,"Ada bengkel 24 jam di sekitar Kelapa Gading?"
cari_bengkel_by_lokasi,"Di Medan mana bengkel yg jujur buat servis rutin?"
cari_bengkel_by_lokasi,"Bengkel khusus Mitsubishi di Surabaya ada ga?"
cari_bengkel_by_lokasi,"Warga Banjar, bengkel buat turun mesin mobil dmn?"
cari_bengkel_by_lokasi,"Di Lombok ada bengkel yg bisa handle BMW?"
cari_bengkel_by_lokasi,"Ada bengkel spesialis kopling di Bogor?"
cari_bengkel_by_lokasi,"Nyari bengkel murah di Depok buat ganti oli motor"
cari_bengkel_by_lokasi,"Di Jayapura mana bengkel yg buka akhir pekan?"
cari_bengkel_by_lokasi,"Butuh towing dari Cirebon ke Bandung, kontak dong"
cari_bengkel_by_lokasi,"Bengkel AC bagus di Semarang dmn ya? Panas banget"
cari_bengkel_by_lokasi,"Di Tangerang ada bengkel yg bisa handle hybrid?"
cari_bengkel_by_lokasi,"Ada bengkel jujur di Mataram? Takut ditipu lagi"
cari_bengkel_by_lokasi,"Nyari bengkel khusus mesin diesel di Sidoarjo"
cari_bengkel_by_lokasi,"Di Salatiga ada bengkel buka hari libur ga?"
cari_bengkel_by_lokasi,"Woy di Garut mana bengkel buat perbaiki rem ABS?"
cari_bengkel_by_lokasi,"Butuh bengkel cepat di Tegal untuk ganti oli"
cari_bengkel_by_lokasi,"Ada bengkel 24 jam di Batam Centre? Mobil mogok"
cari_bengkel_by_lokasi,"Di Lampung ada bengkel spesialis kopling ga sih?"
cari_bengkel_by_lokasi,"Bengkel buat periksa getaran mesin di Bogor dmn?"
cari_bengkel_by_lokasi,"Di Balikpapan ada bengkel yg bisa handle Land Rover?"
cari_bengkel_by_lokasi,"Ada yg tau bengkel murah di Purwakarta buat motor?"
cari_bengkel_by_lokasi,"Butuh towing dari Semarang ke Solo, ada kontak?"
cari_bengkel_by_lokasi,"Di Manado mana bengkel yg jual onderdil Toyota?"
cari_bengkel_by_lokasi,"Bengkel khusus Hyundai di Depok ada ga ya?"
cari_bengkel_by_lokasi,"Warga Palembang, bengkel buat perbaiki AC dmn?"
cari_bengkel_by_lokasi,"Di Palu ada bengkel buka malem ga? Kepepet banget"
cari_bengkel_by_lokasi,"Ada bengkel jago karburator di Yogyakarta?"
cari_bengkel_by_lokasi,"Nyari bengkel body repair murah di Tangerang Selatan"
cari_bengkel_by_lokasi,"Di Samarinda mana bengkel yg bisa perbaiki turbo?"
cari_bengkel_by_lokasi,"Butuh bengkel spesialis rem di Malang, ada rekom?"
cari_bengkel_by_lokasi,"Ada bengkel khusus Suzuki di Pontianak?"
cari_bengkel_by_lokasi,"Di Cikarang ada bengkel yg jual ban mobil?"
cari_bengkel_by_lokasi,"Bengkel buat ganti kampas rem di Pekanbaru dmn?"
cari_bengkel_by_lokasi,"Woy di Makassar ada bengkel buka Minggu ga?"
cari_bengkel_by_lokasi,"Di Serpong ada bengkel premium buat European car?"
cari_bengkel_by_lokasi,"Butuh bengkel cepat di Bandung buat ganti aki"
cari_bengkel_by_lokasi,"Ada bengkel 24 jam di sekitar Kelapa Gading?"
cari_bengkel_by_lokasi,"Di Medan mana bengkel yg jujur buat servis rutin?"
cari_bengkel_by_lokasi,"Bengkel khusus Mitsubishi di Surabaya ada ga?"
cari_bengkel_by_lokasi,"Warga Banjar, bengkel buat turun mesin mobil dmn?"
cari_bengkel_by_lokasi,"Di Lombok ada bengkel yg bisa handle BMW?"
cari_bengkel_by_lokasi,"Ada bengkel spesialis kopling di Bogor?"
cari_bengkel_by_lokasi,"Nyari bengkel murah di Depok buat ganti oli motor"
cari_bengkel_by_lokasi,"Di Jayapura mana bengkel yg buka akhir pekan?"
cari_bengkel_by_lokasi,"Butuh towing dari Cirebon ke Bandung, kontak dong"
cari_bengkel_by_lokasi,"Bengkel AC bagus di Semarang dmn ya? Panas banget"
cari_bengkel_by_lokasi,"Di Tangerang ada bengkel yg bisa handle hybrid?"
cari_bengkel_by_lokasi,"Ada bengkel jujur di Mataram? Takut ditipu lagi"
cari_bengkel_by_lokasi,"Nyari bengkel khusus mesin diesel di Sidoarjo"
cari_bengkel_by_lokasi,"Di Salatiga ada bengkel buka hari libur ga?"
cari_bengkel_by_lokasi,"Woy di Garut mana bengkel buat perbaiki rem ABS?"
cari_bengkel_by_lokasi,"Butuh bengkel cepat di Tegal untuk ganti oli"
cari_bengkel_by_lokasi,"Ada bengkel 24 jam di Batam Centre? Mobil mogok"
cari_bengkel_by_lokasi,"Di Lampung ada bengkel spesialis kopling ga sih?"
cari_bengkel_by_lokasi,"Bengkel buat periksa getaran mesin di Bogor dmn?"
cari_bengkel_by_lokasi,"Di Balikpapan ada bengkel yg bisa handle Land Rover?"
cari_bengkel_by_lokasi,"Ada yg tau bengkel murah di Purwakarta buat motor?"
cari_bengkel_by_lokasi,"Butuh towing dari Semarang ke Solo, ada kontak?"
cari_bengkel_by_lokasi,"Di Manado mana bengkel yg jual onderdil Toyota?"
cari_bengkel_by_lokasi,"Bengkel khusus Hyundai di Depok ada ga ya?"
cari_bengkel_by_lokasi,"Warga Palembang, bengkel buat perbaiki AC dmn?"
cari_bengkel_by_lokasi,"Di Palu ada bengkel buka malem ga? Kepepet banget"
cari_bengkel_by_lokasi,"Ada bengkel jago karburator di Yogyakarta?"
cari_bengkel_by_lokasi,"Nyari bengkel body repair murah di Tangerang Selatan"
cari_bengkel_by_lokasi,"Di Samarinda mana bengkel yg bisa perbaiki turbo?"
cari_bengkel_by_lokasi,"Butuh bengkel spesialis rem di Malang, ada rekom?"
cari_bengkel_by_lokasi,"Ada bengkel khusus Suzuki di Pontianak?"
cari_bengkel_by_lokasi,"Di Cikarang ada bengkel yg jual ban mobil?"
cari_bengkel_by_lokasi,"Bengkel buat ganti kampas rem di Pekanbaru dmn?"
cari_bengkel_by_lokasi,"Woy di Makassar ada bengkel buka Minggu ga?"
cari_bengkel_by_lokasi,"Di Serpong ada bengkel premium buat European car?"
cari_bengkel_by_lokasi,"Butuh bengkel cepat di Bandung buat ganti aki"
cari_bengkel_by_lokasi,"Ada bengkel 24 jam di sekitar Kelapa Gading?"
cari_bengkel_by_lokasi,"Di Medan mana bengkel yg jujur buat servis rutin?"
cari_bengkel_by_lokasi,"Bengkel khusus Mitsubishi di Surabaya ada ga?"
cari_bengkel_by_lokasi,"Warga Banjar, bengkel buat turun mesin mobil dmn?"
cari_bengkel_by_lokasi,"Di Lombok ada bengkel yg bisa handle BMW?"
cari_bengkel_by_lokasi,"Ada bengkel spesialis kopling di Bogor?"
cari_bengkel_by_lokasi,"Nyari bengkel murah di Depok buat ganti oli motor"
cari_bengkel_by_lokasi,"Di Jayapura mana bengkel yg buka akhir pekan?"
cari_bengkel_by_lokasi,"Butuh towing dari Cirebon ke Bandung, kontak dong"
cari_bengkel_by_lokasi,"Bengkel AC bagus di Semarang dmn ya? Panas banget"
cari_bengkel_by_lokasi,"Di Tangerang ada bengkel yg bisa handle hybrid?"
cari_bengkel_by_lokasi,"Ada bengkel jujur di Mataram? Takut ditipu lagi"
cari_bengkel_by_lokasi,"Nyari bengkel khusus mesin diesel di Sidoarjo"
cari_bengkel_by_lokasi,"Di Salatiga ada bengkel buka hari libur ga?"
cari_bengkel_by_lokasi,"Woy di Garut mana bengkel buat perbaiki rem ABS?"
cari_bengkel_by_lokasi,"Butuh bengkel cepat di Tegal untuk ganti oli"
cari_bengkel_by_lokasi,"Ada bengkel 24 jam di Batam Centre? Mobil mogok"
cari_bengkel_by_lokasi,"Di Lampung ada bengkel spesialis kopling ga sih?"
cari_bengkel_by_lokasi,"Bengkel buat periksa getaran mesin di Bogor dmn?"
cari_bengkel_by_lokasi,"Di Balikpapan ada bengkel yg bisa handle Land Rover?"
cari_bengkel_by_lokasi,"Ada yg tau bengkel murah di Purwakarta buat motor?"
cari_bengkel_by_lokasi,"Butuh towing dari Semarang ke Solo, ada kontak?"
cari_bengkel_by_lokasi,"Di Manado mana bengkel yg jual onderdil Toyota?"
cari_bengkel_by_lokasi,"Bengkel khusus Hyundai di Depok ada ga ya?"
cari_bengkel_by_lokasi,"Warga Palembang, bengkel buat perbaiki AC dmn?"
cari_bengkel_by_lokasi,"Di Palu ada bengkel buka malem ga? Kepepet banget"
cari_bengkel_by_lokasi,"Ada bengkel jago karburator di Yogyakarta?"
cari_bengkel_by_lokasi,"Nyari bengkel body repair murah di Tangerang Selatan"
cari_bengkel_by_lokasi,"Di Samarinda mana bengkel yg bisa perbaiki turbo?"
cari_bengkel_by_lokasi,"Butuh bengkel spesialis rem di Malang, ada rekom?"
cari_bengkel_by_lokasi,"Ada bengkel khusus Suzuki di Pontianak?"
cari_bengkel_by_lokasi,"Di Cikarang ada bengkel yg jual ban mobil?"
cari_bengkel_by_lokasi,"Bengkel buat ganti kampas rem di Pekanbaru dmn?"
cari_bengkel_by_lokasi,"Woy di Makassar ada bengkel buka Minggu ga?"
cari_bengkel_by_lokasi,"Di Serpong ada bengkel premium buat European car?"
cari_bengkel_by_lokasi,"Butuh bengkel cepat di Bandung buat ganti aki"
cari_bengkel_by_lokasi,"Ada bengkel 24 jam di sekitar Kelapa Gading?"
cari_bengkel_by_lokasi,"Di Medan mana bengkel yg jujur buat servis rutin?"
cari_bengkel_by_lokasi,"Bengkel khusus Mitsubishi di Surabaya ada ga?"
cari_bengkel_by_lokasi,"Warga Banjar, bengkel buat turun mesin mobil dmn?"
cari_bengkel_by_lokasi,"Di Lombok ada bengkel yg bisa handle BMW?"
cari_bengkel_by_lokasi,"Ada bengkel spesialis kopling di Bogor?"
cari_bengkel_by_lokasi,"Nyari bengkel murah di Depok buat ganti oli motor"
cari_bengkel_by_lokasi,"Di Jayapura mana bengkel yg buka akhir pekan?"
cari_bengkel_by_lokasi,"Butuh towing dari Cirebon ke Bandung, kontak dong"
cari_bengkel_by_lokasi,"Bengkel AC bagus di Semarang dmn ya? Panas banget"
cari_bengkel_by_lokasi,"Di Tangerang ada bengkel yg bisa handle hybrid?"
cari_bengkel_by_lokasi,"Ada bengkel jujur di Mataram? Takut ditipu lagi"
cari_bengkel_by_lokasi,"Nyari bengkel khusus mesin diesel di Sidoarjo"
cari_bengkel_by_lokasi,"Di Salatiga ada bengkel buka hari libur ga?"
cari_bengkel_by_lokasi,"Woy di Garut mana bengkel buat perbaiki rem ABS?"
cari_bengkel_by_lokasi,"Butuh bengkel cepat di Tegal untuk ganti oli"
cari_bengkel_by_lokasi,"Ada bengkel 24 jam di Batam Centre? Mobil mogok"
cari_bengkel_by_lokasi,"Di Lampung ada bengkel spesialis kopling ga sih?"
cari_bengkel_by_lokasi,"Bengkel buat periksa getaran mesin di Bogor dmn?"
cari_bengkel_by_lokasi,"Di Balikpapan ada bengkel yg bisa handle Land Rover?"
cari_bengkel_by_lokasi,"Ada yg tau bengkel murah di Purwakarta buat motor?"
cari_bengkel_by_lokasi,"Butuh towing dari Semarang ke Solo, ada kontak?"
cari_bengkel_by_lokasi,"Di Manado mana bengkel yg jual onderdil Toyota?"
cari_bengkel_by_lokasi,"Bengkel khusus Hyundai di Depok ada ga ya?"
cari_bengkel_by_lokasi,"Warga Palembang, bengkel buat perbaiki AC dmn?"
cari_bengkel_by_lokasi,"Di Palu ada bengkel buka malem ga? Kepepet banget"
cari_bengkel_by_lokasi,"Ada bengkel jago karburator di Yogyakarta?"
cari_bengkel_by_lokasi,"Nyari bengkel body repair murah di Tangerang Selatan"
cari_bengkel_by_lokasi,"Di Samarinda mana bengkel yg bisa perbaiki turbo?"
cari_bengkel_by_lokasi,"Butuh bengkel spesialis rem di Malang, ada rekom?"
cari_bengkel_by_lokasi,"Ada bengkel khusus Suzuki di Pontianak?"
cari_bengkel_by_lokasi,"Di Cikarang ada bengkel yg jual ban mobil?"
cari_bengkel_by_lokasi,"Bengkel buat ganti kampas rem di Pekanbaru dmn?"
cari_bengkel_by_lokasi,"Woy di Makassar ada bengkel buka Minggu ga?"
cari_bengkel_by_lokasi,"Di Serpong ada bengkel premium buat European car?"
cari_bengkel_by_lokasi,"Butuh bengkel cepat di Bandung buat ganti aki"
cari_bengkel_by_lokasi,"Ada bengkel 24 jam di sekitar Kelapa Gading?"
cari_bengkel_by_lokasi,"Di Medan mana bengkel yg jujur buat servis rutin?"
cari_bengkel_by_lokasi,"Bengkel khusus Mitsubishi di Surabaya ada ga?"
cari_bengkel_by_lokasi,"Warga Banjar, bengkel buat turun mesin mobil dmn?"
cari_bengkel_by_lokasi,"Di Lombok ada bengkel yg bisa handle BMW?"
cari_bengkel_by_lokasi,"Ada bengkel spesialis kopling di Bogor?"
cari_bengkel_by_lokasi,"Nyari bengkel murah di Depok buat ganti oli motor"
cari_bengkel_by_lokasi,"Di Jayapura mana bengkel yg buka akhir pekan?"
cari_bengkel_by_lokasi,"Butuh towing dari Cirebon ke Bandung, kontak dong"
cari_bengkel_by_lokasi,"Bengkel AC bagus di Semarang dmn ya? Panas banget"
cari_bengkel_by_lokasi,"Di Tangerang ada bengkel yg bisa handle hybrid?"
cari_bengkel_by_lokasi,"Ada bengkel jujur di Mataram? Takut ditipu lagi"
cari_bengkel_by_lokasi,"Nyari bengkel khusus mesin diesel di Sidoarjo"
cari_bengkel_by_lokasi,"Di Salatiga ada bengkel buka hari libur ga?"
cari_bengkel_by_lokasi,"Woy di Garut mana bengkel buat perbaiki rem ABS?"
cari_bengkel_by_lokasi,"Butuh bengkel cepat di Tegal untuk ganti oli"
cari_bengkel_by_lokasi,"Ada bengkel 24 jam di Batam Centre? Mobil mogok"
cari_bengkel_by_lokasi,"Di Lampung ada bengkel spesialis kopling ga sih?"
cari_bengkel_by_lokasi,"Bengkel buat periksa getaran mesin di Bogor dmn?"
cari_bengkel_by_lokasi,"Di Balikpapan ada bengkel yg bisa handle Land Rover?"
cari_bengkel_by_lokasi,"Ada yg tau bengkel murah di Purwakarta buat motor?"
cari_bengkel_by_lokasi,"Butuh towing dari Semarang ke Solo, ada kontak?"
cari_bengkel_by_lokasi,"Di Manado mana bengkel yg jual onderdil Toyota?"
cari_bengkel_by_lokasi,"Bengkel khusus Hyundai di Depok ada ga ya?"
cari_bengkel_by_lokasi,"Warga Palembang, bengkel buat perbaiki AC dmn?"
cari_bengkel_by_lokasi,"Di Palu ada bengkel buka malem ga? Kepepet banget"
cari_bengkel_by_lokasi,"Ada bengkel jago karburator di Yogyakarta?"
cari_bengkel_by_lokasi,"Nyari bengkel body repair murah di Tangerang Selatan"
cari_bengkel_by_lokasi,"Di Samarinda mana bengkel yg bisa perbaiki turbo?"
cari_bengkel_by_lokasi,"Butuh bengkel spesialis rem di Malang, ada rekom?"
cari_bengkel_by_lokasi,"Ada bengkel khusus Suzuki di Pontianak?"
cari_bengkel_by_lokasi,"Di Cikarang ada bengkel yg jual ban mobil?"
cari_bengkel_by_lokasi,"Bengkel buat ganti kampas rem di Pekanbaru dmn?"
cari_bengkel_by_lokasi,"Woy di Makassar ada bengkel buka Minggu ga?"
cari_bengkel_by_lokasi,"Di Serpong ada bengkel premium buat European car?"
cari_bengkel_by_lokasi,"Butuh bengkel cepat di Bandung buat ganti aki"
cari_bengkel_by_lokasi,"Ada bengkel 24 jam di sekitar Kelapa Gading?"
cari_bengkel_by_lokasi,"Di Medan mana bengkel yg jujur buat servis rutin?"
cari_bengkel_by_lokasi,"Bengkel khusus Mitsubishi di Surabaya ada ga?"
cari_bengkel_by_lokasi,"Warga Banjar, bengkel buat turun mesin mobil dmn?"
cari_bengkel_by_lokasi,"Di Lombok ada bengkel yg bisa handle BMW?"
cari_bengkel_by_lokasi,"Ada bengkel spesialis kopling di Bogor?"
cari_bengkel_by_lokasi,"Nyari bengkel murah di Depok buat ganti oli motor"
cari_bengkel_by_lokasi,"Di Jayapura mana bengkel yg buka akhir pekan?"
cari_bengkel_by_lokasi,"Butuh towing dari Cirebon ke Bandung, kontak dong"
cari_bengkel_by_lokasi,"Bengkel AC bagus di Semarang dmn ya? Panas banget"
cari_bengkel_by_lokasi,"Di Tangerang ada bengkel yg bisa handle hybrid?"
cari_bengkel_by_lokasi,"Ada bengkel jujur di Mataram? Takut ditipu lagi"
cari_bengkel_by_lokasi,"Nyari bengkel khusus mesin diesel di Sidoarjo"
cari_bengkel_by_lokasi,"Di Salatiga ada bengkel buka hari libur ga?"
cari_bengkel_by_lokasi,"Woy di Garut mana bengkel buat perbaiki rem ABS?"
cari_bengkel_by_lokasi,"Butuh bengkel cepat di Tegal untuk ganti oli"
cari_bengkel_by_lokasi,"Ada bengkel 24 jam di Batam Centre? Mobil mogok"
cari_bengkel_by_lokasi,"Di Lampung ada bengkel spesialis kopling ga sih?"
cari_bengkel_by_lokasi,"Bengkel buat periksa getaran mesin di Bogor dmn?"
cari_bengkel_by_lokasi,"Di Balikpapan ada bengkel yg bisa handle Land Rover?"
cari_bengkel_by_lokasi,"Ada yg tau bengkel murah di Purwakarta buat motor?"
cari_bengkel_by_lokasi,"Butuh towing dari Semarang ke Solo, ada kontak?"
cari_bengkel_by_lokasi,"Di Manado mana bengkel yg jual onderdil Toyota?"
cari_bengkel_by_lokasi,"Bengkel khusus Hyundai di Depok ada ga ya?"
cari_bengkel_by_lokasi,"Warga Palembang, bengkel buat perbaiki AC dmn?"
cari_bengkel_by_lokasi,"Di Palu ada bengkel buka malem ga? Kepepet banget"
cari_bengkel_by_lokasi,"Ada bengkel jago karburator di Yogyakarta?"
cari_bengkel_by_lokasi,"Nyari bengkel body repair murah di Tangerang Selatan"
cari_bengkel_by_lokasi,"Di Samarinda mana bengkel yg bisa perbaiki turbo?"
cari_bengkel_by_lokasi,"Butuh bengkel spesialis rem di Malang, ada rekom?"
cari_bengkel_by_lokasi,"Ada bengkel khusus Suzuki di Pontianak?"
cari_bengkel_by_lokasi,"Di Cikarang ada bengkel yg jual ban mobil?"
cari_bengkel_by_lokasi,"Bengkel buat ganti kampas rem di Pekanbaru dmn?"
cari_bengkel_by_lokasi,"Woy di Makassar ada bengkel buka Minggu ga?"
cari_bengkel_by_lokasi,"Di Serpong ada bengkel premium buat European car?"
cari_bengkel_by_lokasi,"Butuh bengkel cepat di Bandung buat ganti aki"
cari_bengkel_by_lokasi,"Ada bengkel 24 jam di sekitar Kelapa Gading?"
cari_bengkel_by_lokasi,"Di Medan mana bengkel yg jujur buat servis rutin?"
cari_bengkel_by_lokasi,"Bengkel khusus Mitsubishi di Surabaya ada ga?"
cari_bengkel_by_lokasi,"Warga Banjar, bengkel buat turun mesin mobil dmn?"
cari_bengkel_by_lokasi,"Di Lombok ada bengkel yg bisa handle BMW?"
cari_bengkel_by_lokasi,"Ada bengkel spesialis kopling di Bogor?"
cari_bengkel_by_lokasi,"Nyari bengkel murah di Depok buat ganti oli motor"
cari_bengkel_by_lokasi,"Di Jayapura mana bengkel yg buka akhir pekan?"
cari_bengkel_by_lokasi,"Butuh towing dari Cirebon ke Bandung, kontak dong"
cari_bengkel_by_lokasi,"Bengkel AC bagus di Semarang dmn ya? Panas banget"
cari_bengkel_by_lokasi,"Di Tangerang ada bengkel yg bisa handle hybrid?"
cari_bengkel_by_lokasi,"Ada bengkel jujur di Mataram? Takut ditipu lagi"
cari_bengkel_by_lokasi,"Nyari bengkel khusus mesin diesel di Sidoarjo"
cari_bengkel_by_lokasi,"Di Salatiga ada bengkel buka hari libur ga?"
cari_bengkel_by_lokasi,"Woy di Garut mana bengkel buat perbaiki rem ABS?"
cari_bengkel_by_lokasi,"Butuh bengkel cepat di Tegal untuk ganti oli"
cari_bengkel_by_lokasi,"Ada bengkel 24 jam di Batam Centre? Mobil mogok"
cari_bengkel_by_lokasi,"Di Lampung ada bengkel spesialis kopling ga sih?"
cari_bengkel_by_lokasi,"Bengkel buat periksa getaran mesin di Bogor dmn?"
cari_bengkel_by_lokasi,"Di Balikpapan ada bengkel yg bisa handle Land Rover?"
cari_bengkel_by_lokasi,"Ada yg tau bengkel murah di Purwakarta buat motor?"
cari_bengkel_by_lokasi,"Butuh towing dari Semarang ke Solo, ada kontak?"
cari_bengkel_by_lokasi,"Di Manado mana bengkel yg jual onderdil Toyota?"
cari_bengkel_by_lokasi,"Bengkel khusus Hyundai di Depok ada ga ya?"
cari_bengkel_by_lokasi,"Warga Palembang, bengkel buat perbaiki AC dmn?"
cari_bengkel_by_lokasi,"Di Palu ada bengkel buka malem ga? Kepepet banget"
cari_bengkel_by_lokasi,"Ada bengkel jago karburator di Yogyakarta?"
cari_bengkel_by_lokasi,"Nyari bengkel body repair murah di Tangerang Selatan"
cari_bengkel_by_lokasi,"Di Samarinda mana bengkel yg bisa perbaiki turbo?"
cari_bengkel_by_lokasi,"Butuh bengkel spesialis rem di Malang, ada rekom?"
cari_bengkel_by_lokasi,"Ada bengkel khusus Suzuki di Pontianak?"
cari_bengkel_by_lokasi,"Di Cikarang ada bengkel yg jual ban mobil?"
cari_bengkel_by_lokasi,"Bengkel buat ganti kampas rem di Pekanbaru dmn?"
cari_bengkel_by_lokasi,"Woy di Makassar ada bengkel buka Minggu ga?"
cari_bengkel_by_lokasi,"Di Serpong ada bengkel premium buat European car?"
cari_bengkel_by_lokasi,"Butuh bengkel cepat di Bandung buat ganti aki"
cari_bengkel_by_lokasi,"Ada bengkel 24 jam di sekitar Kelapa Gading?"
cari_bengkel_by_lokasi,"Di Medan mana bengkel yg jujur buat servis rutin?"
cari_bengkel_by_lokasi,"Bengkel khusus Mitsubishi di Surabaya ada ga?"
cari_bengkel_by_lokasi,"Warga Banjar, bengkel buat turun mesin mobil dmn?"
cari_bengkel_by_lokasi,"Di Lombok ada bengkel yg bisa handle BMW?"
cari_bengkel_by_lokasi,"Ada bengkel spesialis kopling di Bogor?"
cari_bengkel_by_lokasi,"Nyari bengkel murah di Depok buat ganti oli motor"
cari_bengkel_by_lokasi,"Di Jayapura mana bengkel yg buka akhir pekan?"
cari_bengkel_by_lokasi,"Butuh towing dari Cirebon ke Bandung, kontak dong"
cari_bengkel_by_lokasi,"Bengkel AC bagus di Semarang dmn ya? Panas banget"
cari_bengkel_by_lokasi,"Di Tangerang ada bengkel yg bisa handle hybrid?"
cari_bengkel_by_lokasi,"Ada bengkel jujur di Mataram? Takut ditipu lagi"
cari_bengkel_by_lokasi,"Nyari bengkel khusus mesin diesel di Sidoarjo"
cari_bengkel_by_lokasi,"Di Salatiga ada bengkel buka hari libur ga?"
cari_bengkel_by_lokasi,"Woy di Garut mana bengkel buat perbaiki rem ABS?"
cari_bengkel_by_lokasi,"Butuh bengkel cepat di Tegal untuk ganti oli"
cari_bengkel_by_lokasi,"Ada bengkel 24 jam di Batam Centre? Mobil mogok"
cari_bengkel_by_lokasi,"Di Lampung ada bengkel spesialis kopling ga sih?"
cari_bengkel_by_lokasi,"Bengkel buat periksa getaran mesin di Bogor dmn?"
cari_bengkel_by_lokasi,"Di Balikpapan ada bengkel yg bisa handle Land Rover?"
cari_bengkel_by_lokasi,"Ada yg tau bengkel murah di Purwakarta buat motor?"
cari_bengkel_by_lokasi,"Butuh towing dari Semarang ke Solo, ada kontak?"
cari_bengkel_by_lokasi,"Di Manado mana bengkel yg jual onderdil Toyota?"
cari_bengkel_by_lokasi,"Bengkel khusus Hyundai di Depok ada ga ya?"
cari_bengkel_by_lokasi,"Warga Palembang, bengkel buat perbaiki AC dmn?"
cari_bengkel_by_lokasi,"Di Palu ada bengkel buka malem ga? Kepepet banget"
cari_bengkel_by_lokasi,"Ada bengkel jago karburator di Yogyakarta?"
cari_bengkel_by_lokasi,"Nyari bengkel body repair murah di Tangerang Selatan"
cari_bengkel_by_lokasi,"Di Samarinda mana bengkel yg bisa perbaiki turbo?"
cari_bengkel_by_lokasi,"Butuh bengkel spesialis rem di Malang, ada rekom?"
cari_bengkel_by_lokasi,"Ada bengkel khusus Suzuki di Pontianak?"
cari_bengkel_by_lokasi,"Di Cikarang ada bengkel yg jual ban mobil?"
cari_bengkel_by_lokasi,"Bengkel buat ganti kampas rem di Pekanbaru dmn?"
cari_bengkel_by_lokasi,"Woy di Makassar ada bengkel buka Minggu ga?"
cari_bengkel_by_lokasi,"Di Serpong ada bengkel premium buat European car?"
cari_bengkel_by_lokasi,"Butuh bengkel cepat di Bandung buat ganti aki"
cari_bengkel_by_lokasi,"Ada bengkel 24 jam di sekitar Kelapa Gading?"
cari_bengkel_by_lokasi,"Di Medan mana bengkel yg jujur buat servis rutin?"
cari_bengkel_by_lokasi,"Bengkel khusus Mitsubishi di Surabaya ada ga?"
cari_bengkel_by_lokasi,"Warga Banjar, bengkel buat turun mesin mobil dmn?"
cari_bengkel_by_lokasi,"Di Lombok ada bengkel yg bisa handle BMW?"
cari_bengkel_by_lokasi,"Ada bengkel spesialis kopling di Bogor?"
cari_bengkel_by_lokasi,"Nyari bengkel murah di Depok buat ganti oli motor"
cari_bengkel_by_lokasi,"Di Jayapura mana bengkel yg buka akhir pekan?"
cari_bengkel_by_lokasi,"Butuh towing dari Cirebon ke Bandung, kontak dong"
cari_bengkel_by_lokasi,"Bengkel AC bagus di Semarang dmn ya? Panas banget"
cari_bengkel_by_lokasi,"Di Tangerang ada bengkel yg bisa handle hybrid?"
cari_bengkel_by_lokasi,"Ada bengkel jujur di Mataram? Takut ditipu lagi"
cari_bengkel_by_lokasi,"Nyari bengkel khusus mesin diesel di Sidoarjo"
cari_bengkel_by_lokasi,"Di Salatiga ada bengkel buka hari libur ga?"
cari_bengkel_by_lokasi,"Woy di Garut mana bengkel buat perbaiki rem ABS?"
cari_bengkel_by_lokasi,"Butuh bengkel cepat di Tegal untuk ganti oli"
cari_bengkel_by_lokasi,"Ada bengkel 24 jam di Batam Centre? Mobil mogok"
cari_bengkel_by_lokasi,"Di Lampung ada bengkel spesialis kopling ga sih?"
cari_bengkel_by_lokasi,"Bengkel buat periksa getaran mesin di Bogor dmn?"
cari_bengkel_by_lokasi,"Di Balikpapan ada bengkel yg bisa handle Land Rover?"
cari_bengkel_by_lokasi,"Ada yg tau bengkel murah di Purwakarta buat motor?"
cari_bengkel_by_lokasi,"Butuh towing dari Semarang ke Solo, ada kontak?"
cari_bengkel_by_lokasi,"Di Manado mana bengkel yg jual onderdil Toyota?"
cari_bengkel_by_lokasi,"Bengkel khusus Hyundai di Depok ada ga ya?"
cari_bengkel_by_lokasi,"Warga Palembang, bengkel buat perbaiki AC dmn?"
cari_bengkel_by_lokasi,"Di Palu ada bengkel buka malem ga? Kepepet banget"
cari_bengkel_by_lokasi,"Ada bengkel jago karburator di Yogyakarta?"
cari_bengkel_by_lokasi,"Nyari bengkel body repair murah di Tangerang Selatan"
cari_bengkel_by_lokasi,"Di Samarinda mana bengkel yg bisa perbaiki turbo?"
cari_bengkel_by_lokasi,"Butuh bengkel spesialis rem di Malang, ada rekom?"
cari_bengkel_by_lokasi,"Ada bengkel khusus Suzuki di Pontianak?"
cari_bengkel_by_lokasi,"Di Cikarang ada bengkel yg jual ban mobil?"
cari_bengkel_by_lokasi,"Bengkel buat ganti kampas rem di Pekanbaru dmn?"
cari_bengkel_by_lokasi,"Woy di Makassar ada bengkel buka Minggu ga?"
cari_bengkel_by_lokasi,"Di Serpong ada bengkel premium buat European car?"
cari_bengkel_by_lokasi,"Butuh bengkel cepat di Bandung buat ganti aki"
cari_bengkel_by_lokasi,"Ada bengkel 24 jam di sekitar Kelapa Gading?"
cari_bengkel_by_lokasi,"Di Medan mana bengkel yg jujur buat servis rutin?"
cari_bengkel_by_lokasi,"Bengkel khusus Mitsubishi di Surabaya ada ga?"
cari_bengkel_by_lokasi,"Warga Banjar, bengkel buat turun mesin mobil dmn?"
cari_bengkel_by_lokasi,"Di Lombok ada bengkel yg bisa handle BMW?"
cari_bengkel_by_lokasi,"Ada bengkel spesialis kopling di Bogor?"
cari_bengkel_by_lokasi,"Nyari bengkel murah di Depok buat ganti oli motor"
cari_bengkel_by_lokasi,"Di Jayapura mana bengkel yg buka akhir pekan?"
cari_bengkel_by_lokasi,"Butuh towing dari Cirebon ke Bandung, kontak dong"
cari_bengkel_by_lokasi,"Bengkel AC bagus di Semarang dmn ya? Panas banget"
cari_bengkel_by_lokasi,"Di Tangerang ada bengkel yg bisa handle hybrid?"
cari_bengkel_by_lokasi,"Ada bengkel jujur di Mataram? Takut ditipu lagi"
cari_bengkel_by_lokasi,"Nyari bengkel khusus mesin diesel di Sidoarjo"
cari_bengkel_by_lokasi,"Di Salatiga ada bengkel buka hari libur ga?"
cari_bengkel_by_lokasi,"Woy di Garut mana bengkel buat perbaiki rem ABS?"
cari_bengkel_by_lokasi,"Butuh bengkel cepat di Tegal untuk ganti oli"
cari_bengkel_by_lokasi,"Ada bengkel 24 jam di Batam Centre? Mobil mogok"    