casual_greeting,Halo, aku mau tanya soal mobilku nih.  
casual_greeting,Hai, bisa bantu aku konsultasi tentang motor?  
casual_greeting,Selamat pagi, aku ingin nanya tentang kendaraanku.  
casual_greeting,Permen, boleh tanya soal masalah mobil gak?  
casual_greeting,Halo bro, aku mau konsultasi tentang motor nih.  
casual_greeting,Hai, apa kabar? Aku butuh saran buat mobilku.  
casual_greeting,Selamat siang, bisa tanya tentang kendaraan gak?  
casual_greeting,Halo, aku mau cari info soal perbaikan motor.  
casual_greeting,Hai bro, aku pengen konsultasi masalah mobil.  
casual_greeting,Selamat sore, boleh nanya soal kendaraan gak?  
casual_greeting,Halo, aku butuh bantuan buat motor nih.  
casual_greeting,Hai, ada yang bisa bantu soal mobilku?  
casual_greeting,Selamat malam, aku mau konsultasi tentang kendaraan.  
casual_greeting,Permen dong, boleh tanya soal motor?  
casual_greeting,Halo, aku punya pertanyaan tentang mobilku.  
casual_greeting,Hai, apa kabar? Mau tanya soal motor nih.  
casual_greeting,Selamat pagi bro, aku mau nanya kendaraan.  
casual_greeting,Halo, aku butuh info perbaikan mobil nih.  
casual_greeting,Hai, aku pengen konsultasi soal motor dong.  
casual_greeting,Selamat siang, boleh tanya kendaraan gak ya?  
casual_greeting,Halo bro, aku butuh bantuan buat mobil.  
casual_greeting,Hai, ada yang bisa bantu aku soal motor?  
casual_greeting,Selamat sore, aku mau konsultasi kendaraan nih.  
casual_greeting,Permen, boleh tanya masalah mobil dong?  
casual_greeting,Halo, aku pengen tanya soal motor nih.  
casual_greeting,Hai, apa kabar? Butuh saran buat kendaraan.  
casual_greeting,Selamat malam bro, aku mau nanya mobil.  
casual_greeting,Halo, aku cari info soal perbaikan kendaraan.  
casual_greeting,Hai, aku mau konsultasi masalah motor nih.  
casual_greeting,Selamat pagi, boleh nanya soal mobil gak?  
casual_greeting,Halo, aku butuh bantuan soal kendaraan dong.  
casual_greeting,Hai bro, ada yang bisa bantu aku soal mobil?  
casual_greeting,Selamat siang, aku mau tanya kendaraan nih.  
casual_greeting,Permen dong, boleh nanya soal motor gak?  
casual_greeting,Halo, aku punya pertanyaan soal mobil nih.  
casual_greeting,Hai, apa kabar? Aku mau tanya motor.  
casual_greeting,Selamat sore bro, aku butuh info kendaraan.  
casual_greeting,Halo, aku mau cari tahu soal perbaikan mobil.  
casual_greeting,Hai, aku pengen konsultasi soal kendaraan dong.  
casual_greeting,Selamat malam, boleh tanya soal motor gak?  
casual_greeting,Halo bro, aku butuh bantuan buat kendaraan.  
casual_greeting,Hai, ada yang bisa bantu soal motor nih?  
casual_greeting,Selamat pagi, aku mau konsultasi mobil dong.  
casual_greeting,Permen, boleh nanya kendaraan gak ya?  
casual_greeting,Halo, aku pengen tanya soal mobil dong.  
casual_greeting,Hai, apa kabar? Mau konsultasi motor nih.  
casual_greeting,Selamat siang bro, aku mau nanya soal kendaraan.  
casual_greeting,Halo, aku cari info perbaikan motor dong.  
casual_greeting,Hai, aku butuh saran soal mobil nih.  
casual_greeting,Selamat sore, aku mau tanya masalah kendaraan.  
casual_greeting,Halo, aku butuh bantuan soal motor bro.  
casual_greeting,Hai, ada yang bisa bantu aku soal mobil nih?  
casual_greeting,Selamat malam, aku pengen konsultasi kendaraan.  
casual_greeting,Permen dong, boleh tanya soal mobil gak?  
casual_greeting,Halo, aku punya pertanyaan soal motor dong.  
casual_greeting,Hai, apa kabar? Aku butuh info kendaraan.  
casual_greeting,Selamat pagi, aku mau tanya soal perbaikan mobil.  
casual_greeting,Halo bro, aku pengen konsultasi soal motor.  
casual_greeting,Hai, aku mau cari tahu soal kendaraan nih.  
casual_greeting,Selamat siang, boleh nanya soal motor dong?  
casual_greeting,Halo, aku butuh bantuan buat mobil nih.  
casual_greeting,Hai, ada yang bisa bantu soal kendaraan bro?  
casual_greeting,Selamat sore, aku mau konsultasi soal mobil.  
casual_greeting,Permen, boleh tanya perbaikan motor gak?  
casual_greeting,Halo, aku pengen tanya soal kendaraan dong.  
casual_greeting,Hai, apa kabar? Mau nanya soal mobil nih.  
casual_greeting,Selamat malam bro, aku butuh saran motor.  
casual_greeting,Halo, aku cari info soal perbaikan kendaraan nih.  
casual_greeting,Hai, aku mau konsultasi soal mobil dong.  
casual_greeting,Selamat pagi, boleh tanya masalah motor gak?  
casual_greeting,Halo, aku butuh bantuan soal kendaraan nih.  
casual_greeting,Hai bro, ada yang bisa bantu soal mobil dong?  
casual_greeting,Selamat siang, aku pengen tanya kendaraan.  
casual_greeting,Permen dong, boleh nanya soal motor nih?  
casual_greeting,Halo, aku punya pertanyaan soal mobil bro.  
casual_greeting,Hai, apa kabar? Aku mau konsultasi kendaraan.  
casual_greeting,Selamat sore, aku butuh info soal motor nih.  
casual_greeting,Halo, aku mau cari tahu perbaikan mobil dong.  
casual_greeting,Hai, aku pengen tanya soal kendaraan bro.  
casual_greeting,Selamat malam, boleh nanya soal mobil gak?  
casual_greeting,Halo bro, aku butuh bantuan soal motor nih.  
casual_greeting,Hai, ada yang bisa bantu aku soal kendaraan?  
casual_greeting,Selamat pagi, aku mau konsultasi soal mobil nih.  
casual_greeting,Permen, boleh tanya soal kendaraan dong?  
casual_greeting,Halo, aku pengen tanya soal motor bro.  
casual_greeting,Hai, apa kabar? Mau tanya perbaikan mobil.  
casual_greeting,Selamat siang, aku mau nanya soal motor nih.  
casual_greeting,Halo, aku cari info soal kendaraan dong.  
casual_greeting,Hai, aku butuh saran soal motor nih.  
casual_greeting,Selamat sore bro, aku mau konsultasi mobil.  
casual_greeting,Halo, aku butuh bantuan perbaikan kendaraan.  
casual_greeting,Hai, ada yang bisa bantu soal mobil bro?  
casual_greeting,Selamat malam, aku pengen tanya kendaraan nih.  
casual_greeting,Permen dong, boleh nanya soal motor gak?  
casual_greeting,Halo, aku punya pertanyaan soal mobil nih.  
casual_greeting,Hai, apa kabar? Aku butuh saran kendaraan.  
casual_greeting,Selamat pagi, aku mau tanya soal motor dong.  
casual_greeting,Halo bro, aku cari info perbaikan mobil nih.  
casual_greeting,Hai, aku mau konsultasi soal kendaraan bro.  
casual_greeting,Selamat siang, boleh tanya soal mobil gak?  
casual_greeting,Halo, aku butuh bantuan soal motor dong.  
casual_greeting,Hai, ada yang bisa bantu aku soal kendaraan nih?  
casual_greeting,Selamat sore, aku pengen konsultasi motor.  
casual_greeting,Permen, boleh nanya perbaikan mobil gak?  
casual_greeting,Halo, aku mau tanya soal kendaraan bro.  
casual_greeting,Hai, apa kabar? Mau nanya soal motor dong.  
casual_greeting,Selamat malam, aku butuh info soal mobil nih.  
casual_greeting,Halo, aku cari tahu perbaikan kendaraan dong.  
casual_greeting,Hai bro, aku pengen tanya soal mobil nih.  
casual_greeting,Selamat pagi, boleh konsultasi soal motor gak?  
casual_greeting,Halo, aku butuh saran buat kendaraan nih.  
casual_greeting,Hai, ada yang bisa bantu soal motor dong?  
casual_greeting,Selamat siang bro, aku mau tanya mobil.  
casual_greeting,Permen dong, boleh nanya kendaraan nih?  
casual_greeting,Halo, aku punya pertanyaan soal motor bro.  
casual_greeting,Hai, apa kabar? Aku mau tanya mobil dong.  
casual_greeting,Selamat sore, aku butuh bantuan soal kendaraan.  
casual_greeting,Halo, aku cari info soal perbaikan motor nih.  
casual_greeting,Hai, aku pengen konsultasi soal mobil bro.  
casual_greeting,Selamat malam, boleh tanya soal kendaraan dong?  
casual_greeting,Halo bro, aku butuh saran soal motor nih.  
casual_greeting,Hai, ada yang bisa bantu aku soal mobil dong?  
casual_greeting,Selamat pagi, aku mau nanya perbaikan kendaraan.  
casual_greeting,Permen, boleh tanya soal mobil nih?  
casual_greeting,Halo, aku pengen tanya soal motor dong.  
casual_greeting,Hai, apa kabar? Mau konsultasi kendaraan bro.  
casual_greeting,Selamat siang, aku butuh info soal motor nih.  
casual_greeting,Halo, aku cari tahu soal mobil dong.  
casual_greeting,Hai, aku mau tanya soal kendaraan nih.  
casual_greeting,Selamat sore, boleh konsultasi soal mobil gak?  
casual_greeting,Halo bro, aku butuh bantuan soal kendaraan nih.  
casual_greeting,Hai, ada yang bisa bantu soal motor bro?  
casual_greeting,Selamat malam, aku pengen nanya soal mobil.  
casual_greeting,Permen dong, boleh tanya perbaikan motor gak?  
casual_greeting,Halo, aku punya pertanyaan soal kendaraan nih.  
casual_greeting,Hai, apa kabar? Aku butuh saran mobil dong.  
casual_greeting,Selamat pagi, aku mau tanya soal motor bro.  
casual_greeting,Halo, aku cari info soal perbaikan mobil dong.  
casual_greeting,Hai, aku pengen konsultasi soal kendaraan nih.  
casual_greeting,Selamat siang, boleh nanya soal motor nih?  
casual_greeting,Halo, aku butuh bantuan soal mobil bro.  
casual_greeting,Hai bro, ada yang bisa bantu soal kendaraan?  
casual_greeting,Selamat sore, aku mau tanya soal motor dong.  
casual_greeting,Permen, boleh konsultasi soal mobil gak?  
casual_greeting,Halo, aku pengen nanya soal kendaraan bro.  
casual_greeting,Hai, apa kabar? Mau tanya perbaikan motor.  
casual_greeting,Selamat malam, aku butuh info soal kendaraan nih.  
casual_greeting,Halo, aku cari tahu soal mobil bro.  
casual_greeting,Hai, aku mau konsultasi soal motor dong.  
casual_greeting,Selamat pagi bro, boleh tanya soal mobil gak?  
casual_greeting,Halo, aku butuh saran soal kendaraan dong.  
casual_greeting,Hai, ada yang bisa bantu aku soal motor nih?  
casual_greeting,Selamat siang, aku pengen nanya perbaikan mobil.  
casual_greeting,Permen dong, boleh tanya soal kendaraan gak?  
casual_greeting,Halo, aku punya pertanyaan soal motor nih.  
casual_greeting,Hai, apa kabar? Aku mau tanya mobil bro.  
casual_greeting,Selamat sore, aku butuh bantuan soal mobil nih.  
casual_greeting,Halo bro, aku cari info soal kendaraan dong.  
casual_greeting,Hai, aku pengen konsultasi soal motor bro.  
casual_greeting,Selamat malam, boleh nanya soal motor dong?  
casual_greeting,Halo, aku butuh saran buat mobil nih.  
casual_greeting,Hai, ada yang bisa bantu soal kendaraan dong?  
casual_greeting,Selamat pagi, aku mau tanya soal perbaikan motor.  
casual_greeting,Permen, boleh tanya soal mobil dong?  
casual_greeting,Halo, aku pengen nanya soal kendaraan nih.  
casual_greeting,Hai bro, apa kabar? Mau konsultasi mobil.  
casual_greeting,Selamat siang, aku butuh info soal kendaraan dong.  
casual_greeting,Halo, aku cari tahu soal perbaikan motor bro.  
casual_greeting,Hai, aku mau tanya soal mobil nih.  
casual_greeting,Selamat sore, boleh konsultasi soal kendaraan gak?  
casual_greeting,Halo bro, aku butuh bantuan soal motor dong.  
casual_greeting,Hai, ada yang bisa bantu aku soal mobil bro?  
casual_greeting,Selamat malam, aku pengen nanya soal kendaraan.  
casual_greeting,Permen dong, boleh tanya soal motor bro?  
casual_greeting,Halo, aku punya pertanyaan soal mobil dong.  
casual_greeting,Hai, apa kabar? Aku butuh saran motor nih.  
casual_greeting,Selamat pagi, aku mau tanya soal kendaraan bro.  
casual_greeting,Halo, aku cari info soal perbaikan mobil nih.  
casual_greeting,Hai, aku pengen konsultasi soal motor dong.  
casual_greeting,Selamat siang bro, boleh nanya soal mobil gak?  
casual_greeting,Halo, aku butuh bantuan soal kendaraan bro.  
casual_greeting,Hai, ada yang bisa bantu soal motor nih?  
casual_greeting,Selamat sore, aku mau tanya soal perbaikan kendaraan.  
casual_greeting,Permen, boleh konsultasi soal motor dong?  
casual_greeting,Halo, aku pengen nanya soal mobil bro.  
casual_greeting,Hai, apa kabar? Mau tanya soal kendaraan nih.  
casual_greeting,Selamat malam, aku butuh info soal motor dong.  
casual_greeting,Halo bro, aku cari tahu soal mobil nih.  
casual_greeting,Hai, aku mau konsultasi soal kendaraan dong.  
casual_greeting,Selamat pagi, boleh tanya perbaikan mobil gak?  
casual_greeting,Halo, aku butuh saran soal motor bro.  
casual_greeting,Hai, ada yang bisa bantu aku soal kendaraan bro?  
casual_greeting,Selamat siang, aku pengen nanya soal motor nih.  
casual_greeting,Permen dong, boleh tanya soal mobil nih?  
casual_greeting,Halo, aku punya pertanyaan soal kendaraan dong.  
casual_greeting,Hai bro, apa kabar? Mau tanya mobil dong.  
casual_greeting,Selamat sore, aku butuh bantuan soal motor nih.  
casual_greeting,Halo, aku cari info soal perbaikan kendaraan bro.  
casual_greeting,Hai, aku mau konsultasi soal mobil nih.  
casual_greeting,Selamat malam, boleh nanya soal motor gak?  
casual_greeting,Halo bro, aku butuh saran soal kendaraan dong.  
casual_greeting,Hai, ada yang bisa bantu soal mobil dong?  
casual_greeting,Selamat pagi, aku mau tanya soal motor nih.  
casual_greeting,Permen, boleh tanya perbaikan kendaraan gak?  
casual_greeting,Halo, aku pengen nanya soal mobil dong.  
casual_greeting,Hai, apa kabar? Aku butuh info motor nih.  
casual_greeting,Selamat siang, aku cari tahu soal kendaraan bro.  
casual_greeting,Halo, aku mau konsultasi soal motor dong.  
casual_greeting,Hai bro, aku butuh bantuan soal mobil nih.  
casual_greeting,Selamat sore, boleh tanya soal kendaraan dong?  
casual_greeting,Halo, aku pengen tanya perbaikan mobil nih.  
casual_greeting,Hai, ada yang bisa bantu soal motor bro?  
casual_greeting,Selamat malam, aku mau nanya soal mobil dong.  
casual_greeting,Permen dong, boleh konsultasi soal kendaraan gak?  
casual_greeting,Halo, aku punya pertanyaan soal motor bro.  
casual_greeting,Hai, apa kabar? Mau tanya soal motor nih.  
casual_greeting,Selamat pagi bro, aku butuh saran mobil dong.  
casual_greeting,Halo, aku cari info soal kendaraan nih.  
casual_greeting,Hai, aku pengen konsultasi soal motor bro.  
casual_greeting,Selamat siang, boleh tanya perbaikan motor gak?  
casual_greeting,Halo bro, aku butuh bantuan soal kendaraan nih.  
casual_greeting,Hai, ada yang bisa bantu aku soal mobil dong?  
casual_greeting,Selamat sore, aku mau nanya soal mobil bro.  
casual_greeting,Permen, boleh tanya soal motor dong?  
casual_greeting,Halo, aku pengen tanya soal kendaraan nih.  
casual_greeting,Hai bro, apa kabar? Aku mau konsultasi motor.  
casual_greeting,Selamat malam, aku butuh info soal kendaraan bro.  
casual_greeting,Halo, aku cari tahu soal perbaikan mobil dong.  
casual_greeting,Hai, aku mau tanya soal motor bro.  
casual_greeting,Selamat pagi, boleh nanya soal mobil dong?  
casual_greeting,Halo, aku butuh saran soal kendaraan bro.  
casual_greeting,Hai, ada yang bisa bantu soal motor dong?  
casual_greeting,Selamat siang bro, aku pengen tanya kendaraan.  
casual_greeting,Permen dong, boleh konsultasi soal mobil gak?  
casual_greeting,Halo, aku punya pertanyaan soal motor nih.  
casual_greeting,Hai, apa kabar? Aku butuh saran mobil bro.  
casual_greeting,Selamat sore, aku cari info soal motor dong.  
casual_greeting,Halo bro, aku mau konsultasi soal kendaraan nih.  
casual_greeting,Hai, aku pengen nanya soal mobil dong.  
casual_greeting,Selamat malam, boleh tanya perbaikan kendaraan gak?  
casual_greeting,Halo, aku butuh bantuan soal motor bro.  
casual_greeting,Hai, ada yang bisa bantu aku soal kendaraan nih?  
casual_greeting,Selamat pagi, aku mau tanya soal mobil bro.  
casual_greeting,Permen, boleh nanya soal motor nih?  
casual_greeting,Halo, aku pengen tanya perbaikan kendaraan dong.  
casual_greeting,Hai bro, apa kabar? Mau tanya soal motor.  
casual_greeting,Selamat siang, aku butuh info soal mobil nih.  
casual_greeting,Halo, aku cari tahu soal kendaraan bro.  
casual_greeting,Hai, aku mau konsultasi soal motor nih.  
casual_greeting,Selamat sore, boleh tanya soal mobil bro?  
casual_greeting,Halo bro, aku butuh saran soal kendaraan nih.  
casual_greeting,Hai, ada yang bisa bantu soal motor bro?  
casual_greeting,Selamat malam, aku pengen nanya perbaikan mobil.  
casual_greeting,Permen dong, boleh tanya soal kendaraan bro?  
casual_greeting,Halo, aku punya pertanyaan soal mobil nih.  
casual_greeting,Hai, apa kabar? Aku mau tanya kendaraan dong.  
casual_greeting,Selamat pagi, aku butuh bantuan soal motor nih.  
casual_greeting,Halo, aku cari info soal perbaikan motor bro.  
casual_greeting,Hai bro, aku pengen konsultasi soal mobil nih.  
casual_greeting,Selamat siang, boleh nanya soal kendaraan dong?  
casual_greeting,Halo, aku mau tanya soal motor bro.  
casual_greeting,Hai, ada yang bisa bantu aku soal mobil nih?  
casual_greeting,Selamat sore bro, aku butuh saran motor dong.  
casual_greeting,Permen, boleh konsultasi soal kendaraan nih?  
casual_greeting,Halo, aku pengen nanya soal mobil bro.  
casual_greeting,Hai, apa kabar? Mau tanya perbaikan mobil nih.  
casual_greeting,Selamat malam, aku cari tahu soal motor dong.  
casual_greeting,Halo bro, aku mau konsultasi soal kendaraan dong.  
casual_greeting,Hai, aku butuh info soal mobil bro.  
casual_greeting,Selamat pagi, boleh tanya soal motor bro?  
casual_greeting,Halo, aku pengen tanya soal kendaraan dong.  
casual_greeting,Hai, ada yang bisa bantu soal kendaraan bro?  
casual_greeting,Selamat siang, aku butuh bantuan soal mobil nih.  
casual_greeting,Permen dong, boleh nanya perbaikan motor gak?  
casual_greeting,Halo, aku punya pertanyaan soal motor dong.  
casual_greeting,Hai bro, apa kabar? Aku mau tanya mobil nih.  
casual_greeting,Selamat sore, aku cari info soal kendaraan bro.  
casual_greeting,Halo, aku mau konsultasi soal motor dong.  
casual_greeting,Hai, aku pengen nanya soal mobil bro.  
casual_greeting,Selamat malam, boleh tanya soal kendaraan nih?  
casual_greeting,Halo bro, aku butuh saran soal motor dong.  
casual_greeting,Hai, ada yang bisa bantu aku soal motor nih?  
casual_greeting,Selamat pagi, aku butuh info soal mobil dong.  
casual_greeting,Permen, boleh tanya soal kendaraan bro?  
casual_greeting,Halo, aku pengen tanya perbaikan mobil nih.  
casual_greeting,Hai, apa kabar? Mau konsultasi soal motor bro.  
casual_greeting,Selamat siang bro, aku cari tahu soal kendaraan.  
casual_greeting,Halo, aku mau tanya soal mobil dong.  
casual_greeting,Hai, aku butuh bantuan soal motor bro.  
casual_greeting,Selamat sore, boleh nanya soal motor dong?  
casual_greeting,Halo bro, aku pengen konsultasi soal kendaraan nih.  
casual_greeting,Hai, ada yang bisa bantu soal mobil dong?  
casual_greeting,Selamat malam, aku butuh saran soal motor bro.  
casual_greeting,Permen dong, boleh tanya soal mobil bro?  
casual_greeting,Halo, aku punya pertanyaan soal kendaraan bro.  
casual_greeting,Hai bro, apa kabar? Aku mau nanya motor dong.  
casual_greeting,Selamat pagi, aku cari info soal perbaikan mobil bro.  
casual_greeting,Halo, aku mau konsultasi soal kendaraan nih.  
casual_greeting,Hai, aku pengen tanya soal motor dong.  
casual_greeting,Selamat siang, boleh tanya perbaikan kendaraan gak?  
casual_greeting,Halo bro, aku butuh bantuan soal mobil dong.  
casual_greeting,Hai, ada yang bisa bantu aku soal kendaraan bro?  
casual_greeting,Selamat sore, aku mau nanya soal motor bro.  
casual_greeting,Permen, boleh konsultasi soal mobil dong?  
casual_greeting,Halo, aku pengen tanya soal kendaraan bro.  
casual_greeting,Hai, apa kabar? Aku butuh saran mobil nih.  
casual_greeting,Selamat malam, aku cari tahu soal motor bro.  
casual_greeting,Halo, aku butuh info soal kendaraan dong.  
casual_greeting,Hai bro, aku mau konsultasi soal mobil nih.  
casual_greeting,Selamat pagi, boleh nanya soal motor dong?  
casual_greeting,Halo, aku pengen tanya perbaikan kendaraan bro.  
casual_greeting,Hai, ada yang bisa bantu soal motor bro?  
casual_greeting,Selamat siang, aku butuh saran soal mobil dong.  
casual_greeting,Permen dong, boleh tanya soal kendaraan nih?  
casual_greeting,Halo, aku punya pertanyaan soal motor bro.  
casual_greeting,Hai, apa kabar? Mau tanya soal mobil bro.  
casual_greeting,Selamat sore bro, aku cari info soal kendaraan nih.  
casual_greeting,Halo, aku mau konsultasi soal motor bro.  
casual_greeting,Hai, aku pengen nanya perbaikan mobil dong.  
casual_greeting,Selamat malam, boleh tanya soal motor bro?  
casual_greeting,Halo bro, aku butuh bantuan soal kendaraan dong.  
casual_greeting,Hai, ada yang bisa bantu aku soal mobil bro?  
casual_greeting,Selamat pagi, aku mau tanya soal kendaraan nih.  
casual_greeting,Permen, boleh nanya perbaikan motor dong?  
casual_greeting,Halo, aku pengen tanya soal mobil bro.  
casual_greeting,Hai bro, apa kabar? Aku butuh info motor nih.  
casual_greeting,Selamat siang, aku cari tahu soal mobil bro.  
casual_greeting,Halo, aku mau konsultasi soal kendaraan dong.  
casual_greeting,Hai, aku butuh saran soal motor dong.  
casual_greeting,Selamat sore, boleh tanya soal kendaraan bro?  
casual_greeting,Halo bro, aku pengen nanya soal motor nih.  
casual_greeting,Hai, ada yang bisa bantu soal mobil nih?  
casual_greeting,Selamat malam, aku butuh bantuan soal mobil dong.  
casual_greeting,Permen dong, boleh konsultasi soal motor gak?  
casual_greeting,Halo, aku punya pertanyaan soal kendaraan nih.  
casual_greeting,Hai, apa kabar? Mau tanya perbaikan kendaraan.  
casual_greeting,Selamat pagi bro, aku cari info soal motor dong.  
casual_greeting,Halo, aku mau tanya soal mobil bro.  
casual_greeting,Hai, aku pengen konsultasi soal kendaraan bro.  
casual_greeting,Selamat siang, boleh nanya soal mobil dong?  
casual_greeting,Halo bro, aku butuh saran soal motor nih.  
casual_greeting,Hai, ada yang bisa bantu aku soal kendaraan dong?  
casual_greeting,Selamat sore, aku mau tanya perbaikan motor bro.  
casual_greeting,Permen, boleh tanya soal mobil bro?  
casual_greeting,Halo, aku pengen nanya soal kendaraan dong.  
casual_greeting,Hai bro, apa kabar? Aku mau tanya mobil nih.  
casual_greeting,Selamat malam, aku cari tahu soal kendaraan bro.  
casual_greeting,Halo, aku butuh info soal motor dong.  
casual_greeting,Hai, aku mau konsultasi soal mobil bro.  
casual_greeting,Selamat pagi, boleh tanya soal motor nih?  
casual_greeting,Halo bro, aku pengen tanya perbaikan mobil dong.  
casual_greeting,Hai, ada yang bisa bantu soal motor dong?  
casual_greeting,Selamat siang, aku butuh bantuan soal kendaraan bro.  
casual_greeting,Permen dong, boleh nanya soal mobil gak?  
casual_greeting,Halo, aku punya pertanyaan soal motor bro.  
casual_greeting,Hai, apa kabar? Aku pengen nanya kendaraan.  
casual_greeting,Selamat sore bro, aku cari info soal mobil nih.  
casual_greeting,Halo, aku mau tanya soal kendaraan dong.  
casual_greeting,Hai, aku butuh saran soal motor bro.  
casual_greeting,Selamat malam, boleh konsultasi soal motor gak?  
casual_greeting,Halo bro, aku pengen nanya soal mobil dong.  
casual_greeting,Hai, ada yang bisa bantu aku soal kendaraan nih?  
casual_greeting,Selamat pagi, aku cari tahu soal perbaikan motor bro.  
casual_greeting,Permen, boleh tanya soal kendaraan dong?  
casual_greeting,Halo, aku mau konsultasi soal mobil nih.  
casual_greeting,Hai bro, apa kabar? Mau tanya soal motor dong.  
casual_greeting,Selamat siang, aku butuh info soal kendaraan bro.  
casual_greeting,Halo, aku pengen tanya soal motor bro.  
casual_greeting,Hai, aku butuh bantuan soal mobil dong.  
casual_greeting,Selamat sore, boleh nanya perbaikan kendaraan gak?  
casual_greeting,Halo bro, aku cari info soal motor nih.  
casual_greeting,Hai, ada yang bisa bantu soal mobil bro?  
casual_greeting,Selamat malam, aku mau tanya soal kendaraan bro.  
casual_greeting,Permen dong, boleh konsultasi soal mobil nih?  
casual_greeting,Halo, aku punya pertanyaan soal motor dong.  
casual_greeting,Hai, apa kabar? Aku butuh saran kendaraan bro.  
casual_greeting,Selamat pagi, aku pengen nanya soal mobil nih.  
casual_greeting,Halo, aku cari tahu soal perbaikan kendaraan dong.  
casual_greeting,Hai bro, aku mau konsultasi soal motor dong.  
casual_greeting,Selamat siang, boleh tanya soal motor bro?  
casual_greeting,Halo, aku butuh saran soal mobil bro.  
casual_greeting,Hai, ada yang bisa bantu aku soal kendaraan dong?  
casual_greeting,Selamat sore bro, aku mau nanya soal mobil nih.  
casual_greeting,Permen, boleh nanya soal motor bro?  
casual_greeting,Halo, aku pengen tanya soal kendaraan bro.  
casual_greeting,Hai, apa kabar? Mau konsultasi soal mobil dong.  
casual_greeting,Selamat malam, aku cari info soal motor bro.  
casual_greeting,Halo bro, aku butuh bantuan soal kendaraan nih.  
casual_greeting,Hai, aku mau tanya perbaikan mobil bro.  
casual_greeting,Selamat pagi, boleh tanya soal kendaraan dong?  
casual_greeting,Halo, aku pengen konsultasi soal motor nih.  
casual_greeting,Hai, ada yang bisa bantu soal motor bro?  
casual_greeting,Selamat siang bro, aku butuh saran soal kendaraan.  
casual_greeting,Permen dong, boleh tanya perbaikan mobil gak?  
casual_greeting,Halo, aku punya pertanyaan soal mobil bro.  
casual_greeting,Hai bro, apa kabar? Aku mau nanya motor nih.  
casual_greeting,Selamat sore, aku cari tahu soal kendaraan dong.  
casual_greeting,Halo, aku mau tanya soal motor dong.  
casual_greeting,Hai, aku butuh info soal mobil nih.  
casual_greeting,Selamat malam, boleh nanya soal mobil bro?  
casual_greeting,Halo bro, aku pengen konsultasi soal kendaraan dong.  
casual_greeting,Hai, ada yang bisa bantu aku soal motor dong?  
casual_greeting,Selamat pagi, aku cari info soal perbaikan motor nih.  
casual_greeting,Permen, boleh tanya soal kendaraan bro?  
casual_greeting,Halo, aku mau nanya soal mobil dong.  
casual_greeting,Hai, apa kabar? Aku butuh bantuan motor bro.  
casual_greeting,Selamat siang, aku pengen tanya soal kendaraan nih.  
casual_greeting,Halo, aku cari tahu soal perbaikan mobil bro.  
casual_greeting,Hai bro, aku mau konsultasi soal motor nih.  
casual_greeting,Selamat sore, boleh tanya soal motor dong?  
casual_greeting,Halo, aku butuh saran soal kendaraan dong.  
casual_greeting,Hai, ada yang bisa bantu soal mobil dong?  
casual_greeting,Selamat malam bro, aku pengen nanya soal mobil.  
casual_greeting,Permen dong, boleh konsultasi soal kendaraan bro?  
casual_greeting,Halo, aku punya pertanyaan soal motor bro.  
casual_greeting,Hai, apa kabar? Mau tanya soal kendaraan bro.  
casual_greeting,Selamat pagi, aku cari info soal mobil dong.  
casual_greeting,Halo bro, aku mau tanya perbaikan motor nih.  
casual_greeting,Hai, aku pengen konsultasi soal kendaraan dong.  
casual_greeting,Selamat siang, boleh nanya soal mobil bro?  
casual_greeting,Halo, aku butuh bantuan soal motor dong.  
casual_greeting,Hai, ada yang bisa bantu aku soal kendaraan bro?  
casual_greeting,Selamat sore, aku mau nanya soal motor nih.  
casual_greeting,Permen, boleh tanya perbaikan kendaraan dong?  
casual_greeting,Halo bro, aku pengen tanya soal mobil nih.  
casual_greeting,Hai bro, apa kabar? Aku butuh saran motor dong.  
casual_greeting,Selamat malam, aku cari tahu soal kendaraan bro.  
casual_greeting,Halo, aku mau konsultasi soal motor bro.  
casual_greeting,Hai, aku butuh info soal mobil dong.  
casual_greeting,Selamat pagi bro, boleh nanya soal motor gak?  
casual_greeting,Halo, aku pengen tanya soal kendaraan dong.  
casual_greeting,Hai, ada yang bisa bantu soal motor nih?  
casual_greeting,Selamat siang, aku cari info soal perbaikan mobil bro.  
casual_greeting,Permen dong, boleh tanya soal mobil dong?  
casual_greeting,Halo, aku mau nanya soal motor bro.  
casual_greeting,Hai, apa kabar? Aku pengen konsultasi mobil nih.  
casual_greeting,Selamat sore bro, aku butuh saran soal kendaraan.  
casual_greeting,Halo, aku cari tahu soal motor dong.  
casual_greeting,Hai, aku mau tanya soal mobil bro.  
casual_greeting,Selamat malam, boleh tanya perbaikan motor gak?  
casual_greeting,Halo bro, aku pengen konsultasi soal kendaraan nih.  
casual_greeting,Hai, ada yang bisa bantu aku soal mobil dong?  
casual_greeting,Selamat pagi, aku butuh bantuan soal motor bro.  
casual_greeting,Permen, boleh nanya soal kendaraan dong?  
casual_greeting,Halo, aku mau tanya perbaikan mobil dong.  
casual_greeting,Hai bro, apa kabar? Mau tanya soal motor bro.  
casual_greeting,Selamat siang, aku cari info soal kendaraan bro.  
casual_greeting,Halo, aku pengen nanya soal motor dong.  
casual_greeting,Hai, aku butuh saran soal mobil nih.  
casual_greeting,Selamat sore, boleh konsultasi soal motor bro?  
casual_greeting,Halo bro, aku cari tahu soal perbaikan kendaraan nih.  
casual_greeting,Hai, ada yang bisa bantu soal motor dong?  
casual_greeting,Selamat malam, aku mau nanya soal mobil bro.  
casual_greeting,Permen dong, boleh tanya soal motor nih?  
casual_greeting,Halo, aku pengen tanya soal kendaraan bro.  
casual_greeting,Hai, apa kabar? Aku butuh info mobil dong.  
casual_greeting,Selamat pagi, aku cari info soal motor bro.  
casual_greeting,Halo bro, aku mau konsultasi soal kendaraan dong.  
casual_greeting,Hai, aku pengen nanya perbaikan motor nih.  
casual_greeting,Selamat siang bro, boleh tanya soal mobil gak?  
casual_greeting,Halo, aku butuh bantuan soal kendaraan bro.  
casual_greeting,Hai, ada yang bisa bantu aku soal motor bro?  
casual_greeting,Selamat sore, aku mau tanya soal mobil dong.  
casual_greeting,Permen, boleh konsultasi soal kendaraan dong?  
casual_greeting,Halo, aku punya pertanyaan soal motor bro.  
casual_greeting,Hai bro, apa kabar? Mau tanya perbaikan mobil.  
casual_greeting,Selamat malam, aku cari tahu soal kendaraan dong.  
casual_greeting,Halo, aku mau nanya soal motor nih.  
casual_greeting,Hai, aku butuh saran soal kendaraan bro.  
casual_greeting,Selamat pagi, boleh tanya soal mobil bro?  
casual_greeting,Halo bro, aku pengen konsultasi soal motor dong.  
casual_greeting,Hai, ada yang bisa bantu soal mobil bro?  
casual_greeting,Selamat siang, aku cari info soal perbaikan motor nih.  
casual_greeting,Permen dong, boleh nanya soal kendaraan bro?  
casual_greeting,Halo, aku mau tanya soal mobil nih.  
casual_greeting,Hai, apa kabar? Aku pengen nanya motor dong.  
casual_greeting,Selamat sore bro, aku butuh bantuan soal mobil.  
casual_greeting,Halo, aku cari tahu soal kendaraan bro.  
casual_greeting,Hai, aku mau konsultasi soal motor bro.  
casual_greeting,Selamat malam, boleh tanya soal motor dong?  
casual_greeting,Halo bro, aku pengen tanya perbaikan kendaraan nih.  
casual_greeting,Hai, ada yang bisa bantu aku soal kendaraan dong?  
casual_greeting,Selamat pagi, aku butuh saran soal mobil bro.  
casual_greeting,Permen, boleh tanya perbaikan mobil dong?  
casual_greeting,Halo, aku mau nanya soal kendaraan bro.  
casual_greeting,Hai bro, apa kabar? Mau konsultasi soal motor.  
casual_greeting,Selamat siang, aku cari info soal mobil bro.  
casual_greeting,Halo, aku pengen tanya soal motor bro.  
casual_greeting,Hai, aku butuh bantuan soal kendaraan dong.  
casual_greeting,Selamat sore, boleh nanya soal mobil nih?  
casual_greeting,Halo bro, aku cari tahu soal perbaikan motor dong.  
casual_greeting,Hai, ada yang bisa bantu soal motor bro?  
casual_greeting,Selamat malam, aku mau konsultasi soal mobil bro.  
casual_greeting,Permen dong, boleh tanya soal kendaraan dong?  
casual_greeting,Halo, aku punya pertanyaan soal mobil bro.  
casual_greeting,Hai, apa kabar? Aku butuh saran motor dong.  
casual_greeting,Selamat pagi bro, aku pengen nanya kendaraan nih.  
casual_greeting,Halo, aku cari info soal perbaikan mobil bro.  
casual_greeting,Hai, aku mau tanya soal motor dong.  
casual_greeting,Selamat siang, boleh konsultasi soal motor gak?  
casual_greeting,Halo bro, aku butuh bantuan soal mobil nih.  
casual_greeting,Hai, ada yang bisa bantu aku soal kendaraan bro?  
casual_greeting,Selamat sore, aku cari tahu soal motor bro.  
casual_greeting,Permen, boleh nanya soal mobil dong?  
casual_greeting,Halo, aku pengen tanya soal kendaraan dong.  
casual_greeting,Hai bro, apa kabar? Mau tanya soal mobil bro.  
casual_greeting,Selamat malam, aku butuh info soal kendaraan nih.  
casual_greeting,Halo, aku mau nanya perbaikan motor bro.  
casual_greeting,Hai, aku pengen konsultasi soal mobil dong.  
casual_greeting,Selamat pagi, boleh tanya soal motor bro?  
casual_greeting,Halo bro, aku cari info soal kendaraan dong.  
casual_greeting,Hai, ada yang bisa bantu soal motor nih?  
casual_greeting,Selamat siang bro, aku mau tanya soal mobil nih.  
casual_greeting,Permen dong, boleh konsultasi soal kendaraan gak?  
casual_greeting,Halo, aku punya pertanyaan soal motor dong.  
casual_greeting,Hai, apa kabar? Aku butuh bantuan mobil bro.  
casual_greeting,Selamat sore, aku pengen nanya soal kendaraan bro.  
casual_greeting,Halo, aku cari tahu soal perbaikan motor nih.  
casual_greeting,Hai bro, aku mau konsultasi soal motor dong.  
casual_greeting,Selamat malam, boleh nanya soal mobil dong?  
casual_greeting,Halo, aku butuh saran soal kendaraan bro.  
casual_greeting,Hai, ada yang bisa bantu aku soal mobil nih?  
casual_greeting,Selamat pagi, aku cari info soal motor dong.  
casual_greeting,Permen, boleh tanya perbaikan kendaraan bro?  
casual_greeting,Halo bro, aku pengen tanya soal mobil dong.  
casual_greeting,Hai, apa kabar? Mau tanya soal motor nih.  
casual_greeting,Selamat siang, aku butuh bantuan soal kendaraan bro.  
casual_greeting,Halo, aku mau nanya soal motor bro.  
casual_greeting,Hai, aku cari tahu soal mobil dong.  
casual_greeting,Selamat sore bro, boleh konsultasi soal motor gak?  
casual_greeting,Halo, aku pengen tanya perbaikan kendaraan dong.  
casual_greeting,Hai, ada yang bisa bantu soal motor bro?  
casual_greeting,Selamat malam, aku butuh saran soal mobil nih.  
casual_greeting,Permen dong, boleh nanya soal mobil bro?  
casual_greeting,Halo, aku mau tanya soal kendaraan bro.  
casual_greeting,Hai bro, apa kabar? Aku pengen konsultasi kendaraan.  
casual_greeting,Selamat pagi, aku cari info soal perbaikan motor bro.  
casual_greeting,Halo, aku butuh bantuan soal motor dong.  
casual_greeting,Hai, aku mau nanya soal mobil bro.  
casual_greeting,Selamat siang, boleh tanya soal kendaraan dong?  
casual_greeting,Halo bro, aku pengen konsultasi soal motor nih.  
casual_greeting,Hai, ada yang bisa bantu aku soal kendaraan nih?  
casual_greeting,Selamat sore, aku cari tahu soal mobil bro.  
casual_greeting,Permen, boleh tanya soal motor dong?  
casual_greeting,Halo, aku punya pertanyaan soal kendaraan bro.  
casual_greeting,Hai, apa kabar? Aku butuh info motor bro.  
casual_greeting,Selamat malam bro, aku mau tanya perbaikan kendaraan.  
casual_greeting,Halo, aku pengen nanya soal mobil bro.  
casual_greeting,Hai bro, aku cari info soal kendaraan dong.  
casual_greeting,Selamat pagi, boleh konsultasi soal mobil gak?  
casual_greeting,Halo, aku butuh saran soal motor bro.  
casual_greeting,Hai, ada yang bisa bantu soal mobil dong?  
casual_greeting,Selamat siang bro, aku pengen tanya soal motor nih.  
casual_greeting,Permen dong, boleh nanya perbaikan mobil gak?  
casual_greeting,Halo, aku mau tanya soal kendaraan dong.  
casual_greeting,Hai, apa kabar? Mau tanya soal mobil dong.  
casual_greeting,Selamat sore, aku cari tahu soal motor bro.  
casual_greeting,Halo bro, aku butuh bantuan soal kendaraan dong.  
casual_greeting,Hai, aku pengen konsultasi soal motor bro.  
casual_greeting,Selamat malam, boleh tanya soal motor nih?  
casual_greeting,Halo, aku cari info soal perbaikan mobil dong.  
casual_greeting,Hai, ada yang bisa bantu aku soal kendaraan bro?  
casual_greeting,Selamat pagi bro, aku mau nanya soal mobil nih.  
casual_greeting,Permen, boleh tanya soal kendaraan dong?  
casual_greeting,Halo, aku pengen tanya soal motor bro.  
casual_greeting,Hai bro, apa kabar? Aku butuh saran mobil dong.  
casual_greeting,Selamat siang, aku cari tahu soal kendaraan bro.  
casual_greeting,Halo, aku mau konsultasi soal mobil bro.  
casual_greeting,Hai, aku butuh info soal motor nih.  
casual_greeting,Selamat sore, boleh nanya perbaikan mobil gak?  
casual_greeting,Halo bro, aku pengen tanya soal kendaraan dong.  
casual_greeting,Hai, ada yang bisa bantu soal motor dong?  
casual_greeting,Selamat malam, aku cari info soal mobil bro.  
casual_greeting,Permen dong, boleh konsultasi soal motor bro?  
casual_greeting,Halo, aku mau tanya soal motor dong.  
casual_greeting,Hai, apa kabar? Aku pengen nanya kendaraan nih.  
casual_greeting,Selamat pagi, aku butuh bantuan soal mobil bro.  
casual_greeting,Halo, aku cari tahu soal perbaikan motor dong.  
casual_greeting,Hai bro, aku mau konsultasi soal kendaraan bro.  
casual_greeting,Selamat siang, boleh tanya soal mobil nih?  
casual_greeting,Halo, aku pengen nanya soal motor dong.  
casual_greeting,Hai, ada yang bisa bantu aku soal mobil bro?  
casual_greeting,Selamat sore bro, aku butuh saran soal motor nih.  
casual_greeting,Permen, boleh tanya soal kendaraan bro?  
casual_greeting,Halo, aku mau tanya perbaikan kendaraan bro.  
casual_greeting,Hai, apa kabar? Mau konsultasi soal mobil bro.  
casual_greeting,Selamat malam, aku cari info soal motor dong.  
casual_greeting,Halo bro, aku pengen konsultasi soal kendaraan nih.  
casual_greeting,Hai, aku butuh bantuan soal motor bro.  
casual_greeting,Selamat pagi, boleh nanya soal mobil dong?  
casual_greeting,Halo, aku cari tahu soal kendaraan bro.  
casual_greeting,Hai, ada yang bisa bantu soal motor bro?  
casual_greeting,Selamat siang bro, aku mau tanya perbaikan mobil.  
casual_greeting,Permen dong, boleh tanya soal motor dong?  
casual_greeting,Halo, aku pengen nanya soal mobil bro.  
casual_greeting,Hai bro, apa kabar? Aku butuh info kendaraan nih.  
casual_greeting,Selamat sore, aku cari info soal motor bro.  
casual_greeting,Halo, aku mau konsultasi soal kendaraan dong.  
casual_greeting,Hai, aku butuh saran soal mobil bro.  
casual_greeting,Selamat malam, boleh nanya soal motor bro?  
casual_greeting,Halo bro, aku pengen tanya perbaikan mobil dong.  
casual_greeting,Hai, ada yang bisa bantu aku soal kendaraan dong?  
casual_greeting,Selamat pagi, aku cari tahu soal motor bro.  
casual_greeting,Permen, boleh konsultasi soal mobil bro?  
casual_greeting,Halo, aku mau nanya soal kendaraan bro.  
casual_greeting,Hai, apa kabar? Aku pengen tanya motor dong.  
casual_greeting,Selamat siang, aku butuh bantuan soal mobil bro.  
casual_greeting,Halo, aku cari info soal perbaikan kendaraan dong.  
casual_greeting,Hai bro, aku mau tanya soal motor nih.  
casual_greeting,Selamat sore, boleh tanya soal mobil dong?  
casual_greeting,Halo, aku pengen konsultasi soal motor bro.  
casual_greeting,Hai, ada yang bisa bantu soal mobil bro?  
casual_greeting,Selamat malam bro, aku butuh saran soal kendaraan.  
casual_greeting,Permen dong, boleh nanya perbaikan motor bro?  
casual_greeting,Halo, aku mau tanya soal mobil bro.  
casual_greeting,Hai, apa kabar? Aku cari tahu soal mobil dong.  
casual_greeting,Selamat pagi, aku pengen nanya soal kendaraan bro.  
casual_greeting,Halo bro, aku butuh info soal motor nih.  
casual_greeting,Hai, aku mau konsultasi soal kendaraan dong.  
casual_greeting,Selamat siang, boleh tanya soal motor bro?  
casual_greeting,Halo, aku cari tahu soal perbaikan mobil bro.  
casual_greeting,Hai, ada yang bisa bantu aku soal motor dong?  
casual_greeting,Selamat sore bro, aku mau nanya soal kendaraan nih.  
casual_greeting,Permen, boleh tanya soal mobil bro?  
casual_greeting,Halo, aku pengen tanya soal motor dong.  
casual_greeting,Hai bro, apa kabar? Aku butuh saran mobil nih.  
casual_greeting,Selamat malam, aku cari info soal kendaraan bro.  
casual_greeting,Halo, aku butuh bantuan soal motor bro.  
casual_greeting,Hai, aku mau nanya perbaikan motor dong.  
casual_greeting,Selamat pagi bro, boleh konsultasi soal mobil gak?  
casual_greeting,Halo, aku pengen konsultasi soal kendaraan bro.  
casual_greeting,Hai, ada yang bisa bantu soal mobil nih?  
casual_greeting,Selamat siang, aku cari tahu soal motor bro.  
casual_greeting,Permen dong, boleh nanya soal kendaraan bro?  
casual_greeting,Halo, aku mau tanya soal motor bro.  
casual_greeting,Hai, apa kabar? Aku pengen nanya mobil dong.  
casual_greeting,Selamat sore, aku butuh info soal kendaraan bro.  
casual_greeting,Halo bro, aku cari info soal perbaikan motor nih.  
casual_greeting,Hai, aku mau konsultasi soal mobil bro.  
casual_greeting,Selamat malam, boleh tanya soal motor dong?  
casual_greeting,Halo, aku pengen tanya soal kendaraan bro.  
casual_greeting,Hai, ada yang bisa bantu aku soal kendaraan bro?  
casual_greeting,Selamat pagi, aku butuh saran soal motor dong.  
casual_greeting,Permen, boleh konsultasi soal motor bro?  
casual_greeting,Halo bro, aku mau nanya soal mobil dong.  
casual_greeting,Hai bro, apa kabar? Aku cari tahu soal motor nih.  
casual_greeting,Selamat siang, aku pengen tanya perbaikan kendaraan.  
casual_greeting,Halo, aku cari info soal mobil bro.  
casual_greeting,Hai, aku butuh bantuan soal kendaraan dong.  
casual_greeting,Selamat sore, boleh nanya soal motor bro?  
casual_greeting,Halo, aku mau konsultasi soal motor dong.  
casual_greeting,Hai, ada yang bisa bantu soal mobil bro?  
casual_greeting,Selamat malam bro, aku pengen nanya soal kendaraan.  
casual_greeting,Permen dong, boleh tanya perbaikan mobil bro?  
casual_greeting,Halo, aku mau tanya soal kendaraan bro.  
casual_greeting,Hai, apa kabar? Aku butuh info mobil bro.  
casual_greeting,Selamat pagi, aku cari tahu soal motor dong.  
casual_greeting,Halo bro, aku pengen konsultasi soal mobil nih.  
casual_greeting,Hai, aku butuh saran soal motor bro.  
casual_greeting,Selamat siang bro, boleh tanya soal kendaraan gak?  
casual_greeting,Halo, aku cari info soal perbaikan kendaraan bro.  
casual_greeting,Hai, ada yang bisa bantu aku soal motor nih?  
casual_greeting,Selamat sore, aku mau nanya soal mobil bro.  
casual_greeting,Permen, boleh tanya soal motor dong?  
casual_greeting,Halo, aku pengen tanya perbaikan motor bro.  
casual_greeting,Hai bro, apa kabar? Mau konsultasi soal kendaraan.  
casual_greeting,Selamat malam, aku butuh bantuan soal mobil dong.  
casual_greeting,Halo, aku cari tahu soal kendaraan dong.  
casual_greeting,Hai, aku mau tanya soal motor bro.  
casual_greeting,Selamat pagi bro, boleh nanya perbaikan mobil gak?  
casual_greeting,Halo, aku pengen konsultasi soal kendaraan dong.  
casual_greeting,Hai, ada yang bisa bantu soal mobil dong?  
casual_greeting,Selamat siang, aku cari info soal motor bro.  
casual_greeting,Permen dong, boleh tanya soal kendaraan dong?  
casual_greeting,Halo bro, aku mau nanya soal mobil nih.  
casual_greeting,Hai, apa kabar? Aku pengen tanya motor bro.  
casual_greeting,Selamat sore, aku butuh saran soal kendaraan dong.  
casual_greeting,Halo, aku cari tahu soal perbaikan mobil bro.  
casual_greeting,Hai, aku mau konsultasi soal motor dong.  
casual_greeting,Selamat malam, boleh tanya soal mobil bro?  
casual_greeting,Halo bro, aku pengen nanya soal kendaraan nih.  
casual_greeting,Hai, ada yang bisa bantu aku soal motor bro?  
casual_greeting,Selamat pagi, aku butuh info soal mobil dong.  
casual_greeting,Permen, boleh konsultasi soal motor dong?  
casual_greeting,Halo, aku mau tanya perbaikan kendaraan bro.  
casual_greeting,Hai bro, apa kabar? Aku cari info soal motor bro.  
casual_greeting,Selamat siang, aku pengen nanya soal mobil dong.  
casual_greeting,Halo, aku cari tahu soal kendaraan bro.  
casual_greeting,Hai, aku butuh bantuan soal motor dong.  
casual_greeting,Selamat sore bro, boleh tanya soal motor gak?  
casual_greeting,Halo, aku mau konsultasi soal kendaraan bro.  
casual_greeting,Hai, ada yang bisa bantu soal mobil bro?  
casual_greeting,Selamat malam, aku pengen tanya perbaikan motor nih.  
casual_greeting,Permen dong, boleh nanya soal mobil dong?  
casual_greeting,Halo bro, aku mau nanya soal kendaraan dong.  
casual_greeting,Hai, apa kabar? Aku butuh saran mobil bro.  
casual_greeting,Selamat pagi, aku cari info soal perbaikan kendaraan.  
casual_greeting,Halo, aku pengen tanya soal motor bro.  
casual_greeting,Hai, aku mau konsultasi soal mobil dong.  
casual_greeting,Selamat siang bro, boleh tanya soal motor nih?  
casual_greeting,Halo, aku butuh saran soal kendaraan bro.  
casual_greeting,Hai, ada yang bisa bantu aku soal kendaraan dong?  
casual_greeting,Selamat sore, aku cari tahu soal mobil bro.  
casual_greeting,Permen, boleh tanya perbaikan motor dong?  
casual_greeting,Halo, aku mau nanya soal motor dong.  
casual_greeting,Hai bro, apa kabar? Mau tanya soal kendaraan bro.  
casual_greeting,Selamat malam, aku butuh info soal motor bro.  
casual_greeting,Halo, aku pengen konsultasi soal kendaraan dong.  
casual_greeting,Hai, aku cari info soal perbaikan mobil bro.  
casual_greeting,Selamat pagi, boleh nanya soal mobil bro?  
casual_greeting,Halo bro, aku mau tanya soal motor nih.  
casual_greeting,Hai, ada yang bisa bantu soal motor dong?  
casual_greeting,Selamat siang, aku pengen nanya perbaikan kendaraan.  
casual_greeting,Permen dong, boleh konsultasi soal mobil bro?  
casual_greeting,Halo, aku butuh bantuan soal mobil bro.  
casual_greeting,Hai, apa kabar? Aku cari tahu soal motor dong.  
casual_greeting,Selamat sore bro, aku mau konsultasi soal kendaraan.  
casual_greeting,Halo, aku pengen tanya soal mobil dong.  
casual_greeting,Hai, aku butuh saran soal motor bro.  
casual_greeting,Selamat malam, boleh tanya soal kendaraan bro?  
casual_greeting,Halo bro, aku cari info soal perbaikan motor dong.  
casual_greeting,Hai, ada yang bisa bantu aku soal mobil nih?  
casual_greeting,Selamat pagi, aku mau nanya soal kendaraan bro.  
casual_greeting,Permen, boleh tanya soal motor bro?  
casual_greeting,Halo, aku pengen konsultasi soal motor dong.  
casual_greeting,Hai bro, apa kabar? Aku butuh info mobil bro.  
casual_greeting,Selamat siang, aku cari tahu soal kendaraan dong.  
casual_greeting,Halo, aku butuh bantuan soal motor bro.  
casual_greeting,Hai, aku mau tanya perbaikan mobil bro.  
casual_greeting,Selamat sore, boleh nanya soal motor dong?  
casual_greeting,Halo bro, aku pengen nanya soal kendaraan bro.  
casual_greeting,Hai, ada yang bisa bantu soal motor bro?  
casual_greeting,Selamat malam, aku cari info soal mobil dong.  
casual_greeting,Permen dong, boleh konsultasi soal kendaraan bro?  
casual_greeting,Halo, aku mau nanya soal mobil bro.  
casual_greeting,Hai, apa kabar? Aku pengen tanya motor nih.  
casual_greeting,Selamat pagi bro, aku butuh saran soal kendaraan.  
casual_greeting,Halo, aku cari tahu soal perbaikan kendaraan bro.  
casual_greeting,Hai, aku mau konsultasi soal motor bro.  
casual_greeting,Selamat siang, boleh tanya soal mobil dong?  
casual_greeting,Halo bro, aku pengen tanya soal motor dong.  
casual_greeting,Hai, ada yang bisa bantu aku soal kendaraan bro?  
casual_greeting,Selamat sore, aku cari info soal motor dong.  
casual_greeting,Permen, boleh nanya perbaikan mobil bro?  
casual_greeting,Halo, aku butuh bantuan soal mobil dong.  
casual_greeting,Hai bro, apa kabar? Mau tanya soal mobil dong.  
casual_greeting,Selamat malam, aku pengen nanya soal kendaraan bro.  
casual_greeting,Halo, aku cari tahu soal motor bro.  
casual_greeting,Hai, aku mau tanya soal kendaraan dong.  
casual_greeting,Selamat pagi, boleh konsultasi soal motor bro?  
casual_greeting,Halo bro, aku butuh saran soal mobil nih.  
casual_greeting,Hai, ada yang bisa bantu soal motor dong?  
casual_greeting,Selamat siang bro, aku cari info soal perbaikan mobil.  
casual_greeting,Permen dong, boleh tanya soal kendaraan bro?  
casual_greeting,Halo, aku pengen nanya soal motor bro.  
casual_greeting,Hai, apa kabar? Aku butuh bantuan kendaraan dong.  
casual_greeting,Selamat sore, aku mau tanya soal mobil bro.  
casual_greeting,Halo, aku cari tahu soal perbaikan motor dong.  
casual_greeting,Hai bro, aku pengen konsultasi soal kendaraan nih.  
casual_greeting,Selamat malam, boleh nanya soal motor bro?  
casual_greeting,Halo, aku butuh info soal mobil bro.  
casual_greeting,Hai, ada yang bisa bantu aku soal mobil dong?  
casual_greeting,Selamat pagi, aku cari info soal kendaraan bro.  
casual_greeting,Permen, boleh tanya soal motor dong?  
casual_greeting,Halo bro, aku mau nanya perbaikan kendaraan nih.  
casual_greeting,Hai, apa kabar? Aku pengen tanya mobil bro.  
casual_greeting,Selamat siang, aku butuh saran soal motor dong.  
casual_greeting,Halo, aku cari tahu soal mobil bro.  
casual_greeting,Hai, aku mau konsultasi soal kendaraan bro.  
casual_greeting,Selamat sore bro, boleh tanya soal motor nih?  
casual_greeting,Halo, aku pengen nanya soal motor dong.  
casual_greeting,Hai, ada yang bisa bantu soal kendaraan bro?  
casual_greeting,Selamat malam, aku butuh bantuan soal mobil bro.  
casual_greeting,Permen dong, boleh konsultasi soal mobil bro?  
casual_greeting,Halo, aku mau tanya soal kendaraan bro.  
casual_greeting,Hai bro, apa kabar? Aku cari info soal motor dong.  
casual_greeting,Selamat pagi, aku pengen tanya perbaikan mobil bro.  
casual_greeting,Halo, aku cari tahu soal kendaraan dong.  
casual_greeting,Hai, aku butuh saran soal motor dong.  
casual_greeting,Selamat siang bro, boleh nanya soal mobil gak?  
casual_greeting,Halo bro, aku mau konsultasi soal motor bro.  
casual_greeting,Hai, ada yang bisa bantu aku soal motor nih?  
casual_greeting,Selamat sore, aku cari info soal perbaikan kendaraan.  
casual_greeting,Permen, boleh tanya soal kendaraan dong?  
casual_greeting,Halo, aku pengen nanya soal mobil bro.  
casual_greeting,Hai, apa kabar? Aku butuh info mobil bro.  
casual_greeting,Selamat malam bro, aku mau tanya soal motor dong.  
casual_greeting,Halo, aku cari tahu soal kendaraan bro.  
casual_greeting,Hai bro, aku pengen konsultasi soal mobil nih.  
casual_greeting,Selamat pagi, boleh nanya soal motor bro?  
casual_greeting,Halo, aku butuh bantuan soal kendaraan dong.  
casual_greeting,Hai, ada yang bisa bantu soal mobil bro?  
casual_greeting,Selamat siang, aku cari info soal motor dong.  
casual_greeting,Permen dong, boleh tanya perbaikan motor bro?  
casual_greeting,Halo bro, aku mau nanya soal mobil dong.  
casual_greeting,Hai, apa kabar? Aku pengen tanya kendaraan bro.  
casual_greeting,Selamat sore, aku butuh saran soal motor bro.  
casual_greeting,Halo, aku cari tahu soal perbaikan mobil dong.  
casual_greeting,Hai, aku mau konsultasi soal motor bro.  
casual_greeting,Selamat malam, boleh nanya soal mobil dong?  
casual_greeting,Halo bro, aku pengen tanya soal kendaraan bro.  
casual_greeting,Hai, ada yang bisa bantu aku soal kendaraan dong?  
casual_greeting,Selamat pagi bro, aku cari info soal mobil nih.  
casual_greeting,Permen, boleh konsultasi soal motor bro?  
casual_greeting,Halo, aku mau tanya soal motor dong.  
casual_greeting,Hai bro, apa kabar? Aku butuh bantuan mobil dong.  
casual_greeting,Selamat siang, aku pengen nanya soal kendaraan bro.  
casual_greeting,Halo, aku cari tahu soal motor bro.  
casual_greeting,Hai, aku butuh info soal perbaikan kendaraan dong.  
casual_greeting,Selamat sore bro, boleh tanya soal mobil gak?  
casual_greeting,Halo, aku mau konsultasi soal kendaraan bro.  
casual_greeting,Hai, ada yang bisa bantu soal motor bro?  
casual_greeting,Selamat malam, aku pengen tanya soal motor dong.  
casual_greeting,Permen dong, boleh nanya soal mobil bro?  
casual_greeting,Halo bro, aku mau nanya perbaikan kendaraan dong.  
casual_greeting,Hai, apa kabar? Aku cari info soal mobil bro.  
casual_greeting,Selamat pagi, aku butuh saran soal motor bro.  
casual_greeting,Halo, aku pengen tanya soal mobil dong.  
casual_greeting,Hai, aku mau konsultasi soal kendaraan bro.  
casual_greeting,Selamat siang bro, boleh tanya perbaikan motor gak?  
casual_greeting,Halo, aku cari tahu soal kendaraan dong.  
casual_greeting,Hai, ada yang bisa bantu aku soal mobil dong?  
casual_greeting,Selamat sore, aku pengen nanya soal motor bro.  
casual_greeting,Permen, boleh tanya soal kendaraan bro?  
casual_greeting,Halo, aku mau tanya soal mobil bro.  
casual_greeting,Hai bro, apa kabar? Aku butuh info motor dong.  
casual_greeting,Selamat malam, aku cari info soal perbaikan mobil bro.  
casual_greeting,Halo, aku butuh bantuan soal kendaraan bro.  
casual_greeting,Hai, aku mau nanya soal motor dong.  
casual_greeting,Selamat pagi bro, boleh konsultasi soal kendaraan gak?  
casual_greeting,Halo bro, aku pengen tanya soal motor bro.  
casual_greeting,Hai, ada yang bisa bantu soal kendaraan bro?  
casual_greeting,Selamat siang, aku cari tahu soal mobil dong.  
casual_greeting,Permen dong, boleh nanya soal motor dong?  
casual_greeting,Halo, aku mau konsultasi soal mobil bro.  
casual_greeting,Hai, apa kabar? Aku pengen nanya kendaraan dong.  
casual_greeting,Selamat sore, aku butuh saran soal motor dong.  
casual_greeting,Halo, aku cari info soal perbaikan kendaraan bro.  
casual_greeting,Hai bro, aku mau tanya soal mobil nih.  
casual_greeting,Selamat malam bro, boleh tanya soal motor gak?  
casual_greeting,Halo, aku pengen nanya perbaikan mobil bro.  
casual_greeting,Hai, ada yang bisa bantu aku soal motor bro?  
casual_greeting,Selamat pagi, aku cari tahu soal kendaraan dong.  
casual_greeting,Permen, boleh konsultasi soal mobil dong?  
casual_greeting,Halo bro, aku mau nanya soal motor dong.  
casual_greeting,Hai, apa kabar? Aku butuh bantuan mobil bro.  
casual_greeting,Selamat siang, aku pengen tanya soal mobil bro.  
casual_greeting,Halo, aku cari info soal motor bro.  
casual_greeting,Hai, aku mau konsultasi soal kendaraan dong.  
casual_greeting,Selamat sore bro, boleh nanya perbaikan kendaraan gak?  
casual_greeting,Halo, aku butuh saran soal mobil dong.  
casual_greeting,Hai, ada yang bisa bantu soal kendaraan bro?  
casual_greeting,Selamat malam, aku cari tahu soal motor dong.  
casual_greeting,Permen dong, boleh tanya soal mobil dong?  
casual_greeting,Halo, aku pengen nanya soal kendaraan bro.  
casual_greeting,Hai bro, apa kabar? Aku mau tanya motor bro.  
casual_greeting,Selamat pagi, aku butuh info soal perbaikan mobil bro.  
casual_greeting,Halo, aku mau tanya soal motor bro.  
casual_greeting,Hai, aku pengen konsultasi soal motor dong.  
casual_greeting,Selamat siang bro, boleh tanya soal kendaraan nih?  
casual_greeting,Halo, aku cari tahu soal mobil bro.  
casual_greeting,Hai, ada yang bisa bantu aku soal mobil bro?  
casual_greeting,Selamat sore, aku pengen nanya soal motor dong.  
casual_greeting,Permen, boleh tanya perbaikan kendaraan dong?  
casual_greeting,Halo bro, aku mau konsultasi soal kendaraan bro.  
casual_greeting,Hai, apa kabar? Aku cari info soal motor bro.  
casual_greeting,Selamat malam, aku butuh bantuan soal mobil dong.  
casual_greeting,Halo, aku pengen tanya soal mobil bro.  
casual_greeting,Hai, aku butuh saran soal kendaraan bro.  
casual_greeting,Selamat pagi bro, boleh nanya soal motor dong?  
casual_greeting,Halo, aku cari info soal perbaikan motor bro.  
casual_greeting,Hai, ada yang bisa bantu soal motor dong?  
casual_greeting,Selamat siang, aku mau nanya soal kendaraan bro.  
casual_greeting,Permen dong, boleh konsultasi soal motor bro?  
casual_greeting,Halo, aku butuh bantuan soal mobil bro.  
casual_greeting,Hai bro, apa kabar? Aku pengen tanya mobil nih.  
casual_greeting,Selamat sore, aku cari tahu soal kendaraan bro.  
casual_greeting,Halo, aku mau tanya soal motor dong.  
casual_greeting,Hai, aku pengen konsultasi soal kendaraan bro.  
casual_greeting,Selamat malam bro, boleh nanya perbaikan mobil gak?  
casual_greeting,Halo bro, aku cari info soal motor dong.  
casual_greeting,Hai, ada yang bisa bantu aku soal kendaraan dong?  
casual_greeting,Selamat pagi, aku pengen nanya soal mobil bro.  
casual_greeting,Permen, boleh tanya soal motor bro?  
casual_greeting,Halo, aku butuh saran soal motor dong.  
casual_greeting,Hai, apa kabar? Aku cari tahu soal mobil bro.  
casual_greeting,Selamat siang bro, aku mau konsultasi soal motor nih.  
casual_greeting,Halo, aku pengen tanya soal kendaraan dong.  
casual_greeting,Hai, aku butuh info soal perbaikan kendaraan bro.  
casual_greeting,Selamat sore, boleh nanya soal mobil bro?  
casual_greeting,Halo bro, aku cari tahu soal motor bro.  
casual_greeting,Hai, ada yang bisa bantu soal motor bro?  
casual_greeting,Selamat malam, aku mau nanya soal kendaraan dong.  
casual_greeting,Permen dong, boleh tanya perbaikan motor dong?  
casual_greeting,Halo, aku pengen konsultasi soal mobil bro.  
casual_greeting,Hai bro, apa kabar? Aku butuh bantuan motor nih.  
casual_greeting,Selamat pagi, aku cari info soal kendaraan bro.  
casual_greeting,Halo, aku butuh saran soal mobil bro.  
casual_greeting,Hai, aku mau tanya soal motor dong.  
casual_greeting,Selamat siang, boleh konsultasi soal kendaraan bro?  
casual_greeting,Halo bro, aku pengen nanya soal mobil nih.  
casual_greeting,Hai, ada yang bisa bantu aku soal mobil bro?  
casual_greeting,Selamat sore bro, aku cari tahu soal perbaikan motor.  
casual_greeting,Permen, boleh nanya soal kendaraan dong?  
casual_greeting,Halo, aku mau nanya soal motor bro.  
casual_greeting,Hai, apa kabar? Aku pengen tanya kendaraan bro.  
casual_greeting,Selamat malam, aku butuh info soal mobil dong.  
casual_greeting,Halo, aku cari tahu soal kendaraan bro.  
casual_greeting,Hai bro, aku mau konsultasi soal motor dong.  
casual_greeting,Selamat pagi bro, boleh tanya soal mobil nih?  
casual_greeting,Halo, aku pengen tanya perbaikan motor bro.  
casual_greeting,Hai, ada yang bisa bantu soal kendaraan bro?  
casual_greeting,Selamat siang, aku butuh bantuan soal motor dong.  
casual_greeting,Permen dong, boleh konsultasi soal mobil dong?  
casual_greeting,Halo bro, aku mau nanya soal kendaraan bro.  
casual_greeting,Hai, apa kabar? Aku cari info soal motor bro.  
casual_greeting,Selamat sore, aku pengen tanya soal mobil dong.  
casual_greeting,Halo, aku cari tahu soal perbaikan kendaraan bro.  
casual_greeting,Hai, aku butuh saran soal motor dong.  
casual_greeting,Selamat malam bro, boleh nanya soal motor gak?  
casual_greeting,Halo, aku mau konsultasi soal mobil dong.  
casual_greeting,Hai, ada yang bisa bantu aku soal mobil bro?  
casual_greeting,Selamat pagi, aku cari info soal motor bro.  
casual_greeting,Permen, boleh tanya perbaikan mobil dong?  
casual_greeting,Halo bro, aku pengen nanya soal kendaraan dong.  
casual_greeting,Hai bro, apa kabar? Aku butuh bantuan kendaraan nih.  
casual_greeting,Selamat siang, aku mau tanya soal motor bro.  
casual_greeting,Halo, aku cari tahu soal mobil dong.  
casual_greeting,Hai, aku pengen konsultasi soal motor bro.  
casual_greeting,Selamat sore, boleh nanya soal kendaraan bro?  
casual_greeting,Halo, aku butuh info soal perbaikan motor dong.  
casual_greeting,Hai, ada yang bisa bantu soal motor bro?  
casual_greeting,Selamat malam, aku pengen tanya soal mobil bro.  
casual_greeting,Permen dong, boleh tanya soal motor bro?  
casual_greeting,Halo, aku mau nanya perbaikan kendaraan bro.  
casual_greeting,Hai, apa kabar? Aku cari tahu soal mobil bro.  
casual_greeting,Selamat pagi bro, aku butuh saran soal motor nih.  
casual_greeting,Halo, aku pengen tanya soal kendaraan bro.  
casual_greeting,Hai, aku mau konsultasi soal mobil dong.  
casual_greeting,Selamat siang, boleh tanya soal motor dong?  
casual_greeting,Halo bro, aku cari info soal kendaraan dong.  
casual_greeting,Hai, ada yang bisa bantu aku soal kendaraan bro?  
casual_greeting,Selamat sore bro, aku mau nanya soal motor nih.  
casual_greeting,Permen, boleh konsultasi soal kendaraan bro?  
casual_greeting,Halo, aku butuh bantuan soal mobil dong.  
casual_greeting,Hai bro, apa kabar? Aku pengen tanya mobil dong.  
casual_greeting,Selamat malam, aku cari tahu soal motor bro.  
casual_greeting,Halo, aku mau tanya soal kendaraan dong.  
casual_greeting,Hai, aku butuh saran soal motor bro.  
casual_greeting,Selamat pagi, boleh nanya perbaikan kendaraan bro?  
casual_greeting,Halo bro, aku pengen konsultasi soal motor dong.  
casual_greeting,Hai, ada yang bisa bantu soal mobil dong?  
casual_greeting,Selamat siang bro, aku cari info soal mobil bro.  
casual_greeting,Permen dong, boleh tanya soal motor dong?  
casual_greeting,Halo, aku mau nanya soal kendaraan bro.  
casual_greeting,Hai, apa kabar? Aku butuh info kendaraan dong.  
casual_greeting,Selamat sore, aku pengen tanya soal motor bro.  
casual_greeting,Halo, aku cari tahu soal perbaikan mobil bro.  
casual_greeting,Hai bro, aku mau konsultasi soal kendaraan dong.  
casual_greeting,Selamat malam, boleh nanya soal motor bro?  
casual_greeting,Halo, aku butuh bantuan soal motor dong.  
casual_greeting,Hai, ada yang bisa bantu aku soal motor bro?  
casual_greeting,Selamat pagi bro, aku cari info soal perbaikan motor.  
casual_greeting,Permen, boleh tanya soal kendaraan bro?  
casual_greeting,Halo, aku pengen nanya soal mobil dong.  
casual_greeting,Hai, apa kabar? Aku mau tanya mobil bro.  
casual_greeting,Selamat siang, aku butuh saran soal kendaraan bro.  
casual_greeting,Halo bro, aku cari tahu soal motor dong.  
casual_greeting,Hai, aku pengen konsultasi soal motor bro.  
casual_greeting,Selamat sore, boleh nanya soal mobil dong?  
casual_greeting,Halo, aku mau tanya perbaikan kendaraan bro.  
casual_greeting,Hai, ada yang bisa bantu soal kendaraan bro?  
casual_greeting,Selamat malam bro, aku pengen nanya soal motor nih.  
casual_greeting,Permen dong, boleh konsultasi soal mobil bro?  
casual_greeting,Halo, aku butuh info soal mobil dong.  
casual_greeting,Hai bro, apa kabar? Aku cari tahu soal kendaraan bro.  
casual_greeting,Selamat pagi, aku mau nanya soal motor bro.  
casual_greeting,Halo, aku pengen tanya soal kendaraan dong.  
casual_greeting,Hai, aku butuh bantuan soal motor bro.  
casual_greeting,Selamat siang bro, boleh tanya perbaikan mobil gak?  
casual_greeting,Halo, aku cari tahu soal perbaikan motor bro.  
casual_greeting,Hai, ada yang bisa bantu aku soal mobil bro?  
casual_greeting,Selamat sore, aku pengen nanya soal kendaraan bro.  
casual_greeting,Permen, boleh tanya soal motor bro?  
casual_greeting,Halo bro, aku mau konsultasi soal mobil dong.  
casual_greeting,Hai, apa kabar? Aku butuh saran motor bro.  
casual_greeting,Selamat malam, aku cari info soal kendaraan dong.  
casual_greeting,Halo, aku pengen tanya soal motor bro.  
casual_greeting,Hai, aku mau nanya soal mobil dong.  
casual_greeting,Selamat pagi bro, boleh konsultasi soal kendaraan nih?  
casual_greeting,Halo, aku butuh bantuan soal kendaraan bro.  
casual_greeting,Hai, ada yang bisa bantu soal motor dong?  
casual_greeting,Selamat siang, aku cari tahu soal mobil bro.  
casual_greeting,Permen dong, boleh nanya perbaikan kendaraan gak?  
casual_greeting,Halo bro, aku pengen nanya soal motor dong.  
casual_greeting,Hai, apa kabar? Aku cari info soal mobil dong.  
casual_greeting,Selamat sore, aku butuh saran soal kendaraan bro.  
casual_greeting,Halo, aku mau tanya soal motor bro.  
casual_greeting,Hai, aku pengen konsultasi soal kendaraan dong.  
casual_greeting,Selamat malam bro, boleh tanya soal mobil nih?  
casual_greeting,Halo, aku cari tahu soal perbaikan kendaraan bro.  
casual_greeting,Hai, ada yang bisa bantu aku soal motor bro?  
casual_greeting,Selamat pagi, aku pengen nanya soal mobil dong.  
casual_greeting,Permen, boleh tanya soal kendaraan dong?  
casual_greeting,Halo, aku butuh info soal motor bro.  
casual_greeting,Hai bro, apa kabar? Aku mau nanya motor dong.  
casual_greeting,Selamat siang bro, aku cari info soal perbaikan motor.  
casual_greeting,Halo, aku mau konsultasi soal kendaraan bro.  
casual_greeting,Hai, aku butuh bantuan soal mobil dong.  
casual_greeting,Selamat sore, boleh nanya soal motor bro?  
casual_greeting,Halo bro, aku pengen tanya perbaikan kendaraan dong.  
casual_greeting,Hai, ada yang bisa bantu soal kendaraan bro?  
casual_greeting,Selamat malam, aku cari tahu soal mobil bro.  
casual_greeting,Permen dong, boleh konsultasi soal motor dong?  
casual_greeting,Halo, aku mau nanya soal kendaraan bro.  
casual_greeting,Hai, apa kabar? Aku pengen tanya mobil bro.  
casual_greeting,Selamat pagi, aku butuh saran soal motor dong.  
casual_greeting,Halo bro, aku cari info soal kendaraan dong.  
casual_greeting,Hai, aku mau tanya soal motor bro.  
casual_greeting,Selamat siang, boleh tanya perbaikan kendaraan bro?  
casual_greeting,Halo, aku pengen konsultasi soal mobil dong.  
casual_greeting,Hai, ada yang bisa bantu aku soal mobil bro?  
casual_greeting,Selamat sore bro, aku cari tahu soal motor dong.  
casual_greeting,Permen, boleh nanya soal kendaraan bro?  
casual_greeting,Halo, aku butuh bantuan soal kendaraan dong.  
casual_greeting,Hai bro, apa kabar? Aku cari info soal motor bro.  
casual_greeting,Selamat malam, aku pengen nanya soal mobil dong.  
casual_greeting,Halo, aku cari tahu soal perbaikan mobil bro.  
casual_greeting,Hai, aku mau nanya soal kendaraan bro.  
casual_greeting,Selamat pagi bro, boleh konsultasi soal motor gak?  
casual_greeting,Halo, aku pengen tanya soal motor dong.  
casual_greeting,Hai, ada yang bisa bantu soal motor bro?  
casual_greeting,Selamat siang, aku butuh saran soal mobil dong.  
casual_greeting,Permen dong, boleh tanya soal mobil bro?  
casual_greeting,Halo bro, aku mau konsultasi soal kendaraan dong.  
casual_greeting,Hai, apa kabar? Aku butuh info kendaraan bro.  
casual_greeting,Selamat sore, aku cari tahu soal motor bro.  
casual_greeting,Halo, aku pengen nanya perbaikan kendaraan dong.  
casual_greeting,Hai, aku butuh bantuan soal motor bro.  
casual_greeting,Selamat malam bro, boleh nanya soal motor dong?  
casual_greeting,Halo, aku cari info soal perbaikan motor bro.  
casual_greeting,Hai, ada yang bisa bantu aku soal kendaraan dong?  
casual_greeting,Selamat pagi, aku mau tanya soal mobil bro.  
casual_greeting,Permen, boleh konsultasi soal kendaraan bro?  
casual_greeting,Halo bro, aku pengen tanya soal motor nih.  
casual_greeting,Hai bro, apa kabar? Aku pengen nanya mobil dong.  
casual_greeting,Selamat siang, aku cari tahu soal kendaraan bro.  
casual_greeting,Halo, aku butuh saran soal motor bro.  
casual_greeting,Hai, aku mau nanya soal mobil dong.  
casual_greeting,Selamat sore bro, boleh tanya perbaikan mobil gak?  
casual_greeting,Halo, aku pengen konsultasi soal kendaraan bro.  
casual_greeting,Hai, ada yang bisa bantu soal motor dong?  
casual_greeting,Selamat malam, aku cari info soal motor bro.  
casual_greeting,Permen dong, boleh nanya soal kendaraan dong?  
casual_greeting,Halo, aku mau tanya soal motor bro.  
casual_greeting,Hai, apa kabar? Aku cari tahu soal mobil bro.  
casual_greeting,Selamat pagi bro, aku butuh bantuan soal kendaraan.  
casual_greeting,Halo, aku pengen nanya soal mobil dong.  
casual_greeting,Hai, aku butuh info soal perbaikan motor bro.  
casual_greeting,Selamat siang, boleh tanya soal kendaraan bro?  
casual_greeting,Halo bro, aku cari tahu soal motor dong.  
casual_greeting,Hai, ada yang bisa bantu aku soal mobil bro?  
casual_greeting,Selamat sore, aku pengen tanya soal motor bro.  
casual_greeting,Permen, boleh konsultasi soal mobil dong?  
casual_greeting,Halo, aku mau nanya perbaikan kendaraan bro.  
casual_greeting,Hai bro, apa kabar? Aku butuh saran motor dong.  
casual_greeting,Selamat malam, aku cari tahu soal kendaraan bro.  
casual_greeting,Halo, aku butuh bantuan soal mobil bro.  
casual_greeting,Hai, aku mau tanya soal motor dong.  
casual_greeting,Selamat pagi, boleh nanya soal mobil bro?  
casual_greeting,Halo bro, aku pengen konsultasi soal kendaraan dong.  
casual_greeting,Hai, ada yang bisa bantu soal kendaraan bro?  
casual_greeting,Selamat siang bro, aku cari info soal perbaikan mobil.  
casual_greeting,Permen dong, boleh tanya soal motor bro?  
casual_greeting,Halo, aku pengen nanya soal kendaraan bro.  
casual_greeting,Hai, apa kabar? Aku mau nanya mobil dong.  
casual_greeting,Selamat sore, aku butuh saran soal motor bro.  
casual_greeting,Halo, aku cari tahu soal perbaikan kendaraan dong.  
casual_greeting,Hai bro, aku mau konsultasi soal motor bro.  
casual_greeting,Selamat malam, boleh tanya soal motor dong?  
casual_greeting,Halo, aku pengen tanya soal mobil bro.  
casual_greeting,Hai, ada yang bisa bantu aku soal motor bro?  
casual_greeting,Selamat pagi bro, aku cari info soal kendaraan dong.  
casual_greeting,Permen, boleh konsultasi soal kendaraan bro?  
casual_greeting,Halo, aku butuh bantuan soal motor dong.  
casual_greeting,Hai, apa kabar? Aku cari tahu soal motor bro.  
casual_greeting,Selamat siang, aku pengen nanya soal mobil bro.  
casual_greeting,Halo bro, aku mau tanya soal kendaraan dong.  
casual_greeting,Hai, aku butuh info soal perbaikan mobil bro.  
casual_greeting,Selamat sore bro, boleh nanya soal motor gak?  
casual_greeting,Halo, aku cari tahu soal kendaraan bro.  
casual_greeting,Hai, ada yang bisa bantu soal mobil dong?  
casual_greeting,Selamat malam, aku pengen konsultasi soal motor bro.  
casual_greeting,Permen dong, boleh tanya perbaikan kendaraan bro?  
casual_greeting,Halo, aku mau nanya soal mobil dong.  
casual_greeting,Hai bro, apa kabar? Aku butuh saran kendaraan nih.  
casual_greeting,Selamat pagi, aku cari info soal motor bro.  
casual_greeting,Halo, aku pengen tanya soal motor bro.  
casual_greeting,Hai, aku mau konsultasi soal kendaraan dong.  
casual_greeting,Selamat siang bro, boleh tanya soal mobil nih?  
casual_greeting,Halo, aku butuh saran soal motor dong.  
casual_greeting,Hai, ada yang bisa bantu aku soal kendaraan bro?  
casual_greeting,Selamat sore, aku cari tahu soal perbaikan mobil bro.  
casual_greeting,Permen, boleh nanya soal motor dong?  
casual_greeting,Halo bro, aku pengen nanya soal kendaraan bro.  
casual_greeting,Hai, apa kabar? Aku mau nanya motor bro.  
casual_greeting,Selamat malam, aku butuh bantuan soal mobil dong.  
casual_greeting,Halo, aku cari tahu soal kendaraan dong.  
casual_greeting,Hai, aku pengen tanya soal mobil bro.  
casual_greeting,Selamat pagi bro, boleh konsultasi soal motor nih?  
casual_greeting,Halo, aku mau nanya perbaikan kendaraan bro.  
casual_greeting,Hai, ada yang bisa bantu soal motor bro?  
casual_greeting,Selamat siang, aku cari info soal mobil dong.  
casual_greeting,Permen dong, boleh tanya soal kendaraan bro?  
casual_greeting,Halo, aku butuh info soal motor bro.  
casual_greeting,Hai bro, apa kabar? Aku cari tahu soal mobil dong.  
casual_greeting,Selamat sore, aku pengen konsultasi soal kendaraan bro.  
casual_greeting,Halo, aku mau tanya soal motor dong.  
casual_greeting,Hai, aku butuh saran soal mobil bro.  
casual_greeting,Selamat malam bro, boleh nanya perbaikan motor gak?  
casual_greeting,Halo bro, aku cari tahu soal kendaraan dong.  
casual_greeting,Hai, ada yang bisa bantu aku soal mobil bro?  
casual_greeting,Selamat pagi, aku pengen nanya soal motor dong.  
casual_greeting,Permen, boleh tanya soal mobil bro?  
casual_greeting,Halo, aku butuh bantuan soal kendaraan bro.  
casual_greeting,Hai, apa kabar? Aku mau konsultasi motor dong.  
casual_greeting,Selamat siang bro, aku cari info soal perbaikan kendaraan.  
casual_greeting,Halo, aku pengen tanya soal kendaraan bro.  
casual_greeting,Hai, aku cari tahu soal motor bro.  
casual_greeting,Selamat sore, boleh nanya soal mobil bro?  
casual_greeting,Halo bro, aku mau nanya soal motor dong.  
casual_greeting,Hai, ada yang bisa bantu soal kendaraan bro?  
casual_greeting,Selamat malam, aku butuh saran soal motor dong.  
casual_greeting,Permen dong, boleh konsultasi soal kendaraan bro?  
casual_greeting,Halo, aku cari info soal perbaikan mobil dong.  
casual_greeting,Hai bro, apa kabar? Aku pengen nanya mobil bro.  
casual_greeting,Selamat pagi, aku mau tanya soal kendaraan bro.  
casual_greeting,Halo, aku butuh bantuan soal motor bro.  
casual_greeting,Hai, aku pengen konsultasi soal motor dong.  
casual_greeting,Selamat siang, boleh tanya soal motor bro?  
casual_greeting,Halo bro, aku cari tahu soal kendaraan bro.  
casual_greeting,Hai, ada yang bisa bantu aku soal motor dong?  
casual_greeting,Selamat sore bro, aku pengen nanya soal mobil nih.  
casual_greeting,Permen, boleh nanya perbaikan kendaraan bro?  
casual_greeting,Halo, aku mau nanya soal kendaraan dong.  
casual_greeting,Hai, apa kabar? Aku cari info soal motor dong.  
casual_greeting,Selamat malam, aku butuh info soal mobil bro.  
casual_greeting,Halo, aku pengen tanya soal motor bro.  
casual_greeting,Hai bro, aku mau konsultasi soal kendaraan dong.  
casual_greeting,Selamat pagi bro, boleh nanya soal mobil dong?  
casual_greeting,Halo, aku cari tahu soal perbaikan motor bro.  
casual_greeting,Hai, ada yang bisa bantu soal mobil bro?  
casual_greeting,Selamat siang, aku butuh saran soal kendaraan bro.  
casual_greeting,Permen dong, boleh tanya soal motor bro?  
casual_greeting,Halo bro, aku pengen nanya soal mobil dong.  
casual_greeting,Hai, apa kabar? Aku butuh bantuan motor bro.  
casual_greeting,Selamat sore, aku cari info soal kendaraan dong.  
casual_greeting,Halo, aku mau tanya soal motor bro.  
casual_greeting,Hai, aku pengen konsultasi soal mobil bro.  
casual_greeting,Selamat malam bro, boleh nanya soal kendaraan nih?  
casual_greeting,Halo, aku butuh info soal perbaikan kendaraan dong.  
casual_greeting,Hai, ada yang bisa bantu aku soal motor bro?  
casual_greeting,Selamat pagi, aku cari tahu soal mobil bro.  
casual_greeting,Permen, boleh konsultasi soal motor dong?  
casual_greeting,Halo bro, aku mau nanya soal kendaraan dong.  
casual_greeting,Hai bro, apa kabar? Aku pengen tanya motor dong.  
casual_greeting,Selamat siang, aku butuh bantuan soal mobil bro.  
casual_greeting,Halo, aku cari info soal motor dong.  
casual_greeting,Hai, aku mau tanya perbaikan kendaraan bro.  
casual_greeting,Selamat sore bro, boleh nanya soal motor dong?  
casual_greeting,Halo, aku pengen konsultasi soal kendaraan bro.  
casual_greeting,Hai, ada yang bisa bantu soal mobil dong?  
casual_greeting,Selamat malam, aku cari tahu soal motor bro.  
casual_greeting,Permen dong, boleh tanya soal kendaraan bro?  
casual_greeting,Halo, aku butuh saran soal motor dong.  
casual_greeting,Hai, apa kabar? Aku cari info soal mobil bro.  
casual_greeting,Selamat pagi bro, aku pengen nanya soal mobil nih.  
casual_greeting,Halo, aku mau nanya soal kendaraan bro.  
casual_greeting,Hai, aku butuh bantuan soal motor dong.  
casual_greeting,Selamat siang, boleh konsultasi soal motor bro?  
casual_greeting,Halo bro, aku cari tahu soal perbaikan kendaraan dong.  
casual_greeting,Hai, ada yang bisa bantu aku soal kendaraan bro?  
casual_greeting,Selamat sore, aku pengen tanya soal motor dong.  
casual_greeting,Permen, boleh nanya soal mobil dong?  
casual_greeting,Halo, aku cari info soal motor bro.  
casual_greeting,Hai bro, apa kabar? Aku butuh saran kendaraan bro.  
casual_greeting,Selamat malam, aku mau tanya soal mobil dong.  
casual_greeting,Halo, aku pengen konsultasi soal motor bro.  
casual_greeting,Hai, aku cari tahu soal perbaikan mobil dong.  
casual_greeting,Selamat pagi, boleh nanya soal kendaraan bro?  
casual_greeting,Halo bro, aku butuh bantuan soal motor nih.  
casual_greeting,Hai, ada yang bisa bantu soal motor dong?  
casual_greeting,Selamat siang bro, aku cari info soal kendaraan dong.  
casual_greeting,Permen dong, boleh tanya perbaikan motor bro?  
casual_greeting,Halo, aku pengen nanya soal mobil bro.  
casual_greeting,Hai, apa kabar? Aku mau nanya motor dong.  
casual_greeting,Selamat sore, aku butuh saran soal mobil bro.  
casual_greeting,Halo, aku cari tahu soal kendaraan bro.  
casual_greeting,Hai bro, aku mau konsultasi soal kendaraan dong.  
casual_greeting,Selamat malam, boleh nanya soal motor bro?  
casual_greeting,Halo, aku pengen tanya perbaikan motor dong.  
casual_greeting,Hai, ada yang bisa bantu aku soal mobil bro?  
casual_greeting,Selamat pagi bro, aku cari info soal mobil dong.  
casual_greeting,Permen, boleh konsultasi soal kendaraan dong?  
casual_greeting,Halo, aku butuh bantuan soal kendaraan bro.  
casual_greeting,Hai, apa kabar? Aku cari tahu soal motor bro.  
casual_greeting,Selamat siang, aku pengen nanya soal motor dong.  
casual_greeting,Halo bro, aku mau tanya soal mobil bro.  
casual_greeting,Hai, aku butuh info soal perbaikan kendaraan dong.  
casual_greeting,Selamat sore bro, boleh nanya soal kendaraan gak?  
casual_greeting,Halo, aku cari tahu soal motor bro.  
casual_greeting,Hai, ada yang bisa bantu soal motor bro?  
casual_greeting,Selamat malam, aku pengen konsultasi soal mobil bro.  
casual_greeting,Permen dong, boleh tanya soal motor dong?  
casual_greeting,Halo, aku mau nanya soal kendaraan bro.  
casual_greeting,Hai bro, apa kabar? Aku butuh saran mobil dong.  
casual_greeting,Selamat pagi, aku cari info soal perbaikan motor bro.  
casual_greeting,Halo, aku pengen tanya soal motor dong.  
casual_greeting,Hai, aku butuh bantuan soal mobil bro.  
casual_greeting,Selamat siang bro, boleh nanya soal mobil nih?  
casual_greeting,Halo, aku cari tahu soal kendaraan dong.  
casual_greeting,Hai, ada yang bisa bantu aku soal kendaraan bro?  
casual_greeting,Selamat sore, aku pengen nanya perbaikan kendaraan bro.  
casual_greeting,Permen, boleh konsultasi soal motor bro?  
casual_greeting,Halo bro, aku mau tanya soal motor dong.  
casual_greeting,Hai, apa kabar? Aku cari info soal mobil dong.  
casual_greeting,Selamat malam, aku butuh saran soal motor bro.  
casual_greeting,Halo, aku pengen konsultasi soal kendaraan bro.  
casual_greeting,Hai, aku cari tahu soal perbaikan motor bro.  
casual_greeting,Selamat pagi bro, boleh tanya soal kendaraan nih?  
casual_greeting,Halo, aku butuh bantuan soal motor dong.  
casual_greeting,Hai, ada yang bisa bantu soal mobil bro?  
casual_greeting,Selamat siang, aku cari info soal motor dong.  
casual_greeting,Permen dong, boleh nanya soal mobil bro?  
casual_greeting,Halo, aku pengen nanya soal kendaraan bro.  
casual_greeting,Hai bro, apa kabar? Aku mau nanya motor bro.
casual_greeting,"Halo, apa kabar?"
casual_greeting,"Hai, gimana kabarnya?"
casual_greeting,"Selamat pagi, boleh tanya sesuatu?"
casual_greeting,"Selamat siang, aku mau konsultasi nih."
casual_greeting,"Selamat sore, ada yang bisa bantu?"
casual_greeting,"Selamat malam, aku butuh saran."
casual_greeting,"Permisi, boleh minta waktu sebentar?"
casual_greeting,"Halo, aku punya pertanyaan nih."
casual_greeting,"Hai, aku ingin tanya sesuatu."
casual_greeting,"Apa kabar? Aku mau konsultasi."
casual_greeting,"Halo bro, boleh tanya?"
casual_greeting,"Hai, aku lagi bingung soal mobilku."
casual_greeting,"Selamat pagi, motor saya bermasalah."
casual_greeting,"Selamat siang, kendaraan saya lagi trouble."
casual_greeting,"Selamat sore, aku butuh bantuan soal motor."
casual_greeting,"Selamat malam, mau tanya tentang mobil nih."
casual_greeting,"Permen, ada yang bisa bantu aku?"
casual_greeting,"Halo, aku mau mulai konsultasi."
casual_greeting,"Hai, boleh tanya-tanya soal kendaraan?"
casual_greeting,"Apa kabar? Mobilku lagi rewel."
casual_greeting,"Halo, ada orang di sini?"
casual_greeting,"Hai, aku butuh saran cepat."
casual_greeting,"Selamat pagi, mau nanya dong."
casual_greeting,"Selamat siang, bisa bantu aku?"
casual_greeting,"Selamat sore, aku pengen tanya."
casual_greeting,"Selamat malam, kendaraanku bermasalah."
casual_greeting,"Permisi, mau ngobrol bentar."
casual_greeting,"Halo, aku butuh pendapat."
casual_greeting,"Hai, ada yang bisa kasih saran?"
casual_greeting,"Apa kabar? Mau tanya nih."
casual_greeting,"Halo, boleh ganggu sebentar?"
casual_greeting,"Hai, aku ada masalah kendaraan."
casual_greeting,"Selamat pagi, boleh konsultasi?"
casual_greeting,"Selamat siang, aku lagi pusing nih."
casual_greeting,"Selamat sore, mau tanya soal motor."
casual_greeting,"Selamat malam, mobilku mogok."
casual_greeting,"Permisi, bisa bantu aku?"
casual_greeting,"Halo, aku pengen nanya."
casual_greeting,"Hai, aku mau minta saran."
casual_greeting,"Apa kabar? Butuh bantuan dong."
casual_greeting,"Halo, boleh curhat soal mobil?"
casual_greeting,"Hai, kendaraanku lagi bikin pusing."
casual_greeting,"Selamat pagi, ada yang paham motor?"
casual_greeting,"Selamat siang, aku mau ngobrol."
casual_greeting,"Selamat sore, butuh saran kendaraan."
casual_greeting,"Selamat malam, boleh tanya sesuatu?"
casual_greeting,"Permisi, aku ada pertanyaan."
casual_greeting,"Halo, bisa bantu aku hari ini?"
casual_greeting,"Hai, mau tanya soal mesin."
casual_greeting,"Apa kabar? Aku lagi stuck nih."
casual_greeting,"Halo, boleh minta tolong?"
casual_greeting,"Hai, aku bingung sama motor."
casual_greeting,"Selamat pagi, kendaraanku bikin pusing."
casual_greeting,"Selamat siang, aku mau nanya nih."
casual_greeting,"Selamat sore, ada yang bisa kasih masukan?"
casual_greeting,"Selamat malam, aku butuh solusi."
casual_greeting,"Permisi, boleh tanya soal mobil?"
casual_greeting,"Halo, aku pengen konsultasi cepat."
casual_greeting,"Hai, bisa bantu aku sekarang?"
casual_greeting,"Apa kabar? Mau ngobrol bentar."
casual_greeting,"Halo, aku ada masalah nih."
casual_greeting,"Hai, boleh minta pendapat?"
casual_greeting,"Selamat pagi, aku butuh bantuan."
casual_greeting,"Selamat siang, mau tanya dong."
casual_greeting,"Selamat sore, kendaraanku lagi error."
casual_greeting,"Selamat malam, aku bingung nih."
casual_greeting,"Permisi, ada yang paham kendaraan?"
casual_greeting,"Halo, aku mau cerita soal motor."
casual_greeting,"Hai, aku butuh ide."
casual_greeting,"Apa kabar? Mobilku bikin repot."
casual_greeting,"Halo, boleh tanya sekarang?"
casual_greeting,"Hai, aku lagi galau soal kendaraan."
casual_greeting,"Selamat pagi, bisa kasih saran?"
casual_greeting,"Selamat siang, aku butuh bantuan nih."
casual_greeting,"Selamat sore, mau konsultasi dong."
casual_greeting,"Selamat malam, ada yang bisa bantu?"
casual_greeting,"Permisi, aku pengen tanya."
casual_greeting,"Halo, aku mau minta masukan."
casual_greeting,"Hai, kendaraanku lagi bikin bingung."
casual_greeting,"Apa kabar? Butuh saran cepat."
casual_greeting,"Halo, boleh ngobrol soal mobil?"
casual_greeting,"Hai, aku ada kendala nih."
casual_greeting,"Selamat pagi, mau tanya soal motor."
casual_greeting,"Selamat siang, boleh konsultasi?"
casual_greeting,"Selamat sore, aku butuh jawaban."
casual_greeting,"Selamat malam, kendaraanku bikin pusing."
casual_greeting,"Permisi, boleh minta saran?"
casual_greeting,"Halo, aku lagi butuh bantuan."
casual_greeting,"Hai, bisa tanya sesuatu?"
casual_greeting,"Apa kabar? Aku mau nanya."
casual_greeting,"Halo, boleh curhat bentar?"
casual_greeting,"Hai, mobilku lagi bermasalah."
casual_greeting,"Selamat pagi, aku pengen konsultasi."
casual_greeting,"Selamat siang, ada yang bisa bantu?"
casual_greeting,"Selamat sore, aku mau tanya nih."
casual_greeting,"Selamat malam, butuh saran dong."
casual_greeting,"Permisi, aku butuh solusi."
casual_greeting,"Halo, bisa kasih masukan?"
casual_greeting,"Hai, aku lagi pusing soal motor."
casual_greeting,"Apa kabar? Kendaraanku bikin repot."
casual_greeting,"Halo, boleh tanya-tanya?"
casual_greeting,"Hai, aku mau ngobrol soal mobil."
casual_greeting,"Selamat pagi, boleh minta bantuan?"
casual_greeting,"Selamat siang, aku pengen tanya."
casual_greeting,"Selamat sore, bisa bantu aku?"
casual_greeting,"Selamat malam, aku lagi stuck."
casual_greeting,"Permisi, mau tanya soal kendaraan."
casual_greeting,"Halo, aku butuh saran nih."
casual_greeting,"Hai, boleh konsultasi sekarang?"
casual_greeting,"Apa kabar? Aku bingung sama mobil."
casual_greeting,"Halo, aku mau minta tolong."
casual_greeting,"Hai, motorku lagi bikin pusing."
casual_greeting,"Selamat pagi, ada yang bisa kasih saran?"
casual_greeting,"Selamat siang, aku mau cerita."
casual_greeting,"Selamat sore, butuh bantuan dong."
casual_greeting,"Selamat malam, boleh tanya-tanya?"
casual_greeting,"Permisi, aku lagi galau nih."
casual_greeting,"Halo, bisa bantu aku hari ini?"
casual_greeting,"Hai, aku pengen ngobrol."
casual_greeting,"Apa kabar? Aku butuh masukan."
casual_greeting,"Halo, boleh minta pendapat?"
casual_greeting,"Hai, kendaraanku lagi trouble."
casual_greeting,"Selamat pagi, aku mau tanya."
casual_greeting,"Selamat siang, boleh curhat?"
casual_greeting,"Selamat sore, aku butuh saran."
casual_greeting,"Selamat malam, mobilku bikin bingung."
casual_greeting,"Permisi, ada yang paham motor?"
casual_greeting,"Halo, aku lagi butuh bantuan."
casual_greeting,"Hai, boleh tanya soal kendaraan?"
casual_greeting,"Apa kabar? Aku mau konsultasi."
casual_greeting,"Halo, boleh ganggu bentar?"
casual_greeting,"Hai, aku ada pertanyaan nih."
casual_greeting,"Selamat pagi, kendaraanku bermasalah."
casual_greeting,"Selamat siang, aku pengen nanya."
casual_greeting,"Selamat sore, bisa kasih solusi?"
casual_greeting,"Selamat malam, aku butuh jawaban."
casual_greeting,"Permisi, boleh tanya cepat?"
casual_greeting,"Halo, aku mau tanya soal motor."
casual_greeting,"Hai, aku butuh bantuan cepat."
casual_greeting,"Apa kabar? Mobilku lagi error."
casual_greeting,"Halo, boleh minta saran sekarang?"
casual_greeting,"Hai, aku lagi pusing nih."
casual_greeting,"Selamat pagi, bisa bantu aku?"
casual_greeting,"Selamat siang, aku mau konsultasi."
casual_greeting,"Selamat sore, kendaraanku bikin repot."
casual_greeting,"Selamat malam, aku pengen tanya."
casual_greeting,"Permisi, butuh saran dong."
casual_greeting,"Halo, aku ada masalah kendaraan."
casual_greeting,"Hai, boleh ngobrol soal motor?"
casual_greeting,"Apa kabar? Aku butuh solusi."
casual_greeting,"Halo, boleh tanya sesuatu?"
casual_greeting,"Hai, mobilku lagi bikin pusing."
casual_greeting,"Selamat pagi, aku butuh pendapat."
casual_greeting,"Selamat siang, boleh tanya-tanya?"
casual_greeting,"Selamat sore, aku mau cerita."
casual_greeting,"Selamat malam, kendaraanku bikin bingung."
casual_greeting,"Permisi, aku lagi stuck nih."
casual_greeting,"Halo, bisa kasih saran cepat?"
casual_greeting,"Hai, aku pengen konsultasi."
casual_greeting,"Apa kabar? Aku mau tanya."
casual_greeting,"Halo, boleh curhat soal kendaraan?"
casual_greeting,"Hai, aku butuh masukan."
casual_greeting,"Selamat pagi, motorku bermasalah."
casual_greeting,"Selamat siang, aku lagi galau."
casual_greeting,"Selamat sore, boleh minta bantuan?"
casual_greeting,"Selamat malam, aku mau nanya."
casual_greeting,"Permisi, kendaraanku lagi error."
casual_greeting,"Halo, aku butuh bantuan dong."
casual_greeting,"Hai, boleh tanya sekarang?"
casual_greeting,"Apa kabar? Aku pengen ngobrol."
casual_greeting,"Halo, boleh minta solusi?"
casual_greeting,"Hai, aku ada kendala mobil."
casual_greeting,"Selamat pagi, aku mau minta saran."
casual_greeting,"Selamat siang, butuh bantuan nih."
casual_greeting,"Selamat sore, aku pengen tanya."
casual_greeting,"Selamat malam, bisa bantu aku?"
casual_greeting,"Permisi, aku butuh jawaban."
casual_greeting,"Halo, aku lagi bingung soal motor."
casual_greeting,"Hai, boleh konsultasi cepat?"
casual_greeting,"Apa kabar? Kendaraanku bikin pusing."
casual_greeting,"Halo, boleh tanya soal mobil?"
casual_greeting,"Hai, aku mau tanya nih."
casual_greeting,"Selamat pagi, boleh ganggu bentar?"
casual_greeting,"Selamat siang, aku butuh saran."
casual_greeting,"Selamat sore, mobilku lagi trouble."
casual_greeting,"Selamat malam, aku pengen konsultasi."
casual_greeting,"Permisi, boleh tanya soal kendaraan?"
casual_greeting,"Halo, aku mau cerita nih."
casual_greeting,"Hai, bisa kasih pendapat?"
casual_greeting,"Apa kabar? Aku butuh bantuan."
casual_greeting,"Halo, boleh minta masukan?"
casual_greeting,"Hai, motorku bikin repot."
casual_greeting,"Selamat pagi, aku lagi pusing."
casual_greeting,"Selamat siang, boleh tanya sesuatu?"
casual_greeting,"Selamat sore, aku butuh solusi."
casual_greeting,"Selamat malam, kendaraanku bermasalah."
casual_greeting,"Permisi, aku mau ngobrol."
casual_greeting,"Halo, bisa bantu aku sekarang?"
casual_greeting,"Hai, aku pengen tanya soal motor."
casual_greeting,"Apa kabar? Aku lagi bingung."
casual_greeting,"Halo, boleh curhat nih?"
casual_greeting,"Hai, mobilku bikin pusing."
casual_greeting,"Selamat pagi, aku butuh saran dong."
casual_greeting,"Selamat siang, boleh minta bantuan?"
casual_greeting,"Selamat sore, aku mau konsultasi."
casual_greeting,"Selamat malam, aku butuh pendapat."
casual_greeting,"Permisi, kendaraanku lagi stuck."
casual_greeting,"Halo, aku mau tanya soal mobil."
casual_greeting,"Hai, boleh kasih saran?"
casual_greeting,"Apa kabar? Aku pengen nanya."
casual_greeting,"Halo, boleh tanya cepat?"
casual_greeting,"Hai, aku butuh solusi nih."
casual_greeting,"Selamat pagi, mobilku bermasalah."
casual_greeting,"Selamat siang, aku lagi stuck."
casual_greeting,"Selamat sore, boleh tanya-tanya?"
casual_greeting,"Selamat malam, aku mau cerita."
casual_greeting,"Permisi, aku butuh masukan."
casual_greeting,"Halo, bisa kasih solusi?"
casual_greeting,"Hai, aku pengen ngobrol soal kendaraan."
casual_greeting,"Apa kabar? Motorku lagi error."
casual_greeting,"Halo, boleh minta bantuan sekarang?"
casual_greeting,"Hai, aku ada masalah nih."
casual_greeting,"Selamat pagi, boleh konsultasi cepat?"
casual_greeting,"Selamat siang, aku mau tanya."
casual_greeting,"Selamat sore, kendaraanku bikin bingung."
casual_greeting,"Selamat malam, aku butuh saran cepat."
casual_greeting,"Permisi, boleh tanya soal motor?"
casual_greeting,"Halo, aku lagi galau soal mobil."
casual_greeting,"Hai, bisa bantu aku hari ini?"
casual_greeting,"Apa kabar? Aku mau konsultasi cepat."
casual_greeting,"Halo, boleh ngobrol soal kendaraan?"
casual_greeting,"Hai, aku butuh jawaban."
casual_greeting,"Selamat pagi, aku pengen tanya."
casual_greeting,"Selamat siang, boleh curhat soal motor?"
casual_greeting,"Selamat sore, aku butuh bantuan."
casual_greeting,"Selamat malam, mobilku lagi repot."
casual_greeting,"Permisi, aku mau tanya nih."
casual_greeting,"Halo, aku butuh pendapat cepat."
casual_greeting,"Hai, boleh tanya soal mobil?"
casual_greeting,"Apa kabar? Aku lagi pusing."
casual_greeting,"Halo, boleh minta saran cepat?"
casual_greeting,"Hai, kendaraanku bikin galau."
casual_greeting,"Selamat pagi, aku mau ngobrol."
casual_greeting,"Selamat siang, butuh solusi dong."
casual_greeting,"Selamat sore, aku pengen konsultasi."
casual_greeting,"Selamat malam, boleh tanya?"
casual_greeting,"Permisi, aku butuh bantuan nih."
casual_greeting,"Halo, bisa kasih masukan cepat?"
casual_greeting,"Hai, aku mau tanya soal kendaraan."
casual_greeting,"Apa kabar? Aku butuh saran."
casual_greeting,"Halo, boleh cerita soal motor?"
casual_greeting,"Hai, mobilku bikin bingung."
casual_greeting,"Selamat pagi, boleh minta pendapat?"
casual_greeting,"Selamat siang, aku pengen tanya."
casual_greeting,"Selamat sore, bisa bantu aku sekarang?"
casual_greeting,"Selamat malam, aku lagi galau."
casual_greeting,"Permisi, kendaraanku bikin repot."
casual_greeting,"Halo, aku mau konsultasi dong."
casual_greeting,"Hai, boleh tanya sesuatu?"
casual_greeting,"Apa kabar? Aku butuh jawaban."
casual_greeting,"Halo, boleh curhat soal mobil?"
casual_greeting,"Hai, aku pengen minta saran."
casual_greeting,"Selamat pagi, motorku bikin pusing."
casual_greeting,"Selamat siang, boleh ngobrol?"
casual_greeting,"Selamat sore, aku butuh masukan."
casual_greeting,"Selamat malam, kendaraanku lagi trouble."
casual_greeting,"Permisi, aku mau cerita."
casual_greeting,"Halo, bisa bantu aku cepat?"
casual_greeting,"Hai, aku lagi bingung soal motor."
casual_greeting,"Apa kabar? Aku mau tanya cepat."
casual_greeting,"Halo, boleh tanya soal kendaraan?"
casual_greeting,"Hai, mobilku lagi stuck."
casual_greeting,"Selamat pagi, aku butuh solusi."
casual_greeting,"Selamat siang, boleh tanya nih?"
casual_greeting,"Selamat sore, aku mau nanya."
casual_greeting,"Selamat malam, bisa kasih saran?"
casual_greeting,"Permisi, aku pengen konsultasi."
casual_greeting,"Halo, aku butuh bantuan cepat."
casual_greeting,"Hai, boleh minta masukan?"
casual_greeting,"Apa kabar? Kendaraanku bikin bingung."
casual_greeting,"Halo, boleh ngobrol soal mobil?"
casual_greeting,"Hai, aku mau tanya dong."
casual_greeting,"Selamat pagi, boleh curhat?"
casual_greeting,"Selamat siang, aku butuh pendapat."
casual_greeting,"Selamat sore, motorku bermasalah."
casual_greeting,"Selamat malam, aku pengen ngobrol."
casual_greeting,"Permisi, boleh tanya soal kendaraan?"
casual_greeting,"Halo, aku lagi pusing soal motor."
casual_greeting,"Hai, bisa kasih solusi?"
casual_greeting,"Apa kabar? Aku butuh bantuan cepat."
casual_greeting,"Halo, boleh minta jawaban?"
casual_greeting,"Hai, mobilku bikin repot."
casual_greeting,"Selamat pagi, aku mau tanya nih."
casual_greeting,"Selamat siang, boleh konsultasi dong?"
casual_greeting,"Selamat sore, aku butuh saran cepat."
casual_greeting,"Selamat malam, kendaraanku bikin pusing."
casual_greeting,"Permisi, aku mau nanya."
casual_greeting,"Halo, bisa bantu aku hari ini?"
casual_greeting,"Hai, aku pengen tanya soal mobil."
casual_greeting,"Apa kabar? Aku lagi stuck."
casual_greeting,"Halo, boleh tanya-tanya nih?"
casual_greeting,"Hai, motorku lagi bikin bingung."
casual_greeting,"Selamat pagi, boleh minta saran?"
casual_greeting,"Selamat siang, aku mau cerita nih."
casual_greeting,"Selamat sore, butuh bantuan cepat."
casual_greeting,"Selamat malam, aku mau konsultasi."
casual_greeting,"Permisi, kendaraanku lagi galau."
casual_greeting,"Halo, aku butuh masukan nih."
casual_greeting,"Hai, boleh tanya soal motor?"
casual_greeting,"Apa kabar? Aku pengen tanya."
casual_greeting,"Halo, boleh curhat soal kendaraan?"
casual_greeting,"Hai, aku lagi bingung nih."
casual_greeting,"Selamat pagi, mobilku bikin pusing."
casual_greeting,"Selamat siang, boleh minta solusi?"
casual_greeting,"Selamat sore, aku mau ngobrol."
casual_greeting,"Selamat malam, butuh saran nih."
casual_greeting,"Permisi, aku butuh pendapat."
casual_greeting,"Halo, bisa kasih jawaban cepat?"
casual_greeting,"Hai, aku pengen konsultasi soal motor."
casual_greeting,"Apa kabar? Kendaraanku lagi repot."
casual_greeting,"Halo, boleh tanya soal mobil?"
casual_greeting,"Hai, aku mau tanya cepat."
casual_greeting,"Selamat pagi, boleh ngobrol soal kendaraan?"
casual_greeting,"Selamat siang, aku butuh saran dong."
casual_greeting,"Selamat sore, motorku bikin stuck."
casual_greeting,"Selamat malam, aku pengen nanya."
casual_greeting,"Permisi, boleh tanya sesuatu?"
casual_greeting,"Halo, aku lagi galau soal mobil."
casual_greeting,"Hai, bisa bantu aku cepat?"
casual_greeting,"Apa kabar? Aku mau cerita."
casual_greeting,"Halo, boleh minta bantuan nih?"
casual_greeting,"Hai, kendaraanku bikin bingung."
casual_greeting,"Selamat pagi, aku butuh jawaban."
casual_greeting,"Selamat siang, boleh tanya soal motor?"
casual_greeting,"Selamat sore, aku mau konsultasi nih."
casual_greeting,"Selamat malam, mobilku lagi error."
casual_greeting,"Permisi, aku pengen minta saran."
casual_greeting,"Halo, bisa kasih solusi cepat?"
casual_greeting,"Hai, aku lagi pusing soal kendaraan."
casual_greeting,"Apa kabar? Aku butuh masukan cepat."
casual_greeting,"Halo, boleh ngobrol soal motor?"
casual_greeting,"Hai, aku mau tanya soal mobil."
casual_greeting,"Selamat pagi, boleh curhat soal kendaraan?"
casual_greeting,"Selamat siang, aku butuh solusi."
casual_greeting,"Selamat sore, boleh minta pendapat?"
casual_greeting,"Selamat malam, aku lagi bingung."
casual_greeting,"Permisi, kendaraanku bikin pusing."
casual_greeting,"Halo, aku mau nanya dong."
casual_greeting,"Hai, bisa kasih saran cepat?"
casual_greeting,"Apa kabar? Aku pengen konsultasi."
casual_greeting,"Halo, boleh tanya nih?"
casual_greeting,"Hai, mobilku bikin galau."
casual_greeting,"Selamat pagi, aku mau cerita soal motor."
casual_greeting,"Selamat siang, boleh minta jawaban?"
casual_greeting,"Selamat sore, aku butuh bantuan nih."
casual_greeting,"Selamat malam, kendaraanku lagi stuck."
casual_greeting,"Permisi, aku mau tanya soal mobil."
casual_greeting,"Halo, bisa bantu aku sekarang?"
casual_greeting,"Hai, aku pengen ngobrol soal kendaraan."
casual_greeting,"Apa kabar? Aku butuh saran cepat."
casual_greeting,"Halo, boleh curhat soal motor?"
casual_greeting,"Hai, aku lagi stuck soal mobil."
casual_greeting,"Selamat pagi, boleh tanya-tanya?"
casual_greeting,"Selamat siang, aku mau konsultasi cepat."
casual_greeting,"Selamat sore, motorku bikin repot."
casual_greeting,"Selamat malam, aku butuh masukan."
casual_greeting,"Permisi, boleh ngobrol soal kendaraan?"
casual_greeting,"Halo, aku pengen tanya nih."
casual_greeting,"Hai, bisa kasih solusi?"
casual_greeting,"Apa kabar? Aku lagi galau."
casual_greeting,"Halo, boleh minta saran dong?"
casual_greeting,"Hai, kendaraanku bikin pusing."
casual_greeting,"Selamat pagi, aku butuh pendapat."
casual_greeting,"Selamat siang, boleh tanya cepat?"
casual_greeting,"Selamat sore, aku mau cerita nih."
casual_greeting,"Selamat malam, mobilku bikin bingung."
casual_greeting,"Permisi, aku pengen nanya."
casual_greeting,"Halo, bisa bantu aku cepat?"
casual_greeting,"Hai, aku mau tanya soal motor."
casual_greeting,"Apa kabar? Aku butuh solusi."
casual_greeting,"Halo, boleh ngobrol soal mobil?"
casual_greeting,"Hai, aku lagi pusing soal kendaraan."
casual_greeting,"Selamat pagi, boleh minta masukan?"
casual_greeting,"Selamat siang, aku butuh saran nih."
casual_greeting,"Selamat sore, kendaraanku lagi error."
casual_greeting,"Selamat malam, aku mau konsultasi dong."
casual_greeting,"Permisi, boleh tanya soal motor?"
casual_greeting,"Halo, aku pengen cerita soal mobil."
casual_greeting,"Hai, bisa kasih jawaban?"
casual_greeting,"Apa kabar? Aku lagi stuck nih."
casual_greeting,"Halo, boleh tanya soal kendaraan?"
casual_greeting,"Hai, motorku bikin galau."
casual_greeting,"Selamat pagi, aku mau ngobrol nih."
casual_greeting,"Selamat siang, boleh curhat soal mobil?"
casual_greeting,"Selamat sore, aku butuh solusi."
casual_greeting,"Selamat malam, kendaraanku bikin repot."
casual_greeting,"Permisi, aku mau tanya cepat."
casual_greeting,"Halo, bisa kasih saran sekarang?"
casual_greeting,"Hai, aku pengen konsultasi soal motor."
casual_greeting,"Apa kabar? Aku butuh bantuan."
casual_greeting,"Halo, boleh minta pendapat cepat?"
casual_greeting,"Hai, mobilku lagi trouble."
casual_greeting,"Selamat pagi, boleh tanya soal mobil?"
casual_greeting,"Selamat siang, aku mau nanya nih."
casual_greeting,"Selamat sore, boleh minta saran?"
casual_greeting,"Selamat malam, aku lagi galau soal motor."
casual_greeting,"Permisi, kendaraanku bikin bingung."
casual_greeting,"Halo, aku butuh masukan cepat."
casual_greeting,"Hai, bisa bantu aku hari ini?"
casual_greeting,"Apa kabar? Aku pengen tanya."
casual_greeting,"Halo, boleh ngobrol soal kendaraan?"
casual_greeting,"Hai, aku mau cerita soal motor."
casual_greeting,"Selamat pagi, boleh konsultasi dong?"
casual_greeting,"Selamat siang, aku butuh jawaban."
casual_greeting,"Selamat sore, mobilku bikin pusing."
casual_greeting,"Selamat malam, aku mau tanya."
casual_greeting,"Permisi, boleh minta solusi?"
casual_greeting,"Halo, aku pengen ngobrol soal mobil."
casual_greeting,"Hai, bisa kasih masukan?"
casual_greeting,"Apa kabar? Kendaraanku lagi galau."
casual_greeting,"Halo, boleh tanya soal motor?"
casual_greeting,"Hai, aku lagi bingung soal mobil."
casual_greeting,"Selamat pagi, boleh curhat nih?"
casual_greeting,"Selamat siang, aku mau konsultasi."
casual_greeting,"Selamat sore, aku butuh saran dong."
casual_greeting,"Selamat malam, motorku bikin repot."
casual_greeting,"Permisi, aku pengen cerita."
casual_greeting,"Halo, bisa bantu aku sekarang?"
casual_greeting,"Hai, aku mau tanya soal kendaraan."
casual_greeting,"Apa kabar? Aku butuh pendapat."
casual_greeting,"Halo, boleh minta saran cepat?"
casual_greeting,"Hai, mobilku bikin stuck."
casual_greeting,"Selamat pagi, aku mau nanya."
casual_greeting,"Selamat siang, boleh tanya-tanya?"
casual_greeting,"Selamat sore, kendaraanku bikin bingung."
casual_greeting,"Selamat malam, aku butuh solusi."
casual_greeting,"Permisi, boleh ngobrol soal motor?"
casual_greeting,"Halo, aku pengen konsultasi nih."
casual_greeting,"Hai, bisa kasih jawaban cepat?"
casual_greeting,"Apa kabar? Aku lagi pusing."
casual_greeting,"Halo, boleh cerita soal mobil?"
casual_greeting,"Hai, aku mau tanya nih."
casual_greeting,"Selamat pagi, boleh minta bantuan?"
casual_greeting,"Selamat siang, aku butuh masukan."
casual_greeting,"Selamat sore, motorku lagi error."
casual_greeting,"Selamat malam, aku pengen ngobrol."
casual_greeting,"Permisi, kendaraanku bikin galau."
casual_greeting,"Halo, bisa kasih solusi sekarang?"
casual_greeting,"Hai, aku lagi stuck soal motor."
casual_greeting,"Apa kabar? Aku mau konsultasi."
casual_greeting,"Halo, boleh tanya soal kendaraan?"
casual_greeting,"Hai, mobilku bikin repot."
casual_greeting,"Selamat pagi, boleh ngobrol soal mobil?"
casual_greeting,"Selamat siang, aku mau cerita."
casual_greeting,"Selamat sore, boleh minta pendapat?"
casual_greeting,"Selamat malam, aku butuh saran nih."
casual_greeting,"Permisi, aku mau tanya soal motor."
casual_greeting,"Halo, aku pengen tanya cepat."
casual_greeting,"Hai, bisa bantu aku cepat?"
casual_greeting,"Apa kabar? Kendaraanku bikin stuck."
casual_greeting,"Halo, boleh konsultasi soal mobil?"
casual_greeting,"Hai, aku lagi galau soal kendaraan."
casual_greeting,"Selamat pagi, boleh tanya nih?"
casual_greeting,"Selamat siang, aku butuh solusi."
casual_greeting,"Selamat sore, mobilku bikin bingung."
casual_greeting,"Selamat malam, aku mau nanya dong."
casual_greeting,"Permisi, boleh minta saran cepat?"
casual_greeting,"Halo, aku pengen ngobrol soal motor."
casual_greeting,"Hai, bisa kasih masukan cepat?"
casual_greeting,"Apa kabar? Aku butuh jawaban."
casual_greeting,"Halo, boleh cerita soal kendaraan?"
casual_greeting,"Hai, motorku bikin pusing."
casual_greeting,"Selamat pagi, boleh konsultasi nih?"
casual_greeting,"Selamat siang, aku mau tanya cepat."
casual_greeting,"Selamat sore, aku butuh bantuan."
casual_greeting,"Selamat malam, mobilku lagi galau."
casual_greeting,"Permisi, aku pengen tanya."
casual_greeting,"Halo, bisa bantu aku hari ini?"
casual_greeting,"Hai, aku lagi bingung soal mobil."
casual_greeting,"Apa kabar? Aku mau ngobrol."
casual_greeting,"Halo, boleh tanya soal motor?"
casual_greeting,"Hai, kendaraanku bikin repot."
casual_greeting,"Selamat pagi, boleh minta jawaban?"
casual_greeting,"Selamat siang, aku butuh saran cepat."
casual_greeting,"Selamat sore, boleh curhat soal motor?"
casual_greeting,"Selamat malam, aku pengen konsultasi."
casual_greeting,"Permisi, mobilku bikin stuck."
casual_greeting,"Halo, aku mau tanya soal kendaraan."
casual_greeting,"Hai, bisa kasih solusi cepat?"
casual_greeting,"Apa kabar? Aku lagi galau nih."
casual_greeting,"Halo, boleh ngobrol soal mobil?"
casual_greeting,"Hai, aku pengen cerita."
casual_greeting,"Selamat pagi, boleh tanya-tanya?"
casual_greeting,"Selamat siang, aku mau konsultasi nih."
casual_greeting,"Selamat sore, motorku bikin bingung."
casual_greeting,"Selamat malam, aku butuh pendapat."
casual_greeting,"Permisi, boleh minta masukan?"
casual_greeting,"Halo, aku lagi pusing soal kendaraan."
casual_greeting,"Hai, bisa bantu aku sekarang?"
casual_greeting,"Apa kabar? Aku mau tanya nih."
casual_greeting,"Halo, boleh konsultasi soal motor?"
casual_greeting,"Hai, mobilku bikin galau."
casual_greeting,"Selamat pagi, boleh cerita soal mobil?"
casual_greeting,"Selamat siang, aku butuh solusi cepat."
casual_greeting,"Selamat sore, aku mau nanya."
casual_greeting,"Selamat malam, kendaraanku bikin pusing."
casual_greeting,"Permisi, aku pengen ngobrol."
casual_greeting,"Halo, bisa kasih saran cepat?"
casual_greeting,"Hai, aku lagi stuck soal motor."
casual_greeting,"Apa kabar? Aku butuh bantuan."
casual_greeting,"Halo, boleh tanya soal kendaraan?"
casual_greeting,"Hai, motorku bikin repot."
casual_greeting,"Selamat pagi, boleh minta pendapat?"
casual_greeting,"Selamat siang, aku mau tanya dong."
casual_greeting,"Selamat sore, boleh konsultasi?"
casual_greeting,"Selamat malam, aku pengen tanya."
casual_greeting,"Permisi, mobilku bikin bingung."
casual_greeting,"Halo, aku butuh masukan cepat."
casual_greeting,"Hai, bisa kasih jawaban?"
casual_greeting,"Apa kabar? Kendaraanku lagi error."
casual_greeting,"Halo, boleh ngobrol soal motor?"
casual_greeting,"Hai, aku lagi galau soal mobil."
casual_greeting,"Selamat pagi, boleh curhat soal kendaraan?"
casual_greeting,"Selamat siang, aku butuh saran."
casual_greeting,"Selamat sore, motorku lagi stuck."
casual_greeting,"Selamat malam, aku mau cerita."
casual_greeting,"Permisi, boleh tanya soal mobil?"
casual_greeting,"Halo, aku pengen konsultasi cepat."
casual_greeting,"Hai, bisa bantu aku hari ini?"
casual_greeting,"Apa kabar? Aku pengen nanya."
casual_greeting,"Halo, boleh minta solusi cepat?"
casual_greeting,"Hai, kendaraanku bikin galau."
casual_greeting,"Selamat pagi, boleh tanya soal motor?"
casual_greeting,"Selamat siang, aku mau ngobrol."
casual_greeting,"Selamat sore, aku butuh jawaban."
casual_greeting,"Selamat malam, mobilku bikin pusing."
casual_greeting,"Permisi, aku mau konsultasi."
casual_greeting,"Halo, bisa kasih pendapat cepat?"
casual_greeting,"Hai, aku lagi bingung soal kendaraan."
casual_greeting,"Apa kabar? Aku butuh masukan."
casual_greeting,"Halo, boleh cerita soal motor?"
casual_greeting,"Hai, motorku bikin stuck."
casual_greeting,"Selamat pagi, boleh ngobrol soal mobil?"
casual_greeting,"Selamat siang, aku mau tanya nih."
casual_greeting,"Selamat sore, boleh minta saran?"
casual_greeting,"Selamat malam, aku pengen ngobrol."
casual_greeting,"Permisi, kendaraanku bikin repot."
casual_greeting,"Halo, aku butuh solusi cepat."
casual_greeting,"Hai, bisa kasih masukan cepat?"
casual_greeting,"Apa kabar? Aku lagi pusing nih."
casual_greeting,"Halo, boleh konsultasi soal mobil?"
casual_greeting,"Hai, aku mau cerita soal kendaraan."
casual_greeting,"Selamat pagi, boleh tanya-tanya?"
casual_greeting,"Selamat siang, aku butuh bantuan."
casual_greeting,"Selamat sore, mobilku lagi error."
casual_greeting,"Selamat malam, aku mau konsultasi."
casual_greeting,"Permisi, boleh minta jawaban?"
casual_greeting,"Halo, aku pengen tanya soal motor."
casual_greeting,"Hai, bisa bantu aku cepat?"
casual_greeting,"Apa kabar? Kendaraanku bikin bingung."
casual_greeting,"Halo, boleh ngobrol soal kendaraan?"
casual_greeting,"Hai, motorku bikin galau."
casual_greeting,"Selamat pagi, boleh minta pendapat?"
casual_greeting,"Selamat siang, aku mau nanya."
casual_greeting,"Selamat sore, aku butuh saran nih."
casual_greeting,"Selamat malam, mobilku bikin repot."
casual_greeting,"Permisi, aku pengen cerita soal motor."
casual_greeting,"Halo, bisa kasih solusi cepat?"
casual_greeting,"Hai, aku lagi stuck soal mobil."
casual_greeting,"Apa kabar? Aku mau tanya."
casual_greeting,"Halo, boleh tanya soal kendaraan?"
casual_greeting,"Hai, kendaraanku bikin pusing."
casual_greeting,"Selamat pagi, boleh konsultasi soal mobil?"
casual_greeting,"Selamat siang, aku butuh masukan."
casual_greeting,"Selamat sore, boleh curhat soal motor?"
casual_greeting,"Selamat malam, aku pengen nanya."
casual_greeting,"Permisi, mobilku lagi stuck."
casual_greeting,"Halo, aku mau tanya soal motor."
casual_greeting,"Hai, bisa kasih jawaban cepat?"
casual_greeting,"Apa kabar? Aku butuh solusi."
casual_greeting,"Halo, boleh minta saran nih?"
casual_greeting,"Hai, motorku bikin bingung."
casual_greeting,"Selamat pagi, boleh ngobrol soal kendaraan?"
casual_greeting,"Selamat siang, aku mau konsultasi."
casual_greeting,"Selamat sore, aku butuh pendapat."
casual_greeting,"Selamat malam, kendaraanku lagi galau."
casual_greeting,"Permisi, boleh tanya soal mobil?"
casual_greeting,"Halo, aku pengen cerita soal mobil."
casual_greeting,"Hai, bisa bantu aku sekarang?"
casual_greeting,"Apa kabar? Aku lagi bingung."
casual_greeting,"Halo, boleh konsultasi soal motor?"
casual_greeting,"Hai, mobilku bikin pusing."
casual_greeting,"Selamat pagi, boleh minta masukan?"
casual_greeting,"Selamat siang, aku mau tanya cepat."
casual_greeting,"Selamat sore, motorku bikin repot."
casual_greeting,"Selamat malam, aku butuh saran."
casual_greeting,"Permisi, aku pengen ngobrol soal kendaraan."
casual_greeting,"Halo, bisa kasih solusi?"
casual_greeting,"Hai, aku lagi galau soal motor."
casual_greeting,"Apa kabar? Aku mau cerita."
casual_greeting,"Halo, boleh tanya soal mobil?"
casual_greeting,"Hai, kendaraanku bikin stuck."
casual_greeting,"Selamat pagi, boleh curhat soal mobil?"
casual_greeting,"Selamat siang, aku butuh jawaban."
casual_greeting,"Selamat sore, boleh minta bantuan?"
casual_greeting,"Selamat malam, aku pengen tanya."
casual_greeting,"Permisi, motorku bikin galau."
casual_greeting,"Halo, aku mau konsultasi soal kendaraan."
casual_greeting,"Hai, bisa kasih pendapat cepat?"
casual_greeting,"Apa kabar? Aku butuh masukan."
casual_greeting,"Halo, boleh ngobrol soal motor?"
casual_greeting,"Hai, mobilku lagi error."
casual_greeting,"Selamat pagi, boleh tanya soal kendaraan?"
casual_greeting,"Selamat siang, aku mau nanya nih."
casual_greeting,"Selamat sore, aku butuh solusi."
casual_greeting,"Selamat malam, kendaraanku bikin bingung."
casual_greeting,"Permisi, boleh minta saran?"
casual_greeting,"Halo, aku pengen cerita soal motor."
casual_greeting,"Hai, bisa bantu aku hari ini?"
casual_greeting,"Apa kabar? Aku mau konsultasi."
casual_greeting,"Halo, boleh minta jawaban cepat?"
casual_greeting,"Hai, motorku bikin pusing."
casual_greeting,"Selamat pagi, boleh ngobrol soal mobil?"
casual_greeting,"Selamat siang, aku butuh saran dong."
casual_greeting,"Selamat sore, boleh tanya-tanya?"
casual_greeting,"Selamat malam, aku pengen ngobrol."
casual_greeting,"Permisi, kendaraanku bikin repot."
casual_greeting,"Halo, bisa kasih masukan cepat?"
casual_greeting,"Hai, aku lagi stuck soal kendaraan."
casual_greeting,"Apa kabar? Aku butuh bantuan."
casual_greeting,"Halo, boleh konsultasi soal mobil?"
casual_greeting,"Hai, mobilku bikin galau."
casual_greeting,"Selamat pagi, boleh minta pendapat?"
casual_greeting,"Selamat siang, aku mau tanya."
casual_greeting,"Selamat sore, motorku lagi error."
casual_greeting,"Selamat malam, aku butuh masukan."
casual_greeting,"Permisi, boleh cerita soal mobil?"
casual_greeting,"Halo, aku pengen nanya soal motor."
casual_greeting,"Hai, bisa kasih solusi cepat?"
casual_greeting,"Apa kabar? Kendaraanku bikin pusing."
casual_greeting,"Halo, boleh tanya soal kendaraan?"
casual_greeting,"Hai, motorku bikin stuck."
casual_greeting,"Selamat pagi, boleh konsultasi soal motor?"
casual_greeting,"Selamat siang, aku butuh jawaban."
casual_greeting,"Selamat sore, boleh minta saran?"
casual_greeting,"Selamat malam, mobilku bikin repot."
casual_greeting,"Permisi, aku mau ngobrol soal kendaraan."
casual_greeting,"Halo, bisa bantu aku cepat?"
casual_greeting,"Hai, aku lagi galau soal mobil."
casual_greeting,"Apa kabar? Aku pengen tanya."
casual_greeting,"Halo, boleh curhat soal motor?"
casual_greeting,"Hai, kendaraanku bikin bingung."
casual_greeting,"Selamat pagi, boleh tanya soal mobil?"
casual_greeting,"Selamat siang, aku mau cerita."
casual_greeting,"Selamat sore, aku butuh pendapat."
casual_greeting,"Selamat malam, motorku bikin pusing."
casual_greeting,"Permisi, boleh minta masukan?"
casual_greeting,"Halo, aku pengen konsultasi soal mobil."
casual_greeting,"Hai, bisa kasih jawaban?"
casual_greeting,"Apa kabar? Aku lagi stuck."
casual_greeting,"Halo, boleh ngobrol soal kendaraan?"
casual_greeting,"Hai, mobilku bikin stuck."
casual_greeting,"Selamat pagi, boleh minta solusi?"
casual_greeting,"Selamat siang, aku mau tanya nih."
casual_greeting,"Selamat sore, boleh konsultasi?"
casual_greeting,"Selamat malam, aku butuh saran cepat."
casual_greeting,"Permisi, motorku bikin repot."
casual_greeting,"Halo, bisa kasih pendapat cepat?"
casual_greeting,"Hai, aku pengen nanya soal mobil."
casual_greeting,"Apa kabar? Kendaraanku lagi galau."
casual_greeting,"Halo, boleh tanya soal motor?"
casual_greeting,"Hai, motorku bikin bingung."
casual_greeting,"Selamat pagi, boleh cerita soal kendaraan?"
casual_greeting,"Selamat siang, aku butuh bantuan."
casual_greeting,"Selamat sore, boleh minta jawaban?"
casual_greeting,"Selamat malam, aku pengen konsultasi."
casual_greeting,"Permisi, mobilku bikin pusing."
casual_greeting,"Halo, aku mau ngobrol soal motor."
casual_greeting,"Hai, bisa bantu aku sekarang?"
casual_greeting,"Apa kabar? Aku mau cerita."
casual_greeting,"Halo, boleh konsultasi soal kendaraan?"
casual_greeting,"Hai, kendaraanku bikin stuck."
casual_greeting,"Selamat pagi, boleh tanya-tanya?"
casual_greeting,"Selamat siang, aku pengen tanya."
casual_greeting,"Selamat sore, motorku bikin galau."
casual_greeting,"Selamat malam, aku butuh solusi."
casual_greeting,"Permisi, boleh minta saran cepat?"
casual_greeting,"Halo, aku lagi bingung soal mobil."
casual_greeting,"Hai, bisa kasih masukan?"
casual_greeting,"Apa kabar? Aku butuh pendapat."
casual_greeting,"Halo, boleh ngobrol soal mobil?"
casual_greeting,"Hai, motorku lagi error."
casual_greeting,"Selamat pagi, boleh curhat soal motor?"
casual_greeting,"Selamat siang, aku mau konsultasi."
casual_greeting,"Selamat sore, aku butuh saran."
casual_greeting,"Selamat malam, kendaraanku bikin repot."
casual_greeting,"Permisi, aku pengen nanya soal mobil."
casual_greeting,"Halo, bisa kasih solusi?"
casual_greeting,"Hai, aku mau tanya soal kendaraan."
casual_greeting,"Apa kabar? Aku lagi galau."
casual_greeting,"Halo, boleh minta jawaban?"
casual_greeting,"Hai, mobilku bikin bingung."
casual_greeting,"Selamat pagi, boleh tanya soal motor?"
casual_greeting,"Selamat siang, aku butuh masukan."
casual_greeting,"Selamat sore, boleh cerita soal mobil?"
casual_greeting,"Selamat malam, aku pengen tanya."
casual_greeting,"Permisi, kendaraanku bikin pusing."
casual_greeting,"Halo, aku mau konsultasi soal motor."
casual_greeting,"Hai, bisa bantu aku hari ini?"
casual_greeting,"Apa kabar? Aku butuh saran."
casual_greeting,"Halo, boleh ngobrol soal kendaraan?"
casual_greeting,"Hai, motorku bikin stuck."
casual_greeting,"Selamat pagi, boleh minta pendapat?"
casual_greeting,"Selamat siang, aku mau nanya."
casual_greeting,"Selamat sore, mobilku lagi galau."
casual_greeting,"Selamat malam, aku butuh bantuan."
casual_greeting,"Permisi, boleh tanya soal motor?"
casual_greeting,"Halo, aku pengen cerita soal kendaraan."
casual_greeting,"Hai, bisa kasih solusi cepat?"
casual_greeting,"Apa kabar? Aku pengen konsultasi."
casual_greeting,"Halo, boleh konsultasi soal mobil?"
casual_greeting,"Hai, kendaraanku bikin bingung."
casual_greeting,"Selamat pagi, boleh ngobrol soal motor?"
casual_greeting,"Selamat siang, aku butuh jawaban."
casual_greeting,"Selamat sore, boleh minta saran?"
casual_greeting,"Selamat malam, motorku bikin repot."
casual_greeting,"Permisi, aku mau tanya soal kendaraan."
casual_greeting,"Halo, bisa kasih masukan cepat?"
casual_greeting,"Hai, aku lagi stuck soal mobil."
casual_greeting,"Apa kabar? Aku mau ngobrol."
casual_greeting,"Halo, boleh tanya soal mobil?"
casual_greeting,"Hai, mobilku bikin pusing."
casual_greeting,"Selamat pagi, boleh curhat soal kendaraan?"
casual_greeting,"Selamat siang, aku pengen tanya."
casual_greeting,"Selamat sore, aku butuh solusi."
casual_greeting,"Selamat malam, kendaraanku lagi error."
casual_greeting,"Permisi, boleh minta pendapat?"
casual_greeting,"Halo, aku mau nanya soal motor."
casual_greeting,"Hai, bisa bantu aku cepat?"
casual_greeting,"Apa kabar? Aku butuh masukan."
casual_greeting,"Halo, boleh ngobrol soal motor?"
casual_greeting,"Hai, motorku bikin galau."
casual_greeting,"Selamat pagi, boleh konsultasi soal mobil?"
casual_greeting,"Selamat siang, aku mau cerita."
casual_greeting,"Selamat sore, boleh tanya-tanya?"
casual_greeting,"Selamat malam, aku pengen konsultasi."
casual_greeting,"Permisi, mobilku bikin stuck."
casual_greeting,"Halo, bisa kasih jawaban cepat?"
casual_greeting,"Hai, aku lagi bingung soal kendaraan."
casual_greeting,"Apa kabar? Aku mau tanya."
casual_greeting,"Halo, boleh minta saran cepat?"
casual_greeting,"Hai, kendaraanku bikin repot."
casual_greeting,"Selamat pagi, boleh ngobrol soal mobil?"
casual_greeting,"Selamat siang, aku butuh saran."
casual_greeting,"Selamat sore, motorku bikin pusing."
casual_greeting,"Selamat malam, aku butuh pendapat."
casual_greeting,"Permisi, boleh cerita soal motor?"
casual_greeting,"Halo, aku pengen tanya soal kendaraan."
casual_greeting,"Hai, bisa kasih solusi?"
casual_greeting,"Apa kabar? Aku lagi galau."
casual_greeting,"Halo, boleh konsultasi soal motor?"
casual_greeting,"Hai, mobilku lagi stuck."
casual_greeting,"Selamat pagi, boleh tanya soal kendaraan?"
casual_greeting,"Selamat siang, aku mau konsultasi."
casual_greeting,"Selamat sore, boleh minta jawaban?"
casual_greeting,"Selamat malam, kendaraanku bikin bingung."
casual_greeting,"Permisi, aku pengen nanya soal mobil."
casual_greeting,"Halo, bisa bantu aku sekarang?"
casual_greeting,"Hai, aku lagi pusing soal motor."
casual_greeting,"Apa kabar? Aku butuh solusi."
casual_greeting,"Halo, boleh ngobrol soal kendaraan?"
casual_greeting,"Hai, motorku bikin repot."
casual_greeting,"Selamat pagi, boleh minta masukan?"
casual_greeting,"Selamat siang, aku mau tanya."
casual_greeting,"Selamat sore, mobilku bikin galau."
casual_greeting,"Selamat malam, aku pengen cerita."
casual_greeting,"Permisi, boleh tanya soal motor?"
casual_greeting,"Halo, aku butuh saran cepat."
casual_greeting,"Hai, bisa kasih pendapat?"
casual_greeting,"Apa kabar? Kendaraanku lagi stuck."
casual_greeting,"Halo, boleh konsultasi soal mobil?"
casual_greeting,"Hai, kendaraanku bikin pusing."
casual_greeting,"Selamat pagi, boleh curhat soal motor?"
casual_greeting,"Selamat siang, aku butuh bantuan."
casual_greeting,"Selamat sore, boleh minta saran?"
casual_greeting,"Selamat malam, motorku lagi error."
casual_greeting,"Permisi, aku mau ngobrol soal mobil."
casual_greeting,"Halo, bisa kasih jawaban?"
casual_greeting,"Hai, aku pengen tanya soal kendaraan."
casual_greeting,"Apa kabar? Aku mau konsultasi."
casual_greeting,"Halo, boleh tanya soal motor?"
casual_greeting,"Hai, mobilku bikin bingung."
casual_greeting,"Selamat pagi, boleh ngobrol soal kendaraan?"
casual_greeting,"Selamat siang, aku butuh masukan."
casual_greeting,"Selamat sore, boleh cerita soal mobil?"
casual_greeting,"Selamat malam, aku pengen nanya."
casual_greeting,"Permisi, motorku bikin stuck."
casual_greeting,"Halo, aku mau konsultasi soal motor."
casual_greeting,"Hai, bisa bantu aku hari ini?"
casual_greeting,"Apa kabar? Aku butuh saran."
casual_greeting,"Halo, boleh minta solusi cepat?"
casual_greeting,"Hai, kendaraanku bikin galau."
casual_greeting,"Selamat pagi, boleh tanya soal mobil?"
casual_greeting,"Selamat siang, aku mau cerita."
casual_greeting,"Selamat sore, motorku bikin repot."
casual_greeting,"Selamat malam, aku butuh jawaban."
casual_greeting,"Permisi, boleh minta pendapat?"
casual_greeting,"Halo, aku pengen ngobrol soal kendaraan."
casual_greeting,"Hai, bisa kasih masukan?"
casual_greeting,"Apa kabar? Aku lagi bingung."
casual_greeting,"Halo, boleh konsultasi soal motor?"
casual_greeting,"Hai, mobilku lagi error."
casual_greeting,"Selamat pagi, boleh curhat soal mobil?"
casual_greeting,"Selamat siang, aku mau tanya nih."
casual_greeting,"Selamat sore, boleh tanya-tanya?"
casual_greeting,"Selamat malam, kendaraanku bikin pusing."
casual_greeting,"Permisi, aku pengen cerita soal motor."
casual_greeting,"Halo, bisa kasih solusi cepat?"
casual_greeting,"Hai, aku lagi stuck soal kendaraan."
casual_greeting,"Apa kabar? Aku mau ngobrol."
casual_greeting,"Halo, boleh tanya soal mobil?"
casual_greeting,"Hai, motorku bikin galau."
casual_greeting,"Selamat pagi, boleh minta saran?"
casual_greeting,"Selamat siang, aku butuh pendapat."
casual_greeting,"Selamat sore, mobilku bikin stuck."
casual_greeting,"Selamat malam, aku pengen konsultasi."
casual_greeting,"Permisi, boleh ngobrol soal mobil?"
casual_greeting,"Halo, aku mau nanya soal motor."
casual_greeting,"Hai, bisa bantu aku cepat?"
casual_greeting,"Apa kabar? Kendaraanku bikin repot."
casual_greeting,"Halo, boleh minta jawaban?"
casual_greeting,"Hai, kendaraanku lagi stuck."
casual_greeting,"Selamat pagi, boleh konsultasi soal kendaraan?"
casual_greeting,"Selamat siang, aku mau tanya cepat."
casual_greeting,"Selamat sore, boleh minta masukan?"
casual_greeting,"Selamat malam, motorku bikin bingung."
casual_greeting,"Permisi, aku butuh saran cepat."
casual_greeting,"Halo, bisa kasih pendapat?"
casual_greeting,"Hai, aku pengen cerita soal mobil."
casual_greeting,"Apa kabar? Aku butuh solusi."
casual_greeting,"Halo, boleh ngobrol soal motor?"
casual_greeting,"Hai, mobilku bikin pusing."
casual_greeting,"Selamat pagi, boleh tanya soal kendaraan?"
casual_greeting,"Selamat siang, aku butuh bantuan."
casual_greeting,"Selamat sore, boleh curhat soal motor?"
casual_greeting,"Selamat malam, aku mau tanya nih."
casual_greeting,"Permisi, kendaraanku bikin galau."
casual_greeting,"Halo, aku pengen konsultasi soal mobil."
casual_greeting,"Hai, bisa kasih jawaban cepat?"
casual_greeting,"Apa kabar? Aku lagi pusing."
casual_greeting,"Halo, boleh minta saran?"
casual_greeting,"Hai, motorku lagi error."
casual_greeting,"Selamat pagi, boleh ngobrol soal motor?"
casual_greeting,"Selamat siang, aku mau nanya."
casual_greeting,"Selamat sore, mobilku bikin repot."
casual_greeting,"Selamat malam, aku butuh masukan."
casual_greeting,"Permisi, boleh tanya soal kendaraan?"
casual_greeting,"Halo, bisa bantu aku sekarang?"
casual_greeting,"Hai, aku pengen tanya soal motor."
casual_greeting,"Apa kabar? Aku mau cerita."
casual_greeting,"Halo, boleh konsultasi soal kendaraan?"
casual_greeting,"Hai, kendaraanku bikin bingung."
casual_greeting,"Selamat pagi, boleh minta pendapat?"
casual_greeting,"Selamat siang, aku butuh saran."
casual_greeting,"Selamat sore, motorku bikin stuck."
casual_greeting,"Selamat malam, aku pengen ngobrol."
casual_greeting,"Permisi, mobilku bikin galau."
casual_greeting,"Halo, aku mau tanya soal mobil?"
casual_greeting,"Hai, bisa kasih solusi?"
casual_greeting,"Apa kabar? Aku butuh jawaban."
casual_greeting,"Halo, boleh ngobrol soal kendaraan?"
casual_greeting,"Hai, motorku bikin pusing."
casual_greeting,"Selamat pagi, boleh curhat soal mobil?"
casual_greeting,"Selamat siang, aku mau konsultasi."
casual_greeting,"Selamat sore, boleh minta saran cepat?"
casual_greeting,"Selamat malam, kendaraanku lagi error."
casual_greeting,"Permisi, aku pengen nanya soal motor."
casual_greeting,"Halo, bisa kasih masukan?"
casual_greeting,"Hai, aku lagi stuck soal mobil."
casual_greeting,"Apa kabar? Aku mau tanya nih."
casual_greeting,"Halo, boleh tanya soal motor?"
casual_greeting,"Hai, mobilku bikin stuck."
casual_greeting,"Selamat pagi, boleh konsultasi soal kendaraan?"
casual_greeting,"Selamat siang, aku butuh pendapat."
casual_greeting,"Selamat sore, boleh cerita soal mobil?"
casual_greeting,"Selamat malam, aku butuh solusi."
casual_greeting,"Permisi, motorku bikin repot."
casual_greeting,"Halo, aku pengen ngobrol soal motor?"
casual_greeting,"Hai, bisa bantu aku hari ini?"
casual_greeting,"Apa kabar? Kendaraanku bikin pusing?"
casual_greeting,"Halo, boleh minta jawaban cepat?"
casual_greeting,"Hai, kendaraanku lagi galau?"
casual_greeting,"Selamat pagi, boleh tanya soal mobil?"
casual_greeting,"Selamat siang, aku mau nanya nih?"
casual_greeting,"Selamat sore, boleh minta masukan?"
casual_greeting,"Selamat malam, motorku bikin bingung?"
casual_greeting,"Permisi, aku mau konsultasi soal mobil?"
casual_greeting,"Halo, bisa kasih pendapat cepat?"
casual_greeting,"Hai, aku pengen tanya soal kendaraan?"
casual_greeting,"Apa kabar? Aku butuh saran?"
casual_greeting,"Halo, boleh ngobrol soal mobil?"
casual_greeting,"Hai, mobilku lagi error?"
casual_greeting,"Selamat pagi, boleh curhat soal motor?"
casual_greeting,"Selamat siang, aku mau cerita?"
casual_greeting,"Selamat sore, boleh tanya soal kendaraan?"
casual_greeting,"Selamat malam, aku pengen konsultasi?"
casual_greeting,"Permisi, kendaraanku bikin stuck?"
casual_greeting,"Halo, aku butuh solusi cepat?"
casual_greeting,"Hai, bisa kasih jawaban?"
casual_greeting,"Apa kabar? Aku lagi bingung?"
casual_greeting,"Halo, boleh konsultasi soal motor?"
casual_greeting,"Hai, motorku bikin galau?"
casual_greeting,"Selamat pagi, boleh minta saran cepat?"
casual_greeting,"Selamat siang, aku butuh bantuan?"
casual_greeting,"Selamat sore, mobilku bikin pusing?"
casual_greeting,"Selamat malam, aku mau tanya?"
casual_greeting,"Permisi, boleh ngobrol soal motor?"
casual_greeting,"Halo, aku pengen nanya soal mobil?"
casual_greeting,"Hai, bisa bantu aku cepat?"
casual_greeting,"Apa kabar? Aku butuh masukan?"
casual_greeting,"Halo, boleh tanya soal kendaraan?"
casual_greeting,"Hai, kendaraanku bikin repot?"
casual_greeting,"Selamat pagi, boleh konsultasi soal mobil?"
casual_greeting,"Selamat siang, aku mau tanya cepat?"
casual_greeting,"Selamat sore, boleh minta pendapat?"
casual_greeting,"Selamat malam, motorku bikin stuck?"
casual_greeting,"Permisi, aku pengen cerita soal kendaraan?"
casual_greeting,"Halo, bisa kasih solusi cepat?"
casual_greeting,"Hai, aku lagi stuck soal motor?"
casual_greeting,"Apa kabar? Aku mau ngobrol?"
casual_greeting,"Halo, boleh ngobrol soal kendaraan?"
casual_greeting,"Hai, mobilku bikin bingung?"
casual_greeting,"Selamat pagi, boleh tanya-tanya soal motor?"
casual_greeting,"Selamat siang, aku butuh saran nih?"
casual_greeting,"Selamat sore, boleh curhat soal mobil?"
casual_greeting,"Selamat malam, aku pengen tanya nih?"
casual_greeting,"Permisi, kendaraanku lagi error?"
casual_greeting,"Halo, aku mau konsultasi soal motor?"
casual_greeting,"Hai, bisa kasih masukan cepat?"
casual_greeting,"Apa kabar? Aku butuh jawaban?"
casual_greeting,"Halo, boleh minta saran soal mobil?"
casual_greeting,"Hai, motorku lagi repot?"
casual_greeting,"Selamat pagi, boleh ngobrol soal kendaraan?"
casual_greeting,"Selamat siang, aku mau nanya dong?"
casual_greeting,"Selamat sore, boleh konsultasi soal motor?"
casual_greeting,"Selamat malam, aku butuh bantuan cepat?"
casual_greeting,"Permisi, mobilku bikin galau?"
casual_greeting,"Halo, bisa bantu aku hari ini soal kendaraan?"
casual_greeting,"Hai, aku pengen cerita soal motor?"
casual_greeting,"Apa kabar? Aku lagi galau soal mobil?"
casual_greeting,"Halo, boleh tanya cepat soal kendaraan?"
casual_greeting,"Hai, kendaraanku bikin pusing nih?"
casual_greeting,"Selamat pagi, boleh minta jawaban soal motor?"
casual_greeting,"Selamat siang, aku butuh solusi cepat?"
casual_greeting,"Selamat sore, boleh tanya soal mobil?"
casual_greeting,"Selamat malam, motorku bikin bingung?"
casual_greeting,"Permisi, aku mau ngobrol soal kendaraan?"
casual_greeting,"Halo, aku pengen tanya soal mobil nih?"
casual_greeting,"Hai, bisa kasih pendapat soal motor?"
casual_greeting,"Apa kabar? Kendaraanku lagi stuck?"
casual_greeting,"Halo, boleh konsultasi cepat soal kendaraan?"
casual_greeting,"Hai, mobilku lagi galau nih?"
casual_greeting,"Selamat pagi, boleh curhat soal mobil?"
casual_greeting,"Selamat siang, aku mau konsultasi soal motor?"
casual_greeting,"Selamat sore, boleh minta saran soal kendaraan?"
casual_greeting,"Selamat malam, aku butuh masukan cepat?"
casual_greeting,"Permisi, motorku bikin pusing?"
casual_greeting,"Halo, bisa kasih solusi soal mobil?"
casual_greeting,"Hai, aku lagi bingung soal kendaraan nih?"
casual_greeting,"Apa kabar? Aku mau tanya soal motor?"
casual_greeting,"Halo, boleh ngobrol cepat soal kendaraan?"
casual_greeting,"Hai, kendaraanku bikin repot?"
casual_greeting,"Selamat pagi, boleh tanya soal mobil nih?"
casual_greeting,"Selamat siang, aku butuh pendapat soal motor?"
casual_greeting,"Selamat sore, boleh cerita soal kendaraan?"
casual_greeting,"Selamat malam, aku pengen nanya soal mobil?"
casual_greeting,"Permisi, mobilku lagi stuck nih?"
casual_greeting,"Halo, aku mau tanya cepat soal motor?"
casual_greeting,"Hai, bisa bantu aku soal kendaraan?"
casual_greeting,"Apa kabar? Aku butuh saran soal mobil?"
casual_greeting,"Halo, boleh minta jawaban soal kendaraan?"
casual_greeting,"Hai, motorku bikin galau nih?"
casual_greeting,"Selamat pagi, boleh konsultasi soal motor?"
casual_greeting,"Selamat siang, aku mau ngobrol soal mobil?"
casual_greeting,"Selamat sore, boleh tanya cepat soal kendaraan?"
casual_greeting,"Selamat malam, kendaraanku bikin bingung?"
casual_greeting,"Permisi, aku pengen cerita soal motor?"
casual_greeting,"Halo, bisa kasih masukan soal mobil?"
casual_greeting,"Hai, aku lagi pusing soal kendaraan?"
casual_greeting,"Apa kabar? Aku mau konsultasi soal motor?"
casual_greeting,"Halo, boleh tanya soal kendaraan nih?"
casual_greeting,"Hai, mobilku bikin repot?"
casual_greeting,"Selamat pagi, boleh ngobrol soal motor?"
casual_greeting,"Selamat siang, aku butuh solusi soal mobil?"
casual_greeting,"Selamat sore, boleh minta pendapat soal kendaraan?"
casual_greeting,"Selamat malam, motorku bikin stuck?"
casual_greeting,"Permisi, aku mau tanya soal mobil nih?"
casual_greeting,"Halo, aku pengen konsultasi soal kendaraan?"
casual_greeting,"Hai, bisa kasih jawaban soal motor?"
casual_greeting,"Apa kabar? Kendaraanku lagi galau?"
casual_greeting,"Halo, boleh curhat soal mobil?"
casual_greeting,"Hai, aku lagi stuck soal kendaraan?"
casual_greeting,"Selamat pagi, boleh tanya-tanya soal motor?"
casual_greeting,"Selamat siang, aku mau nanya soal mobil?"
casual_greeting,"Selamat sore, boleh konsultasi soal kendaraan?"
casual_greeting,"Selamat malam, aku butuh saran soal motor?"
casual_greeting,"Permisi, mobilku bikin bingung?"
casual_greeting,"Halo, bisa bantu aku cepat soal kendaraan?"
casual_greeting,"Hai, aku pengen ngobrol soal motor?"
casual_greeting,"Apa kabar? Aku butuh masukan soal mobil?"
casual_greeting,"Halo, boleh minta saran cepat soal kendaraan?"
casual_greeting,"Hai, motorku bikin pusing nih?"
casual_greeting,"Selamat pagi, boleh cerita soal mobil?"
casual_greeting,"Selamat siang, aku mau tanya soal kendaraan?"
casual_greeting,"Selamat sore, boleh ngobrol soal motor?"
casual_greeting,"Selamat malam, kendaraanku bikin repot?"
casual_greeting,"Permisi, aku butuh jawaban soal mobil?"
casual_greeting,"Halo, aku lagi galau soal kendaraan?"
casual_greeting,"Hai, bisa kasih pendapat soal kendaraan?"
casual_greeting,"Apa kabar? Aku pengen nanya soal motor?"
casual_greeting,"Halo, boleh konsultasi cepat soal mobil?"
casual_greeting,"Hai, mobilku lagi error nih?"
casual_greeting,"Selamat pagi, boleh tanya soal kendaraan?"
casual_greeting,"Selamat siang, aku butuh saran soal motor?"
casual_greeting,"Selamat sore, boleh minta solusi soal mobil?"
casual_greeting,"Selamat malam, aku mau cerita soal kendaraan?"
casual_greeting,"Permisi, motorku bikin galau?"
casual_greeting,"Halo, aku pengen tanya soal motor nih?"
casual_greeting,"Hai, bisa bantu aku soal mobil?"
casual_greeting,"Apa kabar? Aku lagi bingung soal kendaraan?"
casual_greeting,"Halo, boleh ngobrol soal kendaraan nih?"
casual_greeting,"Hai, kendaraanku bikin stuck?"
casual_greeting,"Selamat pagi, boleh minta masukan soal motor?"
casual_greeting,"Selamat siang, aku mau konsultasi soal mobil?"
casual_greeting,"Selamat sore, boleh tanya soal kendaraan nih?"
casual_greeting,"Selamat malam, motorku bikin repot?"
casual_greeting,"Permisi, aku pengen ngobrol soal mobil?"
casual_greeting,"Halo, bisa kasih solusi cepat soal kendaraan?"
casual_greeting,"Hai, aku lagi pusing soal motor?"
casual_greeting,"Apa kabar? Aku butuh pendapat soal mobil?"
casual_greeting,"Halo, boleh tanya cepat soal motor?"
casual_greeting,"Hai, mobilku bikin galau?"
casual_greeting,"Selamat pagi, boleh konsultasi soal kendaraan?"
casual_greeting,"Selamat siang, aku mau nanya soal motor?"
casual_greeting,"Selamat sore, boleh curhat soal mobil?"
casual_greeting,"Selamat malam, aku butuh jawaban soal kendaraan?"
casual_greeting,"Permisi, kendaraanku bikin bingung?"
casual_greeting,"Halo, aku pengen cerita soal motor?"
casual_greeting,"Hai, bisa kasih masukan soal mobil?"
casual_greeting,"Apa kabar? Aku mau tanya soal kendaraan?"
casual_greeting,"Halo, boleh minta saran soal motor?"
casual_greeting,"Hai, motorku lagi stuck nih?"
casual_greeting,"Selamat pagi, boleh ngobrol soal mobil?"
casual_greeting,"Selamat siang, aku butuh solusi soal kendaraan?"
casual_greeting,"Selamat sore, boleh tanya-tanya soal motor?"
casual_greeting,"Selamat malam, kendaraanku lagi galau?"
casual_greeting,"Permisi, aku mau konsultasi soal mobil?"
casual_greeting,"Halo, bisa bantu aku cepat soal motor?"
casual_greeting,"Hai, aku pengen nanya soal kendaraan?"
casual_greeting,"Apa kabar? Aku butuh saran soal motor?"
casual_greeting,"Halo, boleh ngobrol soal mobil nih?"
casual_greeting,"Hai, mobilku bikin repot?"
casual_greeting,"Selamat pagi, boleh tanya soal motor nih?"
casual_greeting,"Selamat siang, aku mau cerita soal kendaraan?"
casual_greeting,"Selamat sore, boleh minta pendapat soal mobil?"
casual_greeting,"Selamat malam, aku lagi bingung soal motor?"
casual_greeting,"Permisi, motorku bikin pusing?"
casual_greeting,"Halo, aku mau tanya soal kendaraan nih?"
casual_greeting,"Hai, bisa kasih jawaban soal mobil?"
casual_greeting,"Apa kabar? Kendaraanku bikin stuck?"
casual_greeting,"Halo, boleh konsultasi soal motor nih?"
casual_greeting,"Hai, kendaraanku lagi error?"
casual_greeting,"Selamat pagi, boleh curhat soal kendaraan?"
casual_greeting,"Selamat siang, aku butuh masukan soal motor?"
casual_greeting,"Selamat sore, boleh ngobrol soal mobil?"
casual_greeting,"Selamat malam, aku pengen tanya soal kendaraan?"
casual_greeting,"Permisi, mobilku bikin galau nih?"
casual_greeting,"Halo, bisa kasih solusi soal motor?"
casual_greeting,"Hai, aku lagi stuck soal kendaraan?"
casual_greeting,"Apa kabar? Aku mau ngobrol soal mobil?"
casual_greeting,"Halo, boleh tanya soal kendaraan cepat?"
casual_greeting,"Hai, motorku bikin bingung?"
casual_greeting,"Selamat pagi, boleh minta saran soal mobil?"
casual_greeting,"Selamat siang, aku mau konsultasi soal kendaraan?"
casual_greeting,"Selamat sore, boleh tanya soal motor nih?"
casual_greeting,"Selamat malam, kendaraanku bikin repot?"
casual_greeting,"Permisi, aku pengen cerita soal mobil?"
casual_greeting,"Halo, bisa bantu aku soal kendaraan nih?"
casual_greeting,"Hai, aku pengen nanya soal motor?"
casual_greeting,"Apa kabar? Aku butuh jawaban soal mobil?"
casual_greeting,"Halo, boleh ngobrol soal kendaraan cepat?"
casual_greeting,"Hai, mobilku lagi stuck?"
casual_greeting,"Selamat pagi, boleh konsultasi soal motor nih?"
casual_greeting,"Selamat siang, aku mau tanya soal mobil?"
casual_greeting,"Selamat sore, boleh minta solusi soal kendaraan?"
casual_greeting,"Selamat malam, motorku bikin galau?"
casual_greeting,"Permisi, aku mau ngobrol soal motor?"
casual_greeting,"Halo, aku pengen cerita soal kendaraan?"
casual_greeting,"Hai, bisa kasih pendapat soal mobil?"
casual_greeting,"Apa kabar? Aku lagi pusing soal motor?"
casual_greeting,"Halo, boleh tanya-tanya soal kendaraan?"
casual_greeting,"Hai, kendaraanku bikin pusing?"
casual_greeting,"Selamat pagi, boleh ngobrol soal motor nih?"
casual_greeting,"Selamat siang, aku butuh saran soal mobil?"
casual_greeting,"Selamat sore, boleh curhat soal kendaraan?"
casual_greeting,"Selamat malam, aku mau konsultasi soal motor?"
casual_greeting,"Permisi, mobilku bikin repot?"
casual_greeting,"Halo, bisa kasih masukan soal kendaraan?"
casual_greeting,"Hai, aku lagi galau soal motor?"
casual_greeting,"Apa kabar? Aku butuh solusi soal mobil?"
casual_greeting,"Halo, boleh minta jawaban soal motor?"
casual_greeting,"Hai, motorku lagi error nih?"
casual_greeting,"Selamat pagi, boleh tanya soal kendaraan nih?"
casual_greeting,"Selamat siang, aku mau nanya soal motor?"
casual_greeting,"Selamat sore, boleh konsultasi soal mobil?"
casual_greeting,"Selamat malam, kendaraanku bikin stuck?"
casual_greeting,"Permisi, aku pengen tanya soal kendaraan?"
casual_greeting,"Halo, bisa bantu aku cepat soal mobil?"
casual_greeting,"Hai, aku mau cerita soal motor?"
casual_greeting,"Apa kabar? Aku mau ngobrol soal kendaraan?"
casual_greeting,"Halo, boleh ngobrol soal motor cepat?"
casual_greeting,"Hai, mobilku bikin bingung nih?"
casual_greeting,"Selamat pagi, boleh minta pendapat soal motor?"
casual_greeting,"Selamat siang, aku butuh jawaban soal mobil?"
casual_greeting,"Selamat sore, boleh tanya soal kendaraan cepat?"
casual_greeting,"Selamat malam, motorku bikin pusing?"
casual_greeting,"Permisi, kendaraanku lagi galau?"
casual_greeting,"Halo, aku pengen konsultasi soal motor?"
casual_greeting,"Hai, bisa kasih solusi soal mobil?"
casual_greeting,"Apa kabar? Aku butuh saran soal kendaraan?"
casual_greeting,"Halo, boleh tanya soal mobil nih?"
casual_greeting,"Hai, motorku bikin repot nih?"
casual_greeting,"Selamat pagi, boleh curhat soal kendaraan?"
casual_greeting,"Selamat siang, aku mau tanya soal kendaraan?"
casual_greeting,"Selamat sore, boleh minta masukan soal motor?"
casual_greeting,"Selamat malam, aku lagi stuck soal mobil?"
casual_greeting,"Permisi, mobilku bikin pusing?"
casual_greeting,"Halo, bisa kasih jawaban soal kendaraan?"
casual_greeting,"Hai, aku pengen nanya soal mobil?"
casual_greeting,"Apa kabar? Aku mau cerita soal motor?"
casual_greeting,"Halo, boleh konsultasi soal kendaraan nih?"
casual_greeting,"Hai, kendaraanku bikin bingung?"
casual_greeting,"Selamat pagi, boleh ngobrol soal mobil nih?"
casual_greeting,"Selamat siang, aku butuh solusi soal motor?"
casual_greeting,"Selamat sore, boleh tanya soal mobil cepat?"
casual_greeting,"Selamat malam, aku pengen ngobrol soal kendaraan?"
casual_greeting,"Permisi, motorku bikin stuck?"
casual_greeting,"Halo, aku mau tanya soal kendaraan cepat?"
casual_greeting,"Hai, bisa bantu aku soal motor?"
casual_greeting,"Apa kabar? Kendaraanku lagi error?"
casual_greeting,"Halo, boleh minta saran soal mobil cepat?"
casual_greeting,"Hai, mobilku lagi galau?"
casual_greeting,"Selamat pagi, boleh tanya-tanya soal kendaraan?"
casual_greeting,"Selamat siang, aku mau konsultasi soal motor?"
casual_greeting,"Selamat sore, boleh curhat soal mobil?"
casual_greeting,"Selamat malam, aku butuh pendapat soal motor?"
casual_greeting,"Permisi, aku pengen cerita soal kendaraan?"
casual_greeting,"Halo, bisa kasih pendapat soal motor?"
casual_greeting,"Hai, aku lagi pusing soal mobil?"
casual_greeting,"Apa kabar? Aku butuh masukan soal kendaraan?"
casual_greeting,"Halo, boleh ngobrol soal kendaraan cepat?"
casual_greeting,"Hai, motorku bikin pusing?"
casual_greeting,"Selamat pagi, boleh minta jawaban soal mobil?"
casual_greeting,"Selamat siang, aku mau nanya soal kendaraan?"
casual_greeting,"Selamat sore, boleh konsultasi soal motor nih?"
casual_greeting,"Selamat malam, kendaraanku bikin repot?"
casual_greeting,"Permisi, aku mau tanya soal motor cepat?"
casual_greeting,"Halo, aku pengen konsultasi soal mobil?"
casual_greeting,"Hai, bisa kasih solusi soal kendaraan?"
casual_greeting,"Apa kabar? Aku lagi galau soal motor?"
casual_greeting,"Halo, boleh tanya soal kendaraan nih?"
casual_greeting,"Hai, mobilku bikin stuck?"
casual_greeting,"Selamat pagi, boleh ngobrol soal motor cepat?"
casual_greeting,"Selamat siang, aku butuh saran soal mobil?"
casual_greeting,"Selamat sore, boleh minta pendapat soal kendaraan?"
casual_greeting,"Selamat malam, motorku lagi error?"
casual_greeting,"Permisi, kendaraanku bikin pusing?"
casual_greeting,"Halo, bisa bantu aku soal mobil nih?"
casual_greeting,"Hai, aku pengen cerita soal kendaraan?"
casual_greeting,"Apa kabar? Aku mau ngobrol soal motor?"
casual_greeting,"Halo, boleh konsultasi soal kendaraan cepat?"
casual_greeting,"Hai, motorku bikin galau?"
casual_greeting,"Selamat pagi, boleh tanya soal mobil cepat?"
casual_greeting,"Selamat siang, aku mau tanya soal motor nih?"
casual_greeting,"Selamat sore, boleh curhat soal kendaraan?"
casual_greeting,"Selamat malam, aku butuh solusi soal mobil?"
casual_greeting,"Permisi, mobilku lagi galau?"
casual_greeting,"Halo, aku lagi stuck soal motor?"
casual_greeting,"Hai, bisa kasih masukan soal kendaraan?"
casual_greeting,"Apa kabar? Aku butuh jawaban soal motor?"
casual_greeting,"Halo, boleh minta saran soal kendaraan nih?"
casual_greeting,"Hai, kendaraanku bikin stuck?"
casual_greeting,"Selamat pagi, boleh konsultasi soal mobil nih?"
casual_greeting,"Selamat siang, aku mau nanya soal kendaraan?"
casual_greeting,"Selamat sore, boleh tanya soal motor cepat?"
casual_greeting,"Selamat malam, motorku bikin repot?"
casual_greeting,"Permisi, aku pengen ngobrol soal mobil nih?"
casual_greeting,"Halo, bisa kasih jawaban soal motor?"
casual_greeting,"Hai, aku pengen tanya soal mobil cepat?"
casual_greeting,"Apa kabar? Kendaraanku lagi bingung?"
casual_greeting,"Halo, boleh ngobrol soal kendaraan nih?"
casual_greeting,"Hai, mobilku bikin pusing?"
casual_greeting,"Selamat pagi, boleh minta pendapat soal kendaraan?"
casual_greeting,"Selamat siang, aku butuh saran soal motor?"
casual_greeting,"Selamat sore, boleh cerita soal mobil nih?"
casual_greeting,"Selamat malam, aku mau konsultasi soal kendaraan?"
casual_greeting,"Permisi, motorku lagi stuck?"
casual_greeting,"Halo, aku mau tanya soal motor cepat?"
casual_greeting,"Hai, bisa bantu aku soal kendaraan nih?"
casual_greeting,"Apa kabar? Aku lagi pusing soal mobil?"
casual_greeting,"Halo, boleh tanya-tanya soal motor?"
casual_greeting,"Hai, kendaraanku bikin galau?"
casual_greeting,"Selamat pagi, boleh ngobrol soal kendaraan cepat?"
casual_greeting,"Selamat siang, aku mau cerita soal motor?"
casual_greeting,"Selamat sore, boleh minta solusi soal mobil?"
casual_greeting,"Selamat malam, aku pengen nanya soal kendaraan?"
casual_greeting,"Permisi, mobilku bikin repot?"
casual_greeting,"Halo, bisa kasih pendapat soal kendaraan?"
casual_greeting,"Hai, aku lagi galau soal motor nih?"
casual_greeting,"Apa kabar? Aku butuh masukan soal mobil?"
casual_greeting,"Halo, boleh konsultasi soal motor cepat?"
casual_greeting,"Hai, motorku bikin bingung?"
casual_greeting,"Selamat pagi, boleh tanya soal kendaraan cepat?"
casual_greeting,"Selamat siang, aku mau konsultasi soal mobil?"
casual_greeting,"Selamat sore, boleh ngobrol soal motor nih?"
casual_greeting,"Selamat malam, kendaraanku bikin pusing?"
casual_greeting,"Permisi, aku pengen tanya soal motor?"
casual_greeting,"Halo, bisa kasih solusi soal mobil nih?"
casual_greeting,"Hai, aku pengen cerita soal kendaraan nih?"
casual_greeting,"Apa kabar? Aku mau ngobrol soal mobil?"
casual_greeting,"Halo, boleh minta jawaban soal kendaraan?"
casual_greeting,"Hai, mobilku lagi error?"
casual_greeting,"Selamat pagi, boleh curhat soal motor nih?"
casual_greeting,"Selamat siang, aku butuh jawaban soal mobil?"
casual_greeting,"Selamat sore, boleh tanya soal kendaraan nih?"
casual_greeting,"Selamat malam, motorku bikin galau?"
casual_greeting,"Permisi, kendaraanku lagi stuck?"
casual_greeting,"Halo, aku mau tanya soal kendaraan nih?"
casual_greeting,"Hai, bisa bantu aku soal motor nih?"
casual_greeting,"Apa kabar? Aku butuh saran soal kendaraan?"
casual_greeting,"Halo, boleh ngobrol soal motor cepat?"
casual_greeting,"Hai, kendaraanku bikin repot nih?"
casual_greeting,"Selamat pagi, boleh minta saran soal mobil nih?"
casual_greeting,"Selamat siang, aku mau nanya soal kendaraan?"
casual_greeting,"Selamat sore, boleh konsultasi soal motor cepat?"
casual_greeting,"Selamat malam, aku lagi stuck soal mobil?"
casual_greeting,"Permisi, motorku bikin pusing?"
casual_greeting,"Halo, bisa kasih masukan soal kendaraan nih?"
casual_greeting,"Hai, aku pengen tanya soal motor nih?"
casual_greeting,"Apa kabar? Aku mau cerita soal kendaraan?"
casual_greeting,"Halo, boleh tanya soal mobil cepat?"
casual_greeting,"Hai, mobilku bikin galau nih?"
casual_greeting,"Selamat pagi, boleh ngobrol soal kendaraan nih?"
casual_greeting,"Selamat siang, aku butuh solusi soal motor?"
casual_greeting,"Selamat sore, boleh minta pendapat soal mobil?"
casual_greeting,"Selamat malam, kendaraanku lagi error?"
casual_greeting,"Permisi, aku pengen ngobrol soal motor nih?"
casual_greeting,"Halo, aku mau konsultasi soal kendaraan cepat?"
casual_greeting,"Hai, bisa kasih jawaban soal mobil?"
casual_greeting,"Apa kabar? Aku lagi galau soal kendaraan?"
casual_greeting,"Halo, boleh curhat soal motor cepat?"
casual_greeting,"Hai, motorku bikin stuck?"
casual_greeting,"Selamat pagi, boleh tanya-tanya soal mobil?"
casual_greeting,"Selamat siang, aku mau tanya soal kendaraan nih?"
casual_greeting,"Selamat sore, boleh ngobrol soal kendaraan cepat?"
casual_greeting,"Selamat malam, aku butuh saran soal motor?"
casual_greeting,"Permisi, mobilku lagi bingung?"
casual_greeting,"Halo, bisa bantu aku soal kendaraan cepat?"
casual_greeting,"Hai, aku pengen cerita soal mobil nih?"
casual_greeting,"Apa kabar? Aku butuh masukan soal motor?"
casual_greeting,"Halo, boleh minta saran soal kendaraan cepat?"
casual_greeting,"Hai, kendaraanku bikin pusing nih?"
casual_greeting,"Selamat pagi, boleh konsultasi soal motor cepat?"
casual_greeting,"Selamat siang, aku mau ngobrol soal kendaraan?"
casual_greeting,"Selamat sore, boleh tanya soal mobil nih?"
casual_greeting,"Selamat malam, motorku bikin repot?"
casual_greeting,"Permisi, aku mau tanya soal kendaraan cepat?"
casual_greeting,"Halo, aku pengen nanya soal motor cepat?"
casual_greeting,"Hai, bisa kasih solusi soal mobil nih?"
casual_greeting,"Apa kabar? Kendaraanku bikin galau?"
casual_greeting,"Halo, boleh ngobrol soal kendaraan cepat?"
casual_greeting,"Hai, mobilku bikin bingung?"
casual_greeting,"Selamat pagi, boleh minta jawaban soal kendaraan?"
casual_greeting,"Selamat siang, aku butuh pendapat soal motor?"
casual_greeting,"Selamat sore, boleh cerita soal kendaraan nih?"
casual_greeting,"Selamat malam, aku pengen konsultasi soal mobil?"
casual_greeting,"Permisi, motorku lagi galau?"
casual_greeting,"Halo, bisa kasih pendapat soal kendaraan cepat?"
casual_greeting,"Hai, aku lagi pusing soal motor nih?"
casual_greeting,"Apa kabar? Aku mau ngobrol soal kendaraan?"
casual_greeting,"Halo, boleh tanya soal motor cepat?"
casual_greeting,"Hai, kendaraanku lagi stuck?"
casual_greeting,"Selamat pagi, boleh ngobrol soal mobil cepat?"
casual_greeting,"Selamat siang, aku mau cerita soal kendaraan?"
casual_greeting,"Selamat sore, boleh minta saran soal motor nih?"
casual_greeting,"Selamat malam, mobilku bikin pusing?"
casual_greeting,"Permisi, aku pengen tanya soal mobil cepat?"
casual_greeting,"Halo, bisa bantu aku soal kendaraan nih?"
casual_greeting,"Hai, aku mau konsultasi soal motor cepat?"
casual_greeting,"Apa kabar? Aku butuh solusi soal kendaraan?"
casual_greeting,"Halo, boleh minta jawaban soal mobil cepat?"
casual_greeting,"Hai, motorku bikin bingung nih?"
casual_greeting,"Selamat pagi, boleh tanya soal kendaraan cepat?"
casual_greeting,"Selamat siang, aku mau nanya soal motor cepat?"
casual_greeting,"Selamat sore, boleh konsultasi soal kendaraan nih?"
casual_greeting,"Selamat malam, kendaraanku bikin repot?"
casual_greeting,"Permisi, mobilku lagi error?"
casual_greeting,"Halo, aku pengen ngobrol soal motor cepat?"
casual_greeting,"Hai, bisa kasih masukan soal kendaraan nih?"
casual_greeting,"Apa kabar? Aku lagi stuck soal mobil?"
casual_greeting,"Halo, boleh curhat soal kendaraan cepat?"
casual_greeting,"Hai, kendaraanku bikin pusing?"
casual_greeting,"Selamat pagi, boleh minta pendapat soal motor nih?"
casual_greeting,"Selamat siang, aku butuh saran soal kendaraan?"
casual_greeting,"Selamat sore, boleh ngobrol soal mobil cepat?"
casual_greeting,"Selamat malam, aku mau tanya soal motor nih?"
casual_greeting,"Permisi, motorku bikin repot?"
casual_greeting,"Halo, bisa kasih solusi soal kendaraan cepat?"
casual_greeting,"Hai, aku pengen cerita soal motor cepat?"
casual_greeting,"Apa kabar? Aku butuh jawaban soal mobil?"
casual_greeting,"Halo, boleh konsultasi soal kendaraan cepat?"
casual_greeting,"Hai, mobilku lagi galau nih?"
casual_greeting,"Selamat pagi, boleh tanya-tanya soal kendaraan?"
casual_greeting,"Selamat siang, aku mau konsultasi soal motor nih?"
casual_greeting,"Selamat sore, boleh minta saran soal mobil cepat?"
casual_greeting,"Selamat malam, kendaraanku lagi bingung?"
casual_greeting,"Permisi, aku pengen ngobrol soal kendaraan cepat?"
casual_greeting,"Halo, aku mau tanya soal mobil cepat?"
casual_greeting,"Hai, bisa bantu aku soal motor cepat?"
casual_greeting,"Apa kabar? Aku mau ngobrol soal kendaraan cepat?"
casual_greeting,"Halo, boleh ngobrol soal motor nih?"
casual_greeting,"Hai, kendaraanku bikin galau nih?"
casual_greeting,"Selamat pagi, boleh curhat soal mobil cepat?"
casual_greeting,"Selamat siang, aku butuh masukan soal kendaraan?"
casual_greeting,"Selamat sore, boleh tanya soal kendaraan cepat?"
casual_greeting,"Selamat malam, motorku bikin pusing?"
casual_greeting,"Permisi, mobilku bikin stuck?"
casual_greeting,"Halo, bisa kasih jawaban soal kendaraan cepat?"
casual_greeting,"Hai, aku pengen nanya soal motor cepat?"
casual_greeting,"Apa kabar? Kendaraanku lagi repot?"
casual_greeting,"Halo, boleh minta saran soal mobil nih?"
casual_greeting,"Hai, motorku lagi stuck nih?"
casual_greeting,"Selamat pagi, boleh konsultasi soal kendaraan cepat?"
casual_greeting,"Selamat siang, aku mau tanya soal mobil cepat?"
casual_greeting,"Selamat sore, boleh ngobrol soal motor cepat?"
casual_greeting,"Selamat malam, aku butuh solusi soal kendaraan?"
casual_greeting,"Permisi, aku pengen cerita soal mobil cepat?"
casual_greeting,"Halo, bisa kasih pendapat soal motor cepat?"
casual_greeting,"Hai, aku lagi galau soal kendaraan nih?"
casual_greeting,"Apa kabar? Aku butuh saran soal mobil cepat?"
casual_greeting,"Halo, boleh tanya soal kendaraan cepat nih?"
casual_greeting,"Hai, mobilku bikin repot nih?"
casual_greeting,"Selamat pagi, boleh ngobrol soal kendaraan cepat?"
casual_greeting,"Selamat siang, aku mau cerita soal motor cepat?"
casual_greeting,"Selamat sore, boleh minta jawaban soal mobil?"
casual_greeting,"Selamat malam, kendaraanku bikin stuck?"
casual_greeting,"Permisi, motorku lagi error?"
casual_greeting,"Halo, aku pengen konsultasi soal kendaraan cepat?"
casual_greeting,"Hai, bisa kasih solusi soal motor cepat?"
casual_greeting,"Apa kabar? Aku lagi pusing soal kendaraan?"
casual_greeting,"Halo, boleh curhat soal mobil nih?"
casual_greeting,"Hai, kendaraanku bikin bingung nih?"
casual_greeting,"Selamat pagi, boleh tanya soal motor cepat?"
casual_greeting,"Selamat siang, aku butuh pendapat soal mobil?"
casual_greeting,"Selamat sore, boleh konsultasi soal kendaraan cepat?"
casual_greeting,"Selamat malam, aku mau ngobrol soal motor?"
casual_greeting,"Permisi, mobilku lagi galau nih?"
casual_greeting,"Halo, bisa bantu aku soal kendaraan cepat?"
casual_greeting,"Hai, aku pengen tanya soal kendaraan cepat?"
casual_greeting,"Apa kabar? Aku butuh masukan soal motor?"
casual_greeting,"Halo, boleh minta saran soal kendaraan cepat?"
casual_greeting,"Hai, motorku bikin galau nih?"
casual_greeting,"Selamat pagi, boleh ngobrol soal mobil cepat?"
casual_greeting,"Selamat siang, aku mau konsultasi soal kendaraan?"
casual_greeting,"Selamat sore, boleh tanya soal motor cepat nih?"
casual_greeting,"Selamat malam, kendaraanku bikin pusing?"
casual_greeting,"Permisi, aku pengen nanya soal mobil cepat?"
casual_greeting,"Halo, bisa kasih jawaban soal kendaraan nih?"
casual_greeting,"Hai, aku lagi stuck soal motor cepat?"
casual_greeting,"Apa kabar? Aku mau cerita soal kendaraan cepat?"
casual_greeting,"Halo, boleh konsultasi soal motor cepat nih?"
casual_greeting,"Hai, mobilku bikin stuck nih?"
casual_greeting,"Selamat pagi, boleh minta pendapat soal kendaraan?"
casual_greeting,"Selamat siang, aku butuh saran soal motor cepat?"
casual_greeting,"Selamat sore, boleh ngobrol soal kendaraan cepat?"
casual_greeting,"Selamat malam, motorku bikin repot nih?"
casual_greeting,"Permisi, kendaraanku lagi bingung?"
casual_greeting,"Halo, aku pengen ngobrol soal mobil cepat?"
casual_greeting,"Hai, bisa kasih solusi soal kendaraan cepat?"
casual_greeting,"Apa kabar? Aku butuh jawaban soal motor cepat?"
casual_greeting,"Halo, boleh tanya soal kendaraan cepat nih?"
casual_greeting,"Hai, kendaraanku bikin galau nih?"
casual_greeting,"Selamat pagi, boleh curhat soal motor cepat?"
casual_greeting,"Selamat siang, aku mau tanya soal kendaraan cepat?"
casual_greeting,"Selamat sore, boleh minta saran soal mobil cepat?"
casual_greeting,"Selamat malam, aku lagi galau soal kendaraan?"
casual_greeting,"Permisi, motorku bikin stuck nih?"
casual_greeting,"Halo, bisa bantu aku soal mobil cepat?"
casual_greeting,"Hai, aku pengen cerita soal kendaraan cepat?"
casual_greeting,"Apa kabar? Aku butuh solusi soal mobil cepat?"
casual_greeting,"Halo, boleh ngobrol soal motor cepat nih?"
casual_greeting,"Hai, mobilku bikin pusing nih?"
casual_greeting,"Selamat pagi, boleh konsultasi soal kendaraan cepat?"
casual_greeting,"Selamat siang, aku mau nanya soal motor cepat?"
casual_greeting,"Selamat sore, boleh tanya-tanya soal kendaraan?"
casual_greeting,"Selamat malam, kendaraanku lagi error nih?"
casual_greeting,"Permisi, aku pengen ngobrol soal motor cepat?"
casual_greeting,"Halo, bisa kasih masukan soal kendaraan cepat?"
casual_greeting,"Hai, aku lagi pusing soal mobil cepat?"
casual_greeting,"Apa kabar? Aku mau konsultasi soal kendaraan?"
casual_greeting,"Halo, boleh minta jawaban soal motor cepat?"
casual_greeting,"Hai, motorku bikin bingung nih?"
casual_greeting,"Selamat pagi, boleh tanya soal kendaraan cepat nih?"
casual_greeting,"Selamat siang, aku butuh pendapat soal mobil?"
casual_greeting,"Selamat sore, boleh ngobrol soal motor cepat nih?"
casual_greeting,"Selamat malam, aku mau tanya soal kendaraan cepat?"
casual_greeting,"Permisi, mobilku bikin repot nih?"
casual_greeting,"Halo, aku pengen cerita soal motor cepat?"
casual_greeting,"Hai, bisa kasih pendapat soal kendaraan cepat?"
casual_greeting,"Apa kabar? Kendaraanku bikin stuck nih?"
casual_greeting,"Halo, boleh konsultasi soal kendaraan cepat nih?"
casual_greeting,"Hai, kendaraanku lagi galau nih?"
casual_greeting,"Selamat pagi, boleh ngobrol soal kendaraan cepat nih?"
casual_greeting,"Selamat siang, aku mau cerita soal mobil cepat?"
casual_greeting,"Selamat sore, boleh minta saran soal kendaraan cepat?"
casual_greeting,"Selamat malam, motorku bikin pusing nih?"
casual_greeting,"Permisi, aku pengen tanya soal motor cepat?"
casual_greeting,"Halo, bisa bantu aku soal kendaraan cepat nih?"
casual_greeting,"Hai, aku lagi stuck soal mobil cepat?"
casual_greeting,"Apa kabar? Aku butuh masukan soal kendaraan cepat?"
casual_greeting,"Halo, boleh tanya soal motor cepat nih?"
casual_greeting,"Hai, mobilku bikin galau nih?"
casual_greeting,"Selamat pagi, boleh minta jawaban soal kendaraan cepat?"
casual_greeting,"Selamat siang, aku mau konsultasi soal motor cepat?"
casual_greeting,"Selamat sore, boleh ngobrol soal kendaraan cepat nih?"
casual_greeting,"Selamat malam, kendaraanku bikin repot nih?"
casual_greeting,"Permisi, motorku lagi bingung?"
casual_greeting,"Halo, bisa kasih solusi soal kendaraan cepat nih?"
casual_greeting,"Hai, aku pengen nanya soal mobil cepat?"
casual_greeting,"Apa kabar? Aku mau ngobrol soal kendaraan cepat?"
casual_greeting,"Halo, aku mau konsultasi"
casual_greeting,"Permisi, saya ingin tanya tentang motor"
casual_greeting,"Hai admin, boleh tanya sesuatu?"
casual_greeting,"Selamat siang, saya perlu bantuan"
casual_greeting,"Pagi, mau nanya tentang mobil"
casual_greeting,"Hei, bisa minta pendapat?"
casual_greeting,"Assalamualaikum, saya ada masalah kendaraan"
casual_greeting,"Hai kak, aku ingin konsultasi nih"
casual_greeting,"Met sore, saya mau tanya dong"
casual_greeting,"Halo mas, boleh konsultasi sebentar?"
casual_greeting,"Hi, aku ada pertanyaan nih"
casual_greeting,"Permisi pak, saya ingin bertanya"
casual_greeting,"Hai bro, ada yang mau saya tanyakan"
casual_greeting,"Selamat pagi, mau konsultasi masalah mobil"
casual_greeting,"Hei sist, aku mau tanya tentang motor"
casual_greeting,"Halo, saya perlu konsultasi cepat"
casual_greeting,"Pagi pak, boleh saya minta bantuan?"
casual_greeting,"Hai mbak, saya ada kendala nih"
casual_greeting,"Met siang, ingin konsultasi tentang kendaraan"
casual_greeting,"Halo gan, mau nanya sesuatu"
casual_greeting,"Hi bang, saya punya pertanyaan"
casual_greeting,"Permisi bu, bisa tanya sebentar?"
casual_greeting,"Hai dek, aku mau konsultasi dong"
casual_greeting,"Selamat malam, saya ingin bertanya"
casual_greeting,"Hey boss, ada waktu buat konsul?"
casual_greeting,"Halo, saya mau tanya-tanya"
casual_greeting,"Pagi, aku ingin konsultasi nih"
casual_greeting,"Hai, boleh saya konsultasikan sesuatu?"
casual_greeting,"Met sore, mau nanya masalah kendaraan"
casual_greeting,"Permisi mas, saya butuh bantuan"
casual_greeting,"Hai kak, ada yang ingin saya tanyakan"
casual_greeting,"Selamat pagi, mau konsultasi dikit"
casual_greeting,"Hei, saya ada pertanyaan mendesak"
casual_greeting,"Halo admin, boleh minta pendapat?"
casual_greeting,"Hi, aku mau tanya tentang mobil"
casual_greeting,"Met siang pak, saya perlu konsultasi"
casual_greeting,"Hai bro, bisa tanya masalah motor?"
casual_greeting,"Permisi mbak, saya ingin bertanya"
casual_greeting,"Pagi bang, ada yang mau ditanyakan"
casual_greeting,"Halo sist, aku mau konsultasi"
casual_greeting,"Hey, saya ada kesulitan dengan kendaraan"
casual_greeting,"Assalamualaikum, boleh saya tanya?"
casual_greeting,"Hai gan, mau nanya dong"
casual_greeting,"Met malam, saya ingin konsultasi"
casual_greeting,"Halo, aku punya masalah nih"
casual_greeting,"Hi bu, bisa bantu saya?"
casual_greeting,"Permisi dek, mau tanya sesuatu"
casual_greeting,"Selamat sore, saya mau konsultasi"
casual_greeting,"Hai, saya perlu advis kendaraan"
casual_greeting,"Pagi pak, ada waktu buat diskusi?"
casual_greeting,"Hei mas, aku ingin tanya nih"
casual_greeting,"Halo, saya ada kendala mobil"
casual_greeting,"Met pagi, boleh konsultasi sebentar?"
casual_greeting,"Hi kak, saya mau tanya masalah motor"
casual_greeting,"Hai, saya ingin minta saran"
casual_greeting,"Permisi admin, punya waktu buat bantu?"
casual_greeting,"Hey bro, aku ada pertanyaan"
casual_greeting,"Selamat siang, mau konsultasi nih"
casual_greeting,"Halo mbak, saya perlu pendapat"
casual_greeting,"Hi sist, boleh tanya sesuatu?"
casual_greeting,"Met sore bang, saya mau bertanya"
casual_greeting,"Hai gan, ada yang bisa dibantu?"
casual_greeting,"Permisi, saya mau tanya dong"
casual_greeting,"Pagi, saya ingin konsultasi kendaraan"
casual_greeting,"Halo, aku butuh saran mobil"
casual_greeting,"Hei pak, mau nanya masalah kendaraan"
casual_greeting,"Assalamualaikum, saya ada pertanyaan"
casual_greeting,"Hi bu, saya perlu bantuan teknis"
casual_greeting,"Hai dek, boleh minta konsultasi?"
casual_greeting,"Selamat malam, saya mau tanya"
casual_greeting,"Halo, saya punya masalah motor"
casual_greeting,"Met pagi mas, bisa konsultasi?"
casual_greeting,"Hey kak, aku ingin tanya-tanya"
casual_greeting,"Permisi bro, saya ada kesulitan"
casual_greeting,"Hai, saya mau konsul tentang mobil"
casual_greeting,"Pagi sist, boleh tanya sesuatu?"
casual_greeting,"Hi bang, saya ingin diskusi"
casual_greeting,"Halo gan, ada waktu buat saya?"
casual_greeting,"Met siang, saya perlu advis"
casual_greeting,"Hei, mau nanya masalah kendaraan"
casual_greeting,"Permisi admin, saya butuh saran"
casual_greeting,"Hai, saya ada kendala nih"
casual_greeting,"Selamat sore, boleh saya konsultasi?"
casual_greeting,"Halo mbak, aku mau tanya dong"
casual_greeting,"Hi pak, saya punya pertanyaan"
casual_greeting,"Pagi, saya ingin bertanya sesuatu"
casual_greeting,"Hey bu, bisa bantu konsultasi?"
casual_greeting,"Hai dek, saya perlu pendapat"
casual_greeting,"Met malam, mau konsultasi dikit"
casual_greeting,"Permisi mas, saya ada masalah"
casual_greeting,"Halo, saya mau tanya tentang motor"
casual_greeting,"Hi kak, boleh saya minta bantuan?"
casual_greeting,"Hei sist, saya ingin konsultasi"
casual_greeting,"Assalamualaikum, mau nanya masalah mobil"
casual_greeting,"Selamat pagi, saya ada pertanyaan"
casual_greeting,"Hai bro, bisa diskusi sebentar?"
casual_greeting,"Permisi bang, saya perlu advis"
casual_greeting,"Hey gan, aku mau konsultasi nih"
casual_greeting,"Halo, saya punya kendala kendaraan"
casual_greeting,"Met sore, boleh tanya sesuatu?"
casual_greeting,"Hi, saya ingin konsultasi dong"
casual_greeting,"Pagi admin, saya butuh bantuan"
casual_greeting,"Hai mbak, ada yang mau ditanyakan"
casual_greeting,"Hei pak, saya mau tanya-tanya"
casual_greeting,"Permisi bu, saya perlu konsultasi"
casual_greeting,"Halo dek, saya ada masalah nih"
casual_greeting,"Selamat malam, bisa minta pendapat?"
casual_greeting,"Hi, saya ingin bertanya tentang mobil"
casual_greeting,"Hey mas, saya punya pertanyaan"
casual_greeting,"Hai kak, mau konsultasi masalah motor"
casual_greeting,"Met pagi, saya perlu saran teknis"
casual_greeting,"Permisi bro, boleh tanya sesuatu?"
casual_greeting,"Halo, saya mau konsul cepat"
casual_greeting,"Hei sist, saya ada kesulitan"
casual_greeting,"Hi bang, saya ingin tanya nih"
casual_greeting,"Pagi gan, bisa bantu saya?"
casual_greeting,"Hai, saya ada pertanyaan mendadak"
casual_greeting,"Selamat siang, saya mau konsultasi"
casual_greeting,"Permisi, boleh saya minta advis?"
casual_greeting,"Hey, saya ingin tanya tentang kendaraan"
casual_greeting,"Halo pak, saya perlu bantuan"
casual_greeting,"Hi bu, ada waktu buat diskusi?"
casual_greeting,"Met sore, saya mau tanya dong"
casual_greeting,"Hai dek, saya punya masalah"
casual_greeting,"Hei, saya ingin konsultasi sekarang"
casual_greeting,"Permisi mas, boleh konsultasi?"
casual_greeting,"Halo kak, saya ada pertanyaan"
casual_greeting,"Selamat pagi, saya mau tanya sesuatu"
casual_greeting,"Hi bro, saya perlu pendapat ahli"
casual_greeting,"Pagi, saya ada kendala dengan mobil"
casual_greeting,"Hey mbak, bisa bantu saya?"
casual_greeting,"Hai, saya ingin diskusi kendaraan"
casual_greeting,"Met malam, saya mau konsultasi"
casual_greeting,"Permisi bang, saya butuh saran"
casual_greeting,"Halo gan, saya ada masalah motor"
casual_greeting,"Hi sist, boleh saya tanya?"
casual_greeting,"Hei, saya perlu advis cepat"
casual_greeting,"Selamat sore, saya mau bertanya"
casual_greeting,"Hai admin, saya ingin konsultasi"
casual_greeting,"Permisi, ada yang bisa saya tanyakan"
casual_greeting,"Pagi, saya mau tanya tentang kendaraan"
casual_greeting,"Halo, saya punya pertanyaan penting"
casual_greeting,"Hi pak, saya perlu bantuan teknis"
casual_greeting,"Hey bu, mau konsultasi dikit"
casual_greeting,"Met siang, saya ada kesulitan"
casual_greeting,"Hai mas, boleh minta pendapat?"
casual_greeting,"Permisi dek, saya ingin tanya-tanya"
casual_greeting,"Halo, saya butuh konsultasi mobil"
casual_greeting,"Hei kak, ada waktu buat saya?"
casual_greeting,"Selamat pagi, saya mau konsul"
casual_greeting,"Hi bro, saya punya masalah nih"
casual_greeting,"Pagi sist, bisa konsultasi?"
casual_greeting,"Hai, saya ingin bertanya sekarang"
casual_greeting,"Met sore, saya perlu advis kendaraan"
casual_greeting,"Permisi gan, saya ada pertanyaan"
casual_greeting,"Halo bang, saya mau tanya dong"
casual_greeting,"Hey, saya butuh bantuan cepat"
casual_greeting,"Assalamualaikum, saya perlu konsultasi"
casual_greeting,"Hai mbak, saya ada kendala"
casual_greeting,"Selamat malam, boleh saya tanya?"
casual_greeting,"Hi, saya mau diskusi motor"
casual_greeting,"Permisi pak, saya ingin saran"
casual_greeting,"Hei bu, saya punya pertanyaan"
casual_greeting,"Halo dek, bisa bantu konsultasi?"
casual_greeting,"Pagi, saya ada masalah kendaraan"
casual_greeting,"Hai, saya mau tanya sesuatu"
casual_greeting,"Met pagi, saya ingin bertanya"
casual_greeting,"Hey mas, saya perlu pendapat"
casual_greeting,"Permisi kak, saya mau konsultasi"
casual_greeting,"Halo, saya butuh advis teknis"
casual_greeting,"Hi bro, mau nanya masalah mobil"
casual_greeting,"Hei sist, saya ada kesulitan nih"
casual_greeting,"Selamat siang, bisa tanya sesuatu?"
casual_greeting,"Hai bang, saya ingin konsultasi"
casual_greeting,"Permisi gan, saya perlu bantuan"
casual_greeting,"Pagi, saya mau tanya-tanya"
casual_greeting,"Halo, saya punya kendala motor"
casual_greeting,"Hi mbak, ada yang bisa dibantu?"
casual_greeting,"Met sore, saya mau konsultasi nih"
casual_greeting,"Hey pak, saya ada pertanyaan"
casual_greeting,"Hai bu, saya ingin diskusi"
casual_greeting,"Permisi dek, saya perlu saran"
casual_greeting,"Halo, saya butuh pendapat ahli"
casual_greeting,"Selamat malam, saya mau tanya"
casual_greeting,"Hi, saya ada masalah dengan mobil"
casual_greeting,"Hei admin, boleh minta konsultasi?"
casual_greeting,"Pagi mas, saya ingin bertanya"
casual_greeting,"Hai kak, saya perlu advis"
casual_greeting,"Permisi bro, saya mau konsul"
casual_greeting,"Halo, saya punya pertanyaan darurat"
casual_greeting,"Hey sist, bisa bantu saya?"
casual_greeting,"Met pagi, saya ingin tanya sesuatu"
casual_greeting,"Hi bang, saya ada kendala nih"
casual_greeting,"Hei gan, saya perlu konsultasi"
casual_greeting,"Selamat sore, saya mau tanya dong"
casual_greeting,"Hai, saya butuh bantuan sekarang"
casual_greeting,"Permisi mbak, saya ingin konsultasi"
casual_greeting,"Halo pak, saya ada masalah"
casual_greeting,"Pagi, saya mau diskusi kendaraan"
casual_greeting,"Hi bu, boleh tanya sebentar?"
casual_greeting,"Hey dek, saya punya pertanyaan"
casual_greeting,"Hai, saya perlu advis mobil"
casual_greeting,"Met siang, saya ingin konsultasi"
casual_greeting,"Permisi mas, ada waktu buat saya?"
casual_greeting,"Halo kak, saya mau tanya tentang motor"
casual_greeting,"Hei bro, saya butuh saran"
casual_greeting,"Selamat pagi, saya ada kesulitan"
casual_greeting,"Hi sist, bisa konsultasi dikit?"
casual_greeting,"Pagi bang, saya mau bertanya"
casual_greeting,"Hai gan, saya perlu pendapat"
casual_greeting,"Permisi, saya ingin tanya sekarang"
casual_greeting,"Halo, saya ada kendala teknis"
casual_greeting,"Hey mbak, mau nanya masalah kendaraan"
casual_greeting,"Met malam, saya mau konsultasi"
casual_greeting,"Hi pak, saya punya masalah"
casual_greeting,"Hei bu, bisa bantu saya?"
casual_greeting,"Hai dek, saya ingin diskusi"
casual_greeting,"Selamat sore, saya perlu advis"
casual_greeting,"Permisi admin, saya ada pertanyaan"
casual_greeting,"Halo, saya mau tanya cepat"
casual_greeting,"Pagi, saya butuh konsultasi mobil"
casual_greeting,"Hi mas, saya ingin tanya nih"
casual_greeting,"Hey kak, saya perlu bantuan"
casual_greeting,"Hai bro, ada yang mau saya konsultasikan"
casual_greeting,"Met pagi, saya mau tanya-tanya"
casual_greeting,"Permisi sist, saya ada masalah nih"
casual_greeting,"Halo, saya ingin bertanya dong"
casual_greeting,"Hei bang, bisa minta pendapat?"
casual_greeting,"Hi gan, saya perlu konsultasi"
casual_greeting,"Selamat siang, saya ada kendala"
casual_greeting,"Hai mbak, mau konsultasi sebentar"
casual_greeting,"Permisi pak, saya butuh advis"
casual_greeting,"Hey, saya punya pertanyaan teknis"
casual_greeting,"Halo bu, saya mau diskusi"
casual_greeting,"Pagi dek, saya ingin tanya"
casual_greeting,"Hi, saya perlu saran kendaraan"
casual_greeting,"Met sore, saya ada masalah motor"
casual_greeting,"Hei admin, boleh saya konsultasi?"
casual_greeting,"Hai mas, saya mau tanya sesuatu"
casual_greeting,"Permisi kak, saya perlu bantuan"
casual_greeting,"Halo, saya ingin konsultasi darurat"
casual_greeting,"Selamat malam, saya mau bertanya"
casual_greeting,"Hi bro, ada yang bisa ditanyakan"
casual_greeting,"Hey sist, saya butuh pendapat"
casual_greeting,"Pagi bang, bisa konsultasi?"
casual_greeting,"Hai gan, saya mau tanya dong"
casual_greeting,"Permisi, saya perlu advis cepat"
casual_greeting,"Halo mbak, saya ada kesulitan"
casual_greeting,"Hei pak, saya ingin konsultasi"
casual_greeting,"Met pagi, saya punya pertanyaan"
casual_greeting,"Hi bu, mau nanya masalah mobil"
casual_greeting,"Hai dek, saya perlu saran"
casual_greeting,"Selamat siang, saya mau konsul"
casual_greeting,"Permisi mas, saya ada kendala"
casual_greeting,"Halo, saya ingin tanya-tanya"
casual_greeting,"Hey kak, bisa bantu saya?"
casual_greeting,"Pagi bro, saya perlu konsultasi"
casual_greeting,"Hi sist, saya mau bertanya nih"
casual_greeting,"Hei bang, saya butuh bantuan"
casual_greeting,"Hai gan, ada waktu buat diskusi?"
casual_greeting,"Met sore, saya ingin advis"
casual_greeting,"Permisi, saya mau tanya kendaraan"
casual_greeting,"Halo, saya punya masalah penting"
casual_greeting,"Hi mbak, saya perlu pendapat ahli"
casual_greeting,"Hey pak, saya ada pertanyaan"
casual_greeting,"Pagi bu, bisa konsultasi dikit?"
casual_greeting,"Hai dek, saya ingin diskusi nih"
casual_greeting,"Selamat malam, saya perlu saran"
casual_greeting,"Permisi admin, saya mau tanya"
casual_greeting,"Hei, saya butuh konsultasi segera"
casual_greeting,"Halo mas, saya ada kesulitan"
casual_greeting,"Hi kak, mau nanya tentang motor"
casual_greeting,"Pagi, saya ingin bertanya sesuatu"
casual_greeting,"Hey bro, saya perlu advis"
casual_greeting,"Hai sist, saya punya masalah"
casual_greeting,"Met pagi, boleh saya tanya?"
casual_greeting,"Permisi bang, saya mau konsultasi"
casual_greeting,"Halo gan, saya butuh bantuan teknis"
casual_greeting,"Hi, saya ada kendala dengan kendaraan"
casual_greeting,"Hei mbak, saya ingin tanya nih"
casual_greeting,"Selamat siang, saya perlu pendapat"
casual_greeting,"Hai pak, bisa diskusi sebentar?"
casual_greeting,"Permisi bu, saya mau bertanya"
casual_greeting,"Pagi dek, saya ada pertanyaan"
casual_greeting,"Halo, saya ingin konsultasi motor"
casual_greeting,"Hey, saya butuh saran mobil"
casual_greeting,"Hi mas, ada yang bisa saya tanyakan?"
casual_greeting,"Met sore, saya mau konsultasi dong"
casual_greeting,"Hei kak, saya perlu bantuan"
casual_greeting,"Hai bro, saya punya kendala nih"
casual_greeting,"Permisi sist, saya ingin advis"
casual_greeting,"Halo, saya mau tanya masalah"
casual_greeting,"Pagi bang, bisa bantu konsultasi?"
casual_greeting,"Hi gan, saya ada pertanyaan"
casual_greeting,"Hey, saya perlu konsultasi teknis"
casual_greeting,"Selamat malam, saya ingin tanya"
casual_greeting,"Hai mbak, mau nanya dikit"
casual_greeting,"Permisi pak, saya butuh pendapat"
casual_greeting,"Halo bu, saya ada masalah kendaraan"
casual_greeting,"Hi dek, saya mau diskusi"
casual_greeting,"Pagi, saya perlu advis secepatnya"
casual_greeting,"Hei admin, saya ingin konsultasi"
casual_greeting,"Met pagi, saya punya pertanyaan"
casual_greeting,"Hai mas, boleh tanya sesuatu?"
casual_greeting,"Permisi kak, saya perlu saran"
casual_greeting,"Halo, saya mau konsul masalah mobil"
casual_greeting,"Hey bro, saya ada kesulitan"
casual_greeting,"Hi sist, saya ingin bertanya"
casual_greeting,"Selamat sore, saya butuh bantuan"
casual_greeting,"Hai bang, boleh minta advis?"
casual_greeting,"Hei gan, saya mau tanya-tanya"
casual_greeting,"Permisi, saya ada kendala motor"
casual_greeting,"Halo mbak, bisa konsultasi?"
casual_greeting,"Pagi pak, saya perlu pendapat"
casual_greeting,"Hi bu, saya ingin tanya dong"
casual_greeting,"Met siang, saya punya masalah"
casual_greeting,"Hai dek, saya mau konsultasi nih"
casual_greeting,"Hey, saya butuh saran sekarang"
casual_greeting,"Permisi mas, ada waktu buat saya?"
casual_greeting,"Halo kak, saya perlu bantuan"
casual_greeting,"Hi bro, saya ada pertanyaan"
casual_greeting,"Pagi sist, mau nanya tentang kendaraan"
casual_greeting,"Hei bang, saya ingin diskusi"
casual_greeting,"Hai gan, saya perlu konsultasi"
casual_greeting,"Selamat pagi, saya mau bertanya"
casual_greeting,"Permisi, saya butuh advis kendaraan"
casual_greeting,"Halo, saya ada masalah dengan mobil"
casual_greeting,"Hey mbak, boleh saya tanya?"
casual_greeting,"Hi pak, saya mau konsultasi"
casual_greeting,"Met sore, saya ingin saran"
casual_greeting,"Hai bu, saya punya kesulitan"
casual_greeting,"Pagi dek, bisa bantu saya?"
casual_greeting,"Hei, saya perlu pendapat ahli"
casual_greeting,"Permisi admin, saya mau tanya"
casual_greeting,"Halo mas, saya ada pertanyaan"
casual_greeting,"Hi kak, saya butuh konsultasi"
casual_greeting,"Selamat malam, saya ingin advis"
casual_greeting,"Hai bro, mau nanya masalah teknis"
casual_greeting,"Hey sist, saya ada kendala"
casual_greeting,"Permisi bang, bisa diskusi?"
casual_greeting,"Halo gan, saya mau bertanya"
casual_greeting,"Pagi, saya perlu bantuan segera"
casual_greeting,"Hi mbak, saya ingin konsultasi"
casual_greeting,"Hei pak, saya punya masalah"
casual_greeting,"Met pagi, boleh tanya sesuatu?"
casual_greeting,"Hai bu, saya ada pertanyaan nih"
casual_greeting,"Permisi dek, saya perlu saran"
casual_greeting,"Halo, saya mau konsul motor"
casual_greeting,"Hey mas, bisa bantu saya?"
casual_greeting,"Hi kak, saya ingin tanya-tanya"
casual_greeting,"Selamat siang, saya butuh advis"
casual_greeting,"Hai bro, saya ada kesulitan nih"
casual_greeting,"Hei sist, saya perlu konsultasi"
casual_greeting,"Permisi, saya mau tanya dong"
casual_greeting,"Halo bang, saya ada masalah"
casual_greeting,"Pagi gan, saya ingin bertanya"
casual_greeting,"Hi, saya perlu pendapat teknis"
casual_greeting,"Met sore, saya punya pertanyaan"
casual_greeting,"Hai mbak, mau konsultasi tentang mobil"
casual_greeting,"Hey pak, bisa minta bantuan?"
casual_greeting,"Permisi bu, saya ada kendala"
casual_greeting,"Halo dek, saya ingin diskusi"
casual_greeting,"Selamat pagi, saya butuh saran"
casual_greeting,"Hi mas, saya mau tanya sesuatu"
casual_greeting,"Hei kak, saya perlu advis"
casual_greeting,"Hai, saya ada masalah kendaraan"
casual_greeting,"Pagi bro, boleh konsultasi?"
casual_greeting,"Hey sist, saya ingin konsultasi"
casual_greeting,"Permisi bang, saya mau bertanya"
casual_greeting,"Halo gan, saya punya pertanyaan"
casual_greeting,"Hi, saya butuh bantuan sekarang"
casual_greeting,"Met malam, saya perlu pendapat"
casual_greeting,"Hai mbak, saya ada kesulitan"
casual_greeting,"Hei pak, bisa tanya sebentar?"
casual_greeting,"Permisi bu, saya ingin saran"
casual_greeting,"Halo, saya mau konsultasi mobil"
casual_greeting,"Pagi dek, saya ada pertanyaan"
casual_greeting,"Hi, saya perlu konsultasi dong"
casual_greeting,"Selamat sore, saya mau tanya"
casual_greeting,"Hai mas, saya butuh advis"
casual_greeting,"Hey kak, saya punya masalah nih"
casual_greeting,"Permisi bro, bisa bantu konsultasi?"
casual_greeting,"Halo sist, saya ingin tanya"
casual_greeting,"Hi bang, saya perlu bantuan"
casual_greeting,"Hei gan, saya ada kendala"
casual_greeting,"Pagi, saya mau diskusi motor"
casual_greeting,"Hai, saya ingin bertanya sekarang"
casual_greeting,"Met pagi, saya perlu saran"
casual_greeting,"Permisi mbak, saya mau konsultasi"
casual_greeting,"Halo pak, saya ada pertanyaan"
casual_greeting,"Hey bu, bisa diskusi dikit?"
casual_greeting,"Hi dek, saya butuh pendapat"
casual_greeting,"Selamat siang, saya punya masalah"
casual_greeting,"Hai, saya mau tanya masalah kendaraan"
casual_greeting,"Hei admin, saya ingin advis"
casual_greeting,"Permisi mas, saya perlu konsultasi"
casual_greeting,"Halo kak, saya ada kesulitan"
casual_greeting,"Pagi bro, boleh tanya sesuatu?"
casual_greeting,"Hi sist, saya mau bertanya"
casual_greeting,"Hey bang, saya butuh bantuan"
casual_greeting,"Hai gan, saya perlu advis teknis"
casual_greeting,"Met sore, saya ingin tanya"
casual_greeting,"Permisi, saya ada masalah mobil"
casual_greeting,"Halo mbak, mau konsultasi nih"
casual_greeting,"Hei pak, saya punya pertanyaan"
casual_greeting,"Hi bu, bisa bantu saya sekarang?"
casual_greeting,"Pagi dek, saya ingin diskusi"
casual_greeting,"Hai, saya perlu saran cepat"
casual_greeting,"Selamat malam, saya mau tanya"
casual_greeting,"Permisi, saya butuh konsultasi"
casual_greeting,"Halo mas, saya ada kendala nih"
casual_greeting,"Hey kak, saya ingin bertanya"
casual_greeting,"Hi bro, saya perlu pendapat"
casual_greeting,"Hei sist, ada yang bisa saya tanyakan?"
casual_greeting,"Pagi bang, saya mau konsultasi"
casual_greeting,"Hai gan, saya punya masalah"
casual_greeting,"Met pagi, bisa tanya sesuatu?"
casual_greeting,"Permisi mbak, saya perlu advis"
casual_greeting,"Halo pak, saya mau tanya dong"
casual_greeting,"Hey bu, saya ada kesulitan"
casual_greeting,"Hi dek, saya ingin konsultasi"
casual_greeting,"Selamat siang, saya butuh saran"
casual_greeting,"Hai, saya ada pertanyaan penting"
casual_greeting,"Hei admin, boleh saya konsultasi?"
casual_greeting,"Permisi mas, saya mau bertanya"
casual_greeting,"Halo kak, saya perlu bantuan"
casual_greeting,"Pagi bro, saya ingin tanya nih"
casual_greeting,"Hi sist, saya ada masalah motor"
casual_greeting,"Hey bang, bisa minta pendapat?"
casual_greeting,"Hai gan, saya mau konsultasi"
casual_greeting,"Met sore, saya punya pertanyaan"
casual_greeting,"Permisi, saya perlu advis kendaraan"
casual_greeting,"Halo mbak, saya ada kendala"
casual_greeting,"Hei pak, saya ingin diskusi"
casual_greeting,"Hi bu, saya butuh bantuan"
casual_greeting,"Pagi dek, ada waktu buat saya?"
casual_greeting,"Hai, saya mau tanya tentang mobil"
casual_greeting,"Selamat malam, saya perlu konsultasi"
casual_greeting,"Permisi, saya punya masalah nih"
casual_greeting,"Halo mas, bisa konsultasi?"
casual_greeting,"Hey kak, saya ingin advis"
casual_greeting,"Hi bro, saya ada pertanyaan"
casual_greeting,"Hei sist, saya mau tanya-tanya"
casual_greeting,"Pagi bang, saya perlu bantuan"
casual_greeting,"Hai gan, saya butuh saran teknis"
casual_greeting,"Met pagi, saya ingin bertanya"
casual_greeting,"Permisi mbak, saya ada kesulitan"
casual_greeting,"Halo pak, mau konsultasi dong"
casual_greeting,"Hey bu, saya punya masalah"
casual_greeting,"Hi dek, bisa bantu saya?"
casual_greeting,"Hai, saya perlu pendapat sekarang"
casual_greeting,"Selamat sore, saya mau konsultasi"
casual_greeting,"Hei admin, saya ingin tanya"
casual_greeting,"Permisi mas, saya perlu saran"
casual_greeting,"Halo kak, saya ada pertanyaan"
casual_greeting,"Pagi bro, saya mau diskusi"
casual_greeting,"Hi sist, saya butuh advis"
casual_greeting,"Hey bang, saya ada kendala"
casual_greeting,"Hai gan, bisa tanya sesuatu?"
casual_greeting,"Met siang, saya ingin konsultasi"
casual_greeting,"Permisi, saya punya masalah kendaraan"
casual_greeting,"Halo mbak, saya perlu bantuan"
casual_greeting,"Hei pak, saya mau bertanya"
casual_greeting,"Hi bu, saya ada pertanyaan nih"
casual_greeting,"Pagi dek, saya ingin saran"
casual_greeting,"Hai, saya mau konsul motor"
casual_greeting,"Selamat pagi, saya butuh pendapat"
casual_greeting,"Permisi bro, bisa konsultasi?"
casual_greeting,"Halo sist, saya ingin tanya"
casual_greeting,"Hey bang, saya perlu bantuan"
casual_greeting,"Hi gan, saya ada kesulitan"
casual_greeting,"Hei, saya mau tanya masalah teknis"
casual_greeting,"Pagi mbak, saya punya pertanyaan"
casual_greeting,"Hai pak, boleh saya konsultasi?"
casual_greeting,"Met malam, saya perlu advis"
casual_greeting,"Permisi bu, saya mau tanya"
casual_greeting,"Halo dek, saya ada masalah"
casual_greeting,"Hi, saya ingin diskusi kendaraan"
casual_greeting,"Hey mas, bisa bantu saya?"
casual_greeting,"Hai kak, saya butuh saran"
casual_greeting,"Pagi, saya mau konsultasi sekarang"
casual_greeting,"Hei bro, saya ada pertanyaan"
casual_greeting,"Hi sist, saya ingin advis"
casual_greeting,"Permisi bang, saya punya masalah"
casual_greeting,"Halo gan, mau nanya dong"
casual_greeting,"Selamat siang, saya perlu bantuan"
casual_greeting,"Hai mbak, saya ada kendala nih"
casual_greeting,"Hey pak, bisa diskusi sebentar?"
casual_greeting,"Hi bu, saya ingin konsultasi"
casual_greeting,"Pagi dek, saya mau bertanya"
casual_greeting,"Hai, saya perlu pendapat ahli"
casual_greeting,"Met sore, saya punya kesulitan"
casual_greeting,"Permisi, saya mau tanya tentang mobil"
casual_greeting,"Halo mas, saya butuh advis"
casual_greeting,"Hei kak, saya ada pertanyaan"
casual_greeting,"Hi bro, saya perlu konsultasi"
casual_greeting,"Hey sist, saya mau tanya-tanya"
casual_greeting,"Hai bang, saya butuh bantuan"
casual_greeting,"Pagi gan, saya ada masalah"
casual_greeting,"Selamat pagi, bisa tanya sesuatu?"
casual_greeting,"Permisi mbak, saya ingin saran"
casual_greeting,"Halo pak, saya mau konsultasi"
casual_greeting,"Hei bu, saya punya masalah"
casual_greeting,"Hi dek, bisa bantu konsultasi?"
casual_greeting,"Hai, saya perlu advis segera"
casual_greeting,"Met malam, saya ingin bertanya"
casual_greeting,"Permisi, saya ada kendala motor"
casual_greeting,"Halo kak, saya mau diskusi"
casual_greeting,"Pagi bro, saya butuh pendapat"
casual_greeting,"Hi sist, saya ada pertanyaan"
casual_greeting,"Hey bang, saya ingin tanya nih"
casual_greeting,"Hai gan, saya perlu bantuan teknis"
casual_greeting,"Selamat sore, saya punya masalah"
casual_greeting,"Hei admin, boleh saya tanya?"
casual_greeting,"Permisi mas, saya mau konsultasi"
casual_greeting,"Halo, saya ingin advis kendaraan"